subject,condition,gameName,levels_won,steps,score
B1CoeQFU-,no_score,gvgai_butterflies,0,1,0
B1CoeQFU-,no_score,gvgai_butterflies,0,0,0
B1CoeQFU-,no_score,gvgai_butterflies,0,2,0
B1CoeQFU-,no_score,gvgai_butterflies,0,9,0
B1CoeQFU-,no_score,gvgai_butterflies,0,16,0
B1CoeQFU-,no_score,gvgai_butterflies,0,21,2
B1CoeQFU-,no_score,gvgai_butterflies,0,5,0
B1CoeQFU-,no_score,gvgai_butterflies,0,21,2
B1CoeQFU-,no_score,gvgai_butterflies,0,1,0
B1CoeQFU-,no_score,gvgai_butterflies,0,6,2
B1CoeQFU-,no_score,gvgai_butterflies,0,18,2
B1CoeQFU-,no_score,gvgai_butterflies,0,31,12
B1CoeQFU-,no_score,gvgai_butterflies,1,33,14
B1CoeQFU-,no_score,gvgai_butterflies,1,18,10
B1CoeQFU-,no_score,gvgai_butterflies,1,42,18
B1CoeQFU-,no_score,gvgai_butterflies,1,83,30
B1CoeQFU-,no_score,gvgai_butterflies,1,59,22
B1CoeQFU-,no_score,gvgai_butterflies,1,74,28
B1CoeQFU-,no_score,gvgai_butterflies,1,6,4
B1CoeQFU-,no_score,gvgai_butterflies,1,106,32
B1CoeQFU-,no_score,gvgai_butterflies,1,32,14
B1CoeQFU-,no_score,gvgai_butterflies,1,51,20
B1CoeQFU-,no_score,gvgai_butterflies,1,93,32
B1CoeQFU-,no_score,gvgai_butterflies,2,116,34
B1CoeQFU-,no_score,gvgai_butterflies,2,9,2
B1CoeQFU-,no_score,gvgai_butterflies,2,21,10
B1CoeQFU-,no_score,gvgai_butterflies,2,48,32
B1CoeQFU-,no_score,gvgai_butterflies,2,35,24
B1CoeQFU-,no_score,gvgai_butterflies,2,64,42
B1CoeQFU-,no_score,gvgai_butterflies,3,73,48
B1CoeQFU-,no_score,gvgai_butterflies,3,49,16
B1CoeQFU-,no_score,gvgai_butterflies,4,89,22
B1CoeQFU-,no_score,gvgai_butterflies,4,38,14
B1CoeQFU-,no_score,gvgai_butterflies,4,78,18
B1CoeQFU-,no_score,gvgai_butterflies,4,12,2
B1CoeQFU-,no_score,gvgai_butterflies,4,25,8
B1CoeQFU-,no_score,gvgai_butterflies,4,65,16
B1CoeQFU-,no_score,gvgai_butterflies,4,23,0
B1CoeQFU-,no_score,gvgai_butterflies,5,39,14
B1CoeQFU-,no_score,gvgai_butterflies,5,4,0
B1CoeQFU-,no_score,gvgai_butterflies,5,36,12
B1CoeQFU-,no_score,gvgai_butterflies,5,10,0
B1CoeQFU-,no_score,gvgai_boulderdash,0,15,300
B1CoeQFU-,no_score,gvgai_boulderdash,0,8,0
B1CoeQFU-,no_score,gvgai_boulderdash,0,3,0
B1CoeQFU-,no_score,gvgai_boulderdash,0,19,900
B1CoeQFU-,no_score,gvgai_boulderdash,0,16,0
B1CoeQFU-,no_score,gvgai_boulderdash,0,19,0
B1CoeQFU-,no_score,gvgai_boulderdash,0,2,0
B1CoeQFU-,no_score,gvgai_boulderdash,0,7,0
B1CoeQFU-,no_score,gvgai_boulderdash,0,15,0
B1CoeQFU-,no_score,gvgai_boulderdash,0,20,0
B1CoeQFU-,no_score,gvgai_boulderdash,0,36,0
B1CoeQFU-,no_score,gvgai_boulderdash,0,36,0
B1CoeQFU-,no_score,gvgai_boulderdash,0,25,0
B1CoeQFU-,no_score,gvgai_boulderdash,0,31,0
B1CoeQFU-,no_score,gvgai_boulderdash,0,5,0
B1CoeQFU-,no_score,gvgai_boulderdash,0,15,0
B1CoeQFU-,no_score,gvgai_boulderdash,0,36,0
B1CoeQFU-,no_score,gvgai_boulderdash,0,45,0
B1CoeQFU-,no_score,gvgai_boulderdash,0,20,0
B1CoeQFU-,no_score,gvgai_boulderdash,0,4,0
B1CoeQFU-,no_score,gvgai_boulderdash,0,14,0
B1CoeQFU-,no_score,gvgai_boulderdash,0,23,0
B1CoeQFU-,no_score,gvgai_boulderdash,0,8,0
B1CoeQFU-,no_score,gvgai_boulderdash,0,17,0
B1CoeQFU-,no_score,gvgai_boulderdash,0,13,0
B1CoeQFU-,no_score,gvgai_boulderdash,0,33,0
B1CoeQFU-,no_score,gvgai_boulderdash,0,10,0
B1CoeQFU-,no_score,gvgai_boulderdash,0,29,0
B1CoeQFU-,no_score,gvgai_boulderdash,0,2,0
B1CoeQFU-,no_score,gvgai_boulderdash,0,19,0
B1CoeQFU-,no_score,gvgai_boulderdash,0,51,0
B1CoeQFU-,no_score,gvgai_boulderdash,0,64,0
B1CoeQFU-,no_score,gvgai_boulderdash,0,72,0
B1CoeQFU-,no_score,gvgai_boulderdash,0,43,0
B1CoeQFU-,no_score,gvgai_boulderdash,0,89,0
B1CoeQFU-,no_score,gvgai_boulderdash,0,76,0
B1CoeQFU-,no_score,gvgai_boulderdash,0,96,0
B1CoeQFU-,no_score,gvgai_boulderdash,0,0,0
B1CoeQFU-,no_score,gvgai_boulderdash,0,0,0
B1CoeQFU-,no_score,gvgai_boulderdash,0,0,0
B1CoeQFU-,no_score,gvgai_boulderdash,0,9,0
B1CoeQFU-,no_score,gvgai_boulderdash,0,24,0
B1CoeQFU-,no_score,gvgai_boulderdash,0,55,0
B1CoeQFU-,no_score,gvgai_boulderdash,0,14,0
B1CoeQFU-,no_score,gvgai_boulderdash,0,0,0
B1CoeQFU-,no_score,gvgai_boulderdash,0,28,0
B1CoeQFU-,no_score,gvgai_boulderdash,0,36,0
B1CoeQFU-,no_score,gvgai_boulderdash,0,84,0
B1CoeQFU-,no_score,gvgai_boulderdash,0,21,0
B1CoeQFU-,no_score,gvgai_boulderdash,0,1,0
B1CoeQFU-,no_score,gvgai_boulderdash,0,13,0
B1CoeQFU-,no_score,gvgai_boulderdash,0,18,0
B1CoeQFU-,no_score,gvgai_boulderdash,0,31,0
B1CoeQFU-,no_score,gvgai_boulderdash,0,38,0
B1CoeQFU-,no_score,gvgai_boulderdash,0,6,0
B1CoeQFU-,no_score,gvgai_boulderdash,0,28,0
B1CoeQFU-,no_score,gvgai_boulderdash,0,25,0
B1CoeQFU-,no_score,gvgai_boulderdash,0,45,0
B1CoeQFU-,no_score,gvgai_boulderdash,0,8,0
B1CoeQFU-,no_score,gvgai_boulderdash,0,36,0
B1CoeQFU-,no_score,gvgai_boulderdash,0,5,0
B1CoeQFU-,no_score,gvgai_boulderdash,0,5,0
B1CoeQFU-,no_score,gvgai_boulderdash,0,10,0
B1CoeQFU-,no_score,gvgai_boulderdash,0,0,0
B1CoeQFU-,no_score,gvgai_boulderdash,0,20,0
B1CoeQFU-,no_score,gvgai_boulderdash,0,5,0
B1CoeQFU-,no_score,gvgai_boulderdash,0,9,0
B1CoeQFU-,no_score,gvgai_boulderdash,0,19,0
B1CoeQFU-,no_score,gvgai_boulderdash,0,38,0
B1CoeQFU-,no_score,gvgai_boulderdash,0,37,0
B1CoeQFU-,no_score,gvgai_boulderdash,0,61,0
B1CoeQFU-,no_score,gvgai_boulderdash,0,90,0
B1CoeQFU-,no_score,gvgai_boulderdash,0,106,0
B1CoeQFU-,no_score,gvgai_boulderdash,0,129,0
B1CoeQFU-,no_score,gvgai_boulderdash,0,134,0
B1CoeQFU-,no_score,gvgai_boulderdash,0,140,0
B1CoeQFU-,no_score,gvgai_boulderdash,0,10,0
B1CoeQFU-,no_score,gvgai_boulderdash,0,29,0
B1CoeQFU-,no_score,gvgai_boulderdash,0,16,0
B1CoeQFU-,no_score,gvgai_boulderdash,0,3,0
B1CoeQFU-,no_score,gvgai_boulderdash,0,46,0
B1CoeQFU-,no_score,gvgai_boulderdash,0,79,0
B1CoeQFU-,no_score,gvgai_boulderdash,0,68,0
B1CoeQFU-,no_score,gvgai_boulderdash,0,71,0
B1CoeQFU-,no_score,gvgai_boulderdash,0,94,0
B1CoeQFU-,no_score,gvgai_boulderdash,0,96,0
B1CoeQFU-,no_score,gvgai_boulderdash,0,98,0
B1CoeQFU-,no_score,gvgai_boulderdash,0,152,0
B1CoeQFU-,no_score,gvgai_boulderdash,0,144,0
B1CoeQFU-,no_score,gvgai_boulderdash,0,25,0
B1CoeQFU-,no_score,gvgai_boulderdash,0,0,0
B1CoeQFU-,no_score,gvgai_boulderdash,0,43,0
B1CoeQFU-,no_score,gvgai_boulderdash,0,67,0
B1CoeQFU-,no_score,gvgai_boulderdash,0,55,0
B1CoeQFU-,no_score,gvgai_boulderdash,0,86,0
B1CoeQFU-,no_score,gvgai_boulderdash,0,110,0
B1CoeQFU-,no_score,gvgai_boulderdash,0,107,0
B1CoeQFU-,no_score,gvgai_boulderdash,0,118,0
B1CoeQFU-,no_score,gvgai_boulderdash,0,126,0
B1CoeQFU-,no_score,gvgai_boulderdash,0,141,0
B1CoeQFU-,no_score,gvgai_boulderdash,0,148,0
B1CoeQFU-,no_score,gvgai_boulderdash,0,127,0
B1CoeQFU-,no_score,gvgai_boulderdash,0,141,0
B1CoeQFU-,no_score,gvgai_boulderdash,0,146,0
B1CoeQFU-,no_score,gvgai_boulderdash,0,171,0
B1CoeQFU-,no_score,gvgai_boulderdash,0,159,0
B1CoeQFU-,no_score,gvgai_boulderdash,0,159,0
B1CoeQFU-,no_score,gvgai_boulderdash,0,155,0
B1CoeQFU-,no_score,gvgai_boulderdash,0,1,0
B1CoeQFU-,no_score,gvgai_boulderdash,0,1,0
B1CoeQFU-,no_score,gvgai_boulderdash,0,1,0
B1CoeQFU-,no_score,gvgai_boulderdash,0,1,0
B1CoeQFU-,no_score,gvgai_boulderdash,0,0,0
B1CoeQFU-,no_score,gvgai_boulderdash,0,1,0
B1CoeQFU-,no_score,gvgai_boulderdash,0,1,0
B1CoeQFU-,no_score,gvgai_boulderdash,0,1,0
B1CoeQFU-,no_score,gvgai_boulderdash,0,3,0
B1CoeQFU-,no_score,gvgai_boulderdash,0,0,0
B1CoeQFU-,no_score,gvgai_boulderdash,0,3,0
B1CoeQFU-,no_score,gvgai_boulderdash,0,0,0
B1CoeQFU-,no_score,gvgai_boulderdash,0,25,0
B1CoeQFU-,no_score,gvgai_boulderdash,0,1,0
B1CoeQFU-,no_score,gvgai_boulderdash,0,16,0
B1CoeQFU-,no_score,gvgai_boulderdash,0,30,0
B1CoeQFU-,no_score,gvgai_boulderdash,0,6,0
B1CoeQFU-,no_score,gvgai_boulderdash,0,0,0
B1CoeQFU-,no_score,gvgai_boulderdash,0,0,0
B1CoeQFU-,no_score,gvgai_boulderdash,0,0,0
B1CoeQFU-,no_score,gvgai_boulderdash,0,0,0
B1CoeQFU-,no_score,gvgai_boulderdash,0,0,0
B1CoeQFU-,no_score,gvgai_boulderdash,0,0,0
B1CoeQFU-,no_score,gvgai_boulderdash,0,0,0
B1CoeQFU-,no_score,gvgai_boulderdash,0,0,0
B1CoeQFU-,no_score,gvgai_sokoban,0,1,0
B1CoeQFU-,no_score,gvgai_sokoban,0,7,0
B1CoeQFU-,no_score,gvgai_sokoban,0,11,0
B1CoeQFU-,no_score,gvgai_sokoban,0,35,0
B1CoeQFU-,no_score,gvgai_sokoban,0,62,0
B1CoeQFU-,no_score,gvgai_sokoban,0,82,1
B1CoeQFU-,no_score,gvgai_sokoban,0,108,1
B1CoeQFU-,no_score,gvgai_sokoban,0,0,0
B1CoeQFU-,no_score,gvgai_sokoban,0,99,1
B1CoeQFU-,no_score,gvgai_sokoban,0,15,0
B1CoeQFU-,no_score,gvgai_sokoban,0,28,0
B1CoeQFU-,no_score,gvgai_sokoban,0,53,0
B1CoeQFU-,no_score,gvgai_sokoban,0,67,1
B1CoeQFU-,no_score,gvgai_sokoban,0,73,1
B1CoeQFU-,no_score,gvgai_sokoban,0,22,0
B1CoeQFU-,no_score,gvgai_sokoban,0,40,0
B1CoeQFU-,no_score,gvgai_sokoban,0,2,0
B1CoeQFU-,no_score,gvgai_sokoban,0,47,0
B1CoeQFU-,no_score,gvgai_sokoban,0,122,1
B1CoeQFU-,no_score,gvgai_sokoban,0,122,1
B1CoeQFU-,no_score,gvgai_sokoban,0,122,1
B1CoeQFU-,no_score,gvgai_sokoban,0,4,0
B1CoeQFU-,no_score,gvgai_sokoban,0,0,0
B1CoeQFU-,no_score,gvgai_sokoban,0,12,1
B1CoeQFU-,no_score,gvgai_sokoban,1,13,2
B1CoeQFU-,no_score,gvgai_sokoban,2,29,3
B1CoeQFU-,no_score,gvgai_sokoban,2,9,0
B1CoeQFU-,no_score,gvgai_sokoban,2,15,1
B1CoeQFU-,no_score,gvgai_sokoban,2,1,0
B1CoeQFU-,no_score,gvgai_sokoban,2,27,2
B1CoeQFU-,no_score,gvgai_sokoban,2,0,0
B1CoeQFU-,no_score,gvgai_sokoban,2,22,1
B1CoeQFU-,no_score,gvgai_sokoban,2,1,0
B1CoeQFU-,no_score,gvgai_sokoban,2,7,0
B1CoeQFU-,no_score,gvgai_sokoban,2,1,0
B1CoeQFU-,no_score,gvgai_sokoban,2,2,0
B1CoeQFU-,no_score,gvgai_sokoban,2,0,0
B1CoeQFU-,no_score,gvgai_sokoban,2,1,0
B1CoeQFU-,no_score,gvgai_sokoban,2,13,1
B1CoeQFU-,no_score,gvgai_sokoban,2,20,1
B1CoeQFU-,no_score,gvgai_sokoban,2,32,1
B1CoeQFU-,no_score,gvgai_sokoban,2,39,2
B1CoeQFU-,no_score,gvgai_sokoban,2,48,2
B1CoeQFU-,no_score,gvgai_sokoban,2,54,2
B1CoeQFU-,no_score,gvgai_sokoban,2,61,3
B1CoeQFU-,no_score,gvgai_sokoban,2,71,3
B1CoeQFU-,no_score,gvgai_sokoban,2,77,3
B1CoeQFU-,no_score,gvgai_sokoban,2,86,3
B1CoeQFU-,no_score,gvgai_sokoban,3,87,4
B1CoeQFU-,no_score,gvgai_sokoban,3,12,0
B1CoeQFU-,no_score,gvgai_sokoban,3,55,2
B1CoeQFU-,no_score,gvgai_sokoban,4,61,3
B1CoeQFU-,no_score,gvgai_sokoban,4,1,0
B1CoeQFU-,no_score,gvgai_sokoban,4,2,0
B1CoeQFU-,no_score,gvgai_sokoban,4,3,0
B1CoeQFU-,no_score,gvgai_sokoban,4,5,0
B1CoeQFU-,no_score,gvgai_sokoban,4,46,1
B1CoeQFU-,no_score,gvgai_sokoban,4,0,0
B1CoeQFU-,no_score,gvgai_sokoban,4,28,1
B1CoeQFU-,no_score,gvgai_sokoban,4,10,0
B1CoeQFU-,no_score,gvgai_sokoban,4,23,0
B1CoeQFU-,no_score,gvgai_sokoban,4,3,0
B1CoeQFU-,no_score,gvgai_sokoban,4,15,0
B1CoeQFU-,no_score,gvgai_sokoban,4,30,1
B1CoeQFU-,no_score,gvgai_sokoban,4,38,1
B1CoeQFU-,no_score,gvgai_sokoban,4,13,1
B1CoeQFU-,no_score,gvgai_sokoban,4,27,2
B1CoeQFU-,no_score,gvgai_sokoban,4,37,2
B1CoeQFU-,no_score,gvgai_sokoban,4,4,0
B1CoeQFU-,no_score,gvgai_sokoban,5,37,3
B1CoeQFU-,no_score,gvgai_sokoban,5,9,0
B1CoeQFU-,no_score,gvgai_sokoban,5,20,1
B1CoeQFU-,no_score,gvgai_aliens,0,22,0
B1CoeQFU-,no_score,gvgai_aliens,0,8,0
B1CoeQFU-,no_score,gvgai_aliens,0,19,0
B1CoeQFU-,no_score,gvgai_aliens,0,26,0
B1CoeQFU-,no_score,gvgai_aliens,0,1,0
B1CoeQFU-,no_score,gvgai_aliens,0,4,0
B1CoeQFU-,no_score,gvgai_aliens,0,14,0
B1CoeQFU-,no_score,gvgai_aliens,0,16,0
B1CoeQFU-,no_score,gvgai_aliens,1,27,1
B1CoeQFU-,no_score,gvgai_aliens,1,24,0
B1CoeQFU-,no_score,gvgai_aliens,1,23,0
B1CoeQFU-,no_score,gvgai_aliens,2,25,1
B1CoeQFU-,no_score,gvgai_aliens,2,4,0
B1CoeQFU-,no_score,gvgai_aliens,2,17,0
B1CoeQFU-,no_score,gvgai_aliens,2,22,0
B1CoeQFU-,no_score,gvgai_aliens,2,24,0
B1CoeQFU-,no_score,gvgai_aliens,2,6,0
B1CoeQFU-,no_score,gvgai_aliens,2,14,0
B1CoeQFU-,no_score,gvgai_aliens,2,20,0
B1CoeQFU-,no_score,gvgai_aliens,2,9,0
B1CoeQFU-,no_score,gvgai_aliens,2,12,0
B1CoeQFU-,no_score,gvgai_aliens,2,19,0
B1CoeQFU-,no_score,gvgai_aliens,3,35,1
B1CoeQFU-,no_score,gvgai_aliens,3,15,0
B1CoeQFU-,no_score,gvgai_aliens,3,18,0
B1CoeQFU-,no_score,gvgai_aliens,3,27,0
B1CoeQFU-,no_score,gvgai_aliens,3,8,0
B1CoeQFU-,no_score,gvgai_aliens,3,21,0
B1CoeQFU-,no_score,gvgai_aliens,3,24,0
B1CoeQFU-,no_score,gvgai_aliens,3,30,0
B1CoeQFU-,no_score,gvgai_aliens,3,33,0
B1CoeQFU-,no_score,gvgai_aliens,3,11,0
B1CoeQFU-,no_score,gvgai_aliens,3,33,0
B1CoeQFU-,no_score,gvgai_aliens,3,20,0
B1CoeQFU-,no_score,gvgai_aliens,3,17,0
B1CoeQFU-,no_score,gvgai_aliens,3,29,0
B1CoeQFU-,no_score,gvgai_aliens,4,37,1
B1CoeQFU-,no_score,gvgai_aliens,4,35,0
B1CoeQFU-,no_score,gvgai_aliens,4,25,0
B1CoeQFU-,no_score,gvgai_aliens,4,22,0
B1CoeQFU-,no_score,gvgai_aliens,4,46,0
B1CoeQFU-,no_score,gvgai_aliens,4,53,0
B1CoeQFU-,no_score,gvgai_aliens,4,45,0
B1CoeQFU-,no_score,gvgai_aliens,4,9,0
B1CoeQFU-,no_score,gvgai_aliens,4,38,0
B1CoeQFU-,no_score,gvgai_aliens,4,50,0
B1CoeQFU-,no_score,gvgai_aliens,4,55,0
B1CoeQFU-,no_score,gvgai_aliens,4,34,0
B1CoeQFU-,no_score,gvgai_aliens,5,55,1
B1CoeQFU-,no_score,gvgai_aliens,5,41,0
B1CoeQFU-,no_score,gvgai_aliens,5,43,0
B1CoeQFU-,no_score,gvgai_aliens,5,53,0
B1CoeQFU-,no_score,gvgai_portals,0,10,0
B1CoeQFU-,no_score,gvgai_portals,0,1,0
B1CoeQFU-,no_score,gvgai_portals,0,14,0
B1CoeQFU-,no_score,gvgai_portals,0,18,0
B1CoeQFU-,no_score,gvgai_portals,0,5,0
B1CoeQFU-,no_score,gvgai_portals,0,15,0
B1CoeQFU-,no_score,gvgai_portals,0,26,0
B1CoeQFU-,no_score,gvgai_portals,0,2,0
B1CoeQFU-,no_score,gvgai_portals,0,8,0
B1CoeQFU-,no_score,gvgai_portals,0,33,0
B1CoeQFU-,no_score,gvgai_portals,0,6,0
B1CoeQFU-,no_score,gvgai_portals,0,19,0
B1CoeQFU-,no_score,gvgai_portals,0,37,0
B1CoeQFU-,no_score,gvgai_portals,1,38,1
B1CoeQFU-,no_score,gvgai_portals,1,2,0
B1CoeQFU-,no_score,gvgai_portals,1,12,0
B1CoeQFU-,no_score,gvgai_portals,1,14,0
B1CoeQFU-,no_score,gvgai_portals,1,0,0
B1CoeQFU-,no_score,gvgai_portals,1,0,0
B1CoeQFU-,no_score,gvgai_portals,1,9,0
B1CoeQFU-,no_score,gvgai_portals,1,14,0
B1CoeQFU-,no_score,gvgai_portals,1,14,0
B1CoeQFU-,no_score,gvgai_portals,1,14,0
B1CoeQFU-,no_score,gvgai_portals,1,14,0
B1CoeQFU-,no_score,gvgai_portals,1,14,0
B1CoeQFU-,no_score,gvgai_portals,1,14,0
B1CoeQFU-,no_score,gvgai_portals,1,14,0
B1CoeQFU-,no_score,gvgai_portals,1,15,0
B1CoeQFU-,no_score,gvgai_portals,1,15,0
B1CoeQFU-,no_score,gvgai_portals,1,2,0
B1CoeQFU-,no_score,gvgai_portals,1,8,0
B1CoeQFU-,no_score,gvgai_portals,1,3,0
B1CoeQFU-,no_score,gvgai_portals,1,4,0
B1CoeQFU-,no_score,gvgai_portals,1,4,0
B1CoeQFU-,no_score,gvgai_portals,1,11,0
B1CoeQFU-,no_score,gvgai_portals,2,14,1
B1CoeQFU-,no_score,gvgai_portals,2,0,0
B1CoeQFU-,no_score,gvgai_portals,2,10,0
B1CoeQFU-,no_score,gvgai_portals,2,10,0
B1CoeQFU-,no_score,gvgai_portals,2,10,0
B1CoeQFU-,no_score,gvgai_portals,2,10,0
B1CoeQFU-,no_score,gvgai_portals,2,13,0
B1CoeQFU-,no_score,gvgai_portals,2,20,0
B1CoeQFU-,no_score,gvgai_portals,2,20,0
B1CoeQFU-,no_score,gvgai_portals,2,10,0
B1CoeQFU-,no_score,gvgai_portals,2,10,0
B1CoeQFU-,no_score,gvgai_portals,2,10,0
B1CoeQFU-,no_score,gvgai_portals,2,7,0
B1CoeQFU-,no_score,gvgai_portals,2,10,0
B1CoeQFU-,no_score,gvgai_portals,2,10,0
B1CoeQFU-,no_score,gvgai_portals,3,22,1
B1CoeQFU-,no_score,gvgai_portals,3,2,0
B1CoeQFU-,no_score,gvgai_portals,3,10,0
B1CoeQFU-,no_score,gvgai_portals,3,10,0
B1CoeQFU-,no_score,gvgai_portals,3,10,0
B1CoeQFU-,no_score,gvgai_portals,3,10,0
B1CoeQFU-,no_score,gvgai_portals,3,10,0
B1CoeQFU-,no_score,gvgai_portals,3,10,0
B1CoeQFU-,no_score,gvgai_portals,3,10,0
B1CoeQFU-,no_score,gvgai_portals,3,19,0
B1CoeQFU-,no_score,gvgai_portals,3,0,0
B1CoeQFU-,no_score,gvgai_portals,3,5,0
B1CoeQFU-,no_score,gvgai_portals,3,4,0
B1CoeQFU-,no_score,gvgai_portals,3,38,0
B1CoeQFU-,no_score,gvgai_portals,3,10,0
B1CoeQFU-,no_score,gvgai_portals,3,13,0
B1CoeQFU-,no_score,gvgai_portals,3,25,0
B1CoeQFU-,no_score,gvgai_portals,3,35,0
B1CoeQFU-,no_score,gvgai_portals,3,52,0
B1CoeQFU-,no_score,gvgai_portals,3,47,0
B1CoeQFU-,no_score,gvgai_portals,3,53,0
B1CoeQFU-,no_score,gvgai_portals,3,0,0
B1CoeQFU-,no_score,gvgai_portals,3,0,0
B1CoeQFU-,no_score,gvgai_portals,3,0,0
B1CoeQFU-,no_score,gvgai_portals,3,7,0
B1CoeQFU-,no_score,gvgai_portals,3,0,0
B1CoeQFU-,no_score,gvgai_portals,3,8,0
B1CoeQFU-,no_score,gvgai_portals,3,3,0
B1CoeQFU-,no_score,gvgai_portals,3,18,0
B1CoeQFU-,no_score,gvgai_portals,3,14,0
B1CoeQFU-,no_score,gvgai_portals,3,26,0
B1CoeQFU-,no_score,gvgai_portals,3,11,0
B1CoeQFU-,no_score,gvgai_portals,3,6,0
B1CoeQFU-,no_score,gvgai_portals,3,25,0
B1CoeQFU-,no_score,gvgai_portals,3,6,0
B1CoeQFU-,no_score,gvgai_portals,3,0,0
B1CoeQFU-,no_score,gvgai_portals,3,1,0
B1CoeQFU-,no_score,gvgai_portals,3,1,0
B1CoeQFU-,no_score,gvgai_portals,3,8,0
B1CoeQFU-,no_score,gvgai_portals,4,15,1
B1CoeQFU-,no_score,gvgai_portals,4,6,0
B1CoeQFU-,no_score,gvgai_portals,4,10,0
B1CoeQFU-,no_score,gvgai_portals,4,2,0
B1CoeQFU-,no_score,gvgai_portals,4,19,0
B1CoeQFU-,no_score,gvgai_portals,4,23,0
B1CoeQFU-,no_score,gvgai_portals,4,25,0
B1CoeQFU-,no_score,gvgai_portals,4,26,0
B1CoeQFU-,no_score,gvgai_portals,4,19,0
B1CoeQFU-,no_score,gvgai_portals,4,23,0
B1CoeQFU-,no_score,gvgai_portals,4,11,0
B1CoeQFU-,no_score,gvgai_portals,4,15,0
B1CoeQFU-,no_score,gvgai_portals,4,24,0
B1CoeQFU-,no_score,gvgai_portals,4,4,0
B1edC6N9b,no_score,gvgai_boulderdash,0,0,0
B1edC6N9b,no_score,gvgai_boulderdash,0,1,0
B1edC6N9b,no_score,gvgai_boulderdash,0,1,0
B1edC6N9b,no_score,gvgai_boulderdash,0,1,0
B1zh9HtUW,no_score,gvgai_sokoban,0,1,0
B1zh9HtUW,no_score,gvgai_sokoban,0,3,0
B1zh9HtUW,no_score,gvgai_sokoban,0,3,0
B1zh9HtUW,no_score,gvgai_sokoban,0,6,0
B1zh9HtUW,no_score,gvgai_sokoban,0,9,0
B1zh9HtUW,no_score,gvgai_sokoban,0,15,0
B1zh9HtUW,no_score,gvgai_sokoban,0,18,0
B1zh9HtUW,no_score,gvgai_sokoban,0,19,0
B1zh9HtUW,no_score,gvgai_sokoban,0,19,0
B1zh9HtUW,no_score,gvgai_sokoban,0,19,0
B1zh9HtUW,no_score,gvgai_sokoban,0,19,0
B1zh9HtUW,no_score,gvgai_sokoban,0,19,0
B1zh9HtUW,no_score,gvgai_sokoban,0,23,0
B1zh9HtUW,no_score,gvgai_sokoban,0,28,0
B1zh9HtUW,no_score,gvgai_sokoban,0,81,0
B1zh9HtUW,no_score,gvgai_sokoban,0,97,1
B1zh9HtUW,no_score,gvgai_sokoban,1,105,2
B1zh9HtUW,no_score,gvgai_sokoban,1,31,0
B1zh9HtUW,no_score,gvgai_sokoban,1,41,0
B1zh9HtUW,no_score,gvgai_sokoban,1,64,0
B1zh9HtUW,no_score,gvgai_sokoban,1,103,1
B1zh9HtUW,no_score,gvgai_sokoban,1,35,0
B1zh9HtUW,no_score,gvgai_sokoban,1,47,0
B1zh9HtUW,no_score,gvgai_sokoban,1,54,0
B1zh9HtUW,no_score,gvgai_sokoban,1,74,0
B1zh9HtUW,no_score,gvgai_sokoban,1,86,0
B1zh9HtUW,no_score,gvgai_sokoban,1,88,1
B1zh9HtUW,no_score,gvgai_sokoban,1,91,1
B1zh9HtUW,no_score,gvgai_sokoban,1,2,0
B1zh9HtUW,no_score,gvgai_sokoban,1,31,1
B1zh9HtUW,no_score,gvgai_sokoban,1,20,0
B1zh9HtUW,no_score,gvgai_sokoban,1,76,1
B1zh9HtUW,no_score,gvgai_sokoban,1,57,1
B1zh9HtUW,no_score,gvgai_sokoban,1,26,1
B1zh9HtUW,no_score,gvgai_sokoban,1,8,0
B1zh9HtUW,no_score,gvgai_sokoban,1,38,1
B1zh9HtUW,no_score,gvgai_sokoban,1,44,1
B1zh9HtUW,no_score,gvgai_sokoban,1,42,1
B1zh9HtUW,no_score,gvgai_sokoban,1,50,1
B1zh9HtUW,no_score,gvgai_sokoban,1,76,1
B1zh9HtUW,no_score,gvgai_sokoban,1,76,1
B1zh9HtUW,no_score,gvgai_sokoban,1,14,0
B1zh9HtUW,no_score,gvgai_sokoban,1,63,1
B1zh9HtUW,no_score,gvgai_sokoban,1,76,1
B1zh9HtUW,no_score,gvgai_sokoban,1,69,1
B1zh9HtUW,no_score,gvgai_sokoban,1,76,1
B1zh9HtUW,no_score,gvgai_sokoban,1,6,0
B1zh9HtUW,no_score,gvgai_sokoban,1,14,1
B1zh9HtUW,no_score,gvgai_sokoban,1,18,1
B1zh9HtUW,no_score,gvgai_sokoban,1,22,1
B1zh9HtUW,no_score,gvgai_sokoban,1,29,2
B1zh9HtUW,no_score,gvgai_sokoban,1,2,0
B1zh9HtUW,no_score,gvgai_sokoban,1,10,0
B1zh9HtUW,no_score,gvgai_sokoban,1,31,2
B1zh9HtUW,no_score,gvgai_sokoban,1,33,2
B1zh9HtUW,no_score,gvgai_sokoban,1,19,1
B1zh9HtUW,no_score,gvgai_sokoban,1,24,2
B1zh9HtUW,no_score,gvgai_sokoban,1,26,2
B1zh9HtUW,no_score,gvgai_sokoban,1,38,2
B1zh9HtUW,no_score,gvgai_sokoban,1,32,2
B1zh9HtUW,no_score,gvgai_sokoban,1,41,2
B1zh9HtUW,no_score,gvgai_sokoban,1,46,2
B1zh9HtUW,no_score,gvgai_sokoban,2,55,3
B1zh9HtUW,no_score,gvgai_sokoban,2,5,0
B1zh9HtUW,no_score,gvgai_sokoban,2,8,0
B1zh9HtUW,no_score,gvgai_sokoban,2,13,0
B1zh9HtUW,no_score,gvgai_sokoban,2,25,0
B1zh9HtUW,no_score,gvgai_sokoban,2,18,0
B1zh9HtUW,no_score,gvgai_sokoban,2,25,0
B1zh9HtUW,no_score,gvgai_sokoban,2,0,0
B1zh9HtUW,no_score,gvgai_sokoban,2,0,0
B1zh9HtUW,no_score,gvgai_sokoban,2,0,0
B1zh9HtUW,no_score,gvgai_sokoban,2,3,0
B1zh9HtUW,no_score,gvgai_sokoban,2,12,0
B1zh9HtUW,no_score,gvgai_sokoban,2,13,0
B1zh9HtUW,no_score,gvgai_sokoban,2,16,0
B1zh9HtUW,no_score,gvgai_sokoban,2,25,0
B1zh9HtUW,no_score,gvgai_sokoban,2,12,0
B1zh9HtUW,no_score,gvgai_sokoban,2,25,0
B1zh9HtUW,no_score,gvgai_sokoban,2,23,0
B1zh9HtUW,no_score,gvgai_sokoban,2,24,0
B1zh9HtUW,no_score,gvgai_sokoban,2,34,0
B1zh9HtUW,no_score,gvgai_sokoban,2,38,1
B1zh9HtUW,no_score,gvgai_sokoban,2,0,0
B1zh9HtUW,no_score,gvgai_sokoban,2,0,0
B1zh9HtUW,no_score,gvgai_sokoban,2,13,0
B1zh9HtUW,no_score,gvgai_sokoban,2,17,0
B1zh9HtUW,no_score,gvgai_sokoban,2,5,0
B1zh9HtUW,no_score,gvgai_sokoban,2,9,0
B1zh9HtUW,no_score,gvgai_sokoban,2,29,0
B1zh9HtUW,no_score,gvgai_sokoban,2,50,1
B1zh9HtUW,no_score,gvgai_sokoban,2,43,1
B1zh9HtUW,no_score,gvgai_sokoban,2,54,1
B1zh9HtUW,no_score,gvgai_sokoban,2,85,3
B1zh9HtUW,no_score,gvgai_sokoban,2,56,1
B1zh9HtUW,no_score,gvgai_sokoban,2,71,2
B1zh9HtUW,no_score,gvgai_sokoban,2,61,1
B1zh9HtUW,no_score,gvgai_sokoban,2,65,2
B1zh9HtUW,no_score,gvgai_sokoban,2,83,2
B1zh9HtUW,no_score,gvgai_sokoban,2,98,3
B1zh9HtUW,no_score,gvgai_sokoban,2,111,3
B1zh9HtUW,no_score,gvgai_sokoban,2,74,2
B1zh9HtUW,no_score,gvgai_sokoban,2,74,2
B1zh9HtUW,no_score,gvgai_sokoban,2,78,2
B1zh9HtUW,no_score,gvgai_sokoban,2,94,3
B1zh9HtUW,no_score,gvgai_sokoban,2,96,3
B1zh9HtUW,no_score,gvgai_sokoban,2,106,3
B1zh9HtUW,no_score,gvgai_sokoban,2,103,3
B1zh9HtUW,no_score,gvgai_sokoban,3,114,4
B1zh9HtUW,no_score,gvgai_sokoban,3,0,0
B1zh9HtUW,no_score,gvgai_sokoban,3,0,0
B1zh9HtUW,no_score,gvgai_sokoban,3,3,0
B1zh9HtUW,no_score,gvgai_sokoban,3,8,0
B1zh9HtUW,no_score,gvgai_sokoban,3,0,0
B1zh9HtUW,no_score,gvgai_sokoban,3,0,0
B1zh9HtUW,no_score,gvgai_sokoban,3,4,0
B1zh9HtUW,no_score,gvgai_sokoban,3,6,0
B1zh9HtUW,no_score,gvgai_sokoban,3,6,0
B1zh9HtUW,no_score,gvgai_sokoban,3,8,0
B1zh9HtUW,no_score,gvgai_sokoban,3,8,0
B1zh9HtUW,no_score,gvgai_sokoban,3,0,0
B1zh9HtUW,no_score,gvgai_sokoban,3,8,0
B1zh9HtUW,no_score,gvgai_sokoban,3,0,0
B1zh9HtUW,no_score,gvgai_sokoban,3,0,0
B1zh9HtUW,no_score,gvgai_sokoban,3,0,0
B1zh9HtUW,no_score,gvgai_sokoban,3,6,0
B1zh9HtUW,no_score,gvgai_sokoban,3,8,0
B1zh9HtUW,no_score,gvgai_sokoban,3,9,0
B1zh9HtUW,no_score,gvgai_sokoban,3,11,0
B1zh9HtUW,no_score,gvgai_sokoban,3,15,0
B1zh9HtUW,no_score,gvgai_sokoban,3,18,0
B1zh9HtUW,no_score,gvgai_sokoban,3,21,0
B1zh9HtUW,no_score,gvgai_sokoban,3,24,0
B1zh9HtUW,no_score,gvgai_sokoban,3,25,0
B1zh9HtUW,no_score,gvgai_sokoban,3,25,0
B1zh9HtUW,no_score,gvgai_sokoban,3,25,0
B1zh9HtUW,no_score,gvgai_sokoban,3,28,0
B1zh9HtUW,no_score,gvgai_sokoban,3,30,0
B1zh9HtUW,no_score,gvgai_sokoban,3,58,2
B1zh9HtUW,no_score,gvgai_sokoban,3,81,2
B1zh9HtUW,no_score,gvgai_sokoban,3,34,0
B1zh9HtUW,no_score,gvgai_sokoban,3,37,1
B1zh9HtUW,no_score,gvgai_sokoban,3,45,1
B1zh9HtUW,no_score,gvgai_sokoban,3,71,2
B1zh9HtUW,no_score,gvgai_sokoban,3,79,2
B1zh9HtUW,no_score,gvgai_sokoban,3,42,1
B1zh9HtUW,no_score,gvgai_sokoban,3,51,1
B1zh9HtUW,no_score,gvgai_sokoban,3,60,2
B1zh9HtUW,no_score,gvgai_sokoban,3,66,2
B1zh9HtUW,no_score,gvgai_sokoban,3,81,2
B1zh9HtUW,no_score,gvgai_sokoban,3,4,0
B1zh9HtUW,no_score,gvgai_sokoban,3,9,0
B1zh9HtUW,no_score,gvgai_sokoban,3,35,1
B1zh9HtUW,no_score,gvgai_sokoban,3,38,1
B1zh9HtUW,no_score,gvgai_sokoban,3,47,1
B1zh9HtUW,no_score,gvgai_sokoban,3,54,2
B1zh9HtUW,no_score,gvgai_sokoban,3,0,0
B1zh9HtUW,no_score,gvgai_sokoban,3,0,0
B1zh9HtUW,no_score,gvgai_sokoban,3,0,0
B1zh9HtUW,no_score,gvgai_sokoban,3,0,0
B1zh9HtUW,no_score,gvgai_sokoban,3,0,0
B1zh9HtUW,no_score,gvgai_sokoban,3,4,0
B1zh9HtUW,no_score,gvgai_sokoban,3,8,0
B1zh9HtUW,no_score,gvgai_sokoban,3,11,0
B1zh9HtUW,no_score,gvgai_sokoban,3,15,0
B1zh9HtUW,no_score,gvgai_sokoban,3,19,0
B1zh9HtUW,no_score,gvgai_sokoban,3,27,1
B1zh9HtUW,no_score,gvgai_sokoban,3,43,1
B1zh9HtUW,no_score,gvgai_sokoban,4,55,3
B1zh9HtUW,no_score,gvgai_sokoban,4,0,0
B1zh9HtUW,no_score,gvgai_sokoban,4,0,0
B1zh9HtUW,no_score,gvgai_sokoban,4,2,0
B1zh9HtUW,no_score,gvgai_sokoban,4,2,0
B1zh9HtUW,no_score,gvgai_sokoban,4,8,0
B1zh9HtUW,no_score,gvgai_sokoban,4,21,0
B1zh9HtUW,no_score,gvgai_sokoban,4,26,0
B1zh9HtUW,no_score,gvgai_sokoban,4,27,1
B1zh9HtUW,no_score,gvgai_sokoban,4,33,1
B1zh9HtUW,no_score,gvgai_sokoban,4,0,0
B1zh9HtUW,no_score,gvgai_sokoban,4,8,0
B1zh9HtUW,no_score,gvgai_sokoban,4,35,1
B1zh9HtUW,no_score,gvgai_sokoban,4,35,1
B1zh9HtUW,no_score,gvgai_sokoban,4,51,2
B1zh9HtUW,no_score,gvgai_sokoban,4,48,2
B1zh9HtUW,no_score,gvgai_sokoban,4,10,0
B1zh9HtUW,no_score,gvgai_sokoban,4,22,1
B1zh9HtUW,no_score,gvgai_sokoban,4,0,0
B1zh9HtUW,no_score,gvgai_sokoban,4,0,0
B1zh9HtUW,no_score,gvgai_sokoban,4,2,0
B1zh9HtUW,no_score,gvgai_sokoban,4,2,0
B1zh9HtUW,no_score,gvgai_sokoban,4,13,0
B1zh9HtUW,no_score,gvgai_sokoban,4,26,1
B1zh9HtUW,no_score,gvgai_sokoban,4,37,1
B1zh9HtUW,no_score,gvgai_sokoban,4,45,1
B1zh9HtUW,no_score,gvgai_sokoban,4,45,2
B1zh9HtUW,no_score,gvgai_sokoban,4,45,2
B1zh9HtUW,no_score,gvgai_sokoban,4,53,2
B1zh9HtUW,no_score,gvgai_sokoban,4,0,0
B1zh9HtUW,no_score,gvgai_sokoban,4,5,0
B1zh9HtUW,no_score,gvgai_sokoban,4,19,1
B1zh9HtUW,no_score,gvgai_sokoban,4,29,1
B1zh9HtUW,no_score,gvgai_sokoban,4,32,1
B1zh9HtUW,no_score,gvgai_sokoban,4,41,1
B1zh9HtUW,no_score,gvgai_sokoban,4,57,2
B1zh9HtUW,no_score,gvgai_sokoban,5,61,3
B1zh9HtUW,no_score,gvgai_aliens,0,5,0
B1zh9HtUW,no_score,gvgai_aliens,0,18,0
B1zh9HtUW,no_score,gvgai_aliens,0,39,0
B1zh9HtUW,no_score,gvgai_aliens,0,60,0
B1zh9HtUW,no_score,gvgai_aliens,0,11,0
B1zh9HtUW,no_score,gvgai_aliens,0,27,0
B1zh9HtUW,no_score,gvgai_aliens,0,48,0
B1zh9HtUW,no_score,gvgai_aliens,0,127,0
B1zh9HtUW,no_score,gvgai_aliens,0,78,0
B1zh9HtUW,no_score,gvgai_aliens,0,1,0
B1zh9HtUW,no_score,gvgai_aliens,0,71,0
B1zh9HtUW,no_score,gvgai_aliens,0,147,0
B1zh9HtUW,no_score,gvgai_aliens,0,86,0
B1zh9HtUW,no_score,gvgai_aliens,0,96,0
B1zh9HtUW,no_score,gvgai_aliens,0,109,0
B1zh9HtUW,no_score,gvgai_aliens,0,120,0
B1zh9HtUW,no_score,gvgai_aliens,0,136,0
B1zh9HtUW,no_score,gvgai_aliens,0,158,0
B1zh9HtUW,no_score,gvgai_aliens,0,1,0
B1zh9HtUW,no_score,gvgai_aliens,0,9,0
B1zh9HtUW,no_score,gvgai_aliens,0,14,0
B1zh9HtUW,no_score,gvgai_aliens,0,33,0
B1zh9HtUW,no_score,gvgai_aliens,0,7,0
B1zh9HtUW,no_score,gvgai_aliens,0,26,0
B1zh9HtUW,no_score,gvgai_aliens,0,7,0
B1zh9HtUW,no_score,gvgai_aliens,0,31,0
B1zh9HtUW,no_score,gvgai_aliens,0,44,0
B1zh9HtUW,no_score,gvgai_aliens,0,106,0
B1zh9HtUW,no_score,gvgai_aliens,0,20,0
B1zh9HtUW,no_score,gvgai_aliens,0,54,0
B1zh9HtUW,no_score,gvgai_aliens,0,67,0
B1zh9HtUW,no_score,gvgai_aliens,0,80,0
B1zh9HtUW,no_score,gvgai_aliens,0,92,0
B1zh9HtUW,no_score,gvgai_aliens,0,118,0
B1zh9HtUW,no_score,gvgai_aliens,1,128,1
B1zh9HtUW,no_score,gvgai_aliens,1,34,0
B1zh9HtUW,no_score,gvgai_aliens,1,97,0
B1zh9HtUW,no_score,gvgai_aliens,1,110,0
B1zh9HtUW,no_score,gvgai_aliens,1,131,0
B1zh9HtUW,no_score,gvgai_aliens,1,8,0
B1zh9HtUW,no_score,gvgai_aliens,1,48,0
B1zh9HtUW,no_score,gvgai_aliens,1,144,0
B1zh9HtUW,no_score,gvgai_aliens,1,0,0
B1zh9HtUW,no_score,gvgai_aliens,1,20,0
B1zh9HtUW,no_score,gvgai_aliens,1,60,0
B1zh9HtUW,no_score,gvgai_aliens,1,72,0
B1zh9HtUW,no_score,gvgai_aliens,1,84,0
B1zh9HtUW,no_score,gvgai_aliens,1,120,0
B1zh9HtUW,no_score,gvgai_aliens,1,156,0
B1zh9HtUW,no_score,gvgai_aliens,2,166,1
B1zh9HtUW,no_score,gvgai_aliens,2,4,0
B1zh9HtUW,no_score,gvgai_aliens,2,50,0
B1zh9HtUW,no_score,gvgai_aliens,2,9,0
B1zh9HtUW,no_score,gvgai_aliens,2,21,0
B1zh9HtUW,no_score,gvgai_aliens,2,35,0
B1zh9HtUW,no_score,gvgai_aliens,2,78,0
B1zh9HtUW,no_score,gvgai_aliens,3,121,1
B1zh9HtUW,no_score,gvgai_aliens,3,91,0
B1zh9HtUW,no_score,gvgai_aliens,3,104,0
B1zh9HtUW,no_score,gvgai_aliens,3,64,0
B1zh9HtUW,no_score,gvgai_aliens,3,117,0
B1zh9HtUW,no_score,gvgai_aliens,3,18,0
B1zh9HtUW,no_score,gvgai_aliens,3,87,0
B1zh9HtUW,no_score,gvgai_aliens,3,100,0
B1zh9HtUW,no_score,gvgai_aliens,3,3,0
B1zh9HtUW,no_score,gvgai_aliens,3,104,0
B1zh9HtUW,no_score,gvgai_aliens,3,30,0
B1zh9HtUW,no_score,gvgai_aliens,3,44,0
B1zh9HtUW,no_score,gvgai_aliens,3,73,0
B1zh9HtUW,no_score,gvgai_aliens,3,5,0
B1zh9HtUW,no_score,gvgai_aliens,3,59,0
B1zh9HtUW,no_score,gvgai_aliens,3,45,0
B1zh9HtUW,no_score,gvgai_aliens,3,5,0
B1zh9HtUW,no_score,gvgai_aliens,3,32,0
B1zh9HtUW,no_score,gvgai_aliens,3,57,0
B1zh9HtUW,no_score,gvgai_aliens,3,61,0
B1zh9HtUW,no_score,gvgai_aliens,3,19,0
B1zh9HtUW,no_score,gvgai_aliens,3,22,0
B1zh9HtUW,no_score,gvgai_aliens,3,33,0
B1zh9HtUW,no_score,gvgai_aliens,3,59,0
B1zh9HtUW,no_score,gvgai_aliens,3,72,0
B1zh9HtUW,no_score,gvgai_aliens,3,46,0
B1zh9HtUW,no_score,gvgai_aliens,3,84,0
B1zh9HtUW,no_score,gvgai_aliens,3,9,0
B1zh9HtUW,no_score,gvgai_aliens,4,96,1
B1zh9HtUW,no_score,gvgai_aliens,4,24,0
B1zh9HtUW,no_score,gvgai_aliens,4,49,0
B1zh9HtUW,no_score,gvgai_aliens,4,1,0
B1zh9HtUW,no_score,gvgai_aliens,4,10,0
B1zh9HtUW,no_score,gvgai_aliens,4,36,0
B1zh9HtUW,no_score,gvgai_aliens,4,49,0
B1zh9HtUW,no_score,gvgai_aliens,4,17,0
B1zh9HtUW,no_score,gvgai_aliens,4,31,0
B1zh9HtUW,no_score,gvgai_aliens,4,44,0
B1zh9HtUW,no_score,gvgai_aliens,4,70,0
B1zh9HtUW,no_score,gvgai_aliens,5,111,1
B1zh9HtUW,no_score,gvgai_aliens,5,4,0
B1zh9HtUW,no_score,gvgai_aliens,5,57,0
B1zh9HtUW,no_score,gvgai_aliens,5,83,0
B1zh9HtUW,no_score,gvgai_aliens,5,96,0
B1zh9HtUW,no_score,gvgai_aliens,5,109,0
B1zh9HtUW,no_score,gvgai_survivezombies,0,0,0
B1zh9HtUW,no_score,gvgai_survivezombies,0,2,0
B1zh9HtUW,no_score,gvgai_survivezombies,0,7,2
B1zh9HtUW,no_score,gvgai_survivezombies,0,45,10
B1zh9HtUW,no_score,gvgai_survivezombies,0,52,10
B1zh9HtUW,no_score,gvgai_survivezombies,0,55,22
B1zh9HtUW,no_score,gvgai_survivezombies,0,13,3
B1zh9HtUW,no_score,gvgai_survivezombies,0,43,10
B1zh9HtUW,no_score,gvgai_survivezombies,0,23,5
B1zh9HtUW,no_score,gvgai_survivezombies,0,31,5
B1zh9HtUW,no_score,gvgai_survivezombies,0,35,5
B1zh9HtUW,no_score,gvgai_survivezombies,0,45,10
B1zh9HtUW,no_score,gvgai_survivezombies,0,45,9
B1zh9HtUW,no_score,gvgai_survivezombies,0,81,13
B1zh9HtUW,no_score,gvgai_survivezombies,0,28,5
B1zh9HtUW,no_score,gvgai_survivezombies,0,36,7
B1zh9HtUW,no_score,gvgai_survivezombies,0,57,11
B1zh9HtUW,no_score,gvgai_survivezombies,0,92,16
B1zh9HtUW,no_score,gvgai_survivezombies,0,100,18
B1zh9HtUW,no_score,gvgai_survivezombies,0,100,18
B1zh9HtUW,no_score,gvgai_survivezombies,0,107,19
B1zh9HtUW,no_score,gvgai_survivezombies,0,130,30
B1zh9HtUW,no_score,gvgai_survivezombies,1,157,43
B1zh9HtUW,no_score,gvgai_survivezombies,1,121,25
B1zh9HtUW,no_score,gvgai_survivezombies,1,6,2
B1zh9HtUW,no_score,gvgai_survivezombies,1,15,3
B1zh9HtUW,no_score,gvgai_survivezombies,1,65,12
B1zh9HtUW,no_score,gvgai_survivezombies,1,74,12
B1zh9HtUW,no_score,gvgai_survivezombies,1,99,18
B1zh9HtUW,no_score,gvgai_survivezombies,1,102,19
B1zh9HtUW,no_score,gvgai_survivezombies,1,113,22
B1zh9HtUW,no_score,gvgai_survivezombies,1,136,34
B1zh9HtUW,no_score,gvgai_survivezombies,1,0,0
B1zh9HtUW,no_score,gvgai_survivezombies,1,9,2
B1zh9HtUW,no_score,gvgai_survivezombies,1,0,0
B1zh9HtUW,no_score,gvgai_survivezombies,1,18,4
B1zh9HtUW,no_score,gvgai_survivezombies,1,26,10
B1zh9HtUW,no_score,gvgai_survivezombies,1,34,11
B1zh9HtUW,no_score,gvgai_survivezombies,1,43,14
B1zh9HtUW,no_score,gvgai_survivezombies,1,43,14
B1zh9HtUW,no_score,gvgai_survivezombies,1,44,14
B1zh9HtUW,no_score,gvgai_survivezombies,1,49,15
B1zh9HtUW,no_score,gvgai_survivezombies,1,53,15
B1zh9HtUW,no_score,gvgai_survivezombies,1,53,15
B1zh9HtUW,no_score,gvgai_survivezombies,1,4,0
B1zh9HtUW,no_score,gvgai_survivezombies,1,12,2
B1zh9HtUW,no_score,gvgai_survivezombies,1,18,3
B1zh9HtUW,no_score,gvgai_survivezombies,1,25,4
B1zh9HtUW,no_score,gvgai_survivezombies,1,27,6
B1zh9HtUW,no_score,gvgai_survivezombies,1,22,8
B1zh9HtUW,no_score,gvgai_survivezombies,1,29,10
B1zh9HtUW,no_score,gvgai_survivezombies,1,47,19
B1zh9HtUW,no_score,gvgai_survivezombies,1,48,19
B1zh9HtUW,no_score,gvgai_survivezombies,1,8,2
B1zh9HtUW,no_score,gvgai_survivezombies,1,15,4
B1zh9HtUW,no_score,gvgai_survivezombies,1,38,13
B1zh9HtUW,no_score,gvgai_survivezombies,1,39,13
B1zh9HtUW,no_score,gvgai_survivezombies,1,39,13
B1zh9HtUW,no_score,gvgai_survivezombies,1,43,15
B1zh9HtUW,no_score,gvgai_survivezombies,1,48,19
B1zh9HtUW,no_score,gvgai_survivezombies,1,14,4
B1zh9HtUW,no_score,gvgai_survivezombies,1,47,14
B1zh9HtUW,no_score,gvgai_survivezombies,1,53,20
B1zh9HtUW,no_score,gvgai_survivezombies,1,58,26
B1zh9HtUW,no_score,gvgai_survivezombies,1,66,26
B1zh9HtUW,no_score,gvgai_survivezombies,1,70,27
B1zh9HtUW,no_score,gvgai_survivezombies,1,70,27
B1zh9HtUW,no_score,gvgai_survivezombies,1,7,1
B1zh9HtUW,no_score,gvgai_survivezombies,1,20,8
B1zh9HtUW,no_score,gvgai_survivezombies,1,27,11
B1zh9HtUW,no_score,gvgai_survivezombies,1,33,12
B1zh9HtUW,no_score,gvgai_survivezombies,1,40,12
B1zh9HtUW,no_score,gvgai_survivezombies,1,39,12
B1zh9HtUW,no_score,gvgai_survivezombies,1,44,16
B1zh9HtUW,no_score,gvgai_survivezombies,1,44,16
B1zh9HtUW,no_score,gvgai_survivezombies,1,3,0
B1zh9HtUW,no_score,gvgai_survivezombies,1,13,4
B1zh9HtUW,no_score,gvgai_survivezombies,1,20,6
B1zh9HtUW,no_score,gvgai_survivezombies,1,25,8
B1zh9HtUW,no_score,gvgai_survivezombies,1,33,12
B1zh9HtUW,no_score,gvgai_survivezombies,1,44,16
B1zh9HtUW,no_score,gvgai_survivezombies,1,44,16
B1zh9HtUW,no_score,gvgai_survivezombies,1,73,20
B1zh9HtUW,no_score,gvgai_survivezombies,1,80,23
B1zh9HtUW,no_score,gvgai_survivezombies,1,80,23
B1zh9HtUW,no_score,gvgai_survivezombies,1,4,0
B1zh9HtUW,no_score,gvgai_survivezombies,1,12,4
B1zh9HtUW,no_score,gvgai_survivezombies,1,18,6
B1zh9HtUW,no_score,gvgai_survivezombies,1,24,8
B1zh9HtUW,no_score,gvgai_survivezombies,1,30,11
B1zh9HtUW,no_score,gvgai_survivezombies,1,49,13
B1zh9HtUW,no_score,gvgai_survivezombies,1,57,16
B1zh9HtUW,no_score,gvgai_survivezombies,1,80,23
B1zh9HtUW,no_score,gvgai_survivezombies,1,38,13
B1zh9HtUW,no_score,gvgai_survivezombies,1,65,16
B1zh9HtUW,no_score,gvgai_survivezombies,1,15,3
B1zh9HtUW,no_score,gvgai_survivezombies,1,59,5
B1zh9HtUW,no_score,gvgai_survivezombies,1,25,3
B1zh9HtUW,no_score,gvgai_survivezombies,1,44,5
B1zh9HtUW,no_score,gvgai_survivezombies,1,75,6
B1zh9HtUW,no_score,gvgai_survivezombies,1,6,1
B1zh9HtUW,no_score,gvgai_survivezombies,1,20,3
B1zh9HtUW,no_score,gvgai_survivezombies,1,35,5
B1zh9HtUW,no_score,gvgai_survivezombies,1,32,3
B1zh9HtUW,no_score,gvgai_survivezombies,1,51,5
B1zh9HtUW,no_score,gvgai_survivezombies,1,87,8
B1zh9HtUW,no_score,gvgai_survivezombies,1,67,6
B1zh9HtUW,no_score,gvgai_survivezombies,1,0,0
B1zh9HtUW,no_score,gvgai_survivezombies,1,0,0
B1zh9HtUW,no_score,gvgai_frogs,0,17,0
B1zh9HtUW,no_score,gvgai_frogs,0,3,0
B1zh9HtUW,no_score,gvgai_frogs,0,10,0
B1zh9HtUW,no_score,gvgai_frogs,0,15,0
B1zh9HtUW,no_score,gvgai_frogs,0,1,0
B1zh9HtUW,no_score,gvgai_frogs,0,50,0
B1zh9HtUW,no_score,gvgai_frogs,0,4,0
B1zh9HtUW,no_score,gvgai_frogs,0,46,0
B1zh9HtUW,no_score,gvgai_frogs,0,28,0
B1zh9HtUW,no_score,gvgai_frogs,0,46,0
B1zh9HtUW,no_score,gvgai_frogs,0,15,0
B1zh9HtUW,no_score,gvgai_frogs,0,40,0
B1zh9HtUW,no_score,gvgai_frogs,0,32,0
B1zh9HtUW,no_score,gvgai_frogs,0,46,0
B1zh9HtUW,no_score,gvgai_frogs,0,6,0
B1zh9HtUW,no_score,gvgai_frogs,0,2,0
B1zh9HtUW,no_score,gvgai_frogs,0,0,0
B1zh9HtUW,no_score,gvgai_frogs,0,4,0
B1zh9HtUW,no_score,gvgai_frogs,0,2,0
B1zh9HtUW,no_score,gvgai_frogs,0,2,0
B1zh9HtUW,no_score,gvgai_frogs,0,2,0
B1zh9HtUW,no_score,gvgai_frogs,0,4,0
B1zh9HtUW,no_score,gvgai_frogs,0,3,0
B1zh9HtUW,no_score,gvgai_frogs,0,0,0
B1zh9HtUW,no_score,gvgai_frogs,0,2,0
B1zh9HtUW,no_score,gvgai_frogs,0,2,0
B1zh9HtUW,no_score,gvgai_frogs,0,7,0
B1zh9HtUW,no_score,gvgai_frogs,0,0,0
B1zh9HtUW,no_score,gvgai_frogs,0,2,0
B1zh9HtUW,no_score,gvgai_frogs,0,2,0
B1zh9HtUW,no_score,gvgai_frogs,0,2,0
B1zh9HtUW,no_score,gvgai_frogs,0,2,0
B1zh9HtUW,no_score,gvgai_frogs,0,9,0
B1zh9HtUW,no_score,gvgai_frogs,0,2,0
B1zh9HtUW,no_score,gvgai_frogs,0,5,0
B1zh9HtUW,no_score,gvgai_frogs,0,2,0
B1zh9HtUW,no_score,gvgai_frogs,0,0,0
B1zh9HtUW,no_score,gvgai_frogs,0,7,0
B1zh9HtUW,no_score,gvgai_frogs,0,7,0
B1zh9HtUW,no_score,gvgai_frogs,0,2,0
B1zh9HtUW,no_score,gvgai_frogs,0,7,0
B1zh9HtUW,no_score,gvgai_frogs,0,7,0
B1zh9HtUW,no_score,gvgai_frogs,0,2,0
B1zh9HtUW,no_score,gvgai_frogs,0,6,0
B1zh9HtUW,no_score,gvgai_frogs,0,2,0
B1zh9HtUW,no_score,gvgai_frogs,0,9,0
B1zh9HtUW,no_score,gvgai_frogs,0,2,0
B1zh9HtUW,no_score,gvgai_frogs,0,2,0
B1zh9HtUW,no_score,gvgai_frogs,0,7,0
B1zh9HtUW,no_score,gvgai_frogs,0,6,0
B1zh9HtUW,no_score,gvgai_frogs,0,16,0
BJcefGnbQ,no_score,gvgai_clusters,0,9,0
BJcefGnbQ,no_score,gvgai_clusters,0,17,1
BJcefGnbQ,no_score,gvgai_clusters,0,26,2
BJcefGnbQ,no_score,gvgai_clusters,0,36,4
BJcefGnbQ,no_score,gvgai_clusters,0,45,5
BJcefGnbQ,no_score,gvgai_clusters,0,56,5
BJcefGnbQ,no_score,gvgai_clusters,0,67,7
BJcefGnbQ,no_score,gvgai_clusters,0,78,7
BJcefGnbQ,no_score,gvgai_clusters,1,83,9
BJcefGnbQ,no_score,gvgai_clusters,2,83,9
BJcefGnbQ,no_score,gvgai_clusters,3,83,9
BJcefGnbQ,no_score,gvgai_clusters,4,83,9
BJcefGnbQ,no_score,gvgai_clusters,5,83,9
BJcefGnbQ,no_score,gvgai_clusters,6,83,9
BJcefGnbQ,no_score,gvgai_clusters,7,83,9
BJcefGnbQ,no_score,gvgai_clusters,8,83,9
BJcefGnbQ,no_score,gvgai_clusters,9,83,9
BJcefGnbQ,no_score,gvgai_clusters,10,83,9
BJcefGnbQ,no_score,gvgai_clusters,11,83,9
BJcefGnbQ,no_score,gvgai_clusters,12,83,9
BJcefGnbQ,no_score,gvgai_clusters,13,83,9
BJcefGnbQ,no_score,gvgai_clusters,14,83,9
BJcefGnbQ,no_score,gvgai_clusters,15,83,9
BJcefGnbQ,no_score,gvgai_clusters,16,83,9
BJcefGnbQ,no_score,gvgai_clusters,17,83,9
BJcefGnbQ,no_score,gvgai_clusters,18,83,9
BJcefGnbQ,no_score,gvgai_clusters,19,83,9
BJcefGnbQ,no_score,gvgai_clusters,20,83,9
BJcefGnbQ,no_score,gvgai_clusters,21,83,9
BJcefGnbQ,no_score,gvgai_clusters,22,83,9
BJcefGnbQ,no_score,gvgai_clusters,23,83,9
BJcefGnbQ,no_score,gvgai_clusters,24,83,9
BJcefGnbQ,no_score,gvgai_clusters,25,83,9
BJcefGnbQ,no_score,gvgai_clusters,26,83,9
BJcefGnbQ,no_score,gvgai_clusters,27,83,9
BJcefGnbQ,no_score,gvgai_clusters,28,83,9
BJcefGnbQ,no_score,gvgai_clusters,29,83,9
BJcefGnbQ,no_score,gvgai_clusters,30,83,9
BJcefGnbQ,no_score,gvgai_clusters,31,83,9
BJcefGnbQ,no_score,gvgai_clusters,32,83,9
BJcefGnbQ,no_score,gvgai_clusters,33,83,9
BJcefGnbQ,no_score,gvgai_clusters,34,83,9
BJcefGnbQ,no_score,gvgai_clusters,35,83,9
BJcefGnbQ,no_score,gvgai_clusters,36,83,9
BJcefGnbQ,no_score,gvgai_clusters,37,83,9
BJcefGnbQ,no_score,gvgai_clusters,38,83,9
BJcefGnbQ,no_score,gvgai_clusters,39,83,9
BJcefGnbQ,no_score,gvgai_clusters,40,83,9
BJcefGnbQ,no_score,gvgai_clusters,41,83,9
BJcefGnbQ,no_score,gvgai_clusters,42,83,9
BJcefGnbQ,no_score,gvgai_clusters,43,83,9
BJcefGnbQ,no_score,gvgai_clusters,44,83,9
BJcefGnbQ,no_score,gvgai_clusters,45,83,9
BJcefGnbQ,no_score,gvgai_clusters,46,83,9
BJcefGnbQ,no_score,gvgai_clusters,47,83,9
BJcefGnbQ,no_score,gvgai_clusters,48,83,9
BJcefGnbQ,no_score,gvgai_clusters,49,83,9
BJcefGnbQ,no_score,gvgai_clusters,50,83,9
BJcefGnbQ,no_score,gvgai_clusters,51,83,9
BJcefGnbQ,no_score,gvgai_clusters,52,83,9
BJcefGnbQ,no_score,gvgai_clusters,53,83,9
BJcefGnbQ,no_score,gvgai_clusters,54,83,9
BJcefGnbQ,no_score,gvgai_clusters,55,83,9
BJcefGnbQ,no_score,gvgai_clusters,56,83,9
BJcefGnbQ,no_score,gvgai_clusters,57,83,9
BJcefGnbQ,no_score,gvgai_clusters,58,83,9
BJcefGnbQ,no_score,gvgai_clusters,59,83,9
BJcefGnbQ,no_score,gvgai_clusters,60,83,9
BJcefGnbQ,no_score,gvgai_clusters,61,83,9
BJcefGnbQ,no_score,gvgai_clusters,62,83,9
BJcefGnbQ,no_score,gvgai_clusters,63,83,9
BJcefGnbQ,no_score,gvgai_clusters,64,83,9
BJcefGnbQ,no_score,gvgai_clusters,65,83,9
BJcefGnbQ,no_score,gvgai_clusters,66,83,9
BJcefGnbQ,no_score,gvgai_clusters,67,83,9
BJcefGnbQ,no_score,gvgai_clusters,68,83,9
BJcefGnbQ,no_score,gvgai_clusters,69,83,9
BJcefGnbQ,no_score,gvgai_clusters,70,83,9
BJcefGnbQ,no_score,gvgai_clusters,71,83,9
BJcefGnbQ,no_score,gvgai_clusters,72,83,9
BJcefGnbQ,no_score,gvgai_clusters,73,83,9
BJcefGnbQ,no_score,gvgai_clusters,74,83,9
BJcefGnbQ,no_score,gvgai_clusters,75,83,9
BJcefGnbQ,no_score,gvgai_clusters,76,83,9
BJcefGnbQ,no_score,gvgai_clusters,77,83,9
BJcefGnbQ,no_score,gvgai_clusters,78,83,9
BJcefGnbQ,no_score,gvgai_clusters,79,83,9
BJcefGnbQ,no_score,gvgai_clusters,80,83,9
BJcefGnbQ,no_score,gvgai_clusters,81,83,9
BJcefGnbQ,no_score,gvgai_clusters,82,83,9
BJcefGnbQ,no_score,gvgai_clusters,83,83,9
BJcefGnbQ,no_score,gvgai_clusters,84,83,9
BJcefGnbQ,no_score,gvgai_clusters,85,83,9
BJcefGnbQ,no_score,gvgai_clusters,86,83,9
BJcefGnbQ,no_score,gvgai_clusters,87,83,9
BJcefGnbQ,no_score,gvgai_clusters,88,83,9
BJcefGnbQ,no_score,gvgai_clusters,89,83,9
BJcefGnbQ,no_score,gvgai_clusters,90,83,9
BJcefGnbQ,no_score,gvgai_clusters,91,83,9
BJcefGnbQ,no_score,gvgai_clusters,92,83,9
BJcefGnbQ,no_score,gvgai_clusters,93,83,9
BJcefGnbQ,no_score,gvgai_clusters,94,83,9
BJcefGnbQ,no_score,gvgai_clusters,95,83,9
BJcefGnbQ,no_score,gvgai_clusters,96,83,9
BJcefGnbQ,no_score,gvgai_clusters,97,83,9
BJcefGnbQ,no_score,gvgai_clusters,98,83,9
BJcefGnbQ,no_score,gvgai_clusters,99,83,9
BJcefGnbQ,no_score,gvgai_clusters,100,83,9
BJcefGnbQ,no_score,gvgai_clusters,101,83,9
BJcefGnbQ,no_score,gvgai_clusters,102,83,9
BJcefGnbQ,no_score,gvgai_clusters,103,83,9
BJcefGnbQ,no_score,gvgai_clusters,104,83,9
BJcefGnbQ,no_score,gvgai_clusters,105,83,9
BJcefGnbQ,no_score,gvgai_clusters,106,83,9
BJcefGnbQ,no_score,gvgai_clusters,107,83,9
BJcefGnbQ,no_score,gvgai_clusters,108,83,9
BJcefGnbQ,no_score,gvgai_clusters,109,83,9
BJcefGnbQ,no_score,gvgai_clusters,110,83,9
BJcefGnbQ,no_score,gvgai_clusters,111,83,9
BJcefGnbQ,no_score,gvgai_clusters,112,83,9
BJcefGnbQ,no_score,gvgai_clusters,113,83,9
BJcefGnbQ,no_score,gvgai_clusters,114,83,9
BJcefGnbQ,no_score,gvgai_clusters,115,83,9
BJcefGnbQ,no_score,gvgai_clusters,116,83,9
BJcefGnbQ,no_score,gvgai_clusters,117,83,9
BJcefGnbQ,no_score,gvgai_clusters,118,83,9
BJcefGnbQ,no_score,gvgai_clusters,119,83,9
BJcefGnbQ,no_score,gvgai_clusters,120,83,9
BJcefGnbQ,no_score,gvgai_clusters,121,83,9
BJcefGnbQ,no_score,gvgai_clusters,122,83,9
BJcefGnbQ,no_score,gvgai_clusters,123,83,9
BJcefGnbQ,no_score,gvgai_clusters,124,83,9
BJcefGnbQ,no_score,gvgai_clusters,125,83,9
BJcefGnbQ,no_score,gvgai_clusters,126,83,9
BJcefGnbQ,no_score,gvgai_clusters,127,83,9
BJcefGnbQ,no_score,gvgai_clusters,128,83,9
BJcefGnbQ,no_score,gvgai_clusters,129,83,9
BJcefGnbQ,no_score,gvgai_clusters,130,83,9
BJcefGnbQ,no_score,gvgai_clusters,131,83,9
BJcefGnbQ,no_score,gvgai_clusters,132,83,9
BJcefGnbQ,no_score,gvgai_clusters,133,83,9
BJcefGnbQ,no_score,gvgai_clusters,134,83,9
BJcefGnbQ,no_score,gvgai_clusters,135,83,9
BJcefGnbQ,no_score,gvgai_clusters,136,83,9
BJcefGnbQ,no_score,gvgai_clusters,137,83,9
BJcefGnbQ,no_score,gvgai_clusters,138,83,9
BJcefGnbQ,no_score,gvgai_clusters,139,83,9
BJcefGnbQ,no_score,gvgai_clusters,140,83,9
BJcefGnbQ,no_score,gvgai_clusters,141,83,9
BJcefGnbQ,no_score,gvgai_clusters,142,83,9
BJcefGnbQ,no_score,gvgai_clusters,143,83,9
BJcefGnbQ,no_score,gvgai_clusters,144,83,9
BJcefGnbQ,no_score,gvgai_clusters,145,83,9
BJcefGnbQ,no_score,gvgai_clusters,146,83,9
BJcefGnbQ,no_score,gvgai_clusters,147,83,9
BJcefGnbQ,no_score,gvgai_clusters,148,83,9
BJcefGnbQ,no_score,gvgai_clusters,149,83,9
BJcefGnbQ,no_score,gvgai_clusters,150,83,9
BJcefGnbQ,no_score,gvgai_clusters,151,83,9
BJcefGnbQ,no_score,gvgai_clusters,152,83,9
BJcefGnbQ,no_score,gvgai_clusters,153,83,9
BJcefGnbQ,no_score,gvgai_clusters,154,83,9
BJcefGnbQ,no_score,gvgai_clusters,155,83,9
BJcefGnbQ,no_score,gvgai_clusters,156,83,9
BJcefGnbQ,no_score,gvgai_clusters,157,83,9
BJcefGnbQ,no_score,gvgai_clusters,158,83,9
BJcefGnbQ,no_score,gvgai_clusters,159,83,9
BJcefGnbQ,no_score,gvgai_clusters,160,83,9
BJcefGnbQ,no_score,gvgai_clusters,161,83,9
BJcefGnbQ,no_score,gvgai_clusters,162,83,9
BJcefGnbQ,no_score,gvgai_clusters,163,83,9
BJcefGnbQ,no_score,gvgai_clusters,164,83,9
BJcefGnbQ,no_score,gvgai_clusters,165,83,9
BJcefGnbQ,no_score,gvgai_clusters,166,83,9
BJcefGnbQ,no_score,gvgai_clusters,167,83,9
BJcefGnbQ,no_score,gvgai_clusters,168,83,9
BJcefGnbQ,no_score,gvgai_clusters,169,83,9
BJcefGnbQ,no_score,gvgai_clusters,170,83,9
BJcefGnbQ,no_score,gvgai_clusters,171,83,9
BJcefGnbQ,no_score,gvgai_clusters,172,83,9
BJcefGnbQ,no_score,gvgai_clusters,173,83,9
BJcefGnbQ,no_score,gvgai_clusters,174,83,9
BJcefGnbQ,no_score,gvgai_clusters,175,83,9
BJcefGnbQ,no_score,gvgai_clusters,176,83,9
BJcefGnbQ,no_score,gvgai_clusters,177,83,9
BJcefGnbQ,no_score,gvgai_clusters,178,83,9
BJcefGnbQ,no_score,gvgai_clusters,179,83,9
BJcefGnbQ,no_score,gvgai_clusters,180,83,9
BJcefGnbQ,no_score,gvgai_clusters,181,83,9
BJcefGnbQ,no_score,gvgai_clusters,182,83,9
BJcefGnbQ,no_score,gvgai_clusters,183,83,9
BJcefGnbQ,no_score,gvgai_clusters,184,83,9
BJcefGnbQ,no_score,gvgai_clusters,185,83,9
BJcefGnbQ,no_score,gvgai_clusters,186,83,9
BJcefGnbQ,no_score,gvgai_clusters,187,83,9
BJcefGnbQ,no_score,gvgai_clusters,188,83,9
BJcefGnbQ,no_score,gvgai_clusters,189,83,9
BJcefGnbQ,no_score,gvgai_clusters,190,83,9
BJcefGnbQ,no_score,gvgai_clusters,191,83,9
BJcefGnbQ,no_score,gvgai_clusters,192,83,9
BJcefGnbQ,no_score,gvgai_clusters,193,83,9
BJcefGnbQ,no_score,gvgai_clusters,194,83,9
BJcefGnbQ,no_score,gvgai_clusters,195,83,9
BJcefGnbQ,no_score,gvgai_clusters,196,83,9
BJcefGnbQ,no_score,gvgai_clusters,197,83,9
BJcefGnbQ,no_score,gvgai_clusters,198,83,9
BJcefGnbQ,no_score,gvgai_clusters,199,83,9
BJcefGnbQ,no_score,gvgai_clusters,200,83,9
BJcefGnbQ,no_score,gvgai_clusters,201,83,9
BJcefGnbQ,no_score,gvgai_clusters,202,83,9
BJcefGnbQ,no_score,gvgai_clusters,203,83,9
BJcefGnbQ,no_score,gvgai_clusters,204,83,9
BJcefGnbQ,no_score,gvgai_clusters,205,83,9
BJcefGnbQ,no_score,gvgai_clusters,206,83,9
BJcefGnbQ,no_score,gvgai_clusters,207,83,9
BJcefGnbQ,no_score,gvgai_clusters,208,83,9
BJcefGnbQ,no_score,gvgai_clusters,209,83,9
BJcefGnbQ,no_score,gvgai_clusters,210,83,9
BJcefGnbQ,no_score,gvgai_clusters,211,83,9
BJcefGnbQ,no_score,gvgai_clusters,212,83,9
BJcefGnbQ,no_score,gvgai_clusters,213,83,9
BJcefGnbQ,no_score,gvgai_clusters,214,83,9
BJcefGnbQ,no_score,gvgai_clusters,215,83,9
BJcefGnbQ,no_score,gvgai_clusters,216,83,9
BJcefGnbQ,no_score,gvgai_clusters,217,83,9
BJcefGnbQ,no_score,gvgai_clusters,218,83,9
BJcefGnbQ,no_score,gvgai_clusters,219,83,9
BJcefGnbQ,no_score,gvgai_clusters,220,83,9
BJcefGnbQ,no_score,gvgai_clusters,221,83,9
BJcefGnbQ,no_score,gvgai_clusters,222,83,9
BJcefGnbQ,no_score,gvgai_clusters,223,83,9
BJcefGnbQ,no_score,gvgai_clusters,224,83,9
BJcefGnbQ,no_score,gvgai_clusters,225,83,9
BJcefGnbQ,no_score,gvgai_clusters,226,83,9
BJcefGnbQ,no_score,gvgai_clusters,227,83,9
BJcefGnbQ,no_score,gvgai_clusters,228,83,9
BJcefGnbQ,no_score,gvgai_clusters,229,83,9
BJcefGnbQ,no_score,gvgai_clusters,230,83,9
BJcefGnbQ,no_score,gvgai_clusters,231,83,9
BJcefGnbQ,no_score,gvgai_clusters,232,83,9
BJcefGnbQ,no_score,gvgai_clusters,233,83,9
BJcefGnbQ,no_score,gvgai_clusters,234,83,9
BJcefGnbQ,no_score,gvgai_clusters,235,83,9
BJcefGnbQ,no_score,gvgai_clusters,236,83,9
BJcefGnbQ,no_score,gvgai_clusters,237,83,9
BJcefGnbQ,no_score,gvgai_clusters,238,83,9
BJcefGnbQ,no_score,gvgai_clusters,239,83,9
BJcefGnbQ,no_score,gvgai_clusters,240,83,9
BJcefGnbQ,no_score,gvgai_clusters,241,83,9
BJcefGnbQ,no_score,gvgai_clusters,242,83,9
BJcefGnbQ,no_score,gvgai_clusters,243,83,9
BJcefGnbQ,no_score,gvgai_clusters,244,83,9
BJcefGnbQ,no_score,gvgai_clusters,245,83,9
BJcefGnbQ,no_score,gvgai_clusters,246,83,9
BJcefGnbQ,no_score,gvgai_clusters,247,83,9
BJcefGnbQ,no_score,gvgai_clusters,248,83,9
BJcefGnbQ,no_score,gvgai_clusters,249,83,9
BJcefGnbQ,no_score,gvgai_clusters,250,83,9
BJcefGnbQ,no_score,gvgai_clusters,251,83,9
BJcefGnbQ,no_score,gvgai_clusters,252,83,9
BJcefGnbQ,no_score,gvgai_clusters,253,83,9
BJcefGnbQ,no_score,gvgai_clusters,254,83,9
BJcefGnbQ,no_score,gvgai_clusters,255,83,9
BJcefGnbQ,no_score,gvgai_clusters,256,83,9
BJcefGnbQ,no_score,gvgai_clusters,257,83,9
BJcefGnbQ,no_score,gvgai_clusters,258,83,9
BJcefGnbQ,no_score,gvgai_clusters,259,83,9
BJcefGnbQ,no_score,gvgai_clusters,260,83,9
BJcefGnbQ,no_score,gvgai_clusters,261,83,9
BJcefGnbQ,no_score,gvgai_clusters,262,83,9
BJcefGnbQ,no_score,gvgai_clusters,263,83,9
BJcefGnbQ,no_score,gvgai_clusters,264,83,9
BJcefGnbQ,no_score,gvgai_clusters,265,83,9
BJcefGnbQ,no_score,gvgai_clusters,266,83,9
BJcefGnbQ,no_score,gvgai_clusters,267,83,9
BJcefGnbQ,no_score,gvgai_clusters,268,83,9
BJcefGnbQ,no_score,gvgai_clusters,269,83,9
BJcefGnbQ,no_score,gvgai_clusters,270,83,9
BJcefGnbQ,no_score,gvgai_clusters,271,83,9
BJcefGnbQ,no_score,gvgai_clusters,272,83,9
BJcefGnbQ,no_score,gvgai_clusters,273,83,9
BJcefGnbQ,no_score,gvgai_clusters,274,83,9
BJcefGnbQ,no_score,gvgai_clusters,275,83,9
BJcefGnbQ,no_score,gvgai_clusters,276,83,9
BJcefGnbQ,no_score,gvgai_clusters,277,83,9
BJcefGnbQ,no_score,gvgai_clusters,278,83,9
BJcefGnbQ,no_score,gvgai_clusters,279,83,9
BJcefGnbQ,no_score,gvgai_clusters,280,83,9
BJcefGnbQ,no_score,gvgai_clusters,281,83,9
BJcefGnbQ,no_score,gvgai_clusters,282,83,9
BJcefGnbQ,no_score,gvgai_clusters,283,83,9
BJcefGnbQ,no_score,gvgai_clusters,284,83,9
BJcefGnbQ,no_score,gvgai_clusters,285,83,9
BJcefGnbQ,no_score,gvgai_clusters,286,83,9
BJcefGnbQ,no_score,gvgai_clusters,287,83,9
BJcefGnbQ,no_score,gvgai_clusters,288,83,9
BJcefGnbQ,no_score,gvgai_clusters,289,83,9
BJcefGnbQ,no_score,gvgai_clusters,290,83,9
BJcefGnbQ,no_score,gvgai_clusters,291,83,9
BJcefGnbQ,no_score,gvgai_clusters,292,83,9
BJcefGnbQ,no_score,gvgai_clusters,293,83,9
BJcefGnbQ,no_score,gvgai_clusters,294,83,9
BJcefGnbQ,no_score,gvgai_clusters,295,83,9
BJcefGnbQ,no_score,gvgai_clusters,296,83,9
BJcefGnbQ,no_score,gvgai_clusters,297,83,9
BJcefGnbQ,no_score,gvgai_clusters,298,83,9
BJcefGnbQ,no_score,gvgai_clusters,299,83,9
BJcefGnbQ,no_score,gvgai_clusters,300,83,9
BJcefGnbQ,no_score,gvgai_clusters,301,83,9
BJcefGnbQ,no_score,gvgai_clusters,302,83,9
BJcefGnbQ,no_score,gvgai_clusters,303,83,9
BJcefGnbQ,no_score,gvgai_clusters,304,83,9
BJcefGnbQ,no_score,gvgai_clusters,305,83,9
BJcefGnbQ,no_score,gvgai_clusters,306,83,9
BJcefGnbQ,no_score,gvgai_clusters,307,83,9
BJcefGnbQ,no_score,gvgai_clusters,308,83,9
BJcefGnbQ,no_score,gvgai_clusters,309,83,9
BJcefGnbQ,no_score,gvgai_clusters,310,83,9
BJcefGnbQ,no_score,gvgai_clusters,311,83,9
BJcefGnbQ,no_score,gvgai_clusters,312,83,9
BJcefGnbQ,no_score,gvgai_clusters,313,83,9
BJcefGnbQ,no_score,gvgai_clusters,314,83,9
BJcefGnbQ,no_score,gvgai_clusters,315,83,9
BJcefGnbQ,no_score,gvgai_clusters,316,83,9
BJcefGnbQ,no_score,gvgai_clusters,317,83,9
BJcefGnbQ,no_score,gvgai_clusters,318,83,9
BJcefGnbQ,no_score,gvgai_clusters,319,83,9
BJcefGnbQ,no_score,gvgai_clusters,320,83,9
BJcefGnbQ,no_score,gvgai_clusters,321,83,9
BJcefGnbQ,no_score,gvgai_clusters,322,83,9
BJcefGnbQ,no_score,gvgai_clusters,323,83,9
BJcefGnbQ,no_score,gvgai_clusters,324,83,9
BJcefGnbQ,no_score,gvgai_clusters,325,83,9
BJcefGnbQ,no_score,gvgai_clusters,326,83,9
BJcefGnbQ,no_score,gvgai_clusters,327,83,9
BJcefGnbQ,no_score,gvgai_clusters,328,83,9
BJcefGnbQ,no_score,gvgai_clusters,329,83,9
BJcefGnbQ,no_score,gvgai_clusters,330,83,9
BJcefGnbQ,no_score,gvgai_clusters,331,83,9
BJcefGnbQ,no_score,gvgai_clusters,332,83,9
BJcefGnbQ,no_score,gvgai_clusters,333,83,9
BJcefGnbQ,no_score,gvgai_clusters,334,83,9
BJcefGnbQ,no_score,gvgai_clusters,335,83,9
BJcefGnbQ,no_score,gvgai_clusters,336,83,9
BJcefGnbQ,no_score,gvgai_clusters,337,83,9
BJcefGnbQ,no_score,gvgai_clusters,338,83,9
BJcefGnbQ,no_score,gvgai_clusters,339,83,9
BJcefGnbQ,no_score,gvgai_clusters,340,83,9
BJcefGnbQ,no_score,gvgai_clusters,341,83,9
BJcefGnbQ,no_score,gvgai_clusters,342,83,9
BJcefGnbQ,no_score,gvgai_clusters,343,83,9
BJcefGnbQ,no_score,gvgai_clusters,344,83,9
BJcefGnbQ,no_score,gvgai_clusters,345,83,9
BJcefGnbQ,no_score,gvgai_clusters,346,83,9
BJcefGnbQ,no_score,gvgai_clusters,347,83,9
BJcefGnbQ,no_score,gvgai_clusters,348,83,9
BJcefGnbQ,no_score,gvgai_clusters,349,83,9
BJcefGnbQ,no_score,gvgai_clusters,350,83,9
BJcefGnbQ,no_score,gvgai_clusters,351,83,9
BJcefGnbQ,no_score,gvgai_clusters,352,83,9
BJcefGnbQ,no_score,gvgai_clusters,353,83,9
BJcefGnbQ,no_score,gvgai_clusters,354,83,9
BJcefGnbQ,no_score,gvgai_clusters,355,83,9
BJcefGnbQ,no_score,gvgai_clusters,356,83,9
BJcefGnbQ,no_score,gvgai_clusters,357,83,9
BJcefGnbQ,no_score,gvgai_clusters,358,83,9
BJcefGnbQ,no_score,gvgai_clusters,359,83,9
BJcefGnbQ,no_score,gvgai_clusters,360,83,9
BJcefGnbQ,no_score,gvgai_clusters,361,83,9
BJcefGnbQ,no_score,gvgai_clusters,362,83,9
BJcefGnbQ,no_score,gvgai_clusters,363,83,9
BJcefGnbQ,no_score,gvgai_clusters,364,83,9
BJcefGnbQ,no_score,gvgai_clusters,365,83,9
BJcefGnbQ,no_score,gvgai_clusters,366,83,9
BJcefGnbQ,no_score,gvgai_clusters,367,83,9
BJcefGnbQ,no_score,gvgai_clusters,368,83,9
BJcefGnbQ,no_score,gvgai_clusters,369,83,9
BJcefGnbQ,no_score,gvgai_clusters,370,83,9
BJcefGnbQ,no_score,gvgai_clusters,371,83,9
BJcefGnbQ,no_score,gvgai_clusters,372,83,9
BJcefGnbQ,no_score,gvgai_clusters,373,83,9
BJcefGnbQ,no_score,gvgai_clusters,374,83,9
BJcefGnbQ,no_score,gvgai_clusters,375,83,9
BJcefGnbQ,no_score,gvgai_clusters,376,83,9
BJcefGnbQ,no_score,gvgai_clusters,377,83,9
BJcefGnbQ,no_score,gvgai_clusters,378,83,9
BJcefGnbQ,no_score,gvgai_clusters,379,83,9
BJcefGnbQ,no_score,gvgai_clusters,380,83,9
BJcefGnbQ,no_score,gvgai_clusters,381,83,9
BJcefGnbQ,no_score,gvgai_clusters,382,83,9
BJcefGnbQ,no_score,gvgai_clusters,383,83,9
BJcefGnbQ,no_score,gvgai_clusters,384,83,9
BJcefGnbQ,no_score,gvgai_clusters,385,83,9
BJcefGnbQ,no_score,gvgai_clusters,386,83,9
BJcefGnbQ,no_score,gvgai_clusters,387,83,9
BJcefGnbQ,no_score,gvgai_clusters,388,83,9
BJcefGnbQ,no_score,gvgai_clusters,389,83,9
BJcefGnbQ,no_score,gvgai_clusters,390,83,9
BJcefGnbQ,no_score,gvgai_clusters,391,83,9
BJcefGnbQ,no_score,gvgai_clusters,392,83,9
BJcefGnbQ,no_score,gvgai_clusters,393,83,9
BJcefGnbQ,no_score,gvgai_clusters,394,83,9
BJcefGnbQ,no_score,gvgai_clusters,395,83,9
BJcefGnbQ,no_score,gvgai_clusters,396,83,9
BJcefGnbQ,no_score,gvgai_clusters,397,83,9
BJcefGnbQ,no_score,gvgai_clusters,398,83,9
BJcefGnbQ,no_score,gvgai_clusters,399,83,9
BJcefGnbQ,no_score,gvgai_clusters,400,83,9
BJcefGnbQ,no_score,gvgai_clusters,401,83,9
BJcefGnbQ,no_score,gvgai_clusters,402,83,9
BJcefGnbQ,no_score,gvgai_clusters,403,83,9
BJcefGnbQ,no_score,gvgai_clusters,404,83,9
BJcefGnbQ,no_score,gvgai_clusters,405,83,9
BJcefGnbQ,no_score,gvgai_clusters,406,83,9
BJcefGnbQ,no_score,gvgai_clusters,407,83,9
BJcefGnbQ,no_score,gvgai_clusters,408,83,9
BJcefGnbQ,no_score,gvgai_clusters,409,83,9
BJcefGnbQ,no_score,gvgai_clusters,410,83,9
BJcefGnbQ,no_score,gvgai_clusters,411,83,9
BJcefGnbQ,no_score,gvgai_clusters,412,83,9
BJcefGnbQ,no_score,gvgai_clusters,413,83,9
BJcefGnbQ,no_score,gvgai_clusters,414,83,9
BJcefGnbQ,no_score,gvgai_clusters,415,83,9
BJcefGnbQ,no_score,gvgai_clusters,416,83,9
BJcefGnbQ,no_score,gvgai_clusters,417,83,9
BJcefGnbQ,no_score,gvgai_clusters,418,83,9
BJcefGnbQ,no_score,gvgai_clusters,419,83,9
BJcefGnbQ,no_score,gvgai_clusters,420,83,9
BJcefGnbQ,no_score,gvgai_clusters,421,83,9
BJcefGnbQ,no_score,gvgai_clusters,422,83,9
BJcefGnbQ,no_score,gvgai_clusters,423,83,9
BJcefGnbQ,no_score,gvgai_clusters,424,83,9
BJcefGnbQ,no_score,gvgai_clusters,425,83,9
BJcefGnbQ,no_score,gvgai_clusters,426,83,9
BJcefGnbQ,no_score,gvgai_clusters,427,83,9
BJcefGnbQ,no_score,gvgai_clusters,428,83,9
BJcefGnbQ,no_score,gvgai_clusters,429,83,9
BJcefGnbQ,no_score,gvgai_clusters,430,83,9
BJcefGnbQ,no_score,gvgai_clusters,431,83,9
BJcefGnbQ,no_score,gvgai_clusters,432,83,9
BJcefGnbQ,no_score,gvgai_clusters,433,83,9
BJcefGnbQ,no_score,gvgai_clusters,434,83,9
BJcefGnbQ,no_score,gvgai_clusters,435,83,9
BJcefGnbQ,no_score,gvgai_clusters,436,83,9
BJcefGnbQ,no_score,gvgai_clusters,437,83,9
BJcefGnbQ,no_score,gvgai_clusters,438,83,9
BJcefGnbQ,no_score,gvgai_clusters,439,83,9
BJcefGnbQ,no_score,gvgai_clusters,440,83,9
BJcefGnbQ,no_score,gvgai_clusters,441,83,9
BJcefGnbQ,no_score,gvgai_clusters,442,83,9
BJcefGnbQ,no_score,gvgai_clusters,443,83,9
BJcefGnbQ,no_score,gvgai_clusters,444,83,9
BJcefGnbQ,no_score,gvgai_clusters,445,83,9
BJcefGnbQ,no_score,gvgai_clusters,446,83,9
BJcefGnbQ,no_score,gvgai_clusters,447,83,9
BJcefGnbQ,no_score,gvgai_clusters,448,83,9
BJcefGnbQ,no_score,gvgai_clusters,449,83,9
BJcefGnbQ,no_score,gvgai_clusters,450,83,9
BJcefGnbQ,no_score,gvgai_clusters,451,83,9
BJcefGnbQ,no_score,gvgai_clusters,452,83,9
BJcefGnbQ,no_score,gvgai_clusters,453,83,9
BJcefGnbQ,no_score,gvgai_clusters,454,83,9
BJcefGnbQ,no_score,gvgai_clusters,455,83,9
BJcefGnbQ,no_score,gvgai_clusters,456,83,9
BJcefGnbQ,no_score,gvgai_clusters,457,83,9
BJcefGnbQ,no_score,gvgai_clusters,458,83,9
BJcefGnbQ,no_score,gvgai_clusters,459,83,9
BJcefGnbQ,no_score,gvgai_clusters,460,83,9
BJcefGnbQ,no_score,gvgai_clusters,461,83,9
BJcefGnbQ,no_score,gvgai_clusters,462,83,9
BJcefGnbQ,no_score,gvgai_clusters,463,83,9
BJcefGnbQ,no_score,gvgai_clusters,464,83,9
BJcefGnbQ,no_score,gvgai_clusters,465,83,9
BJcefGnbQ,no_score,gvgai_clusters,466,83,9
BJcefGnbQ,no_score,gvgai_clusters,467,83,9
BJcefGnbQ,no_score,gvgai_clusters,468,83,9
BJcefGnbQ,no_score,gvgai_clusters,469,83,9
BJcefGnbQ,no_score,gvgai_clusters,470,83,9
BJcefGnbQ,no_score,gvgai_clusters,471,83,9
BJcefGnbQ,no_score,gvgai_clusters,472,83,9
BJcefGnbQ,no_score,gvgai_clusters,473,83,9
BJcefGnbQ,no_score,gvgai_clusters,474,83,9
BJcefGnbQ,no_score,gvgai_clusters,475,83,9
BJcefGnbQ,no_score,gvgai_clusters,476,83,9
BJcefGnbQ,no_score,gvgai_clusters,477,83,9
BJcefGnbQ,no_score,gvgai_clusters,478,83,9
BJcefGnbQ,no_score,gvgai_clusters,479,83,9
BJcefGnbQ,no_score,gvgai_clusters,480,83,9
BJcefGnbQ,no_score,gvgai_clusters,481,83,9
BJcefGnbQ,no_score,gvgai_clusters,482,83,9
BJcefGnbQ,no_score,gvgai_clusters,483,83,9
BJcefGnbQ,no_score,gvgai_clusters,484,83,9
BJcefGnbQ,no_score,gvgai_clusters,485,83,9
BJcefGnbQ,no_score,gvgai_clusters,486,83,9
BJcefGnbQ,no_score,gvgai_clusters,487,83,9
BJcefGnbQ,no_score,gvgai_clusters,488,83,9
BJcefGnbQ,no_score,gvgai_clusters,489,83,9
BJcefGnbQ,no_score,gvgai_clusters,490,83,9
BJcefGnbQ,no_score,gvgai_clusters,491,83,9
BJcefGnbQ,no_score,gvgai_clusters,492,83,9
BJcefGnbQ,no_score,gvgai_clusters,493,83,9
BJcefGnbQ,no_score,gvgai_clusters,494,83,9
BJcefGnbQ,no_score,gvgai_clusters,495,83,9
BJcefGnbQ,no_score,gvgai_clusters,496,83,9
BJcefGnbQ,no_score,gvgai_clusters,497,83,9
BJcefGnbQ,no_score,gvgai_clusters,498,83,9
BJcefGnbQ,no_score,gvgai_clusters,499,83,9
BJcefGnbQ,no_score,gvgai_clusters,500,83,9
BJcefGnbQ,no_score,gvgai_clusters,501,83,9
BJcefGnbQ,no_score,gvgai_clusters,502,83,9
BJcefGnbQ,no_score,gvgai_clusters,503,83,9
BJcefGnbQ,no_score,gvgai_clusters,504,83,9
BJcefGnbQ,no_score,gvgai_clusters,505,83,9
BJcefGnbQ,no_score,gvgai_clusters,506,83,9
BJcefGnbQ,no_score,gvgai_clusters,507,83,9
BJcefGnbQ,no_score,gvgai_clusters,508,83,9
BJcefGnbQ,no_score,gvgai_clusters,509,83,9
BJcefGnbQ,no_score,gvgai_clusters,510,83,9
BJcefGnbQ,no_score,gvgai_clusters,511,83,9
BJcefGnbQ,no_score,gvgai_clusters,512,83,9
BJcefGnbQ,no_score,gvgai_clusters,513,83,9
BJcefGnbQ,no_score,gvgai_clusters,514,83,9
BJcefGnbQ,no_score,gvgai_clusters,515,83,9
BJcefGnbQ,no_score,gvgai_clusters,516,83,9
BJcefGnbQ,no_score,gvgai_clusters,517,83,9
BJcefGnbQ,no_score,gvgai_clusters,518,83,9
BJcefGnbQ,no_score,gvgai_clusters,519,83,9
BJcefGnbQ,no_score,gvgai_clusters,520,83,9
BJcefGnbQ,no_score,gvgai_clusters,521,83,9
BJcefGnbQ,no_score,gvgai_clusters,522,83,9
BJcefGnbQ,no_score,gvgai_clusters,523,83,9
BJcefGnbQ,no_score,gvgai_clusters,524,83,9
BJcefGnbQ,no_score,gvgai_clusters,525,83,9
BJcefGnbQ,no_score,gvgai_clusters,526,83,9
BJcefGnbQ,no_score,gvgai_clusters,527,83,9
BJcefGnbQ,no_score,gvgai_clusters,528,83,9
BJcefGnbQ,no_score,gvgai_clusters,529,83,9
BJcefGnbQ,no_score,gvgai_clusters,530,83,9
BJcefGnbQ,no_score,gvgai_clusters,531,83,9
BJcefGnbQ,no_score,gvgai_clusters,532,83,9
BJcefGnbQ,no_score,gvgai_clusters,533,83,9
BJcefGnbQ,no_score,gvgai_clusters,534,83,9
BJcefGnbQ,no_score,gvgai_clusters,535,83,9
BJcefGnbQ,no_score,gvgai_clusters,536,83,9
BJcefGnbQ,no_score,gvgai_clusters,537,83,9
BJcefGnbQ,no_score,gvgai_clusters,538,83,9
BJcefGnbQ,no_score,gvgai_clusters,539,83,9
BJcefGnbQ,no_score,gvgai_clusters,540,83,9
BJcefGnbQ,no_score,gvgai_clusters,541,83,9
BJcefGnbQ,no_score,gvgai_clusters,542,83,9
BJcefGnbQ,no_score,gvgai_clusters,543,83,9
BJcefGnbQ,no_score,gvgai_clusters,544,83,9
BJcefGnbQ,no_score,gvgai_clusters,545,83,9
BJcefGnbQ,no_score,gvgai_clusters,546,83,9
BJcefGnbQ,no_score,gvgai_clusters,547,83,9
BJcefGnbQ,no_score,gvgai_clusters,548,83,9
BJcefGnbQ,no_score,gvgai_clusters,549,83,9
BJcefGnbQ,no_score,gvgai_clusters,550,83,9
BJcefGnbQ,no_score,gvgai_clusters,551,83,9
BJcefGnbQ,no_score,gvgai_clusters,552,83,9
BJcefGnbQ,no_score,gvgai_clusters,553,83,9
BJcefGnbQ,no_score,gvgai_clusters,554,83,9
BJcefGnbQ,no_score,gvgai_clusters,555,83,9
BJcefGnbQ,no_score,gvgai_clusters,556,83,9
BJcefGnbQ,no_score,gvgai_clusters,557,83,9
BJcefGnbQ,no_score,gvgai_clusters,558,83,9
BJcefGnbQ,no_score,gvgai_clusters,559,83,9
BJcefGnbQ,no_score,gvgai_clusters,560,83,9
BJcefGnbQ,no_score,gvgai_clusters,561,83,9
BJcefGnbQ,no_score,gvgai_clusters,562,83,9
BJcefGnbQ,no_score,gvgai_clusters,563,83,9
BJcefGnbQ,no_score,gvgai_clusters,564,83,9
BJcefGnbQ,no_score,gvgai_clusters,565,83,9
BJcefGnbQ,no_score,gvgai_clusters,566,83,9
BJcefGnbQ,no_score,gvgai_clusters,567,83,9
BJcefGnbQ,no_score,gvgai_clusters,568,83,9
BJcefGnbQ,no_score,gvgai_clusters,569,83,9
BJcefGnbQ,no_score,gvgai_clusters,570,83,9
BJcefGnbQ,no_score,gvgai_clusters,571,83,9
BJcefGnbQ,no_score,gvgai_clusters,572,83,9
BJcefGnbQ,no_score,gvgai_clusters,573,83,9
BJcefGnbQ,no_score,gvgai_clusters,574,83,9
BJcefGnbQ,no_score,gvgai_clusters,575,83,9
BJcefGnbQ,no_score,gvgai_clusters,576,83,9
BJcefGnbQ,no_score,gvgai_clusters,577,83,9
BJcefGnbQ,no_score,gvgai_clusters,578,83,9
BJcefGnbQ,no_score,gvgai_clusters,579,83,9
BJcefGnbQ,no_score,gvgai_clusters,580,83,9
BJcefGnbQ,no_score,gvgai_clusters,581,83,9
BJcefGnbQ,no_score,gvgai_clusters,582,83,9
BJcefGnbQ,no_score,gvgai_clusters,583,83,9
BJcefGnbQ,no_score,gvgai_clusters,584,83,9
BJcefGnbQ,no_score,gvgai_clusters,585,83,9
BJcefGnbQ,no_score,gvgai_clusters,586,83,9
BJcefGnbQ,no_score,gvgai_clusters,587,83,9
BJcefGnbQ,no_score,gvgai_clusters,588,83,9
BJcefGnbQ,no_score,gvgai_clusters,589,83,9
BJcefGnbQ,no_score,gvgai_clusters,590,83,9
BJcefGnbQ,no_score,gvgai_clusters,591,83,9
BJcefGnbQ,no_score,gvgai_clusters,592,83,9
BJcefGnbQ,no_score,gvgai_clusters,593,83,9
BJcefGnbQ,no_score,gvgai_clusters,594,83,9
BJcefGnbQ,no_score,gvgai_clusters,595,83,9
BJcefGnbQ,no_score,gvgai_clusters,596,83,9
BJcefGnbQ,no_score,gvgai_clusters,597,83,9
BJcefGnbQ,no_score,gvgai_clusters,598,83,9
BJcefGnbQ,no_score,gvgai_clusters,599,83,9
BJcefGnbQ,no_score,gvgai_clusters,600,83,9
BJcefGnbQ,no_score,gvgai_clusters,601,83,9
BJcefGnbQ,no_score,gvgai_clusters,602,83,9
BJcefGnbQ,no_score,gvgai_clusters,603,83,9
BJcefGnbQ,no_score,gvgai_clusters,604,83,9
BJcefGnbQ,no_score,gvgai_clusters,605,83,9
BJcefGnbQ,no_score,gvgai_clusters,606,83,9
BJcefGnbQ,no_score,gvgai_clusters,607,83,9
BJcefGnbQ,no_score,gvgai_clusters,608,83,9
BJcefGnbQ,no_score,gvgai_clusters,609,83,9
BJcefGnbQ,no_score,gvgai_clusters,610,83,9
BJcefGnbQ,no_score,gvgai_clusters,611,83,9
BJcefGnbQ,no_score,gvgai_clusters,612,83,9
BJcefGnbQ,no_score,gvgai_clusters,613,83,9
BJcefGnbQ,no_score,gvgai_clusters,614,83,9
BJcefGnbQ,no_score,gvgai_clusters,615,83,9
BJcefGnbQ,no_score,gvgai_clusters,616,83,9
BJcefGnbQ,no_score,gvgai_clusters,617,83,9
BJcefGnbQ,no_score,gvgai_clusters,618,83,9
BJcefGnbQ,no_score,gvgai_clusters,619,83,9
BJcefGnbQ,no_score,gvgai_clusters,620,83,9
BJcefGnbQ,no_score,gvgai_clusters,621,83,9
BJcefGnbQ,no_score,gvgai_clusters,622,83,9
BJcefGnbQ,no_score,gvgai_clusters,623,83,9
BJcefGnbQ,no_score,gvgai_clusters,624,83,9
BJcefGnbQ,no_score,gvgai_clusters,625,83,9
BJcefGnbQ,no_score,gvgai_clusters,626,83,9
BJcefGnbQ,no_score,gvgai_clusters,627,83,9
BJcefGnbQ,no_score,gvgai_clusters,628,83,9
BJcefGnbQ,no_score,gvgai_clusters,629,83,9
BJcefGnbQ,no_score,gvgai_clusters,630,83,9
BJcefGnbQ,no_score,gvgai_clusters,631,83,9
BJcefGnbQ,no_score,gvgai_clusters,632,83,9
BJcefGnbQ,no_score,gvgai_clusters,633,83,9
BJcefGnbQ,no_score,gvgai_clusters,634,83,9
BJcefGnbQ,no_score,gvgai_clusters,635,83,9
BJcefGnbQ,no_score,gvgai_clusters,636,83,9
BJcefGnbQ,no_score,gvgai_clusters,637,83,9
BJcefGnbQ,no_score,gvgai_clusters,638,83,9
BJcefGnbQ,no_score,gvgai_clusters,639,83,9
BJcefGnbQ,no_score,gvgai_clusters,640,83,9
BJcefGnbQ,no_score,gvgai_clusters,641,83,9
BJcefGnbQ,no_score,gvgai_clusters,642,83,9
BJcefGnbQ,no_score,gvgai_clusters,643,83,9
BJcefGnbQ,no_score,gvgai_clusters,644,83,9
BJcefGnbQ,no_score,gvgai_clusters,645,83,9
BJcefGnbQ,no_score,gvgai_clusters,646,83,9
BJcefGnbQ,no_score,gvgai_clusters,647,83,9
BJcefGnbQ,no_score,gvgai_clusters,648,83,9
BJcefGnbQ,no_score,gvgai_clusters,649,83,9
BJcefGnbQ,no_score,gvgai_clusters,650,83,9
BJcefGnbQ,no_score,gvgai_clusters,651,83,9
BJcefGnbQ,no_score,gvgai_clusters,652,83,9
BJcefGnbQ,no_score,gvgai_clusters,653,83,9
BJcefGnbQ,no_score,gvgai_clusters,654,83,9
BJcefGnbQ,no_score,gvgai_clusters,655,83,9
BJcefGnbQ,no_score,gvgai_clusters,656,83,9
BJcefGnbQ,no_score,gvgai_clusters,657,83,9
BJcefGnbQ,no_score,gvgai_clusters,658,83,9
BJcefGnbQ,no_score,gvgai_clusters,659,83,9
BJcefGnbQ,no_score,gvgai_clusters,660,83,9
BJcefGnbQ,no_score,gvgai_clusters,661,83,9
BJcefGnbQ,no_score,gvgai_clusters,662,83,9
BJcefGnbQ,no_score,gvgai_clusters,663,83,9
BJcefGnbQ,no_score,gvgai_clusters,664,83,9
BJcefGnbQ,no_score,gvgai_clusters,665,83,9
BJcefGnbQ,no_score,gvgai_clusters,666,83,9
BJcefGnbQ,no_score,gvgai_clusters,667,83,9
BJcefGnbQ,no_score,gvgai_clusters,668,83,9
BJcefGnbQ,no_score,gvgai_clusters,669,83,9
BJcefGnbQ,no_score,gvgai_clusters,670,83,9
BJcefGnbQ,no_score,gvgai_clusters,671,83,9
BJcefGnbQ,no_score,gvgai_clusters,672,83,9
BJcefGnbQ,no_score,gvgai_clusters,673,83,9
BJcefGnbQ,no_score,gvgai_clusters,674,83,9
BJcefGnbQ,no_score,gvgai_clusters,675,83,9
BJcefGnbQ,no_score,gvgai_clusters,676,83,9
BJcefGnbQ,no_score,gvgai_clusters,677,83,9
BJcefGnbQ,no_score,gvgai_clusters,678,83,9
BJcefGnbQ,no_score,gvgai_clusters,679,83,9
BJcefGnbQ,no_score,gvgai_clusters,680,83,9
BJcefGnbQ,no_score,gvgai_clusters,681,83,9
BJcefGnbQ,no_score,gvgai_clusters,682,83,9
BJcefGnbQ,no_score,gvgai_clusters,683,83,9
BJcefGnbQ,no_score,gvgai_clusters,684,83,9
BJcefGnbQ,no_score,gvgai_clusters,685,83,9
BJcefGnbQ,no_score,gvgai_clusters,686,83,9
BJcefGnbQ,no_score,gvgai_clusters,687,83,9
BJcefGnbQ,no_score,gvgai_clusters,688,83,9
BJcefGnbQ,no_score,gvgai_clusters,689,83,9
BJcefGnbQ,no_score,gvgai_clusters,690,83,9
BJcefGnbQ,no_score,gvgai_clusters,691,83,9
BJcefGnbQ,no_score,gvgai_clusters,692,83,9
BJcefGnbQ,no_score,gvgai_clusters,693,83,9
BJcefGnbQ,no_score,gvgai_clusters,694,83,9
BJcefGnbQ,no_score,gvgai_clusters,695,83,9
BJcefGnbQ,no_score,gvgai_clusters,696,83,9
BJcefGnbQ,no_score,gvgai_clusters,697,83,9
BJcefGnbQ,no_score,gvgai_clusters,698,83,9
BJcefGnbQ,no_score,gvgai_clusters,699,83,9
BJcefGnbQ,no_score,gvgai_clusters,700,83,9
BJcefGnbQ,no_score,gvgai_clusters,701,83,9
BJcefGnbQ,no_score,gvgai_clusters,702,83,9
BJcefGnbQ,no_score,gvgai_clusters,703,83,9
BJcefGnbQ,no_score,gvgai_clusters,704,83,9
BJcefGnbQ,no_score,gvgai_clusters,705,83,9
BJcefGnbQ,no_score,gvgai_clusters,706,83,9
BJcefGnbQ,no_score,gvgai_clusters,707,83,9
BJcefGnbQ,no_score,gvgai_clusters,708,83,9
BJcefGnbQ,no_score,gvgai_clusters,709,83,9
BJcefGnbQ,no_score,gvgai_clusters,710,83,9
BJcefGnbQ,no_score,gvgai_clusters,711,83,9
BJcefGnbQ,no_score,gvgai_clusters,712,83,9
BJcefGnbQ,no_score,gvgai_clusters,713,83,9
BJcefGnbQ,no_score,gvgai_clusters,714,83,9
BJcefGnbQ,no_score,gvgai_clusters,715,83,9
BJcefGnbQ,no_score,gvgai_clusters,716,83,9
BJcefGnbQ,no_score,gvgai_clusters,717,83,9
BJcefGnbQ,no_score,gvgai_clusters,718,83,9
BJcefGnbQ,no_score,gvgai_clusters,719,83,9
BJcefGnbQ,no_score,gvgai_clusters,720,83,9
BJcefGnbQ,no_score,gvgai_clusters,721,83,9
BJcefGnbQ,no_score,gvgai_clusters,722,83,9
BJcefGnbQ,no_score,gvgai_clusters,723,83,9
BJcefGnbQ,no_score,gvgai_clusters,724,83,9
BJcefGnbQ,no_score,gvgai_clusters,725,83,9
BJcefGnbQ,no_score,gvgai_clusters,726,83,9
BJcefGnbQ,no_score,gvgai_clusters,727,83,9
BJcefGnbQ,no_score,gvgai_clusters,728,83,9
BJcefGnbQ,no_score,gvgai_clusters,729,83,9
BJcefGnbQ,no_score,gvgai_clusters,730,83,9
BJcefGnbQ,no_score,gvgai_clusters,731,83,9
BJcefGnbQ,no_score,gvgai_clusters,732,83,9
BJcefGnbQ,no_score,gvgai_clusters,733,83,9
BJcefGnbQ,no_score,gvgai_clusters,734,83,9
BJcefGnbQ,no_score,gvgai_clusters,735,83,9
BJcefGnbQ,no_score,gvgai_clusters,736,83,9
BJcefGnbQ,no_score,gvgai_clusters,737,83,9
BJcefGnbQ,no_score,gvgai_clusters,738,83,9
BJcefGnbQ,no_score,gvgai_clusters,739,83,9
BJcefGnbQ,no_score,gvgai_clusters,740,83,9
BJcefGnbQ,no_score,gvgai_clusters,741,83,9
BJcefGnbQ,no_score,gvgai_clusters,742,83,9
BJcefGnbQ,no_score,gvgai_clusters,743,83,9
BJcefGnbQ,no_score,gvgai_clusters,744,83,9
BJcefGnbQ,no_score,gvgai_clusters,745,83,9
BJcefGnbQ,no_score,gvgai_clusters,746,83,9
BJcefGnbQ,no_score,gvgai_clusters,747,83,9
BJcefGnbQ,no_score,gvgai_clusters,748,83,9
BJcefGnbQ,no_score,gvgai_clusters,749,83,9
BJcefGnbQ,no_score,gvgai_clusters,750,83,9
BJcefGnbQ,no_score,gvgai_clusters,751,83,9
BJcefGnbQ,no_score,gvgai_clusters,752,83,9
BJcefGnbQ,no_score,gvgai_clusters,753,83,9
BJcefGnbQ,no_score,gvgai_clusters,754,83,9
BJcefGnbQ,no_score,gvgai_clusters,755,83,9
BJcefGnbQ,no_score,gvgai_clusters,756,83,9
BJcefGnbQ,no_score,gvgai_clusters,757,83,9
BJcefGnbQ,no_score,gvgai_clusters,758,83,9
BJcefGnbQ,no_score,gvgai_clusters,759,83,9
BJcefGnbQ,no_score,gvgai_clusters,760,83,9
BJcefGnbQ,no_score,gvgai_clusters,761,83,9
BJcefGnbQ,no_score,gvgai_clusters,762,83,9
BJcefGnbQ,no_score,gvgai_clusters,763,83,9
BJcefGnbQ,no_score,gvgai_clusters,764,83,9
BJcefGnbQ,no_score,gvgai_clusters,765,83,9
BJcefGnbQ,no_score,gvgai_clusters,766,83,9
BJcefGnbQ,no_score,gvgai_clusters,767,83,9
BJcefGnbQ,no_score,gvgai_clusters,768,83,9
BJcefGnbQ,no_score,gvgai_clusters,769,83,9
BJcefGnbQ,no_score,gvgai_clusters,770,83,9
BJcefGnbQ,no_score,gvgai_clusters,771,83,9
BJcefGnbQ,no_score,gvgai_clusters,772,83,9
BJcefGnbQ,no_score,gvgai_clusters,773,83,9
BJcefGnbQ,no_score,gvgai_clusters,774,83,9
BJcefGnbQ,no_score,gvgai_clusters,775,83,9
BJcefGnbQ,no_score,gvgai_clusters,776,83,9
BJcefGnbQ,no_score,gvgai_clusters,777,83,9
BJcefGnbQ,no_score,gvgai_clusters,778,83,9
BJcefGnbQ,no_score,gvgai_clusters,779,83,9
BJcefGnbQ,no_score,gvgai_clusters,780,83,9
BJcefGnbQ,no_score,gvgai_clusters,781,83,9
BJcefGnbQ,no_score,gvgai_clusters,782,83,9
BJcefGnbQ,no_score,gvgai_clusters,783,83,9
BJcefGnbQ,no_score,gvgai_clusters,784,83,9
BJcefGnbQ,no_score,gvgai_clusters,785,83,9
BJcefGnbQ,no_score,gvgai_clusters,786,83,9
BJcefGnbQ,no_score,gvgai_clusters,787,83,9
BJcefGnbQ,no_score,gvgai_clusters,788,83,9
BJcefGnbQ,no_score,gvgai_clusters,789,83,9
BJcefGnbQ,no_score,gvgai_clusters,790,83,9
BJcefGnbQ,no_score,gvgai_clusters,791,83,9
BJcefGnbQ,no_score,gvgai_clusters,792,83,9
BJcefGnbQ,no_score,gvgai_clusters,793,83,9
BJcefGnbQ,no_score,gvgai_clusters,794,83,9
BJcefGnbQ,no_score,gvgai_clusters,795,83,9
BJcefGnbQ,no_score,gvgai_clusters,796,83,9
BJcefGnbQ,no_score,gvgai_clusters,797,83,9
BJcefGnbQ,no_score,gvgai_clusters,798,83,9
BJcefGnbQ,no_score,gvgai_clusters,799,83,9
BJcefGnbQ,no_score,gvgai_clusters,800,83,9
BJcefGnbQ,no_score,gvgai_clusters,801,83,9
BJcefGnbQ,no_score,gvgai_clusters,802,83,9
BJcefGnbQ,no_score,gvgai_clusters,803,83,9
BJcefGnbQ,no_score,gvgai_clusters,804,83,9
BJcefGnbQ,no_score,gvgai_clusters,805,83,9
BJcefGnbQ,no_score,gvgai_clusters,806,83,9
BJcefGnbQ,no_score,gvgai_clusters,807,83,9
BJcefGnbQ,no_score,gvgai_clusters,808,83,9
BJcefGnbQ,no_score,gvgai_clusters,809,83,9
BJcefGnbQ,no_score,gvgai_clusters,810,83,9
BJcefGnbQ,no_score,gvgai_clusters,811,83,9
BJcefGnbQ,no_score,gvgai_clusters,812,83,9
BJcefGnbQ,no_score,gvgai_clusters,813,83,9
BJcefGnbQ,no_score,gvgai_clusters,814,83,9
BJcefGnbQ,no_score,gvgai_clusters,815,83,9
BJcefGnbQ,no_score,gvgai_clusters,816,83,9
BJcefGnbQ,no_score,gvgai_clusters,817,83,9
BJcefGnbQ,no_score,gvgai_clusters,818,83,9
BJcefGnbQ,no_score,gvgai_clusters,819,83,9
BJcefGnbQ,no_score,gvgai_clusters,820,83,9
BJcefGnbQ,no_score,gvgai_clusters,821,83,9
BJcefGnbQ,no_score,gvgai_clusters,822,83,9
BJcefGnbQ,no_score,gvgai_clusters,823,83,9
BJcefGnbQ,no_score,gvgai_clusters,824,83,9
BJcefGnbQ,no_score,gvgai_clusters,825,83,9
BJcefGnbQ,no_score,gvgai_clusters,826,83,9
BJcefGnbQ,no_score,gvgai_clusters,827,83,9
BJcefGnbQ,no_score,gvgai_clusters,828,83,9
BJcefGnbQ,no_score,gvgai_clusters,829,83,9
BJcefGnbQ,no_score,gvgai_clusters,830,83,9
BJcefGnbQ,no_score,gvgai_clusters,831,83,9
BJcefGnbQ,no_score,gvgai_clusters,832,83,9
BJcefGnbQ,no_score,gvgai_clusters,833,83,9
BJcefGnbQ,no_score,gvgai_clusters,834,83,9
BJcefGnbQ,no_score,gvgai_clusters,835,83,9
BJcefGnbQ,no_score,gvgai_clusters,836,83,9
BJcefGnbQ,no_score,gvgai_clusters,837,83,9
BJcefGnbQ,no_score,gvgai_clusters,838,83,9
BJcefGnbQ,no_score,gvgai_clusters,839,83,9
BJcefGnbQ,no_score,gvgai_clusters,840,83,9
BJcefGnbQ,no_score,gvgai_clusters,841,83,9
BJcefGnbQ,no_score,gvgai_clusters,842,83,9
BJcefGnbQ,no_score,gvgai_clusters,843,83,9
BJcefGnbQ,no_score,gvgai_clusters,844,83,9
BJcefGnbQ,no_score,gvgai_clusters,845,83,9
BJcefGnbQ,no_score,gvgai_clusters,846,83,9
BJcefGnbQ,no_score,gvgai_clusters,847,83,9
BJcefGnbQ,no_score,gvgai_clusters,848,83,9
BJcefGnbQ,no_score,gvgai_clusters,849,83,9
BJcefGnbQ,no_score,gvgai_clusters,850,83,9
BJcefGnbQ,no_score,gvgai_clusters,851,83,9
BJcefGnbQ,no_score,gvgai_clusters,852,83,9
BJcefGnbQ,no_score,gvgai_clusters,853,83,9
BJcefGnbQ,no_score,gvgai_clusters,854,83,9
BJcefGnbQ,no_score,gvgai_clusters,855,83,9
BJcefGnbQ,no_score,gvgai_clusters,856,83,9
BJcefGnbQ,no_score,gvgai_clusters,857,83,9
BJcefGnbQ,no_score,gvgai_clusters,858,83,9
BJcefGnbQ,no_score,gvgai_clusters,859,83,9
BJcefGnbQ,no_score,gvgai_clusters,860,83,9
BJcefGnbQ,no_score,gvgai_clusters,861,83,9
BJcefGnbQ,no_score,gvgai_clusters,862,83,9
BJcefGnbQ,no_score,gvgai_clusters,863,83,9
BJcefGnbQ,no_score,gvgai_clusters,864,83,9
BJcefGnbQ,no_score,gvgai_clusters,865,83,9
BJcefGnbQ,no_score,gvgai_clusters,866,83,9
BJcefGnbQ,no_score,gvgai_clusters,867,83,9
BJcefGnbQ,no_score,gvgai_clusters,868,83,9
BJcefGnbQ,no_score,gvgai_clusters,869,83,9
BJcefGnbQ,no_score,gvgai_clusters,870,83,9
BJcefGnbQ,no_score,gvgai_clusters,871,83,9
BJcefGnbQ,no_score,gvgai_clusters,872,83,9
BJcefGnbQ,no_score,gvgai_clusters,873,83,9
BJcefGnbQ,no_score,gvgai_clusters,874,83,9
BJcefGnbQ,no_score,gvgai_clusters,875,83,9
BJcefGnbQ,no_score,gvgai_clusters,876,83,9
BJcefGnbQ,no_score,gvgai_clusters,877,83,9
BJcefGnbQ,no_score,gvgai_clusters,878,83,9
BJcefGnbQ,no_score,gvgai_clusters,879,83,9
BJcefGnbQ,no_score,gvgai_clusters,880,83,9
BJcefGnbQ,no_score,gvgai_clusters,881,83,9
BJcefGnbQ,no_score,gvgai_clusters,882,83,9
BJcefGnbQ,no_score,gvgai_clusters,883,83,9
BJcefGnbQ,no_score,gvgai_clusters,884,83,9
BJcefGnbQ,no_score,gvgai_clusters,885,83,9
BJcefGnbQ,no_score,gvgai_clusters,886,83,9
BJcefGnbQ,no_score,gvgai_clusters,887,83,9
BJcefGnbQ,no_score,gvgai_clusters,888,83,9
BJcefGnbQ,no_score,gvgai_clusters,889,83,9
BJcefGnbQ,no_score,gvgai_clusters,890,83,9
BJcefGnbQ,no_score,gvgai_clusters,891,83,9
BJcefGnbQ,no_score,gvgai_clusters,892,83,9
BJcefGnbQ,no_score,gvgai_clusters,893,83,9
BJcefGnbQ,no_score,gvgai_clusters,894,83,9
BJcefGnbQ,no_score,gvgai_clusters,895,83,9
BJcefGnbQ,no_score,gvgai_clusters,896,83,9
BJcefGnbQ,no_score,gvgai_clusters,897,83,9
BJcefGnbQ,no_score,gvgai_clusters,898,83,9
BJcefGnbQ,no_score,gvgai_clusters,899,83,9
BJcefGnbQ,no_score,gvgai_clusters,900,83,9
BJcefGnbQ,no_score,gvgai_clusters,901,83,9
BJcefGnbQ,no_score,gvgai_clusters,902,83,9
BJcefGnbQ,no_score,gvgai_clusters,903,83,9
BJcefGnbQ,no_score,gvgai_clusters,904,83,9
BJcefGnbQ,no_score,gvgai_clusters,905,83,9
BJcefGnbQ,no_score,gvgai_clusters,906,83,9
BJcefGnbQ,no_score,gvgai_clusters,907,83,9
BJcefGnbQ,no_score,gvgai_clusters,908,83,9
BJcefGnbQ,no_score,gvgai_clusters,909,83,9
BJcefGnbQ,no_score,gvgai_clusters,910,83,9
BJcefGnbQ,no_score,gvgai_clusters,911,83,9
BJcefGnbQ,no_score,gvgai_clusters,912,83,9
BJcefGnbQ,no_score,gvgai_clusters,913,83,9
BJcefGnbQ,no_score,gvgai_clusters,914,83,9
BJcefGnbQ,no_score,gvgai_clusters,915,83,9
BJcefGnbQ,no_score,gvgai_clusters,916,83,9
BJcefGnbQ,no_score,gvgai_clusters,917,83,9
BJcefGnbQ,no_score,gvgai_clusters,918,83,9
BJcefGnbQ,no_score,gvgai_clusters,919,83,9
BJcefGnbQ,no_score,gvgai_clusters,920,83,9
BJcefGnbQ,no_score,gvgai_clusters,921,83,9
BJcefGnbQ,no_score,gvgai_clusters,922,83,9
BJcefGnbQ,no_score,gvgai_clusters,923,83,9
BJcefGnbQ,no_score,gvgai_clusters,924,83,9
BJcefGnbQ,no_score,gvgai_clusters,925,83,9
BJcefGnbQ,no_score,gvgai_clusters,926,83,9
BJcefGnbQ,no_score,gvgai_clusters,927,83,9
BJcefGnbQ,no_score,gvgai_clusters,928,83,9
BJcefGnbQ,no_score,gvgai_clusters,929,83,9
BJcefGnbQ,no_score,gvgai_clusters,930,83,9
BJcefGnbQ,no_score,gvgai_clusters,931,83,9
BJcefGnbQ,no_score,gvgai_clusters,932,83,9
BJcefGnbQ,no_score,gvgai_clusters,933,83,9
BJcefGnbQ,no_score,gvgai_clusters,934,83,9
BJcefGnbQ,no_score,gvgai_clusters,935,83,9
BJcefGnbQ,no_score,gvgai_clusters,936,83,9
BJcefGnbQ,no_score,gvgai_clusters,937,83,9
BJcefGnbQ,no_score,gvgai_clusters,938,83,9
BJcefGnbQ,no_score,gvgai_clusters,939,83,9
BJcefGnbQ,no_score,gvgai_clusters,940,83,9
BJcefGnbQ,no_score,gvgai_clusters,941,83,9
BJcefGnbQ,no_score,gvgai_clusters,942,83,9
BJcefGnbQ,no_score,gvgai_clusters,943,83,9
BJcefGnbQ,no_score,gvgai_clusters,944,83,9
BJcefGnbQ,no_score,gvgai_clusters,945,83,9
BJcefGnbQ,no_score,gvgai_clusters,946,83,9
BJcefGnbQ,no_score,gvgai_clusters,947,83,9
BJcefGnbQ,no_score,gvgai_clusters,948,83,9
BJcefGnbQ,no_score,gvgai_clusters,949,83,9
BJcefGnbQ,no_score,gvgai_clusters,950,83,9
BJcefGnbQ,no_score,gvgai_clusters,951,83,9
BJcefGnbQ,no_score,gvgai_clusters,952,83,9
BJcefGnbQ,no_score,gvgai_clusters,953,83,9
BJcefGnbQ,no_score,gvgai_clusters,954,83,9
BJcefGnbQ,no_score,gvgai_clusters,955,83,9
BJcefGnbQ,no_score,gvgai_clusters,956,83,9
BJcefGnbQ,no_score,gvgai_clusters,957,83,9
BJcefGnbQ,no_score,gvgai_clusters,958,83,9
BJcefGnbQ,no_score,gvgai_clusters,959,83,9
BJcefGnbQ,no_score,gvgai_clusters,960,83,9
BJcefGnbQ,no_score,gvgai_clusters,961,83,9
BJcefGnbQ,no_score,gvgai_clusters,962,83,9
BJcefGnbQ,no_score,gvgai_clusters,963,83,9
BJcefGnbQ,no_score,gvgai_clusters,964,83,9
BJcefGnbQ,no_score,gvgai_clusters,965,83,9
BJcefGnbQ,no_score,gvgai_clusters,966,83,9
BJcefGnbQ,no_score,gvgai_clusters,967,83,9
BJcefGnbQ,no_score,gvgai_clusters,968,83,9
BJcefGnbQ,no_score,gvgai_clusters,969,83,9
BJcefGnbQ,no_score,gvgai_clusters,970,83,9
BJcefGnbQ,no_score,gvgai_clusters,971,83,9
BJcefGnbQ,no_score,gvgai_clusters,972,83,9
BJcefGnbQ,no_score,gvgai_clusters,973,83,9
BJcefGnbQ,no_score,gvgai_clusters,974,83,9
BJcefGnbQ,no_score,gvgai_clusters,975,83,9
BJcefGnbQ,no_score,gvgai_clusters,976,83,9
BJcefGnbQ,no_score,gvgai_clusters,977,83,9
BJcefGnbQ,no_score,gvgai_clusters,978,83,9
BJcefGnbQ,no_score,gvgai_clusters,979,83,9
BJcefGnbQ,no_score,gvgai_clusters,980,83,9
BJcefGnbQ,no_score,gvgai_clusters,981,83,9
BJcefGnbQ,no_score,gvgai_clusters,982,83,9
BJcefGnbQ,no_score,gvgai_clusters,983,83,9
BJcefGnbQ,no_score,gvgai_clusters,984,83,9
BJcefGnbQ,no_score,gvgai_clusters,985,83,9
BJcefGnbQ,no_score,gvgai_clusters,986,83,9
BJcefGnbQ,no_score,gvgai_clusters,987,83,9
BJcefGnbQ,no_score,gvgai_clusters,988,83,9
BJcefGnbQ,no_score,gvgai_clusters,989,83,9
BJcefGnbQ,no_score,gvgai_clusters,990,83,9
BJcefGnbQ,no_score,gvgai_clusters,991,83,9
BJcefGnbQ,no_score,gvgai_clusters,992,83,9
BJcefGnbQ,no_score,gvgai_clusters,993,83,9
BJcefGnbQ,no_score,gvgai_clusters,994,83,9
BJcefGnbQ,no_score,gvgai_clusters,995,83,9
BJcefGnbQ,no_score,gvgai_clusters,996,83,9
BJcefGnbQ,no_score,gvgai_clusters,997,83,9
BJcefGnbQ,no_score,gvgai_clusters,998,83,9
BJcefGnbQ,no_score,gvgai_clusters,999,83,9
BJcefGnbQ,no_score,gvgai_clusters,1000,83,9
BJcefGnbQ,no_score,gvgai_clusters,1001,83,9
BJcefGnbQ,no_score,gvgai_clusters,1002,83,9
BJcefGnbQ,no_score,gvgai_clusters,1003,83,9
BJcefGnbQ,no_score,gvgai_clusters,1004,83,9
BJcefGnbQ,no_score,gvgai_clusters,1005,83,9
BJcefGnbQ,no_score,gvgai_clusters,1006,83,9
BJcefGnbQ,no_score,gvgai_clusters,1007,83,9
BJcefGnbQ,no_score,gvgai_clusters,1008,83,9
BJcefGnbQ,no_score,gvgai_clusters,1009,83,9
BJcefGnbQ,no_score,gvgai_clusters,1010,83,9
BJcefGnbQ,no_score,gvgai_clusters,1011,83,9
BJcefGnbQ,no_score,gvgai_clusters,1012,83,9
BJcefGnbQ,no_score,gvgai_clusters,1013,83,9
BJcefGnbQ,no_score,gvgai_clusters,1014,83,9
BJcefGnbQ,no_score,gvgai_clusters,1015,83,9
BJcefGnbQ,no_score,gvgai_clusters,1016,83,9
BJcefGnbQ,no_score,gvgai_clusters,1017,83,9
BJcefGnbQ,no_score,gvgai_clusters,1018,83,9
BJcefGnbQ,no_score,gvgai_clusters,1019,83,9
BJcefGnbQ,no_score,gvgai_clusters,1020,83,9
BJcefGnbQ,no_score,gvgai_clusters,1021,83,9
BJcefGnbQ,no_score,gvgai_clusters,1022,83,9
BJcefGnbQ,no_score,gvgai_clusters,1023,83,9
BJcefGnbQ,no_score,gvgai_clusters,1024,83,9
BJcefGnbQ,no_score,gvgai_clusters,1025,83,9
BJcefGnbQ,no_score,gvgai_clusters,1026,83,9
BJcefGnbQ,no_score,gvgai_clusters,1027,83,9
BJcefGnbQ,no_score,gvgai_clusters,1028,83,9
BJcefGnbQ,no_score,gvgai_clusters,1029,83,9
BJcefGnbQ,no_score,gvgai_clusters,1030,83,9
BJcefGnbQ,no_score,gvgai_clusters,1031,83,9
BJcefGnbQ,no_score,gvgai_clusters,1032,83,9
BJcefGnbQ,no_score,gvgai_clusters,1033,83,9
BJcefGnbQ,no_score,gvgai_clusters,1034,83,9
BJcefGnbQ,no_score,gvgai_clusters,1035,83,9
BJcefGnbQ,no_score,gvgai_clusters,1036,83,9
BJcefGnbQ,no_score,gvgai_clusters,1037,83,9
BJcefGnbQ,no_score,gvgai_clusters,1038,83,9
BJcefGnbQ,no_score,gvgai_clusters,1039,83,9
BJcefGnbQ,no_score,gvgai_clusters,1040,83,9
BJcefGnbQ,no_score,gvgai_clusters,1041,83,9
BJcefGnbQ,no_score,gvgai_clusters,1042,83,9
BJcefGnbQ,no_score,gvgai_clusters,1043,83,9
BJcefGnbQ,no_score,gvgai_clusters,1044,83,9
BJcefGnbQ,no_score,gvgai_clusters,1045,83,9
BJcefGnbQ,no_score,gvgai_clusters,1046,83,9
BJcefGnbQ,no_score,gvgai_clusters,1047,83,9
BJcefGnbQ,no_score,gvgai_clusters,1048,83,9
BJcefGnbQ,no_score,gvgai_clusters,1049,83,9
BJcefGnbQ,no_score,gvgai_clusters,1050,83,9
BJcefGnbQ,no_score,gvgai_clusters,1051,83,9
BJcefGnbQ,no_score,gvgai_clusters,1052,83,9
BJcefGnbQ,no_score,gvgai_clusters,1053,83,9
BJcefGnbQ,no_score,gvgai_clusters,1054,83,9
BJcefGnbQ,no_score,gvgai_clusters,1055,83,9
BJcefGnbQ,no_score,gvgai_clusters,1056,83,9
BJcefGnbQ,no_score,gvgai_clusters,1057,83,9
BJcefGnbQ,no_score,gvgai_clusters,1058,83,9
BJcefGnbQ,no_score,gvgai_clusters,1059,83,9
BJcefGnbQ,no_score,gvgai_clusters,1060,83,9
BJcefGnbQ,no_score,gvgai_clusters,1061,83,9
BJcefGnbQ,no_score,gvgai_clusters,1062,83,9
BJcefGnbQ,no_score,gvgai_clusters,1063,83,9
BJcefGnbQ,no_score,gvgai_clusters,1064,83,9
BJcefGnbQ,no_score,gvgai_clusters,1065,83,9
BJcefGnbQ,no_score,gvgai_clusters,1066,83,9
BJcefGnbQ,no_score,gvgai_clusters,1067,83,9
BJcefGnbQ,no_score,gvgai_clusters,1068,83,9
BJcefGnbQ,no_score,gvgai_clusters,1069,83,9
BJcefGnbQ,no_score,gvgai_clusters,1070,83,9
BJcefGnbQ,no_score,gvgai_clusters,1071,83,9
BJcefGnbQ,no_score,gvgai_clusters,1072,83,9
BJcefGnbQ,no_score,gvgai_clusters,1073,83,9
BJcefGnbQ,no_score,gvgai_clusters,1074,83,9
BJcefGnbQ,no_score,gvgai_clusters,1075,83,9
BJcefGnbQ,no_score,gvgai_clusters,1076,83,9
BJcefGnbQ,no_score,gvgai_clusters,1077,83,9
BJcefGnbQ,no_score,gvgai_clusters,1078,83,9
BJcefGnbQ,no_score,gvgai_clusters,1079,83,9
BJcefGnbQ,no_score,gvgai_clusters,1080,83,9
BJcefGnbQ,no_score,gvgai_clusters,1081,83,9
BJcefGnbQ,no_score,gvgai_clusters,1082,83,9
BJcefGnbQ,no_score,gvgai_clusters,1083,83,9
BJcefGnbQ,no_score,gvgai_clusters,1084,83,9
BJcefGnbQ,no_score,gvgai_clusters,1085,83,9
BJcefGnbQ,no_score,gvgai_clusters,1086,83,9
BJcefGnbQ,no_score,gvgai_clusters,1087,83,9
BJcefGnbQ,no_score,gvgai_clusters,1088,83,9
BJcefGnbQ,no_score,gvgai_clusters,1089,83,9
BJcefGnbQ,no_score,gvgai_clusters,1090,83,9
BJcefGnbQ,no_score,gvgai_clusters,1091,83,9
BJcefGnbQ,no_score,gvgai_clusters,1092,83,9
BJcefGnbQ,no_score,gvgai_clusters,1093,83,9
BJcefGnbQ,no_score,gvgai_clusters,1094,83,9
BJcefGnbQ,no_score,gvgai_clusters,1095,83,9
BJcefGnbQ,no_score,gvgai_clusters,1096,83,9
BJcefGnbQ,no_score,gvgai_clusters,1097,83,9
BJcefGnbQ,no_score,gvgai_clusters,1098,83,9
BJcefGnbQ,no_score,gvgai_clusters,1099,83,9
BJcefGnbQ,no_score,gvgai_clusters,1100,83,9
BJcefGnbQ,no_score,gvgai_clusters,1101,83,9
BJcefGnbQ,no_score,gvgai_clusters,1102,83,9
BJcefGnbQ,no_score,gvgai_clusters,1103,83,9
BJcefGnbQ,no_score,gvgai_clusters,1104,83,9
BJcefGnbQ,no_score,gvgai_clusters,1105,83,9
BJcefGnbQ,no_score,gvgai_clusters,1106,83,9
BJcefGnbQ,no_score,gvgai_clusters,1107,83,9
BJcefGnbQ,no_score,gvgai_clusters,1108,83,9
BJcefGnbQ,no_score,gvgai_clusters,1109,83,9
BJcefGnbQ,no_score,gvgai_clusters,1110,83,9
BJcefGnbQ,no_score,gvgai_clusters,1111,83,9
BJcefGnbQ,no_score,gvgai_clusters,1112,83,9
BJcefGnbQ,no_score,gvgai_clusters,1113,83,9
BJcefGnbQ,no_score,gvgai_clusters,1114,83,9
BJcefGnbQ,no_score,gvgai_clusters,1115,83,9
BJcefGnbQ,no_score,gvgai_clusters,1116,83,9
BJcefGnbQ,no_score,gvgai_clusters,1117,83,9
BJcefGnbQ,no_score,gvgai_clusters,1118,83,9
BJcefGnbQ,no_score,gvgai_clusters,1119,83,9
BJcefGnbQ,no_score,gvgai_clusters,1120,83,9
BJcefGnbQ,no_score,gvgai_clusters,1121,83,9
BJcefGnbQ,no_score,gvgai_clusters,1122,83,9
BJcefGnbQ,no_score,gvgai_clusters,1123,83,9
BJcefGnbQ,no_score,gvgai_clusters,1124,83,9
BJcefGnbQ,no_score,gvgai_clusters,1125,83,9
BJcefGnbQ,no_score,gvgai_clusters,1126,83,9
BJcefGnbQ,no_score,gvgai_clusters,1127,83,9
BJcefGnbQ,no_score,gvgai_clusters,1128,83,9
BJcefGnbQ,no_score,gvgai_clusters,1129,83,9
BJcefGnbQ,no_score,gvgai_clusters,1130,83,9
BJcefGnbQ,no_score,gvgai_clusters,1131,83,9
BJcefGnbQ,no_score,gvgai_clusters,1132,83,9
BJcefGnbQ,no_score,gvgai_clusters,1133,83,9
BJcefGnbQ,no_score,gvgai_clusters,1134,83,9
BJcefGnbQ,no_score,gvgai_clusters,1135,83,9
BJcefGnbQ,no_score,gvgai_clusters,1136,83,9
BJcefGnbQ,no_score,gvgai_clusters,1137,83,9
BJcefGnbQ,no_score,gvgai_clusters,1138,83,9
BJcefGnbQ,no_score,gvgai_clusters,1139,83,9
BJcefGnbQ,no_score,gvgai_clusters,1140,83,9
BJcefGnbQ,no_score,gvgai_clusters,1141,83,9
BJcefGnbQ,no_score,gvgai_clusters,1142,83,9
BJcefGnbQ,no_score,gvgai_clusters,1143,83,9
BJcefGnbQ,no_score,gvgai_clusters,1144,83,9
BJcefGnbQ,no_score,gvgai_clusters,1145,83,9
BJcefGnbQ,no_score,gvgai_clusters,1146,83,9
BJcefGnbQ,no_score,gvgai_clusters,1147,83,9
BJcefGnbQ,no_score,gvgai_clusters,1148,83,9
BJcefGnbQ,no_score,gvgai_clusters,1149,83,9
BJcefGnbQ,no_score,gvgai_clusters,1150,83,9
BJcefGnbQ,no_score,gvgai_clusters,1151,83,9
BJcefGnbQ,no_score,gvgai_clusters,1152,83,9
BJcefGnbQ,no_score,gvgai_clusters,1153,83,9
BJcefGnbQ,no_score,gvgai_clusters,1154,83,9
BJcefGnbQ,no_score,gvgai_clusters,1155,83,9
BJcefGnbQ,no_score,gvgai_clusters,1156,83,9
BJcefGnbQ,no_score,gvgai_clusters,1157,83,9
BJcefGnbQ,no_score,gvgai_clusters,1158,83,9
BJcefGnbQ,no_score,gvgai_clusters,1159,83,9
BJcefGnbQ,no_score,gvgai_clusters,1160,83,9
BJcefGnbQ,no_score,gvgai_clusters,1161,83,9
BJcefGnbQ,no_score,gvgai_clusters,1162,83,9
BJcefGnbQ,no_score,gvgai_clusters,1163,83,9
BJcefGnbQ,no_score,gvgai_clusters,1164,83,9
BJcefGnbQ,no_score,gvgai_clusters,1165,83,9
BJcefGnbQ,no_score,gvgai_clusters,1166,83,9
BJcefGnbQ,no_score,gvgai_clusters,1167,83,9
BJcefGnbQ,no_score,gvgai_clusters,1168,83,9
BJcefGnbQ,no_score,gvgai_clusters,1169,83,9
BJcefGnbQ,no_score,gvgai_clusters,1170,83,9
BJcefGnbQ,no_score,gvgai_clusters,1171,83,9
BJcefGnbQ,no_score,gvgai_clusters,1172,83,9
BJcefGnbQ,no_score,gvgai_clusters,1173,83,9
BJcefGnbQ,no_score,gvgai_clusters,1174,83,9
BJcefGnbQ,no_score,gvgai_clusters,1175,83,9
BJcefGnbQ,no_score,gvgai_clusters,1176,83,9
BJcefGnbQ,no_score,gvgai_clusters,1177,83,9
BJcefGnbQ,no_score,gvgai_clusters,1178,83,9
BJcefGnbQ,no_score,gvgai_clusters,1179,83,9
BJcefGnbQ,no_score,gvgai_clusters,1180,83,9
BJcefGnbQ,no_score,gvgai_clusters,1181,83,9
BJcefGnbQ,no_score,gvgai_clusters,1182,83,9
BJcefGnbQ,no_score,gvgai_clusters,1183,83,9
BJcefGnbQ,no_score,gvgai_clusters,1184,83,9
BJcefGnbQ,no_score,gvgai_clusters,1185,83,9
BJcefGnbQ,no_score,gvgai_clusters,1186,83,9
BJcefGnbQ,no_score,gvgai_clusters,1187,83,9
BJcefGnbQ,no_score,gvgai_clusters,1188,83,9
BJcefGnbQ,no_score,gvgai_clusters,1189,83,9
BJcefGnbQ,no_score,gvgai_clusters,1190,83,9
BJcefGnbQ,no_score,gvgai_clusters,1191,83,9
BJcefGnbQ,no_score,gvgai_clusters,1192,83,9
BJcefGnbQ,no_score,gvgai_clusters,1193,83,9
BJcefGnbQ,no_score,gvgai_clusters,1194,83,9
BJcefGnbQ,no_score,gvgai_clusters,1195,83,9
BJcefGnbQ,no_score,gvgai_clusters,1196,83,9
BJcefGnbQ,no_score,gvgai_clusters,1197,83,9
BJcefGnbQ,no_score,gvgai_clusters,1198,83,9
BJcefGnbQ,no_score,gvgai_clusters,1199,83,9
BJcefGnbQ,no_score,gvgai_clusters,1200,83,9
BJcefGnbQ,no_score,gvgai_clusters,1201,83,9
BJcefGnbQ,no_score,gvgai_clusters,1202,83,9
BJcefGnbQ,no_score,gvgai_clusters,1203,83,9
BJcefGnbQ,no_score,gvgai_clusters,1204,83,9
BJcefGnbQ,no_score,gvgai_clusters,1205,83,9
BJcefGnbQ,no_score,gvgai_clusters,1206,83,9
BJcefGnbQ,no_score,gvgai_clusters,1207,83,9
BJcefGnbQ,no_score,gvgai_clusters,1208,83,9
BJcefGnbQ,no_score,gvgai_clusters,1209,83,9
BJcefGnbQ,no_score,gvgai_clusters,1210,83,9
BJcefGnbQ,no_score,gvgai_clusters,1211,83,9
BJcefGnbQ,no_score,gvgai_clusters,1212,83,9
BJcefGnbQ,no_score,gvgai_clusters,1213,83,9
BJcefGnbQ,no_score,gvgai_clusters,1214,83,9
BJcefGnbQ,no_score,gvgai_clusters,1215,83,9
BJcefGnbQ,no_score,gvgai_clusters,1216,83,9
BJcefGnbQ,no_score,gvgai_clusters,1217,83,9
BJcefGnbQ,no_score,gvgai_clusters,1218,83,9
BJcefGnbQ,no_score,gvgai_clusters,1219,83,9
BJcefGnbQ,no_score,gvgai_clusters,1220,83,9
BJcefGnbQ,no_score,gvgai_clusters,1221,83,9
BJcefGnbQ,no_score,gvgai_clusters,1222,83,9
BJcefGnbQ,no_score,gvgai_clusters,1223,83,9
BJcefGnbQ,no_score,gvgai_clusters,1224,83,9
BJcefGnbQ,no_score,gvgai_clusters,1225,83,9
BJcefGnbQ,no_score,gvgai_clusters,1226,83,9
BJcefGnbQ,no_score,gvgai_clusters,1227,83,9
BJcefGnbQ,no_score,gvgai_clusters,1228,83,9
BJcefGnbQ,no_score,gvgai_clusters,1229,83,9
BJcefGnbQ,no_score,gvgai_clusters,1230,83,9
BJcefGnbQ,no_score,gvgai_clusters,1231,83,9
BJcefGnbQ,no_score,gvgai_clusters,1232,83,9
BJcefGnbQ,no_score,gvgai_clusters,1233,83,9
BJcefGnbQ,no_score,gvgai_clusters,1234,83,9
BJcefGnbQ,no_score,gvgai_clusters,1235,83,9
BJcefGnbQ,no_score,gvgai_clusters,1236,83,9
BJcefGnbQ,no_score,gvgai_clusters,1237,83,9
BJcefGnbQ,no_score,gvgai_clusters,1238,83,9
BJcefGnbQ,no_score,gvgai_clusters,1239,83,9
BJcefGnbQ,no_score,gvgai_clusters,1240,83,9
BJcefGnbQ,no_score,gvgai_clusters,1241,83,9
BJcefGnbQ,no_score,gvgai_clusters,1242,83,9
BJcefGnbQ,no_score,gvgai_clusters,1243,83,9
BJcefGnbQ,no_score,gvgai_clusters,1244,83,9
BJcefGnbQ,no_score,gvgai_clusters,1245,83,9
BJcefGnbQ,no_score,gvgai_clusters,1246,83,9
BJcefGnbQ,no_score,gvgai_clusters,1247,83,9
BJcefGnbQ,no_score,gvgai_clusters,1248,83,9
BJcefGnbQ,no_score,gvgai_clusters,1249,83,9
BJcefGnbQ,no_score,gvgai_clusters,1250,83,9
BJcefGnbQ,no_score,gvgai_clusters,1251,83,9
BJcefGnbQ,no_score,gvgai_clusters,1252,83,9
BJcefGnbQ,no_score,gvgai_clusters,1253,83,9
BJcefGnbQ,no_score,gvgai_clusters,1254,83,9
BJcefGnbQ,no_score,gvgai_clusters,1255,83,9
BJcefGnbQ,no_score,gvgai_clusters,1256,83,9
BJcefGnbQ,no_score,gvgai_clusters,1257,83,9
BJcefGnbQ,no_score,gvgai_clusters,1258,83,9
BJcefGnbQ,no_score,gvgai_clusters,1259,83,9
BJcefGnbQ,no_score,gvgai_clusters,1260,83,9
BJcefGnbQ,no_score,gvgai_clusters,1261,83,9
BJcefGnbQ,no_score,gvgai_clusters,1262,83,9
BJcefGnbQ,no_score,gvgai_clusters,1263,83,9
BJcefGnbQ,no_score,gvgai_clusters,1264,83,9
BJcefGnbQ,no_score,gvgai_clusters,1265,83,9
BJcefGnbQ,no_score,gvgai_clusters,1266,83,9
BJcefGnbQ,no_score,gvgai_clusters,1267,83,9
BJcefGnbQ,no_score,gvgai_clusters,1268,83,9
BJcefGnbQ,no_score,gvgai_clusters,1269,83,9
BJcefGnbQ,no_score,gvgai_clusters,1270,83,9
BJcefGnbQ,no_score,gvgai_clusters,1271,83,9
BJcefGnbQ,no_score,gvgai_clusters,1272,83,9
BJcefGnbQ,no_score,gvgai_clusters,1273,83,9
BJcefGnbQ,no_score,gvgai_clusters,1274,83,9
BJcefGnbQ,no_score,gvgai_clusters,1275,83,9
BJcefGnbQ,no_score,gvgai_clusters,1276,83,9
BJcefGnbQ,no_score,gvgai_clusters,1277,83,9
BJcefGnbQ,no_score,gvgai_clusters,1278,83,9
BJcefGnbQ,no_score,gvgai_clusters,1279,83,9
BJcefGnbQ,no_score,gvgai_clusters,1280,83,9
BJcefGnbQ,no_score,gvgai_clusters,1281,83,9
BJcefGnbQ,no_score,gvgai_clusters,1282,83,9
BJcefGnbQ,no_score,gvgai_clusters,1283,83,9
BJcefGnbQ,no_score,gvgai_clusters,1284,83,9
BJcefGnbQ,no_score,gvgai_clusters,1285,83,9
BJcefGnbQ,no_score,gvgai_clusters,1286,83,9
BJcefGnbQ,no_score,gvgai_clusters,1287,83,9
BJcefGnbQ,no_score,gvgai_clusters,1288,83,9
BJcefGnbQ,no_score,gvgai_clusters,1289,83,9
BJcefGnbQ,no_score,gvgai_clusters,1290,83,9
BJcefGnbQ,no_score,gvgai_clusters,1291,83,9
BJcefGnbQ,no_score,gvgai_clusters,1292,83,9
BJcefGnbQ,no_score,gvgai_clusters,1293,83,9
BJcefGnbQ,no_score,gvgai_clusters,1294,83,9
BJcefGnbQ,no_score,gvgai_clusters,1295,83,9
BJcefGnbQ,no_score,gvgai_clusters,1296,83,9
BJcefGnbQ,no_score,gvgai_clusters,1297,83,9
BJcefGnbQ,no_score,gvgai_clusters,1298,83,9
BJcefGnbQ,no_score,gvgai_clusters,1299,83,9
BJcefGnbQ,no_score,gvgai_clusters,1300,83,9
BJcefGnbQ,no_score,gvgai_clusters,1301,83,9
BJcefGnbQ,no_score,gvgai_clusters,1302,83,9
BJcefGnbQ,no_score,gvgai_clusters,1303,83,9
BJcefGnbQ,no_score,gvgai_clusters,1304,83,9
BJcefGnbQ,no_score,gvgai_clusters,1305,83,9
BJcefGnbQ,no_score,gvgai_clusters,1306,83,9
BJcefGnbQ,no_score,gvgai_clusters,1307,83,9
BJcefGnbQ,no_score,gvgai_clusters,1308,83,9
BJcefGnbQ,no_score,gvgai_clusters,1309,83,9
BJcefGnbQ,no_score,gvgai_clusters,1310,83,9
BJcefGnbQ,no_score,gvgai_clusters,1311,83,9
BJcefGnbQ,no_score,gvgai_clusters,1312,83,9
BJcefGnbQ,no_score,gvgai_clusters,1313,83,9
BJcefGnbQ,no_score,gvgai_clusters,1314,83,9
BJcefGnbQ,no_score,gvgai_clusters,1315,83,9
BJcefGnbQ,no_score,gvgai_clusters,1316,83,9
BJcefGnbQ,no_score,gvgai_clusters,1317,83,9
BJcefGnbQ,no_score,gvgai_clusters,1318,83,9
BJcefGnbQ,no_score,gvgai_clusters,1319,83,9
BJcefGnbQ,no_score,gvgai_clusters,1320,83,9
BJcefGnbQ,no_score,gvgai_clusters,1321,83,9
BJcefGnbQ,no_score,gvgai_clusters,1322,83,9
BJcefGnbQ,no_score,gvgai_clusters,1323,83,9
BJcefGnbQ,no_score,gvgai_clusters,1324,83,9
BJcefGnbQ,no_score,gvgai_clusters,1325,83,9
BJcefGnbQ,no_score,gvgai_clusters,1326,83,9
BJcefGnbQ,no_score,gvgai_clusters,1327,83,9
BJcefGnbQ,no_score,gvgai_clusters,1328,83,9
BJcefGnbQ,no_score,gvgai_clusters,1329,83,9
BJcefGnbQ,no_score,gvgai_clusters,1330,83,9
BJcefGnbQ,no_score,gvgai_clusters,1331,83,9
BJcefGnbQ,no_score,gvgai_clusters,1332,83,9
BJcefGnbQ,no_score,gvgai_clusters,1333,83,9
BJcefGnbQ,no_score,gvgai_clusters,1334,83,9
BJcefGnbQ,no_score,gvgai_clusters,1335,83,9
BJcefGnbQ,no_score,gvgai_clusters,1336,83,9
BJcefGnbQ,no_score,gvgai_clusters,1337,83,9
BJcefGnbQ,no_score,gvgai_clusters,1338,83,9
BJcefGnbQ,no_score,gvgai_clusters,1339,83,9
BJcefGnbQ,no_score,gvgai_clusters,1340,83,9
BJcefGnbQ,no_score,gvgai_clusters,1341,83,9
BJcefGnbQ,no_score,gvgai_clusters,1342,83,9
BJcefGnbQ,no_score,gvgai_clusters,1343,83,9
BJcefGnbQ,no_score,gvgai_clusters,1344,83,9
BJcefGnbQ,no_score,gvgai_clusters,1345,83,9
BJcefGnbQ,no_score,gvgai_clusters,1346,83,9
BJcefGnbQ,no_score,gvgai_clusters,1347,83,9
BJcefGnbQ,no_score,gvgai_clusters,1348,83,9
BJcefGnbQ,no_score,gvgai_clusters,1349,83,9
BJcefGnbQ,no_score,gvgai_clusters,1350,83,9
BJcefGnbQ,no_score,gvgai_clusters,1351,83,9
BJcefGnbQ,no_score,gvgai_clusters,1352,83,9
BJcefGnbQ,no_score,gvgai_clusters,1353,83,9
BJcefGnbQ,no_score,gvgai_clusters,1354,83,9
BJcefGnbQ,no_score,gvgai_clusters,1355,83,9
BJcefGnbQ,no_score,gvgai_clusters,1356,83,9
BJcefGnbQ,no_score,gvgai_clusters,1357,83,9
BJcefGnbQ,no_score,gvgai_clusters,1358,83,9
BJcefGnbQ,no_score,gvgai_clusters,1359,83,9
BJcefGnbQ,no_score,gvgai_clusters,1360,83,9
BJcefGnbQ,no_score,gvgai_clusters,1361,83,9
BJcefGnbQ,no_score,gvgai_clusters,1362,83,9
BJcefGnbQ,no_score,gvgai_clusters,1363,83,9
BJcefGnbQ,no_score,gvgai_clusters,1364,83,9
BJcefGnbQ,no_score,gvgai_clusters,1365,83,9
BJcefGnbQ,no_score,gvgai_clusters,1366,83,9
BJcefGnbQ,no_score,gvgai_clusters,1367,83,9
BJcefGnbQ,no_score,gvgai_clusters,1368,83,9
BJcefGnbQ,no_score,gvgai_clusters,1369,83,9
BJcefGnbQ,no_score,gvgai_clusters,1370,83,9
BJcefGnbQ,no_score,gvgai_clusters,1371,83,9
BJcefGnbQ,no_score,gvgai_clusters,1372,83,9
BJcefGnbQ,no_score,gvgai_clusters,1373,83,9
BJcefGnbQ,no_score,gvgai_clusters,1374,83,9
BJcefGnbQ,no_score,gvgai_clusters,1375,83,9
BJcefGnbQ,no_score,gvgai_clusters,1376,83,9
BJcefGnbQ,no_score,gvgai_clusters,1377,83,9
BJcefGnbQ,no_score,gvgai_clusters,1378,83,9
BJcefGnbQ,no_score,gvgai_clusters,1379,83,9
BJcefGnbQ,no_score,gvgai_clusters,1380,83,9
BJcefGnbQ,no_score,gvgai_clusters,1381,83,9
BJcefGnbQ,no_score,gvgai_clusters,1382,83,9
BJcefGnbQ,no_score,gvgai_clusters,1383,83,9
BJcefGnbQ,no_score,gvgai_clusters,1384,83,9
BJcefGnbQ,no_score,gvgai_clusters,1385,83,9
BJcefGnbQ,no_score,gvgai_clusters,1386,83,9
BJcefGnbQ,no_score,gvgai_clusters,1387,83,9
BJcefGnbQ,no_score,gvgai_clusters,1388,83,9
BJcefGnbQ,no_score,gvgai_clusters,1389,83,9
BJcefGnbQ,no_score,gvgai_clusters,1390,83,9
BJcefGnbQ,no_score,gvgai_clusters,1391,83,9
BJcefGnbQ,no_score,gvgai_clusters,1392,83,9
BJcefGnbQ,no_score,gvgai_clusters,1393,83,9
BJcefGnbQ,no_score,gvgai_clusters,1394,83,9
BJcefGnbQ,no_score,gvgai_clusters,1395,83,9
BJcefGnbQ,no_score,gvgai_clusters,1396,83,9
BJcefGnbQ,no_score,gvgai_clusters,1397,83,9
BJcefGnbQ,no_score,gvgai_clusters,1398,83,9
BJcefGnbQ,no_score,gvgai_clusters,1399,83,9
BJcefGnbQ,no_score,gvgai_clusters,1400,83,9
BJcefGnbQ,no_score,gvgai_clusters,1401,83,9
BJcefGnbQ,no_score,gvgai_clusters,1402,83,9
BJcefGnbQ,no_score,gvgai_clusters,1403,83,9
BJcefGnbQ,no_score,gvgai_clusters,1404,83,9
BJcefGnbQ,no_score,gvgai_clusters,1405,83,9
BJcefGnbQ,no_score,gvgai_clusters,1406,83,9
BJcefGnbQ,no_score,gvgai_clusters,1407,83,9
BJcefGnbQ,no_score,gvgai_clusters,1408,83,9
BJcefGnbQ,no_score,gvgai_clusters,1409,83,9
BJcefGnbQ,no_score,gvgai_clusters,1410,83,9
BJcefGnbQ,no_score,gvgai_clusters,1411,83,9
BJcefGnbQ,no_score,gvgai_clusters,1412,83,9
BJcefGnbQ,no_score,gvgai_clusters,1413,83,9
BJcefGnbQ,no_score,gvgai_clusters,1414,83,9
BJcefGnbQ,no_score,gvgai_clusters,1415,83,9
BJcefGnbQ,no_score,gvgai_clusters,1416,83,9
BJcefGnbQ,no_score,gvgai_clusters,1417,83,9
BJcefGnbQ,no_score,gvgai_clusters,1418,83,9
BJcefGnbQ,no_score,gvgai_clusters,1419,83,9
BJcefGnbQ,no_score,gvgai_clusters,1420,83,9
BJcefGnbQ,no_score,gvgai_clusters,1421,83,9
BJcefGnbQ,no_score,gvgai_clusters,1422,83,9
BJcefGnbQ,no_score,gvgai_clusters,1423,83,9
BJcefGnbQ,no_score,gvgai_clusters,1424,83,9
BJcefGnbQ,no_score,gvgai_clusters,1425,83,9
BJcefGnbQ,no_score,gvgai_clusters,1426,83,9
BJcefGnbQ,no_score,gvgai_clusters,1427,83,9
BJcefGnbQ,no_score,gvgai_clusters,1428,83,9
BJcefGnbQ,no_score,gvgai_clusters,1429,83,9
BJcefGnbQ,no_score,gvgai_clusters,1430,83,9
BJcefGnbQ,no_score,gvgai_clusters,1431,83,9
BJcefGnbQ,no_score,gvgai_clusters,1432,83,9
BJcefGnbQ,no_score,gvgai_clusters,1433,83,9
BJcefGnbQ,no_score,gvgai_clusters,1434,83,9
BJcefGnbQ,no_score,gvgai_clusters,1435,83,9
BJcefGnbQ,no_score,gvgai_clusters,1436,83,9
BJcefGnbQ,no_score,gvgai_clusters,1437,83,9
BJcefGnbQ,no_score,gvgai_clusters,1438,83,9
BJcefGnbQ,no_score,gvgai_clusters,1439,83,9
BJcefGnbQ,no_score,gvgai_clusters,1440,83,9
BJcefGnbQ,no_score,gvgai_clusters,1441,83,9
BJcefGnbQ,no_score,gvgai_clusters,1442,83,9
BJcefGnbQ,no_score,gvgai_clusters,1443,83,9
BJcefGnbQ,no_score,gvgai_clusters,1444,83,9
BJcefGnbQ,no_score,gvgai_clusters,1445,83,9
BJcefGnbQ,no_score,gvgai_clusters,1446,83,9
BJcefGnbQ,no_score,gvgai_clusters,1447,83,9
BJcefGnbQ,no_score,gvgai_clusters,1448,83,9
BJcefGnbQ,no_score,gvgai_clusters,1449,83,9
BJcefGnbQ,no_score,gvgai_clusters,1450,83,9
BJcefGnbQ,no_score,gvgai_clusters,1451,83,9
BJcefGnbQ,no_score,gvgai_clusters,1452,83,9
BJcefGnbQ,no_score,gvgai_clusters,1453,83,9
BJcefGnbQ,no_score,gvgai_clusters,1454,83,9
BJcefGnbQ,no_score,gvgai_clusters,1455,83,9
BJcefGnbQ,no_score,gvgai_clusters,1456,83,9
BJcefGnbQ,no_score,gvgai_clusters,1457,83,9
BJcefGnbQ,no_score,gvgai_clusters,1458,83,9
BJcefGnbQ,no_score,gvgai_clusters,1459,83,9
BJcefGnbQ,no_score,gvgai_clusters,1460,83,9
BJcefGnbQ,no_score,gvgai_clusters,1461,83,9
BJcefGnbQ,no_score,gvgai_clusters,1462,83,9
BJcefGnbQ,no_score,gvgai_clusters,1463,83,9
BJcefGnbQ,no_score,gvgai_clusters,1464,83,9
BJcefGnbQ,no_score,gvgai_clusters,1465,83,9
BJcefGnbQ,no_score,gvgai_clusters,1466,83,9
BJcefGnbQ,no_score,gvgai_clusters,1467,83,9
BJcefGnbQ,no_score,gvgai_clusters,1468,83,9
BJcefGnbQ,no_score,gvgai_clusters,1469,83,9
BJcefGnbQ,no_score,gvgai_clusters,1470,83,9
BJcefGnbQ,no_score,gvgai_clusters,1471,83,9
BJcefGnbQ,no_score,gvgai_clusters,1472,83,9
BJcefGnbQ,no_score,gvgai_clusters,1473,83,9
BJcefGnbQ,no_score,gvgai_clusters,1474,83,9
BJcefGnbQ,no_score,gvgai_clusters,1475,83,9
BJcefGnbQ,no_score,gvgai_clusters,1476,83,9
BJcefGnbQ,no_score,gvgai_clusters,1477,83,9
BJcefGnbQ,no_score,gvgai_clusters,1478,83,9
BJcefGnbQ,no_score,gvgai_clusters,1479,83,9
BJcefGnbQ,no_score,gvgai_clusters,1480,83,9
BJcefGnbQ,no_score,gvgai_clusters,1481,83,9
BJcefGnbQ,no_score,gvgai_clusters,1482,83,9
BJcefGnbQ,no_score,gvgai_clusters,1483,83,9
BJcefGnbQ,no_score,gvgai_clusters,1484,83,9
BJcefGnbQ,no_score,gvgai_clusters,1485,83,9
BJcefGnbQ,no_score,gvgai_clusters,1486,83,9
BJcefGnbQ,no_score,gvgai_clusters,1487,83,9
BJcefGnbQ,no_score,gvgai_clusters,1488,83,9
BJcefGnbQ,no_score,gvgai_clusters,1489,83,9
BJcefGnbQ,no_score,gvgai_clusters,1490,83,9
BJcefGnbQ,no_score,gvgai_clusters,1491,83,9
BJcefGnbQ,no_score,gvgai_clusters,1492,83,9
BJcefGnbQ,no_score,gvgai_clusters,1493,83,9
BJcefGnbQ,no_score,gvgai_clusters,1494,83,9
BJcefGnbQ,no_score,gvgai_clusters,1495,83,9
BJcefGnbQ,no_score,gvgai_clusters,1496,83,9
BJcefGnbQ,no_score,gvgai_clusters,1497,83,9
BJcefGnbQ,no_score,gvgai_clusters,1498,83,9
BJcefGnbQ,no_score,gvgai_clusters,1499,83,9
BJcefGnbQ,no_score,gvgai_clusters,1500,83,9
BJcefGnbQ,no_score,gvgai_clusters,1501,83,9
BJcefGnbQ,no_score,gvgai_clusters,1502,83,9
BJcefGnbQ,no_score,gvgai_clusters,1503,83,9
BJcefGnbQ,no_score,gvgai_clusters,1504,83,9
BJcefGnbQ,no_score,gvgai_clusters,1505,83,9
BJcefGnbQ,no_score,gvgai_clusters,1506,83,9
BJcefGnbQ,no_score,gvgai_clusters,1507,83,9
BJcefGnbQ,no_score,gvgai_clusters,1508,83,9
BJcefGnbQ,no_score,gvgai_clusters,1509,83,9
BJcefGnbQ,no_score,gvgai_clusters,1510,83,9
BJcefGnbQ,no_score,gvgai_clusters,1511,83,9
BJcefGnbQ,no_score,gvgai_clusters,1512,83,9
BJcefGnbQ,no_score,gvgai_clusters,1513,83,9
BJcefGnbQ,no_score,gvgai_clusters,1514,83,9
BJcefGnbQ,no_score,gvgai_clusters,1515,83,9
BJcefGnbQ,no_score,gvgai_clusters,1516,83,9
BJcefGnbQ,no_score,gvgai_clusters,1517,83,9
BJcefGnbQ,no_score,gvgai_clusters,1518,83,9
BJcefGnbQ,no_score,gvgai_clusters,1519,83,9
BJcefGnbQ,no_score,gvgai_clusters,1520,83,9
BJcefGnbQ,no_score,gvgai_clusters,1521,83,9
BJcefGnbQ,no_score,gvgai_clusters,1522,83,9
BJcefGnbQ,no_score,gvgai_clusters,1523,83,9
BJcefGnbQ,no_score,gvgai_clusters,1524,83,9
BJcefGnbQ,no_score,gvgai_clusters,1525,83,9
BJcefGnbQ,no_score,gvgai_clusters,1526,83,9
BJcefGnbQ,no_score,gvgai_clusters,1527,83,9
BJcefGnbQ,no_score,gvgai_clusters,1528,83,9
BJcefGnbQ,no_score,gvgai_clusters,1529,83,9
BJcefGnbQ,no_score,gvgai_clusters,1530,83,9
BJcefGnbQ,no_score,gvgai_clusters,1531,83,9
BJcefGnbQ,no_score,gvgai_clusters,1532,83,9
BJcefGnbQ,no_score,gvgai_clusters,1533,83,9
BJcefGnbQ,no_score,gvgai_clusters,1534,83,9
BJcefGnbQ,no_score,gvgai_clusters,1535,83,9
BJcefGnbQ,no_score,gvgai_clusters,1536,83,9
BJcefGnbQ,no_score,gvgai_clusters,1537,83,9
BJcefGnbQ,no_score,gvgai_clusters,1538,83,9
BJcefGnbQ,no_score,gvgai_clusters,1539,83,9
BJcefGnbQ,no_score,gvgai_clusters,1540,83,9
BJcefGnbQ,no_score,gvgai_clusters,1541,83,9
BJcefGnbQ,no_score,gvgai_clusters,1542,83,9
BJcefGnbQ,no_score,gvgai_clusters,1543,83,9
BJcefGnbQ,no_score,gvgai_clusters,1544,83,9
BJcefGnbQ,no_score,gvgai_clusters,1545,83,9
BJcefGnbQ,no_score,gvgai_clusters,1546,83,9
BJcefGnbQ,no_score,gvgai_clusters,1547,83,9
BJcefGnbQ,no_score,gvgai_clusters,1548,83,9
BJcefGnbQ,no_score,gvgai_clusters,1549,83,9
BJcefGnbQ,no_score,gvgai_clusters,1550,83,9
BJcefGnbQ,no_score,gvgai_clusters,1551,83,9
BJcefGnbQ,no_score,gvgai_clusters,1552,83,9
BJcefGnbQ,no_score,gvgai_clusters,1553,83,9
BJcefGnbQ,no_score,gvgai_clusters,1554,83,9
BJcefGnbQ,no_score,gvgai_clusters,1555,83,9
BJcefGnbQ,no_score,gvgai_clusters,1556,83,9
BJcefGnbQ,no_score,gvgai_clusters,1557,83,9
BJcefGnbQ,no_score,gvgai_clusters,1558,83,9
BJcefGnbQ,no_score,gvgai_clusters,1559,83,9
BJcefGnbQ,no_score,gvgai_clusters,1560,83,9
BJcefGnbQ,no_score,gvgai_clusters,1561,83,9
BJcefGnbQ,no_score,gvgai_clusters,1562,83,9
BJcefGnbQ,no_score,gvgai_clusters,1563,83,9
BJcefGnbQ,no_score,gvgai_clusters,1564,83,9
BJcefGnbQ,no_score,gvgai_clusters,1565,83,9
BJcefGnbQ,no_score,gvgai_clusters,1566,83,9
BJcefGnbQ,no_score,gvgai_clusters,1567,83,9
BJcefGnbQ,no_score,gvgai_clusters,1568,83,9
BJcefGnbQ,no_score,gvgai_clusters,1569,83,9
BJcefGnbQ,no_score,gvgai_clusters,1570,83,9
BJcefGnbQ,no_score,gvgai_clusters,1571,83,9
BJcefGnbQ,no_score,gvgai_clusters,1572,83,9
BJcefGnbQ,no_score,gvgai_clusters,1573,83,9
BJcefGnbQ,no_score,gvgai_clusters,1574,83,9
BJcefGnbQ,no_score,gvgai_clusters,1575,83,9
BJcefGnbQ,no_score,gvgai_clusters,1576,83,9
BJcefGnbQ,no_score,gvgai_clusters,1577,83,9
BJcefGnbQ,no_score,gvgai_clusters,1578,83,9
BJcefGnbQ,no_score,gvgai_clusters,1579,83,9
BJcefGnbQ,no_score,gvgai_clusters,1580,83,9
BJcefGnbQ,no_score,gvgai_clusters,1581,83,9
BJcefGnbQ,no_score,gvgai_clusters,1582,83,9
BJcefGnbQ,no_score,gvgai_clusters,1583,83,9
BJcefGnbQ,no_score,gvgai_clusters,1584,83,9
BJcefGnbQ,no_score,gvgai_clusters,1585,83,9
BJcefGnbQ,no_score,gvgai_clusters,1586,83,9
BJcefGnbQ,no_score,gvgai_clusters,1587,83,9
BJcefGnbQ,no_score,gvgai_clusters,1588,83,9
BJcefGnbQ,no_score,gvgai_clusters,1589,83,9
BJcefGnbQ,no_score,gvgai_clusters,1590,83,9
BJcefGnbQ,no_score,gvgai_clusters,1591,83,9
BJcefGnbQ,no_score,gvgai_clusters,1592,83,9
BJcefGnbQ,no_score,gvgai_clusters,1593,83,9
BJcefGnbQ,no_score,gvgai_clusters,1594,83,9
BJcefGnbQ,no_score,gvgai_clusters,1595,83,9
BJcefGnbQ,no_score,gvgai_clusters,1596,83,9
BJcefGnbQ,no_score,gvgai_clusters,1597,83,9
BJcefGnbQ,no_score,gvgai_clusters,1598,83,9
BJcefGnbQ,no_score,gvgai_clusters,1599,83,9
BJcefGnbQ,no_score,gvgai_clusters,1600,83,9
BJcefGnbQ,no_score,gvgai_clusters,1601,83,9
BJcefGnbQ,no_score,gvgai_clusters,1602,83,9
BJcefGnbQ,no_score,gvgai_clusters,1603,83,9
BJcefGnbQ,no_score,gvgai_clusters,1604,83,9
BJcefGnbQ,no_score,gvgai_clusters,1605,83,9
BJcefGnbQ,no_score,gvgai_clusters,1606,83,9
BJcefGnbQ,no_score,gvgai_clusters,1607,83,9
BJcefGnbQ,no_score,gvgai_clusters,1608,83,9
BJcefGnbQ,no_score,gvgai_clusters,1609,83,9
BJcefGnbQ,no_score,gvgai_clusters,1610,83,9
BJcefGnbQ,no_score,gvgai_clusters,1611,83,9
BJcefGnbQ,no_score,gvgai_clusters,1612,83,9
BJcefGnbQ,no_score,gvgai_clusters,1613,83,9
BJcefGnbQ,no_score,gvgai_clusters,1614,83,9
BJcefGnbQ,no_score,gvgai_clusters,1615,83,9
BJcefGnbQ,no_score,gvgai_clusters,1616,83,9
BJcefGnbQ,no_score,gvgai_clusters,1617,83,9
BJcefGnbQ,no_score,gvgai_clusters,1618,83,9
BJcefGnbQ,no_score,gvgai_clusters,1619,83,9
BJcefGnbQ,no_score,gvgai_clusters,1620,83,9
BJcefGnbQ,no_score,gvgai_clusters,1621,83,9
BJcefGnbQ,no_score,gvgai_clusters,1622,83,9
BJcefGnbQ,no_score,gvgai_clusters,1623,83,9
BJcefGnbQ,no_score,gvgai_clusters,1624,83,9
BJcefGnbQ,no_score,gvgai_clusters,1625,83,9
BJcefGnbQ,no_score,gvgai_clusters,1626,83,9
BJcefGnbQ,no_score,gvgai_clusters,1627,83,9
BJcefGnbQ,no_score,gvgai_clusters,1628,83,9
BJcefGnbQ,no_score,gvgai_clusters,1629,83,9
BJcefGnbQ,no_score,gvgai_clusters,1630,83,9
BJcefGnbQ,no_score,gvgai_clusters,1631,83,9
BJcefGnbQ,no_score,gvgai_clusters,1632,83,9
BJcefGnbQ,no_score,gvgai_clusters,1633,83,9
BJcefGnbQ,no_score,gvgai_clusters,1634,83,9
BJcefGnbQ,no_score,gvgai_clusters,1635,83,9
BJcefGnbQ,no_score,gvgai_clusters,1636,83,9
BJcefGnbQ,no_score,gvgai_clusters,1637,83,9
BJcefGnbQ,no_score,gvgai_clusters,1638,83,9
BJcefGnbQ,no_score,gvgai_clusters,1639,83,9
BJcefGnbQ,no_score,gvgai_clusters,1640,83,9
BJcefGnbQ,no_score,gvgai_clusters,1641,83,9
BJcefGnbQ,no_score,gvgai_clusters,1642,83,9
BJcefGnbQ,no_score,gvgai_clusters,1643,83,9
BJcefGnbQ,no_score,gvgai_clusters,1644,83,9
BJcefGnbQ,no_score,gvgai_clusters,1645,83,9
BJcefGnbQ,no_score,gvgai_clusters,1646,83,9
BJcefGnbQ,no_score,gvgai_clusters,1647,83,9
BJcefGnbQ,no_score,gvgai_clusters,1648,83,9
BJcefGnbQ,no_score,gvgai_clusters,1649,83,9
BJcefGnbQ,no_score,gvgai_clusters,1650,83,9
BJcefGnbQ,no_score,gvgai_clusters,1651,83,9
BJcefGnbQ,no_score,gvgai_clusters,1652,83,9
BJcefGnbQ,no_score,gvgai_clusters,1653,83,9
BJcefGnbQ,no_score,gvgai_clusters,1654,83,9
BJcefGnbQ,no_score,gvgai_clusters,1655,83,9
BJcefGnbQ,no_score,gvgai_clusters,1656,83,9
BJcefGnbQ,no_score,gvgai_clusters,1657,83,9
BJcefGnbQ,no_score,gvgai_clusters,1658,83,9
BJcefGnbQ,no_score,gvgai_clusters,1659,83,9
BJcefGnbQ,no_score,gvgai_clusters,1660,83,9
BJcefGnbQ,no_score,gvgai_clusters,1661,83,9
BJcefGnbQ,no_score,gvgai_clusters,1662,83,9
BJcefGnbQ,no_score,gvgai_clusters,1663,83,9
BJcefGnbQ,no_score,gvgai_clusters,1664,83,9
BJcefGnbQ,no_score,gvgai_clusters,1665,83,9
BJcefGnbQ,no_score,gvgai_clusters,1666,83,9
BJcefGnbQ,no_score,gvgai_clusters,1667,83,9
BJcefGnbQ,no_score,gvgai_clusters,1668,83,9
BJcefGnbQ,no_score,gvgai_clusters,1669,83,9
BJcefGnbQ,no_score,gvgai_clusters,1670,83,9
BJcefGnbQ,no_score,gvgai_clusters,1671,83,9
BJcefGnbQ,no_score,gvgai_clusters,1672,83,9
BJcefGnbQ,no_score,gvgai_clusters,1673,83,9
BJcefGnbQ,no_score,gvgai_clusters,1674,83,9
BJcefGnbQ,no_score,gvgai_clusters,1675,83,9
BJcefGnbQ,no_score,gvgai_clusters,1676,83,9
BJcefGnbQ,no_score,gvgai_clusters,1677,83,9
BJcefGnbQ,no_score,gvgai_clusters,1678,83,9
BJcefGnbQ,no_score,gvgai_clusters,1679,83,9
BJcefGnbQ,no_score,gvgai_clusters,1680,83,9
BJcefGnbQ,no_score,gvgai_clusters,1681,83,9
BJcefGnbQ,no_score,gvgai_clusters,1682,83,9
BJcefGnbQ,no_score,gvgai_clusters,1683,83,9
BJcefGnbQ,no_score,gvgai_clusters,1684,83,9
BJcefGnbQ,no_score,gvgai_clusters,1685,83,9
BJcefGnbQ,no_score,gvgai_clusters,1686,83,9
BJcefGnbQ,no_score,gvgai_clusters,1687,83,9
BJcefGnbQ,no_score,gvgai_clusters,1688,83,9
BJcefGnbQ,no_score,gvgai_clusters,1689,83,9
BJcefGnbQ,no_score,gvgai_clusters,1690,83,9
BJcefGnbQ,no_score,gvgai_clusters,1691,83,9
BJcefGnbQ,no_score,gvgai_clusters,1692,83,9
BJcefGnbQ,no_score,gvgai_clusters,1693,83,9
BJcefGnbQ,no_score,gvgai_clusters,1694,83,9
BJcefGnbQ,no_score,gvgai_clusters,1695,83,9
BJcefGnbQ,no_score,gvgai_clusters,1696,83,9
BJcefGnbQ,no_score,gvgai_clusters,1697,83,9
BJcefGnbQ,no_score,gvgai_clusters,1698,83,9
BJcefGnbQ,no_score,gvgai_clusters,1699,83,9
BJcefGnbQ,no_score,gvgai_clusters,1700,83,9
BJcefGnbQ,no_score,gvgai_clusters,1701,83,9
BJcefGnbQ,no_score,gvgai_clusters,1702,83,9
BJcefGnbQ,no_score,gvgai_clusters,1703,83,9
BJcefGnbQ,no_score,gvgai_clusters,1704,83,9
BJcefGnbQ,no_score,gvgai_clusters,1705,83,9
BJcefGnbQ,no_score,gvgai_clusters,1706,83,9
BJcefGnbQ,no_score,gvgai_clusters,1707,83,9
BJcefGnbQ,no_score,gvgai_clusters,1708,83,9
BJcefGnbQ,no_score,gvgai_clusters,1709,83,9
BJcefGnbQ,no_score,gvgai_clusters,1710,83,9
BJcefGnbQ,no_score,gvgai_clusters,1711,83,9
BJcefGnbQ,no_score,gvgai_clusters,1712,83,9
BJcefGnbQ,no_score,gvgai_clusters,1713,83,9
BJcefGnbQ,no_score,gvgai_clusters,1714,83,9
BJcefGnbQ,no_score,gvgai_clusters,1715,83,9
BJcefGnbQ,no_score,gvgai_clusters,1716,83,9
BJcefGnbQ,no_score,gvgai_clusters,1717,83,9
BJcefGnbQ,no_score,gvgai_clusters,1718,83,9
BJcefGnbQ,no_score,gvgai_clusters,1719,83,9
BJcefGnbQ,no_score,gvgai_clusters,1720,83,9
BJcefGnbQ,no_score,gvgai_clusters,1721,83,9
BJcefGnbQ,no_score,gvgai_clusters,1722,83,9
BJcefGnbQ,no_score,gvgai_clusters,1723,83,9
BJcefGnbQ,no_score,gvgai_clusters,1724,83,9
BJcefGnbQ,no_score,gvgai_clusters,1725,83,9
BJcefGnbQ,no_score,gvgai_clusters,1726,83,9
BJcefGnbQ,no_score,gvgai_clusters,1727,83,9
BJcefGnbQ,no_score,gvgai_clusters,1728,83,9
BJcefGnbQ,no_score,gvgai_clusters,1729,83,9
BJcefGnbQ,no_score,gvgai_clusters,1730,83,9
BJcefGnbQ,no_score,gvgai_clusters,1731,83,9
BJcefGnbQ,no_score,gvgai_clusters,1732,83,9
BJcefGnbQ,no_score,gvgai_clusters,1733,83,9
BJcefGnbQ,no_score,gvgai_clusters,1734,83,9
BJcefGnbQ,no_score,gvgai_clusters,1735,83,9
BJcefGnbQ,no_score,gvgai_clusters,1736,83,9
BJcefGnbQ,no_score,gvgai_clusters,1737,83,9
BJcefGnbQ,no_score,gvgai_clusters,1738,83,9
BJcefGnbQ,no_score,gvgai_clusters,1739,83,9
BJcefGnbQ,no_score,gvgai_clusters,1740,83,9
BJcefGnbQ,no_score,gvgai_clusters,1741,83,9
BJcefGnbQ,no_score,gvgai_clusters,1742,83,9
BJcefGnbQ,no_score,gvgai_clusters,1743,83,9
BJcefGnbQ,no_score,gvgai_clusters,1744,83,9
BJcefGnbQ,no_score,gvgai_clusters,1745,83,9
BJcefGnbQ,no_score,gvgai_clusters,1746,83,9
BJcefGnbQ,no_score,gvgai_clusters,1747,83,9
BJcefGnbQ,no_score,gvgai_clusters,1748,83,9
BJcefGnbQ,no_score,gvgai_clusters,1749,83,9
BJcefGnbQ,no_score,gvgai_clusters,1750,83,9
BJcefGnbQ,no_score,gvgai_clusters,1751,83,9
BJcefGnbQ,no_score,gvgai_clusters,1752,83,9
BJcefGnbQ,no_score,gvgai_clusters,1753,83,9
BJcefGnbQ,no_score,gvgai_clusters,1754,83,9
BJcefGnbQ,no_score,gvgai_clusters,1755,83,9
BJcefGnbQ,no_score,gvgai_clusters,1756,83,9
BJcefGnbQ,no_score,gvgai_clusters,1757,83,9
BJcefGnbQ,no_score,gvgai_clusters,1758,83,9
BJcefGnbQ,no_score,gvgai_clusters,1759,83,9
BJcefGnbQ,no_score,gvgai_clusters,1760,83,9
BJcefGnbQ,no_score,gvgai_clusters,1761,83,9
BJcefGnbQ,no_score,gvgai_clusters,1762,83,9
BJcefGnbQ,no_score,gvgai_clusters,1763,83,9
BJcefGnbQ,no_score,gvgai_clusters,1764,83,9
BJcefGnbQ,no_score,gvgai_clusters,1765,83,9
BJcefGnbQ,no_score,gvgai_clusters,1766,83,9
BJcefGnbQ,no_score,gvgai_clusters,1767,83,9
BJcefGnbQ,no_score,gvgai_clusters,1768,83,9
BJcefGnbQ,no_score,gvgai_clusters,1769,83,9
BJcefGnbQ,no_score,gvgai_clusters,1770,83,9
BJcefGnbQ,no_score,gvgai_clusters,1771,83,9
BJcefGnbQ,no_score,gvgai_clusters,1772,83,9
BJcefGnbQ,no_score,gvgai_clusters,1773,83,9
BJcefGnbQ,no_score,gvgai_clusters,1774,83,9
BJcefGnbQ,no_score,gvgai_clusters,1775,83,9
BJcefGnbQ,no_score,gvgai_clusters,1776,83,9
BJcefGnbQ,no_score,gvgai_clusters,1777,83,9
BJcefGnbQ,no_score,gvgai_clusters,1778,83,9
BJcefGnbQ,no_score,gvgai_clusters,1779,83,9
BJcefGnbQ,no_score,gvgai_clusters,1780,83,9
BJcefGnbQ,no_score,gvgai_clusters,1781,83,9
BJcefGnbQ,no_score,gvgai_clusters,1782,83,9
BJcefGnbQ,no_score,gvgai_clusters,1783,83,9
BJcefGnbQ,no_score,gvgai_clusters,1784,83,9
BJcefGnbQ,no_score,gvgai_clusters,1785,83,9
BJcefGnbQ,no_score,gvgai_clusters,1786,83,9
BJcefGnbQ,no_score,gvgai_clusters,1787,83,9
BJcefGnbQ,no_score,gvgai_clusters,1788,83,9
BJcefGnbQ,no_score,gvgai_clusters,1789,83,9
BJcefGnbQ,no_score,gvgai_clusters,1790,83,9
BJcefGnbQ,no_score,gvgai_clusters,1791,83,9
BJcefGnbQ,no_score,gvgai_clusters,1792,83,9
BJcefGnbQ,no_score,gvgai_clusters,1793,83,9
BJcefGnbQ,no_score,gvgai_clusters,1794,83,9
BJcefGnbQ,no_score,gvgai_clusters,1795,83,9
BJcefGnbQ,no_score,gvgai_clusters,1796,83,9
BJcefGnbQ,no_score,gvgai_clusters,1797,83,9
BJcefGnbQ,no_score,gvgai_clusters,1798,83,9
BJcefGnbQ,no_score,gvgai_clusters,1799,83,9
BJcefGnbQ,no_score,gvgai_clusters,1800,83,9
BJcefGnbQ,no_score,gvgai_clusters,1801,83,9
BJcefGnbQ,no_score,gvgai_clusters,1802,83,9
BJcefGnbQ,no_score,gvgai_clusters,1803,83,9
BJcefGnbQ,no_score,gvgai_clusters,1804,83,9
BJcefGnbQ,no_score,gvgai_clusters,1805,83,9
BJcefGnbQ,no_score,gvgai_clusters,1806,83,9
BJcefGnbQ,no_score,gvgai_clusters,1807,83,9
BJcefGnbQ,no_score,gvgai_clusters,1808,83,9
BJcefGnbQ,no_score,gvgai_clusters,1809,83,9
BJcefGnbQ,no_score,gvgai_clusters,1810,83,9
BJcefGnbQ,no_score,gvgai_clusters,1811,83,9
BJcefGnbQ,no_score,gvgai_clusters,1812,83,9
BJcefGnbQ,no_score,gvgai_clusters,1813,83,9
BJcefGnbQ,no_score,gvgai_clusters,1814,83,9
BJcefGnbQ,no_score,gvgai_clusters,1815,83,9
BJcefGnbQ,no_score,gvgai_clusters,1816,83,9
BJcefGnbQ,no_score,gvgai_clusters,1817,83,9
BJcefGnbQ,no_score,gvgai_clusters,1818,83,9
BJcefGnbQ,no_score,gvgai_clusters,1819,83,9
BJcefGnbQ,no_score,gvgai_clusters,1820,83,9
BJcefGnbQ,no_score,gvgai_clusters,1821,83,9
BJcefGnbQ,no_score,gvgai_clusters,1822,83,9
BJcefGnbQ,no_score,gvgai_clusters,1823,83,9
BJcefGnbQ,no_score,gvgai_clusters,1824,83,9
BJcefGnbQ,no_score,gvgai_clusters,1825,83,9
BJcefGnbQ,no_score,gvgai_clusters,1826,83,9
BJcefGnbQ,no_score,gvgai_clusters,1827,83,9
BJcefGnbQ,no_score,gvgai_clusters,1828,83,9
BJcefGnbQ,no_score,gvgai_clusters,1829,83,9
BJcefGnbQ,no_score,gvgai_clusters,1830,83,9
BJcefGnbQ,no_score,gvgai_clusters,1831,83,9
BJcefGnbQ,no_score,gvgai_clusters,1832,83,9
BJcefGnbQ,no_score,gvgai_clusters,1833,83,9
BJcefGnbQ,no_score,gvgai_clusters,1834,83,9
BJcefGnbQ,no_score,gvgai_clusters,1835,83,9
BJcefGnbQ,no_score,gvgai_clusters,1836,83,9
BJcefGnbQ,no_score,gvgai_clusters,1837,83,9
BJcefGnbQ,no_score,gvgai_clusters,1838,83,9
BJcefGnbQ,no_score,gvgai_clusters,1839,83,9
BJcefGnbQ,no_score,gvgai_clusters,1840,83,9
BJcefGnbQ,no_score,gvgai_clusters,1841,83,9
BJcefGnbQ,no_score,gvgai_clusters,1842,83,9
BJcefGnbQ,no_score,gvgai_clusters,1843,83,9
BJcefGnbQ,no_score,gvgai_clusters,1844,83,9
BJcefGnbQ,no_score,gvgai_clusters,1845,83,9
BJcefGnbQ,no_score,gvgai_clusters,1846,83,9
BJcefGnbQ,no_score,gvgai_clusters,1847,83,9
BJcefGnbQ,no_score,gvgai_clusters,1848,83,9
BJcefGnbQ,no_score,gvgai_clusters,1849,83,9
BJcefGnbQ,no_score,gvgai_clusters,1850,83,9
BJcefGnbQ,no_score,gvgai_clusters,1851,83,9
BJcefGnbQ,no_score,gvgai_clusters,1852,83,9
BJcefGnbQ,no_score,gvgai_clusters,1853,83,9
BJcefGnbQ,no_score,gvgai_clusters,1854,83,9
BJcefGnbQ,no_score,gvgai_clusters,1855,83,9
BJcefGnbQ,no_score,gvgai_clusters,1856,83,9
BJcefGnbQ,no_score,gvgai_clusters,1857,83,9
BJcefGnbQ,no_score,gvgai_clusters,1858,83,9
BJcefGnbQ,no_score,gvgai_clusters,1859,83,9
BJcefGnbQ,no_score,gvgai_clusters,1860,83,9
BJcefGnbQ,no_score,gvgai_clusters,1861,83,9
BJcefGnbQ,no_score,gvgai_clusters,1862,83,9
BJcefGnbQ,no_score,gvgai_clusters,1863,83,9
BJcefGnbQ,no_score,gvgai_clusters,1864,83,9
BJcefGnbQ,no_score,gvgai_clusters,1865,83,9
BJcefGnbQ,no_score,gvgai_clusters,1866,83,9
BJcefGnbQ,no_score,gvgai_clusters,1867,83,9
BJcefGnbQ,no_score,gvgai_clusters,1868,83,9
BJcefGnbQ,no_score,gvgai_clusters,1869,83,9
BJcefGnbQ,no_score,gvgai_clusters,1870,83,9
BJcefGnbQ,no_score,gvgai_clusters,1871,83,9
BJcefGnbQ,no_score,gvgai_clusters,1872,83,9
BJcefGnbQ,no_score,gvgai_clusters,1873,83,9
BJcefGnbQ,no_score,gvgai_clusters,1874,83,9
BJcefGnbQ,no_score,gvgai_clusters,1875,83,9
BJcefGnbQ,no_score,gvgai_clusters,1876,83,9
BJcefGnbQ,no_score,gvgai_clusters,1877,83,9
BJcefGnbQ,no_score,gvgai_clusters,1878,83,9
BJcefGnbQ,no_score,gvgai_clusters,1879,83,9
BJcefGnbQ,no_score,gvgai_clusters,1880,83,9
BJcefGnbQ,no_score,gvgai_clusters,1881,83,9
BJcefGnbQ,no_score,gvgai_clusters,1882,83,9
BJcefGnbQ,no_score,gvgai_clusters,1883,83,9
BJcefGnbQ,no_score,gvgai_clusters,1884,83,9
BJcefGnbQ,no_score,gvgai_clusters,1885,83,9
BJcefGnbQ,no_score,gvgai_clusters,1886,83,9
BJcefGnbQ,no_score,gvgai_clusters,1887,83,9
BJcefGnbQ,no_score,gvgai_clusters,1888,83,9
BJcefGnbQ,no_score,gvgai_clusters,1889,83,9
BJcefGnbQ,no_score,gvgai_clusters,1890,83,9
BJcefGnbQ,no_score,gvgai_clusters,1891,83,9
BJcefGnbQ,no_score,gvgai_clusters,1892,83,9
BJcefGnbQ,no_score,gvgai_clusters,1893,83,9
BJcefGnbQ,no_score,gvgai_clusters,1894,83,9
BJcefGnbQ,no_score,gvgai_clusters,1895,83,9
BJcefGnbQ,no_score,gvgai_clusters,1896,83,9
BJcefGnbQ,no_score,gvgai_clusters,1897,83,9
BJcefGnbQ,no_score,gvgai_clusters,1898,83,9
BJcefGnbQ,no_score,gvgai_clusters,1899,83,9
BJcefGnbQ,no_score,gvgai_clusters,1900,83,9
BJcefGnbQ,no_score,gvgai_clusters,1901,83,9
BJcefGnbQ,no_score,gvgai_clusters,1902,83,9
BJcefGnbQ,no_score,gvgai_clusters,1903,83,9
BJcefGnbQ,no_score,gvgai_clusters,1904,83,9
BJcefGnbQ,no_score,gvgai_clusters,1905,83,9
BJcefGnbQ,no_score,gvgai_clusters,1906,83,9
BJcefGnbQ,no_score,gvgai_clusters,1907,83,9
BJcefGnbQ,no_score,gvgai_clusters,1908,83,9
BJcefGnbQ,no_score,gvgai_clusters,1909,83,9
BJcefGnbQ,no_score,gvgai_clusters,1910,83,9
BJcefGnbQ,no_score,gvgai_clusters,1911,83,9
BJcefGnbQ,no_score,gvgai_clusters,1912,83,9
BJcefGnbQ,no_score,gvgai_clusters,1913,83,9
BJcefGnbQ,no_score,gvgai_clusters,1914,83,9
BJcefGnbQ,no_score,gvgai_clusters,1915,83,9
BJcefGnbQ,no_score,gvgai_clusters,1916,83,9
BJcefGnbQ,no_score,gvgai_clusters,1917,83,9
BJcefGnbQ,no_score,gvgai_clusters,1918,83,9
BJcefGnbQ,no_score,gvgai_clusters,1919,83,9
BJcefGnbQ,no_score,gvgai_clusters,1920,83,9
BJcefGnbQ,no_score,gvgai_clusters,1921,83,9
BJcefGnbQ,no_score,gvgai_clusters,1922,83,9
BJcefGnbQ,no_score,gvgai_clusters,1923,83,9
BJcefGnbQ,no_score,gvgai_clusters,1924,83,9
BJcefGnbQ,no_score,gvgai_clusters,1925,83,9
BJcefGnbQ,no_score,gvgai_clusters,1926,83,9
BJcefGnbQ,no_score,gvgai_clusters,1927,83,9
BJcefGnbQ,no_score,gvgai_clusters,1928,83,9
BJcefGnbQ,no_score,gvgai_clusters,1929,83,9
BJcefGnbQ,no_score,gvgai_clusters,1930,83,9
BJcefGnbQ,no_score,gvgai_clusters,1931,83,9
BJcefGnbQ,no_score,gvgai_clusters,1932,83,9
BJcefGnbQ,no_score,gvgai_clusters,1933,83,9
BJcefGnbQ,no_score,gvgai_clusters,1934,83,9
BJcefGnbQ,no_score,gvgai_clusters,1935,83,9
BJcefGnbQ,no_score,gvgai_clusters,1936,83,9
BJcefGnbQ,no_score,gvgai_clusters,1937,83,9
BJcefGnbQ,no_score,gvgai_clusters,1938,83,9
BJcefGnbQ,no_score,gvgai_clusters,1939,83,9
BJcefGnbQ,no_score,gvgai_clusters,1940,83,9
BJcefGnbQ,no_score,gvgai_clusters,1941,83,9
BJcefGnbQ,no_score,gvgai_clusters,1942,83,9
BJcefGnbQ,no_score,gvgai_clusters,1943,83,9
BJcefGnbQ,no_score,gvgai_clusters,1944,83,9
BJcefGnbQ,no_score,gvgai_clusters,1945,83,9
BJcefGnbQ,no_score,gvgai_clusters,1946,83,9
BJcefGnbQ,no_score,gvgai_clusters,1947,83,9
BJcefGnbQ,no_score,gvgai_clusters,1948,83,9
BJcefGnbQ,no_score,gvgai_clusters,1949,83,9
BJcefGnbQ,no_score,gvgai_clusters,1950,83,9
BJcefGnbQ,no_score,gvgai_clusters,1951,83,9
BJcefGnbQ,no_score,gvgai_clusters,1952,83,9
BJcefGnbQ,no_score,gvgai_clusters,1953,83,9
BJcefGnbQ,no_score,gvgai_clusters,1954,83,9
BJcefGnbQ,no_score,gvgai_clusters,1955,83,9
BJcefGnbQ,no_score,gvgai_clusters,1956,83,9
BJcefGnbQ,no_score,gvgai_clusters,1957,83,9
BJcefGnbQ,no_score,gvgai_clusters,1958,83,9
BJcefGnbQ,no_score,gvgai_clusters,1959,83,9
BJcefGnbQ,no_score,gvgai_clusters,1960,83,9
BJcefGnbQ,no_score,gvgai_clusters,1961,83,9
BJcefGnbQ,no_score,gvgai_clusters,1962,83,9
BJcefGnbQ,no_score,gvgai_clusters,1963,83,9
BJcefGnbQ,no_score,gvgai_clusters,1964,83,9
BJcefGnbQ,no_score,gvgai_clusters,1965,83,9
BJcefGnbQ,no_score,gvgai_clusters,1966,83,9
BJcefGnbQ,no_score,gvgai_clusters,1967,83,9
BJcefGnbQ,no_score,gvgai_clusters,1968,83,9
BJcefGnbQ,no_score,gvgai_clusters,1969,83,9
BJcefGnbQ,no_score,gvgai_clusters,1970,83,9
BJcefGnbQ,no_score,gvgai_clusters,1971,83,9
BJcefGnbQ,no_score,gvgai_clusters,1972,83,9
BJcefGnbQ,no_score,gvgai_clusters,1973,83,9
BJcefGnbQ,no_score,gvgai_clusters,1974,83,9
BJcefGnbQ,no_score,gvgai_clusters,1975,83,9
BJcefGnbQ,no_score,gvgai_clusters,1976,83,9
BJcefGnbQ,no_score,gvgai_clusters,1977,83,9
BJcefGnbQ,no_score,gvgai_clusters,1978,83,9
BJcefGnbQ,no_score,gvgai_clusters,1979,83,9
BJcefGnbQ,no_score,gvgai_clusters,1980,83,9
BJcefGnbQ,no_score,gvgai_clusters,1981,83,9
BJcefGnbQ,no_score,gvgai_clusters,1982,83,9
BJcefGnbQ,no_score,gvgai_clusters,1983,83,9
BJcefGnbQ,no_score,gvgai_clusters,1984,83,9
BJcefGnbQ,no_score,gvgai_clusters,1985,83,9
BJcefGnbQ,no_score,gvgai_clusters,1986,83,9
BJcefGnbQ,no_score,gvgai_clusters,1987,83,9
BJcefGnbQ,no_score,gvgai_clusters,1988,83,9
BJcefGnbQ,no_score,gvgai_clusters,1989,83,9
BJcefGnbQ,no_score,gvgai_clusters,1990,83,9
BJcefGnbQ,no_score,gvgai_clusters,1991,83,9
BJcefGnbQ,no_score,gvgai_clusters,1992,83,9
BJcefGnbQ,no_score,gvgai_clusters,1993,83,9
BJcefGnbQ,no_score,gvgai_clusters,1994,83,9
BJcefGnbQ,no_score,gvgai_clusters,1995,83,9
BJcefGnbQ,no_score,gvgai_clusters,1996,83,9
BJcefGnbQ,no_score,gvgai_clusters,1997,83,9
BJcefGnbQ,no_score,gvgai_clusters,1998,83,9
BJcefGnbQ,no_score,gvgai_clusters,1999,83,9
BJcefGnbQ,no_score,gvgai_clusters,2000,83,9
BJcefGnbQ,no_score,gvgai_clusters,2001,83,9
BJcefGnbQ,no_score,gvgai_clusters,2002,83,9
BJcefGnbQ,no_score,gvgai_clusters,2003,83,9
BJcefGnbQ,no_score,gvgai_clusters,2004,83,9
BJcefGnbQ,no_score,gvgai_clusters,2005,83,9
BJcefGnbQ,no_score,gvgai_clusters,2006,83,9
BJcefGnbQ,no_score,gvgai_clusters,2007,83,9
BJcefGnbQ,no_score,gvgai_clusters,2008,83,9
BJcefGnbQ,no_score,gvgai_clusters,2009,83,9
BJcefGnbQ,no_score,gvgai_clusters,2010,83,9
BJcefGnbQ,no_score,gvgai_clusters,2011,83,9
BJcefGnbQ,no_score,gvgai_clusters,2012,83,9
BJcefGnbQ,no_score,gvgai_clusters,2013,83,9
BJcefGnbQ,no_score,gvgai_clusters,2014,83,9
BJcefGnbQ,no_score,gvgai_clusters,2015,83,9
BJcefGnbQ,no_score,gvgai_clusters,2016,83,9
BJcefGnbQ,no_score,gvgai_clusters,2017,83,9
BJcefGnbQ,no_score,gvgai_clusters,2018,83,9
BJcefGnbQ,no_score,gvgai_clusters,2019,83,9
BJcefGnbQ,no_score,gvgai_clusters,2020,83,9
BJcefGnbQ,no_score,gvgai_clusters,2021,83,9
BJcefGnbQ,no_score,gvgai_clusters,2022,83,9
BJcefGnbQ,no_score,gvgai_clusters,2023,83,9
BJcefGnbQ,no_score,gvgai_clusters,2024,83,9
BJcefGnbQ,no_score,gvgai_clusters,2025,83,9
BJcefGnbQ,no_score,gvgai_clusters,2026,83,9
BJcefGnbQ,no_score,gvgai_clusters,2027,83,9
BJcefGnbQ,no_score,gvgai_clusters,2028,83,9
BJcefGnbQ,no_score,gvgai_clusters,2029,83,9
BJcefGnbQ,no_score,gvgai_clusters,2030,83,9
BJcefGnbQ,no_score,gvgai_clusters,2031,83,9
BJcefGnbQ,no_score,gvgai_clusters,2032,83,9
BJcefGnbQ,no_score,gvgai_clusters,2033,83,9
BJcefGnbQ,no_score,gvgai_clusters,2034,83,9
BJcefGnbQ,no_score,gvgai_clusters,2035,83,9
BJcefGnbQ,no_score,gvgai_clusters,2036,83,9
BJcefGnbQ,no_score,gvgai_clusters,2037,83,9
BJcefGnbQ,no_score,gvgai_clusters,2038,83,9
BJcefGnbQ,no_score,gvgai_clusters,2039,83,9
BJcefGnbQ,no_score,gvgai_clusters,2040,83,9
BJcefGnbQ,no_score,gvgai_clusters,2041,83,9
BJcefGnbQ,no_score,gvgai_clusters,2042,83,9
BJcefGnbQ,no_score,gvgai_clusters,2043,83,9
BJcefGnbQ,no_score,gvgai_clusters,2044,83,9
BJcefGnbQ,no_score,gvgai_clusters,2045,83,9
BJcefGnbQ,no_score,gvgai_clusters,2046,83,9
BJcefGnbQ,no_score,gvgai_clusters,2047,83,9
BJcefGnbQ,no_score,gvgai_clusters,2048,83,9
BJcefGnbQ,no_score,gvgai_clusters,2049,83,9
BJcefGnbQ,no_score,gvgai_clusters,2050,83,9
BJcefGnbQ,no_score,gvgai_clusters,2051,83,9
BJcefGnbQ,no_score,gvgai_clusters,2052,83,9
BJcefGnbQ,no_score,gvgai_clusters,2053,83,9
BJcefGnbQ,no_score,gvgai_clusters,2054,83,9
BJcefGnbQ,no_score,gvgai_clusters,2055,83,9
BJcefGnbQ,no_score,gvgai_clusters,2056,83,9
BJcefGnbQ,no_score,gvgai_clusters,2057,83,9
BJcefGnbQ,no_score,gvgai_clusters,2058,83,9
BJcefGnbQ,no_score,gvgai_clusters,2059,83,9
BJcefGnbQ,no_score,gvgai_clusters,2060,83,9
BJcefGnbQ,no_score,gvgai_clusters,2061,83,9
BJcefGnbQ,no_score,gvgai_clusters,2062,83,9
BJcefGnbQ,no_score,gvgai_clusters,2063,83,9
BJcefGnbQ,no_score,gvgai_clusters,2064,83,9
BJcefGnbQ,no_score,gvgai_clusters,2065,83,9
BJcefGnbQ,no_score,gvgai_clusters,2066,83,9
BJcefGnbQ,no_score,gvgai_clusters,2067,83,9
BJcefGnbQ,no_score,gvgai_clusters,2068,83,9
BJcefGnbQ,no_score,gvgai_clusters,2069,83,9
BJcefGnbQ,no_score,gvgai_clusters,2070,83,9
BJcefGnbQ,no_score,gvgai_clusters,2071,83,9
BJcefGnbQ,no_score,gvgai_clusters,2072,83,9
BJcefGnbQ,no_score,gvgai_clusters,2073,83,9
BJcefGnbQ,no_score,gvgai_clusters,2074,83,9
BJcefGnbQ,no_score,gvgai_clusters,2075,83,9
BJcefGnbQ,no_score,gvgai_clusters,2076,83,9
BJcefGnbQ,no_score,gvgai_clusters,2077,83,9
BJcefGnbQ,no_score,gvgai_clusters,2078,83,9
BJcefGnbQ,no_score,gvgai_clusters,2079,83,9
BJcefGnbQ,no_score,gvgai_clusters,2080,83,9
BJcefGnbQ,no_score,gvgai_clusters,2081,83,9
BJcefGnbQ,no_score,gvgai_clusters,2082,83,9
BJcefGnbQ,no_score,gvgai_clusters,2083,83,9
BJcefGnbQ,no_score,gvgai_clusters,2084,83,9
BJcefGnbQ,no_score,gvgai_clusters,2085,83,9
BJcefGnbQ,no_score,gvgai_clusters,2086,83,9
BJcefGnbQ,no_score,gvgai_clusters,2087,83,9
BJcefGnbQ,no_score,gvgai_clusters,2088,83,9
BJcefGnbQ,no_score,gvgai_clusters,2089,83,9
BJcefGnbQ,no_score,gvgai_clusters,2090,83,9
BJcefGnbQ,no_score,gvgai_clusters,2091,83,9
BJcefGnbQ,no_score,gvgai_clusters,2092,83,9
BJcefGnbQ,no_score,gvgai_clusters,2093,83,9
BJcefGnbQ,no_score,gvgai_clusters,2094,83,9
BJcefGnbQ,no_score,gvgai_clusters,2095,83,9
BJcefGnbQ,no_score,gvgai_clusters,2096,83,9
BJcefGnbQ,no_score,gvgai_clusters,2097,83,9
BJcefGnbQ,no_score,gvgai_clusters,2098,83,9
BJcefGnbQ,no_score,gvgai_clusters,2099,83,9
BJcefGnbQ,no_score,gvgai_clusters,2100,83,9
BJcefGnbQ,no_score,gvgai_clusters,2101,83,9
BJcefGnbQ,no_score,gvgai_clusters,2102,83,9
BJcefGnbQ,no_score,gvgai_clusters,2103,83,9
BJcefGnbQ,no_score,gvgai_clusters,2104,83,9
BJcefGnbQ,no_score,gvgai_clusters,2105,83,9
BJcefGnbQ,no_score,gvgai_clusters,2106,83,9
BJcefGnbQ,no_score,gvgai_clusters,2107,83,9
BJcefGnbQ,no_score,gvgai_clusters,2108,83,9
BJcefGnbQ,no_score,gvgai_clusters,2109,83,9
BJcefGnbQ,no_score,gvgai_clusters,2110,83,9
BJcefGnbQ,no_score,gvgai_clusters,2111,83,9
BJcefGnbQ,no_score,gvgai_clusters,2112,83,9
BJcefGnbQ,no_score,gvgai_clusters,2113,83,9
BJcefGnbQ,no_score,gvgai_clusters,2114,83,9
BJcefGnbQ,no_score,gvgai_clusters,2115,83,9
BJcefGnbQ,no_score,gvgai_clusters,2116,83,9
BJcefGnbQ,no_score,gvgai_clusters,2117,83,9
BJcefGnbQ,no_score,gvgai_clusters,2118,83,9
BJcefGnbQ,no_score,gvgai_clusters,2119,83,9
BJcefGnbQ,no_score,gvgai_clusters,2120,83,9
BJcefGnbQ,no_score,gvgai_clusters,2121,83,9
BJcefGnbQ,no_score,gvgai_clusters,2122,83,9
BJcefGnbQ,no_score,gvgai_clusters,2123,83,9
BJcefGnbQ,no_score,gvgai_clusters,2124,83,9
BJcefGnbQ,no_score,gvgai_clusters,2125,83,9
BJcefGnbQ,no_score,gvgai_clusters,2126,83,9
BJcefGnbQ,no_score,gvgai_clusters,2127,83,9
BJcefGnbQ,no_score,gvgai_clusters,2128,83,9
BJcefGnbQ,no_score,gvgai_clusters,2129,83,9
BJcefGnbQ,no_score,gvgai_clusters,2130,83,9
BJcefGnbQ,no_score,gvgai_clusters,2131,83,9
BJcefGnbQ,no_score,gvgai_clusters,2132,83,9
BJcefGnbQ,no_score,gvgai_clusters,2133,83,9
BJcefGnbQ,no_score,gvgai_clusters,2134,83,9
BJcefGnbQ,no_score,gvgai_clusters,2135,83,9
BJcefGnbQ,no_score,gvgai_clusters,2136,83,9
BJcefGnbQ,no_score,gvgai_clusters,2137,83,9
BJcefGnbQ,no_score,gvgai_clusters,2138,83,9
BJcefGnbQ,no_score,gvgai_clusters,2139,83,9
BJcefGnbQ,no_score,gvgai_clusters,2140,83,9
BJcefGnbQ,no_score,gvgai_clusters,2141,83,9
BJcefGnbQ,no_score,gvgai_clusters,2142,83,9
BJcefGnbQ,no_score,gvgai_clusters,2143,83,9
BJcefGnbQ,no_score,gvgai_clusters,2144,83,9
BJcefGnbQ,no_score,gvgai_clusters,2145,83,9
BJcefGnbQ,no_score,gvgai_clusters,2146,83,9
BJcefGnbQ,no_score,gvgai_clusters,2147,83,9
BJcefGnbQ,no_score,gvgai_clusters,2148,83,9
BJcefGnbQ,no_score,gvgai_clusters,2149,83,9
BJcefGnbQ,no_score,gvgai_clusters,2150,83,9
BJcefGnbQ,no_score,gvgai_clusters,2151,83,9
BJcefGnbQ,no_score,gvgai_clusters,2152,83,9
BJcefGnbQ,no_score,gvgai_clusters,2153,83,9
BJcefGnbQ,no_score,gvgai_clusters,2154,83,9
BJcefGnbQ,no_score,gvgai_clusters,2155,83,9
BJcefGnbQ,no_score,gvgai_clusters,2156,83,9
BJcefGnbQ,no_score,gvgai_clusters,2157,83,9
BJcefGnbQ,no_score,gvgai_clusters,2158,83,9
BJcefGnbQ,no_score,gvgai_clusters,2159,83,9
BJcefGnbQ,no_score,gvgai_clusters,2160,83,9
BJcefGnbQ,no_score,gvgai_clusters,2161,83,9
BJcefGnbQ,no_score,gvgai_clusters,2162,83,9
BJcefGnbQ,no_score,gvgai_clusters,2163,83,9
BJcefGnbQ,no_score,gvgai_clusters,2164,83,9
BJcefGnbQ,no_score,gvgai_clusters,2165,83,9
BJcefGnbQ,no_score,gvgai_clusters,2166,83,9
BJcefGnbQ,no_score,gvgai_clusters,2167,83,9
BJcefGnbQ,no_score,gvgai_clusters,2168,83,9
BJcefGnbQ,no_score,gvgai_clusters,2169,83,9
BJcefGnbQ,no_score,gvgai_clusters,2170,83,9
BJcefGnbQ,no_score,gvgai_clusters,2171,83,9
BJcefGnbQ,no_score,gvgai_clusters,2172,83,9
BJcefGnbQ,no_score,gvgai_clusters,2173,83,9
BJcefGnbQ,no_score,gvgai_clusters,2174,83,9
BJcefGnbQ,no_score,gvgai_clusters,2175,83,9
BJcefGnbQ,no_score,gvgai_clusters,2176,83,9
BJcefGnbQ,no_score,gvgai_clusters,2177,83,9
BJcefGnbQ,no_score,gvgai_clusters,2178,83,9
BJcefGnbQ,no_score,gvgai_clusters,2179,83,9
BJcefGnbQ,no_score,gvgai_clusters,2180,83,9
BJcefGnbQ,no_score,gvgai_clusters,2181,83,9
BJcefGnbQ,no_score,gvgai_clusters,2182,83,9
BJcefGnbQ,no_score,gvgai_clusters,2183,83,9
BJcefGnbQ,no_score,gvgai_clusters,2184,83,9
BJcefGnbQ,no_score,gvgai_clusters,2185,83,9
BJcefGnbQ,no_score,gvgai_clusters,2186,83,9
BJcefGnbQ,no_score,gvgai_clusters,2187,83,9
BJcefGnbQ,no_score,gvgai_clusters,2188,83,9
BJcefGnbQ,no_score,gvgai_clusters,2189,83,9
BJcefGnbQ,no_score,gvgai_clusters,2190,83,9
BJcefGnbQ,no_score,gvgai_clusters,2191,83,9
BJcefGnbQ,no_score,gvgai_clusters,2192,83,9
BJcefGnbQ,no_score,gvgai_clusters,2193,83,9
BJcefGnbQ,no_score,gvgai_clusters,2194,83,9
BJcefGnbQ,no_score,gvgai_clusters,2195,83,9
BJcefGnbQ,no_score,gvgai_clusters,2196,83,9
BJcefGnbQ,no_score,gvgai_clusters,2197,83,9
BJcefGnbQ,no_score,gvgai_clusters,2198,83,9
BJcefGnbQ,no_score,gvgai_clusters,2199,83,9
BJcefGnbQ,no_score,gvgai_clusters,2200,83,9
BJcefGnbQ,no_score,gvgai_clusters,2201,83,9
BJcefGnbQ,no_score,gvgai_clusters,2202,83,9
BJcefGnbQ,no_score,gvgai_clusters,2203,83,9
BJcefGnbQ,no_score,gvgai_clusters,2204,83,9
BJcefGnbQ,no_score,gvgai_clusters,2205,83,9
BJcefGnbQ,no_score,gvgai_clusters,2206,83,9
BJcefGnbQ,no_score,gvgai_clusters,2207,83,9
BJcefGnbQ,no_score,gvgai_clusters,2208,83,9
BJcefGnbQ,no_score,gvgai_clusters,2209,83,9
BJcefGnbQ,no_score,gvgai_clusters,2210,83,9
BJcefGnbQ,no_score,gvgai_clusters,2211,83,9
BJcefGnbQ,no_score,gvgai_clusters,2212,83,9
BJcefGnbQ,no_score,gvgai_clusters,2213,83,9
BJcefGnbQ,no_score,gvgai_clusters,2214,83,9
BJcefGnbQ,no_score,gvgai_clusters,2215,83,9
BJcefGnbQ,no_score,gvgai_clusters,2216,83,9
BJcefGnbQ,no_score,gvgai_clusters,2217,83,9
BJcefGnbQ,no_score,gvgai_clusters,2218,83,9
BJcefGnbQ,no_score,gvgai_clusters,2219,83,9
BJcefGnbQ,no_score,gvgai_clusters,2220,83,9
BJcefGnbQ,no_score,gvgai_clusters,2221,83,9
BJcefGnbQ,no_score,gvgai_clusters,2222,83,9
BJcefGnbQ,no_score,gvgai_clusters,2223,83,9
BJcefGnbQ,no_score,gvgai_clusters,2224,83,9
BJcefGnbQ,no_score,gvgai_clusters,2225,83,9
BJcefGnbQ,no_score,gvgai_clusters,2226,83,9
BJcefGnbQ,no_score,gvgai_clusters,2227,83,9
BJcefGnbQ,no_score,gvgai_clusters,2228,83,9
BJcefGnbQ,no_score,gvgai_clusters,2229,83,9
BJcefGnbQ,no_score,gvgai_clusters,2230,83,9
BJcefGnbQ,no_score,gvgai_clusters,2231,83,9
BJcefGnbQ,no_score,gvgai_clusters,2232,83,9
BJcefGnbQ,no_score,gvgai_clusters,2233,83,9
BJcefGnbQ,no_score,gvgai_clusters,2234,83,9
BJcefGnbQ,no_score,gvgai_clusters,2235,83,9
BJcefGnbQ,no_score,gvgai_clusters,2236,83,9
BJcefGnbQ,no_score,gvgai_clusters,2237,83,9
BJcefGnbQ,no_score,gvgai_clusters,2238,83,9
BJcefGnbQ,no_score,gvgai_clusters,2239,83,9
BJcefGnbQ,no_score,gvgai_clusters,2240,83,9
BJcefGnbQ,no_score,gvgai_clusters,2241,83,9
BJcefGnbQ,no_score,gvgai_clusters,2242,83,9
BJcefGnbQ,no_score,gvgai_clusters,2243,83,9
BJcefGnbQ,no_score,gvgai_clusters,2244,83,9
BJcefGnbQ,no_score,gvgai_clusters,2245,83,9
BJcefGnbQ,no_score,gvgai_clusters,2246,83,9
BJcefGnbQ,no_score,gvgai_clusters,2247,83,9
BJcefGnbQ,no_score,gvgai_clusters,2248,83,9
BJcefGnbQ,no_score,gvgai_clusters,2249,83,9
BJcefGnbQ,no_score,gvgai_clusters,2250,83,9
BJcefGnbQ,no_score,gvgai_clusters,2251,83,9
BJcefGnbQ,no_score,gvgai_clusters,2252,83,9
BJcefGnbQ,no_score,gvgai_clusters,2253,83,9
BJcefGnbQ,no_score,gvgai_clusters,2254,83,9
BJcefGnbQ,no_score,gvgai_clusters,2255,83,9
BJcefGnbQ,no_score,gvgai_clusters,2256,83,9
BJcefGnbQ,no_score,gvgai_clusters,2257,83,9
BJcefGnbQ,no_score,gvgai_clusters,2258,83,9
BJcefGnbQ,no_score,gvgai_clusters,2259,83,9
BJcefGnbQ,no_score,gvgai_clusters,2260,83,9
BJcefGnbQ,no_score,gvgai_clusters,2261,83,9
BJcefGnbQ,no_score,gvgai_clusters,2262,83,9
BJcefGnbQ,no_score,gvgai_clusters,2263,83,9
BJcefGnbQ,no_score,gvgai_clusters,2264,83,9
BJcefGnbQ,no_score,gvgai_clusters,2265,83,9
BJcefGnbQ,no_score,gvgai_clusters,2266,83,9
BJcefGnbQ,no_score,gvgai_clusters,2267,83,9
BJcefGnbQ,no_score,gvgai_clusters,2268,83,9
BJcefGnbQ,no_score,gvgai_clusters,2269,83,9
BJcefGnbQ,no_score,gvgai_clusters,2270,83,9
BJcefGnbQ,no_score,gvgai_clusters,2271,83,9
BJcefGnbQ,no_score,gvgai_clusters,2272,83,9
BJcefGnbQ,no_score,gvgai_clusters,2273,83,9
BJcefGnbQ,no_score,gvgai_clusters,2274,83,9
BJcefGnbQ,no_score,gvgai_clusters,2275,83,9
BJcefGnbQ,no_score,gvgai_clusters,2276,83,9
BJcefGnbQ,no_score,gvgai_clusters,2277,83,9
BJcefGnbQ,no_score,gvgai_clusters,2278,83,9
BJcefGnbQ,no_score,gvgai_clusters,2279,83,9
BJcefGnbQ,no_score,gvgai_clusters,2280,83,9
BJcefGnbQ,no_score,gvgai_clusters,2281,83,9
BJcefGnbQ,no_score,gvgai_clusters,2282,83,9
BJcefGnbQ,no_score,gvgai_clusters,2283,83,9
BJcefGnbQ,no_score,gvgai_clusters,2284,83,9
BJcefGnbQ,no_score,gvgai_clusters,2285,83,9
BJcefGnbQ,no_score,gvgai_clusters,2286,83,9
BJcefGnbQ,no_score,gvgai_clusters,2287,83,9
BJcefGnbQ,no_score,gvgai_clusters,2288,83,9
BJcefGnbQ,no_score,gvgai_clusters,2289,83,9
BJcefGnbQ,no_score,gvgai_clusters,2290,83,9
BJcefGnbQ,no_score,gvgai_clusters,2291,83,9
BJcefGnbQ,no_score,gvgai_clusters,2292,83,9
BJcefGnbQ,no_score,gvgai_clusters,2293,83,9
BJcefGnbQ,no_score,gvgai_clusters,2294,83,9
BJcefGnbQ,no_score,gvgai_clusters,2295,83,9
BJcefGnbQ,no_score,gvgai_clusters,2296,83,9
BJcefGnbQ,no_score,gvgai_clusters,2297,83,9
BJcefGnbQ,no_score,gvgai_clusters,2298,83,9
BJcefGnbQ,no_score,gvgai_clusters,2299,83,9
BJcefGnbQ,no_score,gvgai_clusters,2300,83,9
BJcefGnbQ,no_score,gvgai_clusters,2301,83,9
BJcefGnbQ,no_score,gvgai_clusters,2302,83,9
BJcefGnbQ,no_score,gvgai_clusters,2303,83,9
BJcefGnbQ,no_score,gvgai_clusters,2304,83,9
BJcefGnbQ,no_score,gvgai_clusters,2305,83,9
BJcefGnbQ,no_score,gvgai_clusters,2306,83,9
BJcefGnbQ,no_score,gvgai_clusters,2307,83,9
BJcefGnbQ,no_score,gvgai_clusters,2308,83,9
BJcefGnbQ,no_score,gvgai_clusters,2309,83,9
BJcefGnbQ,no_score,gvgai_clusters,2310,83,9
BJcefGnbQ,no_score,gvgai_clusters,2311,83,9
BJcefGnbQ,no_score,gvgai_clusters,2312,83,9
BJcefGnbQ,no_score,gvgai_clusters,2313,83,9
BJcefGnbQ,no_score,gvgai_clusters,2314,83,9
BJcefGnbQ,no_score,gvgai_clusters,2315,83,9
BJcefGnbQ,no_score,gvgai_clusters,2316,83,9
BJcefGnbQ,no_score,gvgai_clusters,2317,83,9
BJcefGnbQ,no_score,gvgai_clusters,2318,83,9
BJcefGnbQ,no_score,gvgai_clusters,2319,83,9
BJcefGnbQ,no_score,gvgai_clusters,2320,83,9
BJcefGnbQ,no_score,gvgai_clusters,2321,83,9
BJcefGnbQ,no_score,gvgai_clusters,2322,83,9
BJcefGnbQ,no_score,gvgai_clusters,2323,83,9
BJcefGnbQ,no_score,gvgai_clusters,2324,83,9
BJcefGnbQ,no_score,gvgai_clusters,2325,83,9
BJcefGnbQ,no_score,gvgai_clusters,2326,83,9
BJcefGnbQ,no_score,gvgai_clusters,2327,83,9
BJcefGnbQ,no_score,gvgai_clusters,2328,83,9
BJcefGnbQ,no_score,gvgai_clusters,2329,83,9
BJcefGnbQ,no_score,gvgai_clusters,2330,83,9
BJcefGnbQ,no_score,gvgai_clusters,2331,83,9
BJcefGnbQ,no_score,gvgai_clusters,2332,83,9
BJcefGnbQ,no_score,gvgai_clusters,2333,83,9
BJcefGnbQ,no_score,gvgai_clusters,2334,83,9
BJcefGnbQ,no_score,gvgai_clusters,2335,83,9
BJcefGnbQ,no_score,gvgai_clusters,2336,83,9
BJcefGnbQ,no_score,gvgai_clusters,2337,83,9
BJcefGnbQ,no_score,gvgai_clusters,2338,83,9
BJcefGnbQ,no_score,gvgai_clusters,2339,83,9
BJcefGnbQ,no_score,gvgai_clusters,2340,83,9
BJcefGnbQ,no_score,gvgai_clusters,2341,83,9
BJcefGnbQ,no_score,gvgai_clusters,2342,83,9
BJcefGnbQ,no_score,gvgai_clusters,2343,83,9
BJcefGnbQ,no_score,gvgai_clusters,2344,83,9
BJcefGnbQ,no_score,gvgai_clusters,2345,83,9
BJcefGnbQ,no_score,gvgai_clusters,2346,83,9
BJcefGnbQ,no_score,gvgai_clusters,2347,83,9
BJcefGnbQ,no_score,gvgai_clusters,2348,83,9
BJcefGnbQ,no_score,gvgai_clusters,2349,83,9
BJcefGnbQ,no_score,gvgai_clusters,2350,83,9
BJcefGnbQ,no_score,gvgai_clusters,2351,83,9
BJcefGnbQ,no_score,gvgai_clusters,2352,83,9
BJcefGnbQ,no_score,gvgai_clusters,2353,83,9
BJcefGnbQ,no_score,gvgai_clusters,2354,83,9
BJcefGnbQ,no_score,gvgai_clusters,2355,83,9
BJcefGnbQ,no_score,gvgai_clusters,2356,83,9
BJcefGnbQ,no_score,gvgai_clusters,2357,83,9
BJcefGnbQ,no_score,gvgai_clusters,2358,83,9
BJcefGnbQ,no_score,gvgai_clusters,2359,83,9
BJcefGnbQ,no_score,gvgai_clusters,2360,83,9
BJcefGnbQ,no_score,gvgai_clusters,2361,83,9
BJcefGnbQ,no_score,gvgai_clusters,2362,83,9
BJcefGnbQ,no_score,gvgai_clusters,2363,83,9
BJcefGnbQ,no_score,gvgai_clusters,2364,83,9
BJcefGnbQ,no_score,gvgai_clusters,2365,83,9
BJcefGnbQ,no_score,gvgai_clusters,2366,83,9
BJcefGnbQ,no_score,gvgai_clusters,2367,83,9
BJcefGnbQ,no_score,gvgai_clusters,2368,83,9
BJcefGnbQ,no_score,gvgai_clusters,2369,83,9
BJcefGnbQ,no_score,gvgai_clusters,2370,83,9
BJcefGnbQ,no_score,gvgai_clusters,2371,83,9
BJcefGnbQ,no_score,gvgai_clusters,2372,83,9
BJcefGnbQ,no_score,gvgai_clusters,2373,83,9
BJcefGnbQ,no_score,gvgai_clusters,2374,83,9
BJcefGnbQ,no_score,gvgai_clusters,2375,83,9
BJcefGnbQ,no_score,gvgai_clusters,2376,83,9
BJcefGnbQ,no_score,gvgai_clusters,2377,83,9
BJcefGnbQ,no_score,gvgai_clusters,2378,83,9
BJcefGnbQ,no_score,gvgai_clusters,2379,83,9
BJcefGnbQ,no_score,gvgai_clusters,2380,83,9
BJcefGnbQ,no_score,gvgai_clusters,2381,83,9
BJcefGnbQ,no_score,gvgai_clusters,2382,83,9
BJcefGnbQ,no_score,gvgai_clusters,2383,83,9
BJcefGnbQ,no_score,gvgai_clusters,2384,83,9
BJcefGnbQ,no_score,gvgai_clusters,2385,83,9
BJcefGnbQ,no_score,gvgai_clusters,2386,83,9
BJcefGnbQ,no_score,gvgai_clusters,2387,83,9
BJcefGnbQ,no_score,gvgai_clusters,2388,83,9
BJcefGnbQ,no_score,gvgai_clusters,2389,83,9
BJcefGnbQ,no_score,gvgai_clusters,2390,83,9
BJcefGnbQ,no_score,gvgai_clusters,2391,83,9
BJcefGnbQ,no_score,gvgai_clusters,2392,83,9
BJcefGnbQ,no_score,gvgai_clusters,2393,83,9
BJcefGnbQ,no_score,gvgai_clusters,2394,83,9
BJcefGnbQ,no_score,gvgai_clusters,2395,83,9
BJcefGnbQ,no_score,gvgai_clusters,2396,83,9
BJcefGnbQ,no_score,gvgai_clusters,2397,83,9
BJcefGnbQ,no_score,gvgai_clusters,2398,83,9
BJcefGnbQ,no_score,gvgai_clusters,2399,83,9
BJcefGnbQ,no_score,gvgai_clusters,2400,83,9
BJcefGnbQ,no_score,gvgai_clusters,2401,83,9
BJcefGnbQ,no_score,gvgai_clusters,2402,83,9
BJcefGnbQ,no_score,gvgai_clusters,2403,83,9
BJcefGnbQ,no_score,gvgai_clusters,2404,83,9
BJcefGnbQ,no_score,gvgai_clusters,2405,83,9
BJcefGnbQ,no_score,gvgai_clusters,2406,83,9
BJcefGnbQ,no_score,gvgai_clusters,2407,83,9
BJcefGnbQ,no_score,gvgai_clusters,2408,83,9
BJcefGnbQ,no_score,gvgai_clusters,2409,83,9
BJcefGnbQ,no_score,gvgai_clusters,2410,83,9
BJcefGnbQ,no_score,gvgai_clusters,2411,83,9
BJcefGnbQ,no_score,gvgai_clusters,2412,83,9
BJcefGnbQ,no_score,gvgai_clusters,2413,83,9
BJcefGnbQ,no_score,gvgai_clusters,2414,83,9
BJcefGnbQ,no_score,gvgai_clusters,2415,83,9
BJcefGnbQ,no_score,gvgai_clusters,2416,83,9
BJcefGnbQ,no_score,gvgai_clusters,2417,83,9
BJcefGnbQ,no_score,gvgai_clusters,2418,83,9
BJcefGnbQ,no_score,gvgai_clusters,2419,83,9
BJcefGnbQ,no_score,gvgai_clusters,2420,83,9
BJcefGnbQ,no_score,gvgai_clusters,2421,83,9
BJcefGnbQ,no_score,gvgai_clusters,2422,83,9
BJcefGnbQ,no_score,gvgai_clusters,2423,83,9
BJcefGnbQ,no_score,gvgai_clusters,2424,83,9
BJcefGnbQ,no_score,gvgai_clusters,2425,83,9
BJcefGnbQ,no_score,gvgai_clusters,2426,83,9
BJcefGnbQ,no_score,gvgai_clusters,2427,83,9
BJcefGnbQ,no_score,gvgai_clusters,2428,83,9
BJcefGnbQ,no_score,gvgai_clusters,2429,83,9
BJcefGnbQ,no_score,gvgai_clusters,2430,83,9
BJcefGnbQ,no_score,gvgai_clusters,2431,83,9
BJcefGnbQ,no_score,gvgai_clusters,2432,83,9
BJcefGnbQ,no_score,gvgai_clusters,2433,83,9
BJcefGnbQ,no_score,gvgai_clusters,2434,83,9
BJcefGnbQ,no_score,gvgai_clusters,2435,83,9
BJcefGnbQ,no_score,gvgai_clusters,2436,83,9
BJcefGnbQ,no_score,gvgai_clusters,2437,83,9
BJcefGnbQ,no_score,gvgai_clusters,2438,83,9
BJcefGnbQ,no_score,gvgai_clusters,2439,83,9
BJcefGnbQ,no_score,gvgai_clusters,2440,83,9
BJcefGnbQ,no_score,gvgai_clusters,2441,83,9
BJcefGnbQ,no_score,gvgai_clusters,2442,83,9
BJcefGnbQ,no_score,gvgai_clusters,2443,83,9
BJcefGnbQ,no_score,gvgai_clusters,2444,83,9
BJcefGnbQ,no_score,gvgai_clusters,2445,83,9
BJcefGnbQ,no_score,gvgai_clusters,2446,83,9
BJcefGnbQ,no_score,gvgai_clusters,2447,83,9
BJcefGnbQ,no_score,gvgai_clusters,2448,83,9
BJcefGnbQ,no_score,gvgai_clusters,2449,83,9
BJcefGnbQ,no_score,gvgai_clusters,2450,83,9
BJcefGnbQ,no_score,gvgai_clusters,2451,83,9
BJcefGnbQ,no_score,gvgai_clusters,2452,83,9
BJcefGnbQ,no_score,gvgai_clusters,2453,83,9
BJcefGnbQ,no_score,gvgai_clusters,2454,83,9
BJcefGnbQ,no_score,gvgai_clusters,2455,83,9
BJcefGnbQ,no_score,gvgai_clusters,2456,83,9
BJcefGnbQ,no_score,gvgai_clusters,2457,83,9
BJcefGnbQ,no_score,gvgai_clusters,2458,83,9
BJcefGnbQ,no_score,gvgai_clusters,2459,83,9
BJcefGnbQ,no_score,gvgai_clusters,2460,83,9
BJcefGnbQ,no_score,gvgai_clusters,2461,83,9
BJcefGnbQ,no_score,gvgai_clusters,2462,83,9
BJcefGnbQ,no_score,gvgai_clusters,2463,83,9
BJcefGnbQ,no_score,gvgai_clusters,2464,83,9
BJcefGnbQ,no_score,gvgai_clusters,2465,83,9
BJcefGnbQ,no_score,gvgai_clusters,2466,83,9
BJcefGnbQ,no_score,gvgai_clusters,2467,83,9
BJcefGnbQ,no_score,gvgai_clusters,2468,83,9
BJcefGnbQ,no_score,gvgai_clusters,2469,83,9
BJcefGnbQ,no_score,gvgai_clusters,2470,83,9
BJcefGnbQ,no_score,gvgai_clusters,2471,83,9
BJcefGnbQ,no_score,gvgai_clusters,2472,83,9
BJcefGnbQ,no_score,gvgai_clusters,2473,83,9
BJcefGnbQ,no_score,gvgai_clusters,2474,83,9
BJcefGnbQ,no_score,gvgai_clusters,2475,83,9
BJcefGnbQ,no_score,gvgai_clusters,2476,83,9
BJcefGnbQ,no_score,gvgai_clusters,2477,83,9
BJcefGnbQ,no_score,gvgai_clusters,2478,83,9
BJcefGnbQ,no_score,gvgai_clusters,2479,83,9
BJcefGnbQ,no_score,gvgai_clusters,2480,83,9
BJcefGnbQ,no_score,gvgai_clusters,2481,83,9
BJcefGnbQ,no_score,gvgai_clusters,2482,83,9
BJcefGnbQ,no_score,gvgai_clusters,2483,83,9
BJcefGnbQ,no_score,gvgai_clusters,2484,83,9
BJcefGnbQ,no_score,gvgai_clusters,2485,83,9
BJcefGnbQ,no_score,gvgai_clusters,2486,83,9
BJcefGnbQ,no_score,gvgai_clusters,2487,83,9
BJcefGnbQ,no_score,gvgai_clusters,2488,83,9
BJcefGnbQ,no_score,gvgai_clusters,2489,83,9
BJcefGnbQ,no_score,gvgai_clusters,2490,83,9
BJcefGnbQ,no_score,gvgai_clusters,2491,83,9
BJcefGnbQ,no_score,gvgai_clusters,2492,83,9
BJcefGnbQ,no_score,gvgai_clusters,2493,83,9
BJcefGnbQ,no_score,gvgai_clusters,2494,83,9
BJcefGnbQ,no_score,gvgai_clusters,2495,83,9
BJcefGnbQ,no_score,gvgai_clusters,2496,83,9
BJcefGnbQ,no_score,gvgai_clusters,2497,83,9
BJcefGnbQ,no_score,gvgai_clusters,2498,83,9
BJcefGnbQ,no_score,gvgai_clusters,2499,83,9
BJcefGnbQ,no_score,gvgai_clusters,2500,83,9
BJcefGnbQ,no_score,gvgai_clusters,2501,83,9
BJcefGnbQ,no_score,gvgai_clusters,2502,83,9
BJcefGnbQ,no_score,gvgai_clusters,2503,83,9
BJcefGnbQ,no_score,gvgai_clusters,2504,83,9
BJcefGnbQ,no_score,gvgai_clusters,2505,83,9
BJcefGnbQ,no_score,gvgai_clusters,2506,83,9
BJcefGnbQ,no_score,gvgai_clusters,2507,83,9
BJcefGnbQ,no_score,gvgai_clusters,2508,83,9
BJcefGnbQ,no_score,gvgai_clusters,2509,83,9
BJcefGnbQ,no_score,gvgai_clusters,2510,83,9
BJcefGnbQ,no_score,gvgai_clusters,2511,83,9
BJcefGnbQ,no_score,gvgai_clusters,2512,83,9
BJcefGnbQ,no_score,gvgai_clusters,2513,83,9
BJcefGnbQ,no_score,gvgai_clusters,2514,83,9
BJcefGnbQ,no_score,gvgai_clusters,2515,83,9
BJcefGnbQ,no_score,gvgai_clusters,2516,83,9
BJcefGnbQ,no_score,gvgai_clusters,2517,83,9
BJcefGnbQ,no_score,gvgai_clusters,2518,83,9
BJcefGnbQ,no_score,gvgai_clusters,2519,83,9
BJcefGnbQ,no_score,gvgai_clusters,2520,83,9
BJcefGnbQ,no_score,gvgai_clusters,2521,83,9
BJcefGnbQ,no_score,gvgai_clusters,2522,83,9
BJcefGnbQ,no_score,gvgai_clusters,2523,83,9
BJcefGnbQ,no_score,gvgai_clusters,2524,83,9
BJcefGnbQ,no_score,gvgai_clusters,2525,83,9
BJcefGnbQ,no_score,gvgai_clusters,2526,83,9
BJcefGnbQ,no_score,gvgai_clusters,2527,83,9
BJcefGnbQ,no_score,gvgai_clusters,2528,83,9
BJcefGnbQ,no_score,gvgai_clusters,2529,83,9
BJcefGnbQ,no_score,gvgai_clusters,2530,83,9
BJcefGnbQ,no_score,gvgai_clusters,2531,83,9
BJcefGnbQ,no_score,gvgai_clusters,2532,83,9
BJcefGnbQ,no_score,gvgai_clusters,2533,83,9
BJcefGnbQ,no_score,gvgai_clusters,2534,83,9
BJcefGnbQ,no_score,gvgai_clusters,2535,83,9
BJcefGnbQ,no_score,gvgai_clusters,2536,83,9
BJcefGnbQ,no_score,gvgai_clusters,2537,83,9
BJcefGnbQ,no_score,gvgai_clusters,2538,83,9
BJcefGnbQ,no_score,gvgai_clusters,2539,83,9
BJcefGnbQ,no_score,gvgai_clusters,2540,83,9
BJcefGnbQ,no_score,gvgai_clusters,2541,83,9
BJcefGnbQ,no_score,gvgai_clusters,2542,83,9
BJcefGnbQ,no_score,gvgai_clusters,2543,83,9
BJcefGnbQ,no_score,gvgai_clusters,2544,83,9
BJcefGnbQ,no_score,gvgai_clusters,2545,83,9
BJcefGnbQ,no_score,gvgai_clusters,2546,83,9
BJcefGnbQ,no_score,gvgai_clusters,2547,83,9
BJcefGnbQ,no_score,gvgai_clusters,2548,83,9
BJcefGnbQ,no_score,gvgai_clusters,2549,83,9
BJcefGnbQ,no_score,gvgai_clusters,2550,83,9
BJcefGnbQ,no_score,gvgai_clusters,2551,83,9
BJcefGnbQ,no_score,gvgai_clusters,2552,83,9
BJcefGnbQ,no_score,gvgai_clusters,2553,83,9
BJcefGnbQ,no_score,gvgai_clusters,2554,83,9
BJcefGnbQ,no_score,gvgai_clusters,2555,83,9
BJcefGnbQ,no_score,gvgai_clusters,2556,83,9
BJcefGnbQ,no_score,gvgai_clusters,2557,83,9
BJcefGnbQ,no_score,gvgai_clusters,2558,83,9
BJcefGnbQ,no_score,gvgai_clusters,2559,83,9
BJcefGnbQ,no_score,gvgai_clusters,2560,83,9
BJcefGnbQ,no_score,gvgai_clusters,2561,83,9
BJcefGnbQ,no_score,gvgai_clusters,2562,83,9
BJcefGnbQ,no_score,gvgai_clusters,2563,83,9
BJcefGnbQ,no_score,gvgai_clusters,2564,83,9
BJcefGnbQ,no_score,gvgai_clusters,2565,83,9
BJcefGnbQ,no_score,gvgai_clusters,2566,83,9
BJcefGnbQ,no_score,gvgai_clusters,2567,83,9
BJcefGnbQ,no_score,gvgai_clusters,2568,83,9
BJcefGnbQ,no_score,gvgai_clusters,2569,83,9
BJcefGnbQ,no_score,gvgai_clusters,2570,83,9
BJcefGnbQ,no_score,gvgai_clusters,2571,83,9
BJcefGnbQ,no_score,gvgai_clusters,2572,83,9
BJcefGnbQ,no_score,gvgai_clusters,2573,83,9
BJcefGnbQ,no_score,gvgai_clusters,2574,83,9
BJcefGnbQ,no_score,gvgai_clusters,2575,83,9
BJcefGnbQ,no_score,gvgai_clusters,2576,83,9
BJcefGnbQ,no_score,gvgai_clusters,2577,83,9
BJcefGnbQ,no_score,gvgai_clusters,2578,83,9
BJcefGnbQ,no_score,gvgai_clusters,2579,83,9
BJcefGnbQ,no_score,gvgai_clusters,2580,83,9
BJcefGnbQ,no_score,gvgai_clusters,2581,83,9
BJcefGnbQ,no_score,gvgai_clusters,2582,83,9
BJcefGnbQ,no_score,gvgai_clusters,2583,83,9
BJcefGnbQ,no_score,gvgai_clusters,2584,83,9
BJcefGnbQ,no_score,gvgai_clusters,2585,83,9
BJcefGnbQ,no_score,gvgai_clusters,2586,83,9
BJcefGnbQ,no_score,gvgai_clusters,2587,83,9
BJcefGnbQ,no_score,gvgai_clusters,2588,83,9
BJcefGnbQ,no_score,gvgai_clusters,2589,83,9
BJcefGnbQ,no_score,gvgai_clusters,2590,83,9
BJcefGnbQ,no_score,gvgai_clusters,2591,83,9
BJcefGnbQ,no_score,gvgai_clusters,2592,83,9
BJcefGnbQ,no_score,gvgai_clusters,2593,83,9
BJcefGnbQ,no_score,gvgai_clusters,2594,83,9
BJcefGnbQ,no_score,gvgai_clusters,2595,83,9
BJcefGnbQ,no_score,gvgai_clusters,2596,83,9
BJcefGnbQ,no_score,gvgai_clusters,2597,83,9
BJcefGnbQ,no_score,gvgai_clusters,2598,83,9
BJcefGnbQ,no_score,gvgai_clusters,2599,83,9
BJcefGnbQ,no_score,gvgai_clusters,2600,83,9
BJcefGnbQ,no_score,gvgai_clusters,2601,83,9
BJcefGnbQ,no_score,gvgai_clusters,2602,83,9
BJcefGnbQ,no_score,gvgai_clusters,2603,83,9
BJcefGnbQ,no_score,gvgai_clusters,2604,83,9
BJcefGnbQ,no_score,gvgai_clusters,2605,83,9
BJcefGnbQ,no_score,gvgai_clusters,2606,83,9
BJcefGnbQ,no_score,gvgai_clusters,2607,83,9
BJcefGnbQ,no_score,gvgai_clusters,2608,83,9
BJcefGnbQ,no_score,gvgai_clusters,2609,83,9
BJcefGnbQ,no_score,gvgai_clusters,2610,83,9
BJcefGnbQ,no_score,gvgai_clusters,2611,83,9
BJcefGnbQ,no_score,gvgai_clusters,2612,83,9
BJcefGnbQ,no_score,gvgai_clusters,2613,83,9
BJcefGnbQ,no_score,gvgai_clusters,2614,83,9
BJcefGnbQ,no_score,gvgai_clusters,2615,83,9
BJcefGnbQ,no_score,gvgai_clusters,2616,83,9
BJcefGnbQ,no_score,gvgai_clusters,2617,83,9
BJcefGnbQ,no_score,gvgai_clusters,2618,83,9
BJcefGnbQ,no_score,gvgai_clusters,2619,83,9
BJcefGnbQ,no_score,gvgai_clusters,2620,83,9
BJcefGnbQ,no_score,gvgai_clusters,2621,83,9
BJcefGnbQ,no_score,gvgai_clusters,2622,83,9
BJcefGnbQ,no_score,gvgai_clusters,2623,83,9
BJcefGnbQ,no_score,gvgai_clusters,2624,83,9
BJcefGnbQ,no_score,gvgai_clusters,2625,83,9
BJcefGnbQ,no_score,gvgai_clusters,2626,83,9
BJcefGnbQ,no_score,gvgai_clusters,2627,83,9
BJcefGnbQ,no_score,gvgai_clusters,2628,83,9
BJcefGnbQ,no_score,gvgai_clusters,2629,83,9
BJcefGnbQ,no_score,gvgai_clusters,2630,83,9
BJcefGnbQ,no_score,gvgai_clusters,2631,83,9
BJcefGnbQ,no_score,gvgai_clusters,2632,83,9
BJcefGnbQ,no_score,gvgai_clusters,2633,83,9
BJcefGnbQ,no_score,gvgai_clusters,2634,83,9
BJcefGnbQ,no_score,gvgai_clusters,2635,83,9
BJcefGnbQ,no_score,gvgai_clusters,2636,83,9
BJcefGnbQ,no_score,gvgai_clusters,2637,83,9
BJcefGnbQ,no_score,gvgai_clusters,2638,83,9
BJcefGnbQ,no_score,gvgai_clusters,2639,83,9
BJcefGnbQ,no_score,gvgai_clusters,2640,83,9
BJcefGnbQ,no_score,gvgai_clusters,2641,83,9
BJcefGnbQ,no_score,gvgai_clusters,2642,83,9
BJcefGnbQ,no_score,gvgai_clusters,2643,83,9
BJcefGnbQ,no_score,gvgai_clusters,2644,83,9
BJcefGnbQ,no_score,gvgai_clusters,2645,83,9
BJcefGnbQ,no_score,gvgai_clusters,2646,83,9
BJcefGnbQ,no_score,gvgai_clusters,2647,83,9
BJcefGnbQ,no_score,gvgai_clusters,2648,83,9
BJcefGnbQ,no_score,gvgai_clusters,2649,83,9
BJcefGnbQ,no_score,gvgai_clusters,2650,83,9
BJcefGnbQ,no_score,gvgai_clusters,2651,83,9
BJcefGnbQ,no_score,gvgai_clusters,2652,83,9
BJcefGnbQ,no_score,gvgai_clusters,2653,83,9
BJcefGnbQ,no_score,gvgai_clusters,2654,83,9
BJcefGnbQ,no_score,gvgai_clusters,2655,83,9
BJcefGnbQ,no_score,gvgai_clusters,2656,83,9
BJcefGnbQ,no_score,gvgai_clusters,2657,83,9
BJcefGnbQ,no_score,gvgai_clusters,2658,83,9
BJcefGnbQ,no_score,gvgai_clusters,2659,83,9
BJcefGnbQ,no_score,gvgai_clusters,2660,83,9
BJcefGnbQ,no_score,gvgai_clusters,2661,83,9
BJcefGnbQ,no_score,gvgai_clusters,2662,83,9
BJcefGnbQ,no_score,gvgai_clusters,2663,83,9
BJcefGnbQ,no_score,gvgai_clusters,2664,83,9
BJcefGnbQ,no_score,gvgai_clusters,2665,83,9
BJcefGnbQ,no_score,gvgai_clusters,2666,83,9
BJcefGnbQ,no_score,gvgai_clusters,2667,83,9
BJcefGnbQ,no_score,gvgai_clusters,2668,83,9
BJcefGnbQ,no_score,gvgai_clusters,2669,83,9
BJcefGnbQ,no_score,gvgai_clusters,2670,83,9
BJcefGnbQ,no_score,gvgai_clusters,2671,83,9
BJcefGnbQ,no_score,gvgai_clusters,2672,83,9
BJcefGnbQ,no_score,gvgai_clusters,2673,83,9
BJcefGnbQ,no_score,gvgai_clusters,2674,83,9
BJcefGnbQ,no_score,gvgai_clusters,2675,83,9
BJcefGnbQ,no_score,gvgai_clusters,2676,83,9
BJcefGnbQ,no_score,gvgai_clusters,2677,83,9
BJcefGnbQ,no_score,gvgai_clusters,2678,83,9
BJcefGnbQ,no_score,gvgai_clusters,2679,83,9
BJcefGnbQ,no_score,gvgai_clusters,2680,83,9
BJcefGnbQ,no_score,gvgai_clusters,2681,83,9
BJcefGnbQ,no_score,gvgai_clusters,2682,83,9
BJcefGnbQ,no_score,gvgai_clusters,2683,83,9
BJcefGnbQ,no_score,gvgai_clusters,2684,83,9
BJcefGnbQ,no_score,gvgai_clusters,2685,83,9
BJcefGnbQ,no_score,gvgai_clusters,2686,83,9
BJcefGnbQ,no_score,gvgai_clusters,2687,83,9
BJcefGnbQ,no_score,gvgai_clusters,2688,83,9
BJcefGnbQ,no_score,gvgai_clusters,2689,83,9
BJcefGnbQ,no_score,gvgai_clusters,2690,83,9
BJcefGnbQ,no_score,gvgai_clusters,2691,83,9
BJcefGnbQ,no_score,gvgai_clusters,2692,83,9
BJcefGnbQ,no_score,gvgai_clusters,2693,83,9
BJcefGnbQ,no_score,gvgai_clusters,2694,83,9
BJcefGnbQ,no_score,gvgai_clusters,2695,83,9
BJcefGnbQ,no_score,gvgai_clusters,2696,83,9
BJcefGnbQ,no_score,gvgai_clusters,2697,83,9
BJcefGnbQ,no_score,gvgai_clusters,2698,83,9
BJcefGnbQ,no_score,gvgai_clusters,2699,83,9
BJcefGnbQ,no_score,gvgai_clusters,2700,83,9
BJcefGnbQ,no_score,gvgai_clusters,2701,83,9
BJcefGnbQ,no_score,gvgai_clusters,2702,83,9
BJcefGnbQ,no_score,gvgai_clusters,2703,83,9
BJcefGnbQ,no_score,gvgai_clusters,2704,83,9
BJcefGnbQ,no_score,gvgai_clusters,2705,83,9
BJcefGnbQ,no_score,gvgai_clusters,2706,83,9
BJcefGnbQ,no_score,gvgai_clusters,2707,83,9
BJcefGnbQ,no_score,gvgai_clusters,2708,83,9
BJcefGnbQ,no_score,gvgai_clusters,2709,83,9
BJcefGnbQ,no_score,gvgai_clusters,2710,83,9
BJcefGnbQ,no_score,gvgai_clusters,2711,83,9
BJcefGnbQ,no_score,gvgai_clusters,2712,83,9
BJcefGnbQ,no_score,gvgai_clusters,2713,83,9
BJcefGnbQ,no_score,gvgai_clusters,2714,83,9
BJcefGnbQ,no_score,gvgai_clusters,2715,83,9
BJcefGnbQ,no_score,gvgai_clusters,2716,83,9
BJcefGnbQ,no_score,gvgai_clusters,2717,83,9
BJcefGnbQ,no_score,gvgai_clusters,2718,83,9
BJcefGnbQ,no_score,gvgai_clusters,2719,83,9
BJcefGnbQ,no_score,gvgai_clusters,2720,83,9
BJcefGnbQ,no_score,gvgai_clusters,2721,83,9
BJcefGnbQ,no_score,gvgai_clusters,2722,83,9
BJcefGnbQ,no_score,gvgai_clusters,2723,83,9
BJcefGnbQ,no_score,gvgai_clusters,2724,83,9
BJcefGnbQ,no_score,gvgai_clusters,2725,83,9
BJcefGnbQ,no_score,gvgai_clusters,2726,83,9
BJcefGnbQ,no_score,gvgai_clusters,2727,83,9
BJcefGnbQ,no_score,gvgai_clusters,2728,83,9
BJcefGnbQ,no_score,gvgai_clusters,2729,83,9
BJcefGnbQ,no_score,gvgai_clusters,2730,83,9
BJcefGnbQ,no_score,gvgai_clusters,2731,83,9
BJcefGnbQ,no_score,gvgai_clusters,2732,83,9
BJcefGnbQ,no_score,gvgai_clusters,2733,83,9
BJcefGnbQ,no_score,gvgai_clusters,2734,83,9
BJcefGnbQ,no_score,gvgai_clusters,2735,83,9
BJcefGnbQ,no_score,gvgai_clusters,2736,83,9
BJcefGnbQ,no_score,gvgai_clusters,2737,83,9
BJcefGnbQ,no_score,gvgai_clusters,2738,83,9
BJcefGnbQ,no_score,gvgai_clusters,2739,83,9
BJcefGnbQ,no_score,gvgai_clusters,2740,83,9
BJcefGnbQ,no_score,gvgai_clusters,2741,83,9
BJcefGnbQ,no_score,gvgai_clusters,2742,83,9
BJcefGnbQ,no_score,gvgai_clusters,2743,83,9
BJcefGnbQ,no_score,gvgai_clusters,2744,83,9
BJcefGnbQ,no_score,gvgai_clusters,2745,83,9
BJcefGnbQ,no_score,gvgai_clusters,2746,83,9
BJcefGnbQ,no_score,gvgai_clusters,2747,83,9
BJcefGnbQ,no_score,gvgai_clusters,2748,83,9
BJcefGnbQ,no_score,gvgai_clusters,2749,83,9
BJcefGnbQ,no_score,gvgai_clusters,2750,83,9
BJcefGnbQ,no_score,gvgai_clusters,2751,83,9
BJcefGnbQ,no_score,gvgai_clusters,2752,83,9
BJcefGnbQ,no_score,gvgai_clusters,2753,83,9
BJcefGnbQ,no_score,gvgai_clusters,2754,83,9
BJcefGnbQ,no_score,gvgai_clusters,2755,83,9
BJcefGnbQ,no_score,gvgai_clusters,2756,83,9
BJcefGnbQ,no_score,gvgai_clusters,2757,83,9
BJcefGnbQ,no_score,gvgai_clusters,2758,83,9
BJcefGnbQ,no_score,gvgai_clusters,2759,83,9
BJcefGnbQ,no_score,gvgai_clusters,2760,83,9
BJcefGnbQ,no_score,gvgai_clusters,2761,83,9
BJcefGnbQ,no_score,gvgai_clusters,2762,83,9
BJcefGnbQ,no_score,gvgai_clusters,2763,83,9
BJcefGnbQ,no_score,gvgai_clusters,2764,83,9
BJcefGnbQ,no_score,gvgai_clusters,2765,83,9
BJcefGnbQ,no_score,gvgai_clusters,2766,83,9
BJcefGnbQ,no_score,gvgai_clusters,2767,83,9
BJcefGnbQ,no_score,gvgai_clusters,2768,83,9
BJcefGnbQ,no_score,gvgai_clusters,2769,83,9
BJcefGnbQ,no_score,gvgai_clusters,2770,83,9
BJcefGnbQ,no_score,gvgai_clusters,2771,83,9
BJcefGnbQ,no_score,gvgai_clusters,2772,83,9
BJcefGnbQ,no_score,gvgai_clusters,2773,83,9
BJcefGnbQ,no_score,gvgai_clusters,2774,83,9
BJcefGnbQ,no_score,gvgai_clusters,2775,83,9
BJcefGnbQ,no_score,gvgai_clusters,2776,83,9
BJcefGnbQ,no_score,gvgai_clusters,2777,83,9
BJcefGnbQ,no_score,gvgai_clusters,2778,83,9
BJcefGnbQ,no_score,gvgai_clusters,2779,83,9
BJcefGnbQ,no_score,gvgai_clusters,2780,83,9
BJcefGnbQ,no_score,gvgai_clusters,2781,83,9
BJcefGnbQ,no_score,gvgai_clusters,2782,83,9
BJcefGnbQ,no_score,gvgai_clusters,2783,83,9
BJcefGnbQ,no_score,gvgai_clusters,2784,83,9
BJcefGnbQ,no_score,gvgai_clusters,2785,83,9
BJcefGnbQ,no_score,gvgai_clusters,2786,83,9
BJcefGnbQ,no_score,gvgai_clusters,2787,83,9
BJcefGnbQ,no_score,gvgai_clusters,2788,83,9
BJcefGnbQ,no_score,gvgai_clusters,2789,83,9
BJcefGnbQ,no_score,gvgai_clusters,2790,83,9
BJcefGnbQ,no_score,gvgai_clusters,2791,83,9
BJcefGnbQ,no_score,gvgai_clusters,2792,83,9
BJcefGnbQ,no_score,gvgai_clusters,2793,83,9
BJcefGnbQ,no_score,gvgai_clusters,2794,83,9
BJcefGnbQ,no_score,gvgai_clusters,2795,83,9
BJcefGnbQ,no_score,gvgai_clusters,2796,83,9
BJcefGnbQ,no_score,gvgai_clusters,2797,83,9
BJcefGnbQ,no_score,gvgai_clusters,2798,83,9
BJcefGnbQ,no_score,gvgai_clusters,2799,83,9
BJcefGnbQ,no_score,gvgai_clusters,2800,83,9
BJcefGnbQ,no_score,gvgai_clusters,2801,83,9
BJcefGnbQ,no_score,gvgai_clusters,2802,83,9
BJcefGnbQ,no_score,gvgai_clusters,2803,83,9
BJcefGnbQ,no_score,gvgai_clusters,2804,83,9
BJcefGnbQ,no_score,gvgai_clusters,2805,83,9
BJcefGnbQ,no_score,gvgai_clusters,2806,83,9
BJcefGnbQ,no_score,gvgai_clusters,2807,83,9
BJcefGnbQ,no_score,gvgai_clusters,2808,83,9
BJcefGnbQ,no_score,gvgai_clusters,2809,83,9
BJcefGnbQ,no_score,gvgai_clusters,2810,83,9
BJcefGnbQ,no_score,gvgai_clusters,2811,83,9
BJcefGnbQ,no_score,gvgai_clusters,2812,83,9
BJcefGnbQ,no_score,gvgai_clusters,2813,83,9
BJcefGnbQ,no_score,gvgai_clusters,2814,83,9
BJcefGnbQ,no_score,gvgai_clusters,2815,83,9
BJcefGnbQ,no_score,gvgai_clusters,2816,83,9
BJcefGnbQ,no_score,gvgai_clusters,2817,83,9
BJcefGnbQ,no_score,gvgai_clusters,2818,83,9
BJcefGnbQ,no_score,gvgai_clusters,2819,83,9
BJcefGnbQ,no_score,gvgai_clusters,2820,83,9
BJcefGnbQ,no_score,gvgai_clusters,2821,83,9
BJcefGnbQ,no_score,gvgai_clusters,2822,83,9
BJcefGnbQ,no_score,gvgai_clusters,2823,83,9
BJcefGnbQ,no_score,gvgai_clusters,2824,83,9
BJcefGnbQ,no_score,gvgai_clusters,2825,83,9
BJcefGnbQ,no_score,gvgai_clusters,2826,83,9
BJcefGnbQ,no_score,gvgai_clusters,2827,83,9
BJcefGnbQ,no_score,gvgai_clusters,2828,83,9
BJcefGnbQ,no_score,gvgai_clusters,2829,83,9
BJcefGnbQ,no_score,gvgai_clusters,2830,83,9
BJcefGnbQ,no_score,gvgai_clusters,2831,83,9
BJcefGnbQ,no_score,gvgai_clusters,2832,83,9
BJcefGnbQ,no_score,gvgai_clusters,2833,83,9
BJcefGnbQ,no_score,gvgai_clusters,2834,83,9
BJcefGnbQ,no_score,gvgai_clusters,2835,83,9
BJcefGnbQ,no_score,gvgai_clusters,2836,83,9
BJcefGnbQ,no_score,gvgai_clusters,2837,83,9
BJcefGnbQ,no_score,gvgai_clusters,2838,83,9
BJcefGnbQ,no_score,gvgai_clusters,2839,83,9
BJcefGnbQ,no_score,gvgai_clusters,2840,83,9
BJcefGnbQ,no_score,gvgai_clusters,2841,83,9
BJcefGnbQ,no_score,gvgai_clusters,2842,83,9
BJcefGnbQ,no_score,gvgai_clusters,2843,83,9
BJcefGnbQ,no_score,gvgai_clusters,2844,83,9
BJcefGnbQ,no_score,gvgai_clusters,2845,83,9
BJcefGnbQ,no_score,gvgai_clusters,2846,83,9
BJcefGnbQ,no_score,gvgai_clusters,2847,83,9
BJcefGnbQ,no_score,gvgai_clusters,2848,83,9
BJcefGnbQ,no_score,gvgai_clusters,2849,83,9
BJcefGnbQ,no_score,gvgai_clusters,2850,83,9
BJcefGnbQ,no_score,gvgai_clusters,2851,83,9
BJcefGnbQ,no_score,gvgai_clusters,2852,83,9
BJcefGnbQ,no_score,gvgai_clusters,2853,83,9
BJcefGnbQ,no_score,gvgai_clusters,2854,83,9
BJcefGnbQ,no_score,gvgai_clusters,2855,83,9
BJcefGnbQ,no_score,gvgai_clusters,2856,83,9
BJcefGnbQ,no_score,gvgai_clusters,2857,83,9
BJcefGnbQ,no_score,gvgai_clusters,2858,83,9
BJcefGnbQ,no_score,gvgai_clusters,2859,83,9
BJcefGnbQ,no_score,gvgai_clusters,2860,83,9
BJcefGnbQ,no_score,gvgai_clusters,2861,83,9
BJcefGnbQ,no_score,gvgai_clusters,2862,83,9
BJcefGnbQ,no_score,gvgai_clusters,2863,83,9
BJcefGnbQ,no_score,gvgai_clusters,2864,83,9
BJcefGnbQ,no_score,gvgai_clusters,2865,83,9
BJcefGnbQ,no_score,gvgai_clusters,2866,83,9
BJcefGnbQ,no_score,gvgai_clusters,2867,83,9
BJcefGnbQ,no_score,gvgai_clusters,2868,83,9
BJcefGnbQ,no_score,gvgai_clusters,2869,83,9
BJcefGnbQ,no_score,gvgai_clusters,2870,83,9
BJcefGnbQ,no_score,gvgai_clusters,2871,83,9
BJcefGnbQ,no_score,gvgai_clusters,2872,83,9
BJcefGnbQ,no_score,gvgai_clusters,2873,83,9
BJcefGnbQ,no_score,gvgai_clusters,2874,83,9
BJcefGnbQ,no_score,gvgai_clusters,2875,83,9
BJcefGnbQ,no_score,gvgai_clusters,2876,83,9
BJcefGnbQ,no_score,gvgai_clusters,2877,83,9
BJcefGnbQ,no_score,gvgai_clusters,2878,83,9
BJcefGnbQ,no_score,gvgai_clusters,2879,83,9
BJcefGnbQ,no_score,gvgai_clusters,2880,83,9
BJcefGnbQ,no_score,gvgai_clusters,2881,83,9
BJcefGnbQ,no_score,gvgai_clusters,2882,83,9
BJcefGnbQ,no_score,gvgai_clusters,2883,83,9
BJcefGnbQ,no_score,gvgai_clusters,2884,83,9
BJcefGnbQ,no_score,gvgai_clusters,2885,83,9
BJcefGnbQ,no_score,gvgai_clusters,2886,83,9
BJcefGnbQ,no_score,gvgai_clusters,2887,83,9
BJcefGnbQ,no_score,gvgai_clusters,2888,83,9
BJcefGnbQ,no_score,gvgai_clusters,2889,83,9
BJcefGnbQ,no_score,gvgai_clusters,2890,83,9
BJcefGnbQ,no_score,gvgai_clusters,2891,83,9
BJcefGnbQ,no_score,gvgai_clusters,2892,83,9
BJcefGnbQ,no_score,gvgai_clusters,2893,83,9
BJcefGnbQ,no_score,gvgai_clusters,2894,83,9
BJcefGnbQ,no_score,gvgai_clusters,2895,83,9
BJcefGnbQ,no_score,gvgai_clusters,2896,83,9
BJcefGnbQ,no_score,gvgai_clusters,2897,83,9
BJcefGnbQ,no_score,gvgai_clusters,2898,83,9
BJcefGnbQ,no_score,gvgai_clusters,2899,83,9
BJcefGnbQ,no_score,gvgai_clusters,2900,83,9
BJcefGnbQ,no_score,gvgai_clusters,2901,83,9
BJcefGnbQ,no_score,gvgai_clusters,2902,83,9
BJcefGnbQ,no_score,gvgai_clusters,2903,83,9
BJcefGnbQ,no_score,gvgai_clusters,2904,83,9
BJcefGnbQ,no_score,gvgai_clusters,2905,83,9
BJcefGnbQ,no_score,gvgai_clusters,2906,83,9
BJcefGnbQ,no_score,gvgai_clusters,2907,83,9
BJcefGnbQ,no_score,gvgai_clusters,2908,83,9
BJcefGnbQ,no_score,gvgai_clusters,2909,83,9
BJcefGnbQ,no_score,gvgai_clusters,2910,83,9
BJcefGnbQ,no_score,gvgai_clusters,2911,83,9
BJcefGnbQ,no_score,gvgai_clusters,2912,83,9
BJcefGnbQ,no_score,gvgai_clusters,2913,83,9
BJcefGnbQ,no_score,gvgai_clusters,2914,83,9
BJcefGnbQ,no_score,gvgai_clusters,2915,83,9
BJcefGnbQ,no_score,gvgai_clusters,2916,83,9
BJcefGnbQ,no_score,gvgai_clusters,2917,83,9
BJcefGnbQ,no_score,gvgai_clusters,2918,83,9
BJcefGnbQ,no_score,gvgai_clusters,2919,83,9
BJcefGnbQ,no_score,gvgai_clusters,2920,83,9
BJcefGnbQ,no_score,gvgai_clusters,2921,83,9
BJcefGnbQ,no_score,gvgai_clusters,2922,83,9
BJcefGnbQ,no_score,gvgai_clusters,2923,83,9
BJcefGnbQ,no_score,gvgai_clusters,2924,83,9
BJcefGnbQ,no_score,gvgai_clusters,2925,83,9
BJcefGnbQ,no_score,gvgai_clusters,2926,83,9
BJcefGnbQ,no_score,gvgai_clusters,2927,83,9
BJcefGnbQ,no_score,gvgai_clusters,2928,83,9
BJcefGnbQ,no_score,gvgai_clusters,2929,83,9
BJcefGnbQ,no_score,gvgai_clusters,2930,83,9
BJcefGnbQ,no_score,gvgai_clusters,2931,83,9
BJcefGnbQ,no_score,gvgai_clusters,2932,83,9
BJcefGnbQ,no_score,gvgai_clusters,2933,83,9
BJcefGnbQ,no_score,gvgai_clusters,2934,83,9
BJcefGnbQ,no_score,gvgai_clusters,2935,83,9
BJcefGnbQ,no_score,gvgai_clusters,2936,83,9
BJcefGnbQ,no_score,gvgai_clusters,2937,83,9
BJcefGnbQ,no_score,gvgai_clusters,2938,83,9
BJcefGnbQ,no_score,gvgai_clusters,2939,83,9
BJcefGnbQ,no_score,gvgai_clusters,2940,83,9
BJcefGnbQ,no_score,gvgai_clusters,2941,83,9
BJcefGnbQ,no_score,gvgai_clusters,2942,83,9
BJcefGnbQ,no_score,gvgai_clusters,2943,83,9
BJcefGnbQ,no_score,gvgai_clusters,2944,83,9
BJcefGnbQ,no_score,gvgai_clusters,2945,83,9
BJcefGnbQ,no_score,gvgai_clusters,2946,83,9
BJcefGnbQ,no_score,gvgai_clusters,2947,83,9
BJcefGnbQ,no_score,gvgai_clusters,2948,83,9
BJcefGnbQ,no_score,gvgai_clusters,2949,83,9
BJcefGnbQ,no_score,gvgai_clusters,2950,83,9
BJcefGnbQ,no_score,gvgai_clusters,2951,83,9
BJcefGnbQ,no_score,gvgai_clusters,2952,83,9
BJcefGnbQ,no_score,gvgai_clusters,2953,83,9
BJcefGnbQ,no_score,gvgai_clusters,2954,83,9
BJcefGnbQ,no_score,gvgai_clusters,2955,83,9
BJcefGnbQ,no_score,gvgai_clusters,2956,83,9
BJcefGnbQ,no_score,gvgai_clusters,2957,83,9
BJcefGnbQ,no_score,gvgai_clusters,2958,83,9
BJcefGnbQ,no_score,gvgai_clusters,2959,83,9
BJcefGnbQ,no_score,gvgai_clusters,2960,83,9
BJcefGnbQ,no_score,gvgai_clusters,2961,83,9
BJcefGnbQ,no_score,gvgai_clusters,2962,83,9
BJcefGnbQ,no_score,gvgai_clusters,2963,83,9
BJcefGnbQ,no_score,gvgai_clusters,2964,83,9
BJcefGnbQ,no_score,gvgai_clusters,2965,83,9
BJcefGnbQ,no_score,gvgai_clusters,2966,83,9
BJcefGnbQ,no_score,gvgai_clusters,2967,83,9
BJcefGnbQ,no_score,gvgai_clusters,2968,83,9
BJcefGnbQ,no_score,gvgai_clusters,2969,83,9
BJcefGnbQ,no_score,gvgai_clusters,2970,83,9
BJcefGnbQ,no_score,gvgai_clusters,2971,83,9
BJcefGnbQ,no_score,gvgai_clusters,2972,83,9
BJcefGnbQ,no_score,gvgai_clusters,2973,83,9
BJcefGnbQ,no_score,gvgai_clusters,2974,83,9
BJcefGnbQ,no_score,gvgai_clusters,2975,83,9
BJcefGnbQ,no_score,gvgai_clusters,2976,83,9
BJcefGnbQ,no_score,gvgai_clusters,2977,83,9
BJcefGnbQ,no_score,gvgai_clusters,2978,83,9
BJcefGnbQ,no_score,gvgai_clusters,2979,83,9
BJcefGnbQ,no_score,gvgai_clusters,2980,83,9
BJcefGnbQ,no_score,gvgai_clusters,2981,83,9
BJcefGnbQ,no_score,gvgai_clusters,2982,83,9
BJcefGnbQ,no_score,gvgai_clusters,2983,83,9
BJcefGnbQ,no_score,gvgai_clusters,2984,83,9
BJcefGnbQ,no_score,gvgai_clusters,2985,83,9
BJcefGnbQ,no_score,gvgai_clusters,2986,83,9
BJcefGnbQ,no_score,gvgai_clusters,2987,83,9
BJcefGnbQ,no_score,gvgai_clusters,2988,83,9
BJcefGnbQ,no_score,gvgai_clusters,2989,83,9
BJcefGnbQ,no_score,gvgai_clusters,2990,83,9
BJcefGnbQ,no_score,gvgai_clusters,2991,83,9
BJcefGnbQ,no_score,gvgai_clusters,2992,83,9
BJcefGnbQ,no_score,gvgai_clusters,2993,83,9
BJcefGnbQ,no_score,gvgai_clusters,2994,83,9
BJcefGnbQ,no_score,gvgai_clusters,2995,83,9
BJcefGnbQ,no_score,gvgai_clusters,2996,83,9
BJcefGnbQ,no_score,gvgai_clusters,2997,83,9
BJcefGnbQ,no_score,gvgai_clusters,2998,83,9
BJcefGnbQ,no_score,gvgai_clusters,2999,83,9
BJcefGnbQ,no_score,gvgai_clusters,3000,83,9
BJcefGnbQ,no_score,gvgai_clusters,3001,83,9
BJcefGnbQ,no_score,gvgai_clusters,3002,83,9
BJcefGnbQ,no_score,gvgai_clusters,3003,83,9
BJcefGnbQ,no_score,gvgai_clusters,3004,83,9
BJcefGnbQ,no_score,gvgai_clusters,3005,83,9
BJcefGnbQ,no_score,gvgai_clusters,3006,83,9
BJcefGnbQ,no_score,gvgai_clusters,3007,83,9
BJcefGnbQ,no_score,gvgai_clusters,3008,83,9
BJcefGnbQ,no_score,gvgai_clusters,3009,83,9
BJcefGnbQ,no_score,gvgai_clusters,3010,83,9
BJcefGnbQ,no_score,gvgai_clusters,3011,83,9
BJcefGnbQ,no_score,gvgai_clusters,3012,83,9
BJcefGnbQ,no_score,gvgai_clusters,3013,83,9
BJcefGnbQ,no_score,gvgai_clusters,3014,83,9
BJcefGnbQ,no_score,gvgai_clusters,3015,83,9
BJcefGnbQ,no_score,gvgai_clusters,3016,83,9
BJcefGnbQ,no_score,gvgai_clusters,3017,83,9
BJcefGnbQ,no_score,gvgai_clusters,3018,83,9
BJcefGnbQ,no_score,gvgai_clusters,3019,83,9
BJcefGnbQ,no_score,gvgai_clusters,3020,83,9
BJcefGnbQ,no_score,gvgai_clusters,3021,83,9
BJcefGnbQ,no_score,gvgai_clusters,3022,83,9
BJcefGnbQ,no_score,gvgai_clusters,3023,83,9
BJcefGnbQ,no_score,gvgai_clusters,3024,83,9
BJcefGnbQ,no_score,gvgai_clusters,3025,83,9
BJcefGnbQ,no_score,gvgai_clusters,3026,83,9
BJcefGnbQ,no_score,gvgai_clusters,3027,83,9
BJcefGnbQ,no_score,gvgai_clusters,3028,83,9
BJcefGnbQ,no_score,gvgai_clusters,3029,83,9
BJcefGnbQ,no_score,gvgai_clusters,3030,83,9
BJcefGnbQ,no_score,gvgai_clusters,3031,83,9
BJcefGnbQ,no_score,gvgai_clusters,3032,83,9
BJcefGnbQ,no_score,gvgai_clusters,3033,83,9
BJcefGnbQ,no_score,gvgai_clusters,3034,83,9
BJcefGnbQ,no_score,gvgai_clusters,3035,83,9
BJcefGnbQ,no_score,gvgai_clusters,3036,83,9
BJcefGnbQ,no_score,gvgai_clusters,3037,83,9
BJcefGnbQ,no_score,gvgai_clusters,3038,83,9
BJcefGnbQ,no_score,gvgai_clusters,3039,83,9
BJcefGnbQ,no_score,gvgai_clusters,3040,83,9
BJcefGnbQ,no_score,gvgai_clusters,3041,83,9
BJcefGnbQ,no_score,gvgai_clusters,3042,83,9
BJcefGnbQ,no_score,gvgai_clusters,3043,83,9
BJcefGnbQ,no_score,gvgai_clusters,3044,83,9
BJcefGnbQ,no_score,gvgai_clusters,3045,83,9
BJcefGnbQ,no_score,gvgai_clusters,3046,83,9
BJcefGnbQ,no_score,gvgai_clusters,3047,83,9
BJcefGnbQ,no_score,gvgai_clusters,3048,83,9
BJcefGnbQ,no_score,gvgai_clusters,3049,83,9
BJcefGnbQ,no_score,gvgai_clusters,3050,83,9
BJcefGnbQ,no_score,gvgai_clusters,3051,83,9
BJcefGnbQ,no_score,gvgai_clusters,3052,83,9
BJcefGnbQ,no_score,gvgai_clusters,3053,83,9
BJcefGnbQ,no_score,gvgai_clusters,3054,83,9
BJcefGnbQ,no_score,gvgai_clusters,3055,83,9
BJcefGnbQ,no_score,gvgai_clusters,3056,83,9
BJcefGnbQ,no_score,gvgai_clusters,3057,83,9
BJcefGnbQ,no_score,gvgai_clusters,3058,83,9
BJcefGnbQ,no_score,gvgai_clusters,3059,83,9
BJcefGnbQ,no_score,gvgai_clusters,3060,83,9
BJcefGnbQ,no_score,gvgai_clusters,3061,83,9
BJcefGnbQ,no_score,gvgai_clusters,3062,83,9
BJcefGnbQ,no_score,gvgai_clusters,3063,83,9
BJcefGnbQ,no_score,gvgai_clusters,3064,83,9
BJcefGnbQ,no_score,gvgai_clusters,3065,83,9
BJcefGnbQ,no_score,gvgai_clusters,3066,83,9
BJcefGnbQ,no_score,gvgai_clusters,3067,83,9
BJcefGnbQ,no_score,gvgai_clusters,3068,83,9
BJcefGnbQ,no_score,gvgai_clusters,3069,83,9
BJcefGnbQ,no_score,gvgai_clusters,3070,83,9
BJcefGnbQ,no_score,gvgai_clusters,3071,83,9
BJcefGnbQ,no_score,gvgai_clusters,3072,83,9
BJcefGnbQ,no_score,gvgai_clusters,3073,83,9
BJcefGnbQ,no_score,gvgai_clusters,3074,83,9
BJcefGnbQ,no_score,gvgai_clusters,3075,83,9
BJcefGnbQ,no_score,gvgai_clusters,3076,83,9
BJcefGnbQ,no_score,gvgai_clusters,3077,83,9
BJcefGnbQ,no_score,gvgai_clusters,3078,83,9
BJcefGnbQ,no_score,gvgai_clusters,3079,83,9
BJcefGnbQ,no_score,gvgai_clusters,3080,83,9
BJcefGnbQ,no_score,gvgai_clusters,3081,83,9
BJcefGnbQ,no_score,gvgai_clusters,3082,83,9
BJcefGnbQ,no_score,gvgai_clusters,3083,83,9
BJcefGnbQ,no_score,gvgai_clusters,3084,83,9
BJcefGnbQ,no_score,gvgai_clusters,3085,83,9
BJcefGnbQ,no_score,gvgai_clusters,3086,83,9
BJcefGnbQ,no_score,gvgai_clusters,3087,83,9
BJcefGnbQ,no_score,gvgai_clusters,3088,83,9
BJcefGnbQ,no_score,gvgai_clusters,3089,83,9
BJcefGnbQ,no_score,gvgai_clusters,3090,83,9
BJcefGnbQ,no_score,gvgai_clusters,3091,83,9
BJcefGnbQ,no_score,gvgai_clusters,3092,83,9
BJcefGnbQ,no_score,gvgai_clusters,3093,83,9
BJcefGnbQ,no_score,gvgai_clusters,3094,83,9
BJcefGnbQ,no_score,gvgai_clusters,3095,83,9
BJcefGnbQ,no_score,gvgai_clusters,3096,83,9
BJcefGnbQ,no_score,gvgai_clusters,3097,83,9
BJcefGnbQ,no_score,gvgai_clusters,3098,83,9
BJcefGnbQ,no_score,gvgai_clusters,3099,83,9
BJcefGnbQ,no_score,gvgai_clusters,3100,83,9
BJcefGnbQ,no_score,gvgai_clusters,3101,83,9
BJcefGnbQ,no_score,gvgai_clusters,3102,83,9
BJcefGnbQ,no_score,gvgai_clusters,3103,83,9
BJcefGnbQ,no_score,gvgai_clusters,3104,83,9
BJcefGnbQ,no_score,gvgai_clusters,3105,83,9
BJcefGnbQ,no_score,gvgai_clusters,3106,83,9
BJcefGnbQ,no_score,gvgai_clusters,3107,83,9
BJcefGnbQ,no_score,gvgai_clusters,3108,83,9
BJcefGnbQ,no_score,gvgai_clusters,3109,83,9
BJcefGnbQ,no_score,gvgai_clusters,3110,83,9
BJcefGnbQ,no_score,gvgai_clusters,3111,83,9
BJcefGnbQ,no_score,gvgai_clusters,3112,83,9
BJcefGnbQ,no_score,gvgai_clusters,3113,83,9
BJcefGnbQ,no_score,gvgai_clusters,3114,83,9
BJcefGnbQ,no_score,gvgai_clusters,3115,83,9
BJcefGnbQ,no_score,gvgai_clusters,3116,83,9
BJcefGnbQ,no_score,gvgai_clusters,3117,83,9
BJcefGnbQ,no_score,gvgai_clusters,3118,83,9
BJcefGnbQ,no_score,gvgai_clusters,3119,83,9
BJcefGnbQ,no_score,gvgai_clusters,3120,83,9
BJcefGnbQ,no_score,gvgai_clusters,3121,83,9
BJcefGnbQ,no_score,gvgai_clusters,3122,83,9
BJcefGnbQ,no_score,gvgai_clusters,3123,83,9
BJcefGnbQ,no_score,gvgai_clusters,3124,83,9
BJcefGnbQ,no_score,gvgai_clusters,3125,83,9
BJcefGnbQ,no_score,gvgai_clusters,3126,83,9
BJcefGnbQ,no_score,gvgai_clusters,3127,83,9
BJcefGnbQ,no_score,gvgai_clusters,3128,83,9
BJcefGnbQ,no_score,gvgai_clusters,3129,83,9
BJcefGnbQ,no_score,gvgai_clusters,3130,83,9
BJcefGnbQ,no_score,gvgai_clusters,3131,83,9
BJcefGnbQ,no_score,gvgai_clusters,3132,83,9
BJcefGnbQ,no_score,gvgai_clusters,3133,83,9
BJcefGnbQ,no_score,gvgai_clusters,3134,83,9
BJcefGnbQ,no_score,gvgai_clusters,3135,83,9
BJcefGnbQ,no_score,gvgai_clusters,3136,83,9
BJcefGnbQ,no_score,gvgai_clusters,3137,83,9
BJcefGnbQ,no_score,gvgai_clusters,3138,83,9
BJcefGnbQ,no_score,gvgai_clusters,3139,83,9
BJcefGnbQ,no_score,gvgai_clusters,3140,83,9
BJcefGnbQ,no_score,gvgai_clusters,3141,83,9
BJcefGnbQ,no_score,gvgai_clusters,3142,83,9
BJcefGnbQ,no_score,gvgai_clusters,3143,83,9
BJcefGnbQ,no_score,gvgai_clusters,3144,83,9
BJcefGnbQ,no_score,gvgai_clusters,3145,83,9
BJcefGnbQ,no_score,gvgai_clusters,3146,83,9
BJcefGnbQ,no_score,gvgai_clusters,3147,83,9
BJcefGnbQ,no_score,gvgai_clusters,3148,83,9
BJcefGnbQ,no_score,gvgai_clusters,3149,83,9
BJcefGnbQ,no_score,gvgai_clusters,3150,83,9
BJcefGnbQ,no_score,gvgai_clusters,3151,83,9
BJcefGnbQ,no_score,gvgai_clusters,3152,83,9
BJcefGnbQ,no_score,gvgai_clusters,3153,83,9
BJcefGnbQ,no_score,gvgai_clusters,3154,83,9
BJcefGnbQ,no_score,gvgai_clusters,3155,83,9
BJcefGnbQ,no_score,gvgai_clusters,3156,83,9
BJcefGnbQ,no_score,gvgai_clusters,3157,83,9
BJcefGnbQ,no_score,gvgai_clusters,3158,83,9
BJcefGnbQ,no_score,gvgai_clusters,3159,83,9
BJcefGnbQ,no_score,gvgai_clusters,3160,83,9
BJcefGnbQ,no_score,gvgai_clusters,3161,83,9
BJcefGnbQ,no_score,gvgai_clusters,3162,83,9
BJcefGnbQ,no_score,gvgai_clusters,3163,83,9
BJcefGnbQ,no_score,gvgai_clusters,3164,83,9
BJcefGnbQ,no_score,gvgai_clusters,3165,83,9
BJcefGnbQ,no_score,gvgai_clusters,3166,83,9
BJcefGnbQ,no_score,gvgai_clusters,3167,83,9
BJcefGnbQ,no_score,gvgai_clusters,3168,83,9
BJcefGnbQ,no_score,gvgai_clusters,3169,83,9
BJcefGnbQ,no_score,gvgai_clusters,3170,83,9
BJcefGnbQ,no_score,gvgai_clusters,3171,83,9
BJcefGnbQ,no_score,gvgai_clusters,3172,83,9
BJcefGnbQ,no_score,gvgai_clusters,3173,83,9
BJcefGnbQ,no_score,gvgai_clusters,3174,83,9
BJcefGnbQ,no_score,gvgai_clusters,3175,83,9
BJcefGnbQ,no_score,gvgai_clusters,3176,83,9
BJcefGnbQ,no_score,gvgai_clusters,3177,83,9
BJcefGnbQ,no_score,gvgai_clusters,3178,83,9
BJcefGnbQ,no_score,gvgai_clusters,3179,83,9
BJcefGnbQ,no_score,gvgai_clusters,3180,83,9
BJcefGnbQ,no_score,gvgai_clusters,3181,83,9
BJcefGnbQ,no_score,gvgai_clusters,3182,83,9
BJcefGnbQ,no_score,gvgai_clusters,3183,83,9
BJcefGnbQ,no_score,gvgai_clusters,3184,83,9
BJcefGnbQ,no_score,gvgai_clusters,3185,83,9
BJcefGnbQ,no_score,gvgai_clusters,3186,83,9
BJcefGnbQ,no_score,gvgai_clusters,3187,83,9
BJcefGnbQ,no_score,gvgai_clusters,3188,83,9
BJcefGnbQ,no_score,gvgai_clusters,3189,83,9
BJcefGnbQ,no_score,gvgai_clusters,3190,83,9
BJcefGnbQ,no_score,gvgai_clusters,3191,83,9
BJcefGnbQ,no_score,gvgai_clusters,3192,83,9
BJcefGnbQ,no_score,gvgai_clusters,3193,83,9
BJcefGnbQ,no_score,gvgai_clusters,3194,83,9
BJcefGnbQ,no_score,gvgai_clusters,3195,83,9
BJcefGnbQ,no_score,gvgai_clusters,3196,83,9
BJcefGnbQ,no_score,gvgai_clusters,3197,83,9
BJcefGnbQ,no_score,gvgai_clusters,3198,83,9
BJcefGnbQ,no_score,gvgai_clusters,3199,83,9
BJcefGnbQ,no_score,gvgai_clusters,3200,83,9
BJcefGnbQ,no_score,gvgai_clusters,3201,83,9
BJcefGnbQ,no_score,gvgai_clusters,3202,83,9
BJcefGnbQ,no_score,gvgai_clusters,3203,83,9
BJcefGnbQ,no_score,gvgai_clusters,3204,83,9
BJcefGnbQ,no_score,gvgai_clusters,3205,83,9
BJcefGnbQ,no_score,gvgai_clusters,3206,83,9
BJcefGnbQ,no_score,gvgai_clusters,3207,83,9
BJcefGnbQ,no_score,gvgai_clusters,3208,83,9
BJcefGnbQ,no_score,gvgai_clusters,3209,83,9
BJcefGnbQ,no_score,gvgai_clusters,3210,83,9
BJcefGnbQ,no_score,gvgai_clusters,3211,83,9
BJcefGnbQ,no_score,gvgai_clusters,3212,83,9
BJcefGnbQ,no_score,gvgai_clusters,3213,83,9
BJcefGnbQ,no_score,gvgai_clusters,3214,83,9
BJcefGnbQ,no_score,gvgai_clusters,3215,83,9
BJcefGnbQ,no_score,gvgai_clusters,3216,83,9
BJcefGnbQ,no_score,gvgai_clusters,3217,83,9
BJcefGnbQ,no_score,gvgai_clusters,3218,83,9
BJcefGnbQ,no_score,gvgai_clusters,3219,83,9
BJcefGnbQ,no_score,gvgai_clusters,3220,83,9
BJcefGnbQ,no_score,gvgai_clusters,3221,83,9
BJcefGnbQ,no_score,gvgai_clusters,3222,83,9
BJcefGnbQ,no_score,gvgai_clusters,3223,83,9
BJcefGnbQ,no_score,gvgai_clusters,3224,83,9
BJcefGnbQ,no_score,gvgai_clusters,3225,83,9
BJcefGnbQ,no_score,gvgai_clusters,3226,83,9
BJcefGnbQ,no_score,gvgai_clusters,3227,83,9
BJcefGnbQ,no_score,gvgai_clusters,3228,83,9
BJcefGnbQ,no_score,gvgai_clusters,3229,83,9
BJcefGnbQ,no_score,gvgai_clusters,3230,83,9
BJcefGnbQ,no_score,gvgai_clusters,3231,83,9
BJcefGnbQ,no_score,gvgai_clusters,3232,83,9
BJcefGnbQ,no_score,gvgai_clusters,3233,83,9
BJcefGnbQ,no_score,gvgai_clusters,3234,83,9
BJcefGnbQ,no_score,gvgai_clusters,3235,83,9
BJcefGnbQ,no_score,gvgai_clusters,3236,83,9
BJcefGnbQ,no_score,gvgai_clusters,3237,83,9
BJcefGnbQ,no_score,gvgai_clusters,3238,83,9
BJcefGnbQ,no_score,gvgai_clusters,3239,83,9
BJcefGnbQ,no_score,gvgai_clusters,3240,83,9
BJcefGnbQ,no_score,gvgai_clusters,3241,83,9
BJcefGnbQ,no_score,gvgai_clusters,3242,83,9
BJcefGnbQ,no_score,gvgai_clusters,3243,83,9
BJcefGnbQ,no_score,gvgai_clusters,3244,83,9
BJcefGnbQ,no_score,gvgai_clusters,3245,83,9
BJcefGnbQ,no_score,gvgai_clusters,3246,83,9
BJcefGnbQ,no_score,gvgai_clusters,3247,83,9
BJcefGnbQ,no_score,gvgai_clusters,3248,83,9
BJcefGnbQ,no_score,gvgai_clusters,3249,83,9
BJcefGnbQ,no_score,gvgai_clusters,3250,83,9
BJcefGnbQ,no_score,gvgai_clusters,3251,83,9
BJcefGnbQ,no_score,gvgai_clusters,3252,83,9
BJcefGnbQ,no_score,gvgai_clusters,3253,83,9
BJcefGnbQ,no_score,gvgai_clusters,3254,83,9
BJcefGnbQ,no_score,gvgai_clusters,3255,83,9
BJcefGnbQ,no_score,gvgai_clusters,3256,83,9
BJcefGnbQ,no_score,gvgai_clusters,3257,83,9
BJcefGnbQ,no_score,gvgai_clusters,3258,83,9
BJcefGnbQ,no_score,gvgai_clusters,3259,83,9
BJcefGnbQ,no_score,gvgai_clusters,3260,83,9
BJcefGnbQ,no_score,gvgai_clusters,3261,83,9
BJcefGnbQ,no_score,gvgai_clusters,3262,83,9
BJcefGnbQ,no_score,gvgai_clusters,3263,83,9
BJcefGnbQ,no_score,gvgai_clusters,3264,83,9
BJcefGnbQ,no_score,gvgai_clusters,3265,83,9
BJcefGnbQ,no_score,gvgai_clusters,3266,83,9
BJcefGnbQ,no_score,gvgai_clusters,3267,83,9
BJcefGnbQ,no_score,gvgai_clusters,3268,83,9
BJcefGnbQ,no_score,gvgai_clusters,3269,83,9
BJcefGnbQ,no_score,gvgai_clusters,3270,83,9
BJcefGnbQ,no_score,gvgai_clusters,3271,83,9
BJcefGnbQ,no_score,gvgai_clusters,3272,83,9
BJcefGnbQ,no_score,gvgai_clusters,3273,83,9
BJcefGnbQ,no_score,gvgai_clusters,3274,83,9
BJcefGnbQ,no_score,gvgai_clusters,3275,83,9
BJcefGnbQ,no_score,gvgai_clusters,3276,83,9
BJcefGnbQ,no_score,gvgai_clusters,3277,83,9
BJcefGnbQ,no_score,gvgai_clusters,3278,83,9
BJcefGnbQ,no_score,gvgai_clusters,3279,83,9
BJcefGnbQ,no_score,gvgai_clusters,3280,83,9
BJcefGnbQ,no_score,gvgai_clusters,3281,83,9
BJcefGnbQ,no_score,gvgai_clusters,3282,83,9
BJcefGnbQ,no_score,gvgai_clusters,3283,83,9
BJcefGnbQ,no_score,gvgai_clusters,3284,83,9
BJcefGnbQ,no_score,gvgai_clusters,3285,83,9
BJcefGnbQ,no_score,gvgai_clusters,3286,83,9
BJcefGnbQ,no_score,gvgai_clusters,3287,83,9
BJcefGnbQ,no_score,gvgai_clusters,3288,83,9
BJcefGnbQ,no_score,gvgai_clusters,3289,83,9
BJcefGnbQ,no_score,gvgai_clusters,3290,83,9
BJcefGnbQ,no_score,gvgai_clusters,3291,83,9
BJcefGnbQ,no_score,gvgai_clusters,3292,83,9
BJcefGnbQ,no_score,gvgai_clusters,3293,83,9
BJcefGnbQ,no_score,gvgai_clusters,3294,83,9
BJcefGnbQ,no_score,gvgai_clusters,3295,83,9
BJcefGnbQ,no_score,gvgai_clusters,3296,83,9
BJcefGnbQ,no_score,gvgai_clusters,3297,83,9
BJcefGnbQ,no_score,gvgai_clusters,3298,83,9
BJcefGnbQ,no_score,gvgai_clusters,3299,83,9
BJcefGnbQ,no_score,gvgai_clusters,3300,83,9
BJcefGnbQ,no_score,gvgai_clusters,3301,83,9
BJcefGnbQ,no_score,gvgai_clusters,3302,83,9
BJcefGnbQ,no_score,gvgai_clusters,3303,83,9
BJcefGnbQ,no_score,gvgai_clusters,3304,83,9
BJcefGnbQ,no_score,gvgai_clusters,3305,83,9
BJcefGnbQ,no_score,gvgai_clusters,3306,83,9
BJcefGnbQ,no_score,gvgai_clusters,3307,83,9
BJcefGnbQ,no_score,gvgai_clusters,3308,83,9
BJcefGnbQ,no_score,gvgai_clusters,3309,83,9
BJcefGnbQ,no_score,gvgai_clusters,3310,83,9
BJcefGnbQ,no_score,gvgai_clusters,3311,83,9
BJcefGnbQ,no_score,gvgai_clusters,3312,83,9
BJcefGnbQ,no_score,gvgai_clusters,3313,83,9
BJcefGnbQ,no_score,gvgai_clusters,3314,83,9
BJcefGnbQ,no_score,gvgai_clusters,3315,83,9
BJcefGnbQ,no_score,gvgai_clusters,3316,83,9
BJcefGnbQ,no_score,gvgai_clusters,3317,83,9
BJcefGnbQ,no_score,gvgai_clusters,3318,83,9
BJcefGnbQ,no_score,gvgai_clusters,3319,83,9
BJcefGnbQ,no_score,gvgai_clusters,3320,83,9
BJcefGnbQ,no_score,gvgai_clusters,3321,83,9
BJcefGnbQ,no_score,gvgai_clusters,3322,83,9
BJcefGnbQ,no_score,gvgai_clusters,3323,83,9
BJcefGnbQ,no_score,gvgai_clusters,3324,83,9
BJcefGnbQ,no_score,gvgai_clusters,3325,83,9
BJcefGnbQ,no_score,gvgai_clusters,3326,83,9
BJcefGnbQ,no_score,gvgai_clusters,3327,83,9
BJcefGnbQ,no_score,gvgai_clusters,3328,83,9
BJcefGnbQ,no_score,gvgai_clusters,3329,83,9
BJcefGnbQ,no_score,gvgai_clusters,3330,83,9
BJcefGnbQ,no_score,gvgai_clusters,3331,83,9
BJcefGnbQ,no_score,gvgai_clusters,3332,83,9
BJcefGnbQ,no_score,gvgai_clusters,3333,83,9
BJcefGnbQ,no_score,gvgai_clusters,3334,83,9
BJcefGnbQ,no_score,gvgai_clusters,3335,83,9
BJcefGnbQ,no_score,gvgai_clusters,3336,83,9
BJcefGnbQ,no_score,gvgai_clusters,3337,83,9
BJcefGnbQ,no_score,gvgai_clusters,3338,83,9
BJcefGnbQ,no_score,gvgai_clusters,3339,83,9
BJcefGnbQ,no_score,gvgai_clusters,3340,83,9
BJcefGnbQ,no_score,gvgai_clusters,3341,83,9
BJcefGnbQ,no_score,gvgai_clusters,3342,83,9
BJcefGnbQ,no_score,gvgai_clusters,3343,83,9
BJcefGnbQ,no_score,gvgai_clusters,3344,83,9
BJcefGnbQ,no_score,gvgai_clusters,3345,83,9
BJcefGnbQ,no_score,gvgai_clusters,3346,83,9
BJcefGnbQ,no_score,gvgai_clusters,3347,83,9
BJcefGnbQ,no_score,gvgai_clusters,3348,83,9
BJcefGnbQ,no_score,gvgai_clusters,3349,83,9
BJcefGnbQ,no_score,gvgai_clusters,3350,83,9
BJcefGnbQ,no_score,gvgai_clusters,3351,83,9
BJcefGnbQ,no_score,gvgai_clusters,3352,83,9
BJcefGnbQ,no_score,gvgai_clusters,3353,83,9
BJcefGnbQ,no_score,gvgai_clusters,3354,83,9
BJcefGnbQ,no_score,gvgai_clusters,3355,83,9
BJcefGnbQ,no_score,gvgai_clusters,3356,83,9
BJcefGnbQ,no_score,gvgai_clusters,3357,83,9
BJcefGnbQ,no_score,gvgai_clusters,3358,83,9
BJcefGnbQ,no_score,gvgai_clusters,3359,83,9
BJcefGnbQ,no_score,gvgai_clusters,3360,83,9
BJcefGnbQ,no_score,gvgai_clusters,3361,83,9
BJcefGnbQ,no_score,gvgai_clusters,3362,83,9
BJcefGnbQ,no_score,gvgai_clusters,3363,83,9
BJcefGnbQ,no_score,gvgai_clusters,3364,83,9
BJcefGnbQ,no_score,gvgai_clusters,3365,83,9
BJcefGnbQ,no_score,gvgai_clusters,3366,83,9
BJcefGnbQ,no_score,gvgai_clusters,3367,83,9
BJcefGnbQ,no_score,gvgai_clusters,3368,83,9
BJcefGnbQ,no_score,gvgai_clusters,3369,83,9
BJcefGnbQ,no_score,gvgai_clusters,3370,83,9
BJcefGnbQ,no_score,gvgai_clusters,3371,83,9
BJcefGnbQ,no_score,gvgai_clusters,3372,83,9
BJcefGnbQ,no_score,gvgai_clusters,3373,83,9
BJcefGnbQ,no_score,gvgai_clusters,3374,83,9
BJcefGnbQ,no_score,gvgai_clusters,3375,83,9
BJcefGnbQ,no_score,gvgai_clusters,3376,83,9
BJcefGnbQ,no_score,gvgai_clusters,3377,83,9
BJcefGnbQ,no_score,gvgai_clusters,3378,83,9
BJcefGnbQ,no_score,gvgai_clusters,3379,83,9
BJcefGnbQ,no_score,gvgai_clusters,3380,83,9
BJcefGnbQ,no_score,gvgai_clusters,3381,83,9
BJcefGnbQ,no_score,gvgai_clusters,3382,83,9
BJcefGnbQ,no_score,gvgai_clusters,3383,83,9
BJcefGnbQ,no_score,gvgai_clusters,3384,83,9
BJcefGnbQ,no_score,gvgai_clusters,3385,83,9
BJcefGnbQ,no_score,gvgai_clusters,3386,83,9
BJcefGnbQ,no_score,gvgai_clusters,3387,83,9
BJcefGnbQ,no_score,gvgai_clusters,3388,83,9
BJcefGnbQ,no_score,gvgai_clusters,3389,83,9
BJcefGnbQ,no_score,gvgai_clusters,3390,83,9
BJcefGnbQ,no_score,gvgai_clusters,3391,83,9
BJcefGnbQ,no_score,gvgai_clusters,3392,83,9
BJcefGnbQ,no_score,gvgai_clusters,3393,83,9
BJcefGnbQ,no_score,gvgai_clusters,3394,83,9
BJcefGnbQ,no_score,gvgai_clusters,3395,83,9
BJcefGnbQ,no_score,gvgai_clusters,3396,83,9
BJcefGnbQ,no_score,gvgai_clusters,3397,83,9
BJcefGnbQ,no_score,gvgai_clusters,3398,83,9
BJcefGnbQ,no_score,gvgai_clusters,3399,83,9
BJcefGnbQ,no_score,gvgai_clusters,3400,83,9
BJcefGnbQ,no_score,gvgai_clusters,3401,83,9
BJcefGnbQ,no_score,gvgai_clusters,3402,83,9
BJcefGnbQ,no_score,gvgai_clusters,3403,83,9
BJcefGnbQ,no_score,gvgai_clusters,3404,83,9
BJcefGnbQ,no_score,gvgai_clusters,3405,83,9
BJcefGnbQ,no_score,gvgai_clusters,3406,83,9
BJcefGnbQ,no_score,gvgai_clusters,3407,83,9
BJcefGnbQ,no_score,gvgai_clusters,3408,83,9
BJcefGnbQ,no_score,gvgai_clusters,3409,83,9
BJcefGnbQ,no_score,gvgai_clusters,3410,83,9
BJcefGnbQ,no_score,gvgai_clusters,3411,83,9
BJcefGnbQ,no_score,gvgai_clusters,3412,83,9
BJcefGnbQ,no_score,gvgai_clusters,3413,83,9
BJcefGnbQ,no_score,gvgai_clusters,3414,83,9
BJcefGnbQ,no_score,gvgai_clusters,3415,83,9
BJcefGnbQ,no_score,gvgai_clusters,3416,83,9
BJcefGnbQ,no_score,gvgai_clusters,3417,83,9
BJcefGnbQ,no_score,gvgai_clusters,3418,83,9
BJcefGnbQ,no_score,gvgai_clusters,3419,83,9
BJcefGnbQ,no_score,gvgai_clusters,3420,83,9
BJcefGnbQ,no_score,gvgai_clusters,3421,83,9
BJcefGnbQ,no_score,gvgai_clusters,3422,83,9
BJcefGnbQ,no_score,gvgai_clusters,3423,83,9
BJcefGnbQ,no_score,gvgai_clusters,3424,83,9
BJcefGnbQ,no_score,gvgai_clusters,3425,83,9
BJcefGnbQ,no_score,gvgai_clusters,3426,83,9
BJcefGnbQ,no_score,gvgai_clusters,3427,83,9
BJcefGnbQ,no_score,gvgai_clusters,3428,83,9
BJcefGnbQ,no_score,gvgai_clusters,3429,83,9
BJcefGnbQ,no_score,gvgai_clusters,3430,83,9
BJcefGnbQ,no_score,gvgai_clusters,3431,83,9
BJcefGnbQ,no_score,gvgai_clusters,3432,83,9
BJcefGnbQ,no_score,gvgai_clusters,3433,83,9
BJcefGnbQ,no_score,gvgai_clusters,3434,83,9
BJcefGnbQ,no_score,gvgai_clusters,3435,83,9
BJcefGnbQ,no_score,gvgai_clusters,3436,83,9
BJcefGnbQ,no_score,gvgai_clusters,3437,83,9
BJcefGnbQ,no_score,gvgai_clusters,3438,83,9
BJcefGnbQ,no_score,gvgai_clusters,3439,83,9
BJcefGnbQ,no_score,gvgai_clusters,3440,83,9
BJcefGnbQ,no_score,gvgai_clusters,3441,83,9
BJcefGnbQ,no_score,gvgai_clusters,3442,83,9
BJcefGnbQ,no_score,gvgai_clusters,3443,83,9
BJcefGnbQ,no_score,gvgai_clusters,3444,83,9
BJcefGnbQ,no_score,gvgai_clusters,3445,83,9
BJcefGnbQ,no_score,gvgai_clusters,3446,83,9
BJcefGnbQ,no_score,gvgai_clusters,3447,83,9
BJcefGnbQ,no_score,gvgai_clusters,3448,83,9
BJcefGnbQ,no_score,gvgai_clusters,3449,83,9
BJcefGnbQ,no_score,gvgai_clusters,3450,83,9
BJcefGnbQ,no_score,gvgai_clusters,3451,83,9
BJcefGnbQ,no_score,gvgai_clusters,3452,83,9
BJcefGnbQ,no_score,gvgai_clusters,3453,83,9
BJcefGnbQ,no_score,gvgai_clusters,3454,83,9
BJcefGnbQ,no_score,gvgai_clusters,3455,83,9
BJcefGnbQ,no_score,gvgai_clusters,3456,83,9
BJcefGnbQ,no_score,gvgai_clusters,3457,83,9
BJcefGnbQ,no_score,gvgai_clusters,3458,83,9
BJcefGnbQ,no_score,gvgai_clusters,3459,83,9
BJcefGnbQ,no_score,gvgai_clusters,3460,83,9
BJcefGnbQ,no_score,gvgai_clusters,3461,83,9
BJcefGnbQ,no_score,gvgai_clusters,3462,83,9
BJcefGnbQ,no_score,gvgai_clusters,3463,83,9
BJcefGnbQ,no_score,gvgai_clusters,3464,83,9
BJcefGnbQ,no_score,gvgai_clusters,3465,83,9
BJcefGnbQ,no_score,gvgai_clusters,3466,83,9
BJcefGnbQ,no_score,gvgai_clusters,3467,83,9
BJcefGnbQ,no_score,gvgai_clusters,3468,83,9
BJcefGnbQ,no_score,gvgai_clusters,3469,83,9
BJcefGnbQ,no_score,gvgai_clusters,3470,83,9
BJcefGnbQ,no_score,gvgai_clusters,3471,83,9
BJcefGnbQ,no_score,gvgai_clusters,3472,83,9
BJcefGnbQ,no_score,gvgai_clusters,3473,83,9
BJcefGnbQ,no_score,gvgai_clusters,3474,83,9
BJcefGnbQ,no_score,gvgai_clusters,3475,83,9
BJcefGnbQ,no_score,gvgai_clusters,3476,83,9
BJcefGnbQ,no_score,gvgai_clusters,3477,83,9
BJcefGnbQ,no_score,gvgai_clusters,3478,83,9
BJcefGnbQ,no_score,gvgai_clusters,3479,83,9
BJcefGnbQ,no_score,gvgai_clusters,3480,83,9
BJcefGnbQ,no_score,gvgai_clusters,3481,83,9
BJcefGnbQ,no_score,gvgai_clusters,3482,83,9
BJcefGnbQ,no_score,gvgai_clusters,3483,83,9
BJcefGnbQ,no_score,gvgai_clusters,3484,83,9
BJcefGnbQ,no_score,gvgai_clusters,3485,83,9
BJcefGnbQ,no_score,gvgai_clusters,3486,83,9
BJcefGnbQ,no_score,gvgai_clusters,3487,83,9
BJcefGnbQ,no_score,gvgai_clusters,3488,83,9
BJcefGnbQ,no_score,gvgai_clusters,3489,83,9
BJcefGnbQ,no_score,gvgai_clusters,3490,83,9
BJcefGnbQ,no_score,gvgai_clusters,3491,83,9
BJcefGnbQ,no_score,gvgai_clusters,3492,83,9
BJcefGnbQ,no_score,gvgai_clusters,3493,83,9
BJcefGnbQ,no_score,gvgai_clusters,3494,83,9
BJcefGnbQ,no_score,gvgai_clusters,3495,83,9
BJcefGnbQ,no_score,gvgai_clusters,3496,83,9
BJcefGnbQ,no_score,gvgai_clusters,3497,83,9
BJcefGnbQ,no_score,gvgai_clusters,3498,83,9
BJcefGnbQ,no_score,gvgai_clusters,3499,83,9
BJcefGnbQ,no_score,gvgai_clusters,3500,83,9
BJcefGnbQ,no_score,gvgai_clusters,3501,83,9
BJcefGnbQ,no_score,gvgai_clusters,3502,83,9
BJcefGnbQ,no_score,gvgai_clusters,3503,83,9
BJcefGnbQ,no_score,gvgai_clusters,3504,83,9
BJcefGnbQ,no_score,gvgai_clusters,3505,83,9
BJcefGnbQ,no_score,gvgai_clusters,3506,83,9
BJcefGnbQ,no_score,gvgai_clusters,3507,83,9
BJcefGnbQ,no_score,gvgai_clusters,3508,83,9
BJcefGnbQ,no_score,gvgai_clusters,3509,83,9
BJcefGnbQ,no_score,gvgai_clusters,3510,83,9
BJcefGnbQ,no_score,gvgai_clusters,3511,83,9
BJcefGnbQ,no_score,gvgai_clusters,3512,83,9
BJcefGnbQ,no_score,gvgai_clusters,3513,83,9
BJcefGnbQ,no_score,gvgai_clusters,3514,83,9
BJcefGnbQ,no_score,gvgai_clusters,3515,83,9
BJcefGnbQ,no_score,gvgai_clusters,3516,83,9
BJcefGnbQ,no_score,gvgai_clusters,3517,83,9
BJcefGnbQ,no_score,gvgai_clusters,3518,83,9
BJcefGnbQ,no_score,gvgai_clusters,3519,83,9
BJcefGnbQ,no_score,gvgai_clusters,3520,83,9
BJcefGnbQ,no_score,gvgai_clusters,3521,83,9
BJcefGnbQ,no_score,gvgai_clusters,3522,83,9
BJcefGnbQ,no_score,gvgai_clusters,3523,83,9
BJcefGnbQ,no_score,gvgai_clusters,3524,83,9
BJcefGnbQ,no_score,gvgai_clusters,3525,83,9
BJcefGnbQ,no_score,gvgai_clusters,3526,83,9
BJcefGnbQ,no_score,gvgai_clusters,3527,83,9
BJcefGnbQ,no_score,gvgai_clusters,3528,83,9
BJcefGnbQ,no_score,gvgai_clusters,3529,83,9
BJcefGnbQ,no_score,gvgai_clusters,3530,83,9
BJcefGnbQ,no_score,gvgai_clusters,3531,83,9
BJcefGnbQ,no_score,gvgai_clusters,3532,83,9
BJcefGnbQ,no_score,gvgai_clusters,3533,83,9
BJcefGnbQ,no_score,gvgai_clusters,3534,83,9
BJcefGnbQ,no_score,gvgai_clusters,3535,83,9
BJcefGnbQ,no_score,gvgai_clusters,3536,83,9
BJcefGnbQ,no_score,gvgai_clusters,3537,83,9
BJcefGnbQ,no_score,gvgai_clusters,3538,83,9
BJcefGnbQ,no_score,gvgai_clusters,3539,83,9
BJcefGnbQ,no_score,gvgai_clusters,3540,83,9
BJcefGnbQ,no_score,gvgai_clusters,3541,83,9
BJcefGnbQ,no_score,gvgai_clusters,3542,83,9
BJcefGnbQ,no_score,gvgai_clusters,3543,83,9
BJcefGnbQ,no_score,gvgai_clusters,3544,83,9
BJcefGnbQ,no_score,gvgai_clusters,3545,83,9
BJcefGnbQ,no_score,gvgai_clusters,3546,83,9
BJcefGnbQ,no_score,gvgai_clusters,3547,83,9
BJcefGnbQ,no_score,gvgai_clusters,3548,83,9
BJcefGnbQ,no_score,gvgai_clusters,3549,83,9
BJcefGnbQ,no_score,gvgai_clusters,3550,83,9
BJcefGnbQ,no_score,gvgai_clusters,3551,83,9
BJcefGnbQ,no_score,gvgai_clusters,3552,83,9
BJcefGnbQ,no_score,gvgai_clusters,3553,83,9
BJcefGnbQ,no_score,gvgai_clusters,3554,83,9
BJcefGnbQ,no_score,gvgai_clusters,3555,83,9
BJcefGnbQ,no_score,gvgai_clusters,3556,83,9
BJcefGnbQ,no_score,gvgai_clusters,3557,83,9
BJcefGnbQ,no_score,gvgai_clusters,3558,83,9
BJcefGnbQ,no_score,gvgai_clusters,3559,83,9
BJcefGnbQ,no_score,gvgai_clusters,3560,83,9
BJcefGnbQ,no_score,gvgai_clusters,3561,83,9
BJcefGnbQ,no_score,gvgai_clusters,3562,83,9
BJcefGnbQ,no_score,gvgai_clusters,3563,83,9
BJcefGnbQ,no_score,gvgai_clusters,3564,83,9
BJcefGnbQ,no_score,gvgai_clusters,3565,83,9
BJcefGnbQ,no_score,gvgai_clusters,3566,83,9
BJcefGnbQ,no_score,gvgai_clusters,3567,83,9
BJcefGnbQ,no_score,gvgai_clusters,3568,83,9
BJcefGnbQ,no_score,gvgai_clusters,3569,83,9
BJcefGnbQ,no_score,gvgai_clusters,3570,83,9
BJcefGnbQ,no_score,gvgai_clusters,3571,83,9
BJcefGnbQ,no_score,gvgai_clusters,3572,83,9
BJcefGnbQ,no_score,gvgai_clusters,3573,83,9
BJcefGnbQ,no_score,gvgai_clusters,3574,83,9
BJcefGnbQ,no_score,gvgai_clusters,3575,83,9
BJcefGnbQ,no_score,gvgai_clusters,3576,83,9
BJcefGnbQ,no_score,gvgai_clusters,3577,83,9
BJcefGnbQ,no_score,gvgai_clusters,3578,83,9
BJcefGnbQ,no_score,gvgai_clusters,3579,83,9
BJcefGnbQ,no_score,gvgai_clusters,3580,83,9
BJcefGnbQ,no_score,gvgai_clusters,3581,83,9
BJcefGnbQ,no_score,gvgai_clusters,3582,83,9
BJcefGnbQ,no_score,gvgai_clusters,3583,83,9
BJcefGnbQ,no_score,gvgai_clusters,3584,83,9
BJcefGnbQ,no_score,gvgai_clusters,3585,83,9
BJcefGnbQ,no_score,gvgai_clusters,3586,83,9
BJcefGnbQ,no_score,gvgai_clusters,3587,83,9
BJcefGnbQ,no_score,gvgai_clusters,3588,83,9
BJcefGnbQ,no_score,gvgai_clusters,3589,83,9
BJcefGnbQ,no_score,gvgai_clusters,3590,83,9
BJcefGnbQ,no_score,gvgai_clusters,3591,83,9
BJcefGnbQ,no_score,gvgai_clusters,3592,83,9
BJcefGnbQ,no_score,gvgai_clusters,3593,83,9
BJcefGnbQ,no_score,gvgai_clusters,3594,83,9
BJcefGnbQ,no_score,gvgai_clusters,3595,83,9
BJcefGnbQ,no_score,gvgai_clusters,3596,83,9
BJcefGnbQ,no_score,gvgai_clusters,3597,83,9
BJcefGnbQ,no_score,gvgai_clusters,3598,83,9
BJcefGnbQ,no_score,gvgai_clusters,3599,83,9
BJcefGnbQ,no_score,gvgai_clusters,3600,83,9
BJcefGnbQ,no_score,gvgai_clusters,3601,83,9
BJcefGnbQ,no_score,gvgai_clusters,3602,83,9
BJcefGnbQ,no_score,gvgai_clusters,3603,83,9
BJcefGnbQ,no_score,gvgai_clusters,3604,83,9
BJcefGnbQ,no_score,gvgai_clusters,3605,83,9
BJcefGnbQ,no_score,gvgai_clusters,3606,83,9
BJcefGnbQ,no_score,gvgai_clusters,3607,83,9
BJcefGnbQ,no_score,gvgai_clusters,3608,83,9
BJcefGnbQ,no_score,gvgai_clusters,3609,83,9
BJcefGnbQ,no_score,gvgai_clusters,3610,83,9
BJcefGnbQ,no_score,gvgai_clusters,3611,83,9
BJcefGnbQ,no_score,gvgai_clusters,3612,83,9
BJcefGnbQ,no_score,gvgai_clusters,3613,83,9
BJcefGnbQ,no_score,gvgai_clusters,3614,83,9
BJcefGnbQ,no_score,gvgai_clusters,3615,83,9
BJcefGnbQ,no_score,gvgai_clusters,3616,83,9
BJcefGnbQ,no_score,gvgai_clusters,3617,83,9
BJcefGnbQ,no_score,gvgai_clusters,3618,83,9
BJcefGnbQ,no_score,gvgai_clusters,3619,83,9
BJcefGnbQ,no_score,gvgai_clusters,3620,83,9
BJcefGnbQ,no_score,gvgai_clusters,3621,83,9
BJcefGnbQ,no_score,gvgai_clusters,3622,83,9
BJcefGnbQ,no_score,gvgai_clusters,3623,83,9
BJcefGnbQ,no_score,gvgai_clusters,3624,83,9
BJcefGnbQ,no_score,gvgai_clusters,3625,83,9
BJcefGnbQ,no_score,gvgai_clusters,3626,83,9
BJcefGnbQ,no_score,gvgai_clusters,3627,83,9
BJcefGnbQ,no_score,gvgai_clusters,3628,83,9
BJcefGnbQ,no_score,gvgai_clusters,3629,83,9
BJcefGnbQ,no_score,gvgai_clusters,3630,83,9
BJcefGnbQ,no_score,gvgai_clusters,3631,83,9
BJcefGnbQ,no_score,gvgai_clusters,3632,83,9
BJcefGnbQ,no_score,gvgai_clusters,3633,83,9
BJcefGnbQ,no_score,gvgai_clusters,3634,83,9
BJcefGnbQ,no_score,gvgai_clusters,3635,83,9
BJcefGnbQ,no_score,gvgai_clusters,3636,83,9
BJcefGnbQ,no_score,gvgai_clusters,3637,83,9
BJcefGnbQ,no_score,gvgai_clusters,3638,83,9
BJcefGnbQ,no_score,gvgai_clusters,3639,83,9
BJcefGnbQ,no_score,gvgai_clusters,3640,83,9
BJcefGnbQ,no_score,gvgai_clusters,3641,83,9
BJcefGnbQ,no_score,gvgai_clusters,3642,83,9
BJcefGnbQ,no_score,gvgai_clusters,3643,83,9
BJcefGnbQ,no_score,gvgai_clusters,3644,83,9
BJcefGnbQ,no_score,gvgai_clusters,3645,83,9
BJcefGnbQ,no_score,gvgai_clusters,3646,83,9
BJcefGnbQ,no_score,gvgai_clusters,3647,83,9
BJcefGnbQ,no_score,gvgai_clusters,3648,83,9
BJcefGnbQ,no_score,gvgai_clusters,3649,83,9
BJcefGnbQ,no_score,gvgai_clusters,3650,83,9
BJcefGnbQ,no_score,gvgai_clusters,3651,83,9
BJcefGnbQ,no_score,gvgai_clusters,3652,83,9
BJcefGnbQ,no_score,gvgai_clusters,3653,83,9
BJcefGnbQ,no_score,gvgai_clusters,3654,83,9
BJcefGnbQ,no_score,gvgai_clusters,3655,83,9
BJcefGnbQ,no_score,gvgai_clusters,3656,83,9
BJcefGnbQ,no_score,gvgai_clusters,3657,83,9
BJcefGnbQ,no_score,gvgai_clusters,3658,83,9
BJcefGnbQ,no_score,gvgai_clusters,3659,83,9
BJcefGnbQ,no_score,gvgai_clusters,3660,83,9
BJcefGnbQ,no_score,gvgai_clusters,3661,83,9
BJcefGnbQ,no_score,gvgai_clusters,3662,83,9
BJcefGnbQ,no_score,gvgai_clusters,3663,83,9
BJcefGnbQ,no_score,gvgai_clusters,3664,83,9
BJcefGnbQ,no_score,gvgai_clusters,3665,83,9
BJcefGnbQ,no_score,gvgai_clusters,3666,83,9
BJcefGnbQ,no_score,gvgai_clusters,3667,83,9
BJcefGnbQ,no_score,gvgai_clusters,3668,83,9
BJcefGnbQ,no_score,gvgai_clusters,3669,83,9
BJcefGnbQ,no_score,gvgai_clusters,3670,83,9
BJcefGnbQ,no_score,gvgai_clusters,3671,83,9
BJcefGnbQ,no_score,gvgai_clusters,3672,83,9
BJcefGnbQ,no_score,gvgai_clusters,3673,83,9
BJcefGnbQ,no_score,gvgai_clusters,3674,83,9
BJcefGnbQ,no_score,gvgai_clusters,3675,83,9
BJcefGnbQ,no_score,gvgai_clusters,3676,83,9
BJcefGnbQ,no_score,gvgai_clusters,3677,83,9
BJcefGnbQ,no_score,gvgai_clusters,3678,83,9
BJcefGnbQ,no_score,gvgai_clusters,3679,83,9
BJcefGnbQ,no_score,gvgai_clusters,3680,83,9
BJcefGnbQ,no_score,gvgai_clusters,3681,83,9
BJcefGnbQ,no_score,gvgai_clusters,3682,83,9
BJcefGnbQ,no_score,gvgai_clusters,3683,83,9
BJcefGnbQ,no_score,gvgai_clusters,3684,83,9
BJcefGnbQ,no_score,gvgai_clusters,3685,83,9
BJcefGnbQ,no_score,gvgai_clusters,3686,83,9
BJcefGnbQ,no_score,gvgai_clusters,3687,83,9
BJcefGnbQ,no_score,gvgai_clusters,3688,83,9
BJcefGnbQ,no_score,gvgai_clusters,3689,83,9
BJcefGnbQ,no_score,gvgai_clusters,3690,83,9
BJcefGnbQ,no_score,gvgai_clusters,3691,83,9
BJcefGnbQ,no_score,gvgai_clusters,3692,83,9
BJcefGnbQ,no_score,gvgai_clusters,3693,83,9
BJcefGnbQ,no_score,gvgai_clusters,3694,83,9
BJcefGnbQ,no_score,gvgai_clusters,3695,83,9
BJcefGnbQ,no_score,gvgai_clusters,3696,83,9
BJcefGnbQ,no_score,gvgai_clusters,3697,83,9
BJcefGnbQ,no_score,gvgai_clusters,3698,83,9
BJcefGnbQ,no_score,gvgai_clusters,3699,83,9
BJcefGnbQ,no_score,gvgai_clusters,3700,83,9
BJcefGnbQ,no_score,gvgai_clusters,3701,83,9
BJcefGnbQ,no_score,gvgai_clusters,3702,83,9
BJcefGnbQ,no_score,gvgai_clusters,3703,83,9
BJcefGnbQ,no_score,gvgai_clusters,3704,83,9
BJcefGnbQ,no_score,gvgai_clusters,3705,83,9
BJcefGnbQ,no_score,gvgai_clusters,3706,83,9
BJcefGnbQ,no_score,gvgai_clusters,3707,83,9
BJcefGnbQ,no_score,gvgai_clusters,3708,83,9
BJcefGnbQ,no_score,gvgai_clusters,3709,83,9
BJcefGnbQ,no_score,gvgai_clusters,3710,83,9
BJcefGnbQ,no_score,gvgai_clusters,3711,83,9
BJcefGnbQ,no_score,gvgai_clusters,3712,83,9
BJcefGnbQ,no_score,gvgai_clusters,3713,83,9
BJcefGnbQ,no_score,gvgai_clusters,3714,83,9
BJcefGnbQ,no_score,gvgai_clusters,3715,83,9
BJcefGnbQ,no_score,gvgai_clusters,3716,83,9
BJcefGnbQ,no_score,gvgai_clusters,3717,83,9
BJcefGnbQ,no_score,gvgai_clusters,3718,83,9
BJcefGnbQ,no_score,gvgai_clusters,3719,83,9
BJcefGnbQ,no_score,gvgai_clusters,3720,83,9
BJcefGnbQ,no_score,gvgai_clusters,3721,83,9
BJcefGnbQ,no_score,gvgai_clusters,3722,83,9
BJcefGnbQ,no_score,gvgai_clusters,3723,83,9
BJcefGnbQ,no_score,gvgai_clusters,3724,83,9
BJcefGnbQ,no_score,gvgai_clusters,3725,83,9
BJcefGnbQ,no_score,gvgai_clusters,3726,83,9
BJcefGnbQ,no_score,gvgai_clusters,3727,83,9
BJcefGnbQ,no_score,gvgai_clusters,3728,83,9
BJcefGnbQ,no_score,gvgai_clusters,3729,83,9
BJcefGnbQ,no_score,gvgai_clusters,3730,83,9
BJcefGnbQ,no_score,gvgai_clusters,3731,83,9
BJcefGnbQ,no_score,gvgai_clusters,3732,83,9
BJcefGnbQ,no_score,gvgai_clusters,3733,83,9
BJcefGnbQ,no_score,gvgai_clusters,3734,83,9
BJcefGnbQ,no_score,gvgai_clusters,3735,83,9
BJcefGnbQ,no_score,gvgai_clusters,3736,83,9
BJcefGnbQ,no_score,gvgai_clusters,3737,83,9
BJcefGnbQ,no_score,gvgai_clusters,3738,83,9
BJcefGnbQ,no_score,gvgai_clusters,3739,83,9
BJcefGnbQ,no_score,gvgai_clusters,3740,83,9
BJcefGnbQ,no_score,gvgai_clusters,3741,83,9
BJcefGnbQ,no_score,gvgai_clusters,3742,83,9
BJcefGnbQ,no_score,gvgai_clusters,3743,83,9
BJcefGnbQ,no_score,gvgai_clusters,3744,83,9
BJcefGnbQ,no_score,gvgai_clusters,3745,83,9
BJcefGnbQ,no_score,gvgai_clusters,3746,83,9
BJcefGnbQ,no_score,gvgai_clusters,3747,83,9
BJcefGnbQ,no_score,gvgai_clusters,3748,83,9
BJcefGnbQ,no_score,gvgai_clusters,3749,83,9
BJcefGnbQ,no_score,gvgai_clusters,3750,83,9
BJcefGnbQ,no_score,gvgai_clusters,3751,83,9
BJcefGnbQ,no_score,gvgai_clusters,3752,83,9
BJcefGnbQ,no_score,gvgai_clusters,3753,83,9
BJcefGnbQ,no_score,gvgai_clusters,3754,83,9
BJcefGnbQ,no_score,gvgai_clusters,3755,83,9
BJcefGnbQ,no_score,gvgai_clusters,3756,83,9
BJcefGnbQ,no_score,gvgai_clusters,3757,83,9
BJcefGnbQ,no_score,gvgai_clusters,3758,83,9
BJcefGnbQ,no_score,gvgai_clusters,3759,83,9
BJcefGnbQ,no_score,gvgai_clusters,3760,83,9
BJcefGnbQ,no_score,gvgai_clusters,3761,83,9
BJcefGnbQ,no_score,gvgai_clusters,3762,83,9
BJcefGnbQ,no_score,gvgai_clusters,3763,83,9
BJcefGnbQ,no_score,gvgai_clusters,3764,83,9
BJcefGnbQ,no_score,gvgai_clusters,3765,83,9
BJcefGnbQ,no_score,gvgai_clusters,3766,83,9
BJcefGnbQ,no_score,gvgai_clusters,3767,83,9
BJcefGnbQ,no_score,gvgai_clusters,3768,83,9
BJcefGnbQ,no_score,gvgai_clusters,3769,83,9
BJcefGnbQ,no_score,gvgai_clusters,3770,83,9
BJcefGnbQ,no_score,gvgai_clusters,3771,83,9
BJcefGnbQ,no_score,gvgai_clusters,3772,83,9
BJcefGnbQ,no_score,gvgai_clusters,3773,83,9
BJcefGnbQ,no_score,gvgai_clusters,3774,83,9
BJcefGnbQ,no_score,gvgai_clusters,3775,83,9
BJcefGnbQ,no_score,gvgai_clusters,3776,83,9
BJcefGnbQ,no_score,gvgai_clusters,3777,83,9
BJcefGnbQ,no_score,gvgai_clusters,3778,83,9
BJcefGnbQ,no_score,gvgai_clusters,3779,83,9
BJcefGnbQ,no_score,gvgai_clusters,3780,83,9
BJcefGnbQ,no_score,gvgai_clusters,3781,83,9
BJcefGnbQ,no_score,gvgai_clusters,3782,83,9
BJcefGnbQ,no_score,gvgai_clusters,3783,83,9
BJcefGnbQ,no_score,gvgai_clusters,3784,83,9
BJcefGnbQ,no_score,gvgai_clusters,3785,83,9
BJcefGnbQ,no_score,gvgai_clusters,3786,83,9
BJcefGnbQ,no_score,gvgai_clusters,3787,83,9
BJcefGnbQ,no_score,gvgai_clusters,3788,83,9
BJcefGnbQ,no_score,gvgai_clusters,3789,83,9
BJcefGnbQ,no_score,gvgai_clusters,3790,83,9
BJcefGnbQ,no_score,gvgai_clusters,3791,83,9
BJcefGnbQ,no_score,gvgai_clusters,3792,83,9
BJcefGnbQ,no_score,gvgai_clusters,3793,83,9
BJcefGnbQ,no_score,gvgai_clusters,3794,83,9
BJcefGnbQ,no_score,gvgai_clusters,3795,83,9
BJcefGnbQ,no_score,gvgai_clusters,3796,83,9
BJcefGnbQ,no_score,gvgai_clusters,3797,83,9
BJcefGnbQ,no_score,gvgai_clusters,3798,83,9
BJcefGnbQ,no_score,gvgai_clusters,3799,83,9
BJcefGnbQ,no_score,gvgai_clusters,3800,83,9
BJcefGnbQ,no_score,gvgai_clusters,3801,83,9
BJcefGnbQ,no_score,gvgai_clusters,3802,83,9
BJcefGnbQ,no_score,gvgai_clusters,3803,83,9
BJcefGnbQ,no_score,gvgai_clusters,3804,83,9
BJcefGnbQ,no_score,gvgai_clusters,3805,83,9
BJcefGnbQ,no_score,gvgai_clusters,3806,83,9
BJcefGnbQ,no_score,gvgai_clusters,3807,83,9
BJcefGnbQ,no_score,gvgai_clusters,3808,83,9
BJcefGnbQ,no_score,gvgai_clusters,3809,83,9
BJcefGnbQ,no_score,gvgai_clusters,3810,83,9
BJcefGnbQ,no_score,gvgai_clusters,3811,83,9
BJcefGnbQ,no_score,gvgai_clusters,3812,83,9
BJcefGnbQ,no_score,gvgai_clusters,3813,83,9
BJcefGnbQ,no_score,gvgai_clusters,3814,83,9
BJcefGnbQ,no_score,gvgai_clusters,3815,83,9
BJcefGnbQ,no_score,gvgai_clusters,3816,83,9
BJcefGnbQ,no_score,gvgai_clusters,3817,83,9
BJcefGnbQ,no_score,gvgai_clusters,3818,83,9
BJcefGnbQ,no_score,gvgai_clusters,3819,83,9
BJcefGnbQ,no_score,gvgai_clusters,3820,83,9
BJcefGnbQ,no_score,gvgai_clusters,3821,83,9
BJcefGnbQ,no_score,gvgai_clusters,3822,83,9
BJcefGnbQ,no_score,gvgai_clusters,3823,83,9
BJcefGnbQ,no_score,gvgai_clusters,3824,83,9
BJcefGnbQ,no_score,gvgai_clusters,3825,83,9
BJcefGnbQ,no_score,gvgai_clusters,3826,83,9
BJcefGnbQ,no_score,gvgai_clusters,3827,83,9
BJcefGnbQ,no_score,gvgai_clusters,3828,83,9
BJcefGnbQ,no_score,gvgai_clusters,3829,83,9
BJcefGnbQ,no_score,gvgai_clusters,3830,83,9
BJcefGnbQ,no_score,gvgai_clusters,3831,83,9
BJcefGnbQ,no_score,gvgai_clusters,3832,83,9
BJcefGnbQ,no_score,gvgai_clusters,3833,83,9
BJcefGnbQ,no_score,gvgai_clusters,3834,83,9
BJcefGnbQ,no_score,gvgai_clusters,3835,83,9
BJcefGnbQ,no_score,gvgai_clusters,3836,83,9
BJcefGnbQ,no_score,gvgai_clusters,3837,83,9
BJcefGnbQ,no_score,gvgai_clusters,3838,83,9
BJcefGnbQ,no_score,gvgai_clusters,3839,83,9
BJcefGnbQ,no_score,gvgai_clusters,3840,83,9
BJcefGnbQ,no_score,gvgai_clusters,3841,83,9
BJcefGnbQ,no_score,gvgai_clusters,3842,83,9
BJcefGnbQ,no_score,gvgai_clusters,3843,83,9
BJcefGnbQ,no_score,gvgai_clusters,3844,83,9
BJcefGnbQ,no_score,gvgai_clusters,3845,83,9
BJcefGnbQ,no_score,gvgai_clusters,3846,83,9
BJcefGnbQ,no_score,gvgai_clusters,3847,83,9
BJcefGnbQ,no_score,gvgai_clusters,3848,83,9
BJcefGnbQ,no_score,gvgai_clusters,3849,83,9
BJcefGnbQ,no_score,gvgai_clusters,3850,83,9
BJcefGnbQ,no_score,gvgai_clusters,3851,83,9
BJcefGnbQ,no_score,gvgai_clusters,3852,83,9
BJcefGnbQ,no_score,gvgai_clusters,3853,83,9
BJcefGnbQ,no_score,gvgai_clusters,3854,83,9
BJcefGnbQ,no_score,gvgai_clusters,3855,83,9
BJcefGnbQ,no_score,gvgai_clusters,3856,83,9
BJcefGnbQ,no_score,gvgai_clusters,3857,83,9
BJcefGnbQ,no_score,gvgai_clusters,3858,83,9
BJcefGnbQ,no_score,gvgai_clusters,3859,83,9
BJcefGnbQ,no_score,gvgai_clusters,3860,83,9
BJcefGnbQ,no_score,gvgai_clusters,3861,83,9
BJcefGnbQ,no_score,gvgai_clusters,3862,83,9
BJcefGnbQ,no_score,gvgai_clusters,3863,83,9
BJcefGnbQ,no_score,gvgai_clusters,3864,83,9
BJcefGnbQ,no_score,gvgai_clusters,3865,83,9
BJcefGnbQ,no_score,gvgai_clusters,3866,83,9
BJcefGnbQ,no_score,gvgai_clusters,3867,83,9
BJcefGnbQ,no_score,gvgai_clusters,3868,83,9
BJcefGnbQ,no_score,gvgai_clusters,3869,83,9
BJcefGnbQ,no_score,gvgai_clusters,3870,83,9
BJcefGnbQ,no_score,gvgai_clusters,3871,83,9
BJcefGnbQ,no_score,gvgai_clusters,3872,83,9
BJcefGnbQ,no_score,gvgai_clusters,3873,83,9
BJcefGnbQ,no_score,gvgai_clusters,3874,83,9
BJcefGnbQ,no_score,gvgai_clusters,3875,83,9
BJcefGnbQ,no_score,gvgai_clusters,3876,83,9
BJcefGnbQ,no_score,gvgai_clusters,3877,83,9
BJcefGnbQ,no_score,gvgai_clusters,3878,83,9
BJcefGnbQ,no_score,gvgai_clusters,3879,83,9
BJcefGnbQ,no_score,gvgai_clusters,3880,83,9
BJcefGnbQ,no_score,gvgai_clusters,3881,83,9
BJcefGnbQ,no_score,gvgai_clusters,3882,83,9
BJcefGnbQ,no_score,gvgai_clusters,3883,83,9
BJcefGnbQ,no_score,gvgai_clusters,3884,83,9
BJcefGnbQ,no_score,gvgai_clusters,3885,83,9
BJcefGnbQ,no_score,gvgai_clusters,3886,83,9
BJcefGnbQ,no_score,gvgai_clusters,3887,83,9
BJcefGnbQ,no_score,gvgai_clusters,3888,83,9
BJcefGnbQ,no_score,gvgai_clusters,3889,83,9
BJcefGnbQ,no_score,gvgai_clusters,3890,83,9
BJcefGnbQ,no_score,gvgai_clusters,3891,83,9
BJcefGnbQ,no_score,gvgai_clusters,3892,83,9
BJcefGnbQ,no_score,gvgai_clusters,3893,83,9
BJcefGnbQ,no_score,gvgai_clusters,3894,83,9
BJcefGnbQ,no_score,gvgai_clusters,3895,83,9
BJcefGnbQ,no_score,gvgai_clusters,3896,83,9
BJcefGnbQ,no_score,gvgai_clusters,3897,83,9
BJcefGnbQ,no_score,gvgai_clusters,3898,83,9
BJcefGnbQ,no_score,gvgai_clusters,3899,83,9
BJcefGnbQ,no_score,gvgai_clusters,3900,83,9
BJcefGnbQ,no_score,gvgai_clusters,3901,83,9
BJcefGnbQ,no_score,gvgai_clusters,3902,83,9
BJcefGnbQ,no_score,gvgai_clusters,3903,83,9
BJcefGnbQ,no_score,gvgai_clusters,3904,83,9
BJcefGnbQ,no_score,gvgai_clusters,3905,83,9
BJcefGnbQ,no_score,gvgai_clusters,3906,83,9
BJcefGnbQ,no_score,gvgai_clusters,3907,83,9
BJcefGnbQ,no_score,gvgai_clusters,3908,83,9
BJcefGnbQ,no_score,gvgai_clusters,3909,83,9
BJcefGnbQ,no_score,gvgai_clusters,3910,83,9
BJcefGnbQ,no_score,gvgai_clusters,3911,83,9
BJcefGnbQ,no_score,gvgai_clusters,3912,83,9
BJcefGnbQ,no_score,gvgai_clusters,3913,83,9
BJcefGnbQ,no_score,gvgai_clusters,3914,83,9
BJcefGnbQ,no_score,gvgai_clusters,3915,83,9
BJcefGnbQ,no_score,gvgai_clusters,3916,83,9
BJcefGnbQ,no_score,gvgai_clusters,3917,83,9
BJcefGnbQ,no_score,gvgai_clusters,3918,83,9
BJcefGnbQ,no_score,gvgai_clusters,3919,83,9
BJcefGnbQ,no_score,gvgai_clusters,3920,83,9
BJcefGnbQ,no_score,gvgai_clusters,3921,83,9
BJcefGnbQ,no_score,gvgai_clusters,3922,83,9
BJcefGnbQ,no_score,gvgai_clusters,3923,83,9
BJcefGnbQ,no_score,gvgai_clusters,3924,83,9
BJcefGnbQ,no_score,gvgai_clusters,3925,83,9
BJcefGnbQ,no_score,gvgai_clusters,3926,83,9
BJcefGnbQ,no_score,gvgai_clusters,3927,83,9
BJcefGnbQ,no_score,gvgai_clusters,3928,83,9
BJcefGnbQ,no_score,gvgai_clusters,3929,83,9
BJcefGnbQ,no_score,gvgai_clusters,3930,83,9
BJcefGnbQ,no_score,gvgai_clusters,3931,83,9
BJcefGnbQ,no_score,gvgai_clusters,3932,83,9
BJcefGnbQ,no_score,gvgai_clusters,3933,83,9
BJcefGnbQ,no_score,gvgai_clusters,3934,83,9
BJcefGnbQ,no_score,gvgai_clusters,3935,83,9
BJcefGnbQ,no_score,gvgai_clusters,3936,83,9
BJcefGnbQ,no_score,gvgai_clusters,3937,83,9
BJcefGnbQ,no_score,gvgai_clusters,3938,83,9
BJcefGnbQ,no_score,gvgai_clusters,3939,83,9
BJcefGnbQ,no_score,gvgai_clusters,3940,83,9
BJcefGnbQ,no_score,gvgai_clusters,3941,83,9
BJcefGnbQ,no_score,gvgai_clusters,3942,83,9
BJcefGnbQ,no_score,gvgai_clusters,3943,83,9
BJcefGnbQ,no_score,gvgai_clusters,3944,83,9
BJcefGnbQ,no_score,gvgai_clusters,3945,83,9
BJcefGnbQ,no_score,gvgai_clusters,3946,83,9
BJcefGnbQ,no_score,gvgai_clusters,3947,83,9
BJcefGnbQ,no_score,gvgai_clusters,3948,83,9
BJcefGnbQ,no_score,gvgai_clusters,3949,83,9
BJcefGnbQ,no_score,gvgai_clusters,3950,83,9
BJcefGnbQ,no_score,gvgai_clusters,3951,83,9
BJcefGnbQ,no_score,gvgai_clusters,3952,83,9
BJcefGnbQ,no_score,gvgai_clusters,3953,83,9
BJcefGnbQ,no_score,gvgai_clusters,3954,83,9
BJcefGnbQ,no_score,gvgai_clusters,3955,83,9
BJcefGnbQ,no_score,gvgai_clusters,3956,83,9
BJcefGnbQ,no_score,gvgai_clusters,3957,83,9
BJcefGnbQ,no_score,gvgai_clusters,3958,83,9
BJcefGnbQ,no_score,gvgai_clusters,3959,83,9
BJcefGnbQ,no_score,gvgai_clusters,3960,83,9
BJcefGnbQ,no_score,gvgai_clusters,3961,83,9
BJcefGnbQ,no_score,gvgai_clusters,3962,83,9
BJcefGnbQ,no_score,gvgai_clusters,3963,83,9
BJcefGnbQ,no_score,gvgai_clusters,3964,83,9
BJcefGnbQ,no_score,gvgai_clusters,3965,83,9
BJcefGnbQ,no_score,gvgai_clusters,3966,83,9
BJcefGnbQ,no_score,gvgai_clusters,3967,83,9
BJcefGnbQ,no_score,gvgai_clusters,3968,83,9
BJcefGnbQ,no_score,gvgai_clusters,3969,83,9
BJcefGnbQ,no_score,gvgai_clusters,3970,83,9
BJcefGnbQ,no_score,gvgai_clusters,3971,83,9
BJcefGnbQ,no_score,gvgai_clusters,3972,83,9
BJcefGnbQ,no_score,gvgai_clusters,3973,83,9
BJcefGnbQ,no_score,gvgai_clusters,3974,83,9
BJcefGnbQ,no_score,gvgai_clusters,3975,83,9
BJcefGnbQ,no_score,gvgai_clusters,3976,83,9
BJcefGnbQ,no_score,gvgai_clusters,3977,83,9
BJcefGnbQ,no_score,gvgai_clusters,3978,83,9
BJcefGnbQ,no_score,gvgai_clusters,3979,83,9
BJcefGnbQ,no_score,gvgai_clusters,3980,83,9
BJcefGnbQ,no_score,gvgai_clusters,3981,83,9
BJcefGnbQ,no_score,gvgai_clusters,3982,83,9
BJcefGnbQ,no_score,gvgai_clusters,3983,83,9
BJcefGnbQ,no_score,gvgai_clusters,3984,83,9
BJcefGnbQ,no_score,gvgai_clusters,3985,83,9
BJcefGnbQ,no_score,gvgai_clusters,3986,83,9
BJcefGnbQ,no_score,gvgai_clusters,3987,83,9
BJcefGnbQ,no_score,gvgai_clusters,3988,83,9
BJcefGnbQ,no_score,gvgai_clusters,3989,83,9
BJcefGnbQ,no_score,gvgai_clusters,3990,83,9
BJcefGnbQ,no_score,gvgai_clusters,3991,83,9
BJcefGnbQ,no_score,gvgai_clusters,3992,83,9
BJcefGnbQ,no_score,gvgai_clusters,3993,83,9
BJcefGnbQ,no_score,gvgai_clusters,3994,83,9
BJcefGnbQ,no_score,gvgai_clusters,3995,83,9
BJcefGnbQ,no_score,gvgai_clusters,3996,83,9
BJcefGnbQ,no_score,gvgai_clusters,3997,83,9
BJcefGnbQ,no_score,gvgai_clusters,3998,83,9
BJcefGnbQ,no_score,gvgai_clusters,3999,83,9
BJcefGnbQ,no_score,gvgai_clusters,4000,83,9
BJcefGnbQ,no_score,gvgai_clusters,4001,83,9
BJcefGnbQ,no_score,gvgai_clusters,4002,83,9
BJcefGnbQ,no_score,gvgai_clusters,4003,83,9
BJcefGnbQ,no_score,gvgai_clusters,4004,83,9
BJcefGnbQ,no_score,gvgai_clusters,4005,83,9
BJcefGnbQ,no_score,gvgai_clusters,4006,83,9
BJcefGnbQ,no_score,gvgai_clusters,4007,83,9
BJcefGnbQ,no_score,gvgai_clusters,4008,83,9
BJcefGnbQ,no_score,gvgai_clusters,4009,83,9
BJcefGnbQ,no_score,gvgai_clusters,4010,83,9
BJcefGnbQ,no_score,gvgai_clusters,4011,83,9
BJcefGnbQ,no_score,gvgai_clusters,4012,83,9
BJcefGnbQ,no_score,gvgai_clusters,4013,83,9
BJcefGnbQ,no_score,gvgai_clusters,4014,83,9
BJcefGnbQ,no_score,gvgai_clusters,4015,83,9
BJcefGnbQ,no_score,gvgai_clusters,4016,83,9
BJcefGnbQ,no_score,gvgai_clusters,4017,83,9
BJcefGnbQ,no_score,gvgai_clusters,4018,83,9
BJcefGnbQ,no_score,gvgai_clusters,4019,83,9
BJcefGnbQ,no_score,gvgai_clusters,4020,83,9
BJcefGnbQ,no_score,gvgai_clusters,4021,83,9
BJcefGnbQ,no_score,gvgai_clusters,4022,83,9
BJcefGnbQ,no_score,gvgai_clusters,4023,83,9
BJcefGnbQ,no_score,gvgai_clusters,4024,83,9
BJcefGnbQ,no_score,gvgai_clusters,4025,83,9
BJcefGnbQ,no_score,gvgai_clusters,4026,83,9
BJcefGnbQ,no_score,gvgai_clusters,4027,83,9
BJcefGnbQ,no_score,gvgai_clusters,4028,83,9
BJcefGnbQ,no_score,gvgai_clusters,4029,83,9
BJcefGnbQ,no_score,gvgai_clusters,4030,83,9
BJcefGnbQ,no_score,gvgai_clusters,4031,83,9
BJcefGnbQ,no_score,gvgai_clusters,4032,83,9
BJcefGnbQ,no_score,gvgai_clusters,4033,83,9
BJcefGnbQ,no_score,gvgai_clusters,4034,83,9
BJcefGnbQ,no_score,gvgai_clusters,4035,83,9
BJcefGnbQ,no_score,gvgai_clusters,4036,83,9
BJcefGnbQ,no_score,gvgai_clusters,4037,83,9
BJcefGnbQ,no_score,gvgai_clusters,4038,83,9
BJcefGnbQ,no_score,gvgai_clusters,4039,83,9
BJcefGnbQ,no_score,gvgai_clusters,4040,83,9
BJcefGnbQ,no_score,gvgai_clusters,4041,83,9
BJcefGnbQ,no_score,gvgai_clusters,4042,83,9
BJcefGnbQ,no_score,gvgai_clusters,4043,83,9
BJcefGnbQ,no_score,gvgai_clusters,4044,83,9
BJcefGnbQ,no_score,gvgai_clusters,4045,83,9
BJcefGnbQ,no_score,gvgai_clusters,4046,83,9
BJcefGnbQ,no_score,gvgai_clusters,4047,83,9
BJcefGnbQ,no_score,gvgai_clusters,4048,83,9
BJcefGnbQ,no_score,gvgai_clusters,4049,83,9
BJcefGnbQ,no_score,gvgai_clusters,4050,83,9
BJcefGnbQ,no_score,gvgai_clusters,4051,83,9
BJcefGnbQ,no_score,gvgai_clusters,4052,83,9
BJcefGnbQ,no_score,gvgai_clusters,4053,83,9
BJcefGnbQ,no_score,gvgai_clusters,4054,83,9
BJcefGnbQ,no_score,gvgai_clusters,4055,83,9
BJcefGnbQ,no_score,gvgai_clusters,4056,83,9
BJcefGnbQ,no_score,gvgai_clusters,4057,83,9
BJcefGnbQ,no_score,gvgai_clusters,4058,83,9
BJcefGnbQ,no_score,gvgai_clusters,4059,83,9
BJcefGnbQ,no_score,gvgai_clusters,4060,83,9
BJcefGnbQ,no_score,gvgai_clusters,4061,83,9
BJcefGnbQ,no_score,gvgai_clusters,4062,83,9
BJcefGnbQ,no_score,gvgai_clusters,4063,83,9
BJcefGnbQ,no_score,gvgai_clusters,4064,83,9
BJcefGnbQ,no_score,gvgai_clusters,4065,83,9
BJcefGnbQ,no_score,gvgai_clusters,4066,83,9
BJcefGnbQ,no_score,gvgai_clusters,4067,83,9
BJcefGnbQ,no_score,gvgai_clusters,4068,83,9
BJcefGnbQ,no_score,gvgai_clusters,4069,83,9
BJcefGnbQ,no_score,gvgai_clusters,4070,83,9
BJcefGnbQ,no_score,gvgai_clusters,4071,83,9
BJcefGnbQ,no_score,gvgai_clusters,4072,83,9
BJcefGnbQ,no_score,gvgai_clusters,4073,83,9
BJcefGnbQ,no_score,gvgai_clusters,4074,83,9
BJcefGnbQ,no_score,gvgai_clusters,4075,83,9
BJcefGnbQ,no_score,gvgai_clusters,4076,83,9
BJcefGnbQ,no_score,gvgai_clusters,4077,83,9
BJcefGnbQ,no_score,gvgai_clusters,4078,83,9
BJcefGnbQ,no_score,gvgai_clusters,4079,83,9
BJcefGnbQ,no_score,gvgai_clusters,4080,83,9
BJcefGnbQ,no_score,gvgai_clusters,4081,83,9
BJcefGnbQ,no_score,gvgai_clusters,4082,83,9
BJcefGnbQ,no_score,gvgai_clusters,4083,83,9
BJcefGnbQ,no_score,gvgai_clusters,4084,83,9
BJcefGnbQ,no_score,gvgai_clusters,4085,83,9
BJcefGnbQ,no_score,gvgai_clusters,4086,83,9
BJcefGnbQ,no_score,gvgai_clusters,4087,83,9
BJcefGnbQ,no_score,gvgai_clusters,4088,83,9
BJcefGnbQ,no_score,gvgai_clusters,4089,83,9
BJcefGnbQ,no_score,gvgai_clusters,4090,83,9
BJcefGnbQ,no_score,gvgai_clusters,4091,83,9
BJcefGnbQ,no_score,gvgai_clusters,4092,83,9
BJcefGnbQ,no_score,gvgai_clusters,4093,83,9
BJcefGnbQ,no_score,gvgai_clusters,4094,83,9
BJcefGnbQ,no_score,gvgai_clusters,4095,83,9
BJcefGnbQ,no_score,gvgai_clusters,4096,83,9
BJcefGnbQ,no_score,gvgai_clusters,4097,83,9
BJcefGnbQ,no_score,gvgai_clusters,4098,83,9
BJcefGnbQ,no_score,gvgai_clusters,4099,83,9
BJcefGnbQ,no_score,gvgai_clusters,4100,83,9
BJcefGnbQ,no_score,gvgai_clusters,4101,83,9
BJcefGnbQ,no_score,gvgai_clusters,4102,83,9
BJcefGnbQ,no_score,gvgai_clusters,4103,83,9
BJcefGnbQ,no_score,gvgai_clusters,4104,83,9
BJcefGnbQ,no_score,gvgai_clusters,4105,83,9
BJcefGnbQ,no_score,gvgai_clusters,4106,83,9
BJcefGnbQ,no_score,gvgai_clusters,4107,83,9
BJcefGnbQ,no_score,gvgai_clusters,4108,83,9
BJcefGnbQ,no_score,gvgai_clusters,4109,83,9
BJcefGnbQ,no_score,gvgai_clusters,4110,83,9
BJcefGnbQ,no_score,gvgai_clusters,4111,83,9
BJcefGnbQ,no_score,gvgai_clusters,4112,83,9
BJcefGnbQ,no_score,gvgai_clusters,4113,83,9
BJcefGnbQ,no_score,gvgai_clusters,4114,83,9
BJcefGnbQ,no_score,gvgai_clusters,4115,83,9
BJcefGnbQ,no_score,gvgai_clusters,4116,83,9
BJcefGnbQ,no_score,gvgai_clusters,4117,83,9
BJcefGnbQ,no_score,gvgai_clusters,4118,83,9
BJcefGnbQ,no_score,gvgai_clusters,4119,83,9
BJcefGnbQ,no_score,gvgai_clusters,4120,83,9
BJcefGnbQ,no_score,gvgai_clusters,4121,83,9
BJcefGnbQ,no_score,gvgai_clusters,4122,83,9
BJcefGnbQ,no_score,gvgai_clusters,4123,83,9
BJcefGnbQ,no_score,gvgai_clusters,4124,83,9
BJcefGnbQ,no_score,gvgai_clusters,4125,83,9
BJcefGnbQ,no_score,gvgai_clusters,4126,83,9
BJcefGnbQ,no_score,gvgai_clusters,4127,83,9
BJcefGnbQ,no_score,gvgai_clusters,4128,83,9
BJcefGnbQ,no_score,gvgai_clusters,4129,83,9
BJcefGnbQ,no_score,gvgai_clusters,4130,83,9
BJcefGnbQ,no_score,gvgai_clusters,4131,83,9
BJcefGnbQ,no_score,gvgai_clusters,4132,83,9
BJcefGnbQ,no_score,gvgai_clusters,4133,83,9
BJcefGnbQ,no_score,gvgai_clusters,4134,83,9
BJcefGnbQ,no_score,gvgai_clusters,4135,83,9
BJcefGnbQ,no_score,gvgai_clusters,4136,83,9
BJcefGnbQ,no_score,gvgai_clusters,4137,83,9
BJcefGnbQ,no_score,gvgai_clusters,4138,83,9
BJcefGnbQ,no_score,gvgai_clusters,4139,83,9
BJcefGnbQ,no_score,gvgai_clusters,4140,83,9
BJcefGnbQ,no_score,gvgai_clusters,4141,83,9
BJcefGnbQ,no_score,gvgai_clusters,4142,83,9
BJcefGnbQ,no_score,gvgai_clusters,4143,83,9
BJcefGnbQ,no_score,gvgai_clusters,4144,83,9
BJcefGnbQ,no_score,gvgai_clusters,4145,83,9
BJcefGnbQ,no_score,gvgai_clusters,4146,83,9
BJcefGnbQ,no_score,gvgai_clusters,4147,83,9
BJcefGnbQ,no_score,gvgai_clusters,4148,83,9
BJcefGnbQ,no_score,gvgai_clusters,4149,83,9
BJcefGnbQ,no_score,gvgai_clusters,4150,83,9
BJcefGnbQ,no_score,gvgai_clusters,4151,83,9
BJcefGnbQ,no_score,gvgai_clusters,4152,83,9
BJcefGnbQ,no_score,gvgai_clusters,4153,83,9
BJcefGnbQ,no_score,gvgai_clusters,4154,83,9
BJcefGnbQ,no_score,gvgai_clusters,4155,83,9
BJcefGnbQ,no_score,gvgai_clusters,4156,83,9
BJcefGnbQ,no_score,gvgai_clusters,4157,83,9
BJcefGnbQ,no_score,gvgai_clusters,4158,83,9
BJcefGnbQ,no_score,gvgai_clusters,4159,83,9
BJcefGnbQ,no_score,gvgai_clusters,4160,83,9
BJcefGnbQ,no_score,gvgai_clusters,4161,83,9
BJcefGnbQ,no_score,gvgai_clusters,4162,83,9
BJcefGnbQ,no_score,gvgai_clusters,4163,83,9
BJcefGnbQ,no_score,gvgai_clusters,4164,83,9
BJcefGnbQ,no_score,gvgai_clusters,4165,83,9
BJcefGnbQ,no_score,gvgai_clusters,4166,83,9
BJcefGnbQ,no_score,gvgai_clusters,4167,83,9
BJcefGnbQ,no_score,gvgai_clusters,4168,83,9
BJcefGnbQ,no_score,gvgai_clusters,4169,83,9
BJcefGnbQ,no_score,gvgai_clusters,4170,83,9
BJcefGnbQ,no_score,gvgai_clusters,4171,83,9
BJcefGnbQ,no_score,gvgai_clusters,4172,83,9
BJcefGnbQ,no_score,gvgai_clusters,4173,83,9
BJcefGnbQ,no_score,gvgai_clusters,4174,83,9
BJcefGnbQ,no_score,gvgai_clusters,4175,83,9
BJcefGnbQ,no_score,gvgai_clusters,4176,83,9
BJcefGnbQ,no_score,gvgai_clusters,4177,83,9
BJcefGnbQ,no_score,gvgai_clusters,4178,83,9
BJcefGnbQ,no_score,gvgai_clusters,4179,83,9
BJcefGnbQ,no_score,gvgai_clusters,4180,83,9
BJcefGnbQ,no_score,gvgai_clusters,4181,83,9
BJcefGnbQ,no_score,gvgai_clusters,4182,83,9
BJcefGnbQ,no_score,gvgai_clusters,4183,83,9
BJcefGnbQ,no_score,gvgai_clusters,4184,83,9
BJcefGnbQ,no_score,gvgai_clusters,4185,83,9
BJcefGnbQ,no_score,gvgai_clusters,4186,83,9
BJcefGnbQ,no_score,gvgai_clusters,4187,83,9
BJcefGnbQ,no_score,gvgai_clusters,4188,83,9
BJcefGnbQ,no_score,gvgai_clusters,4189,83,9
BJcefGnbQ,no_score,gvgai_clusters,4190,83,9
BJcefGnbQ,no_score,gvgai_clusters,4191,83,9
BJcefGnbQ,no_score,gvgai_clusters,4192,83,9
BJcefGnbQ,no_score,gvgai_clusters,4193,83,9
BJcefGnbQ,no_score,gvgai_clusters,4194,83,9
BJcefGnbQ,no_score,gvgai_clusters,4195,83,9
BJcefGnbQ,no_score,gvgai_clusters,4196,83,9
BJcefGnbQ,no_score,gvgai_clusters,4197,83,9
BJcefGnbQ,no_score,gvgai_clusters,4198,83,9
BJcefGnbQ,no_score,gvgai_clusters,4199,83,9
BJcefGnbQ,no_score,gvgai_clusters,4200,83,9
BJcefGnbQ,no_score,gvgai_clusters,4201,83,9
BJcefGnbQ,no_score,gvgai_clusters,4202,83,9
BJcefGnbQ,no_score,gvgai_clusters,4203,83,9
BJcefGnbQ,no_score,gvgai_clusters,4204,83,9
BJcefGnbQ,no_score,gvgai_clusters,4205,83,9
BJcefGnbQ,no_score,gvgai_clusters,4206,83,9
BJcefGnbQ,no_score,gvgai_clusters,4207,83,9
BJcefGnbQ,no_score,gvgai_clusters,4208,83,9
BJcefGnbQ,no_score,gvgai_clusters,4209,83,9
BJcefGnbQ,no_score,gvgai_clusters,4210,83,9
BJcefGnbQ,no_score,gvgai_clusters,4211,83,9
BJcefGnbQ,no_score,gvgai_clusters,4212,83,9
BJcefGnbQ,no_score,gvgai_clusters,4213,83,9
BJcefGnbQ,no_score,gvgai_clusters,4214,83,9
BJcefGnbQ,no_score,gvgai_clusters,4215,83,9
BJcefGnbQ,no_score,gvgai_clusters,4216,83,9
BJcefGnbQ,no_score,gvgai_clusters,4217,83,9
BJcefGnbQ,no_score,gvgai_clusters,4218,83,9
BJcefGnbQ,no_score,gvgai_clusters,4219,83,9
BJcefGnbQ,no_score,gvgai_clusters,4220,83,9
BJcefGnbQ,no_score,gvgai_clusters,4221,83,9
BJcefGnbQ,no_score,gvgai_clusters,4222,83,9
BJcefGnbQ,no_score,gvgai_clusters,4223,83,9
BJcefGnbQ,no_score,gvgai_clusters,4224,83,9
BJcefGnbQ,no_score,gvgai_clusters,4225,83,9
BJcefGnbQ,no_score,gvgai_clusters,4226,83,9
BJcefGnbQ,no_score,gvgai_clusters,4227,83,9
BJcefGnbQ,no_score,gvgai_clusters,4228,83,9
BJcefGnbQ,no_score,gvgai_clusters,4229,83,9
BJcefGnbQ,no_score,gvgai_clusters,4230,83,9
BJcefGnbQ,no_score,gvgai_clusters,4231,83,9
BJcefGnbQ,no_score,gvgai_clusters,4232,83,9
BJcefGnbQ,no_score,gvgai_clusters,4233,83,9
BJcefGnbQ,no_score,gvgai_clusters,4234,83,9
BJcefGnbQ,no_score,gvgai_clusters,4235,83,9
BJcefGnbQ,no_score,gvgai_clusters,4236,83,9
BJcefGnbQ,no_score,gvgai_clusters,4237,83,9
BJcefGnbQ,no_score,gvgai_clusters,4238,83,9
BJcefGnbQ,no_score,gvgai_clusters,4239,83,9
BJcefGnbQ,no_score,gvgai_clusters,4240,83,9
BJcefGnbQ,no_score,gvgai_clusters,4241,83,9
BJcefGnbQ,no_score,gvgai_clusters,4242,83,9
BJcefGnbQ,no_score,gvgai_clusters,4243,83,9
BJcefGnbQ,no_score,gvgai_clusters,4244,83,9
BJcefGnbQ,no_score,gvgai_clusters,4245,83,9
BJcefGnbQ,no_score,gvgai_clusters,4246,83,9
BJcefGnbQ,no_score,gvgai_clusters,4247,83,9
BJcefGnbQ,no_score,gvgai_clusters,4248,83,9
BJcefGnbQ,no_score,gvgai_clusters,4249,83,9
BJcefGnbQ,no_score,gvgai_clusters,4250,83,9
BJcefGnbQ,no_score,gvgai_clusters,4251,83,9
BJcefGnbQ,no_score,gvgai_clusters,4252,83,9
BJcefGnbQ,no_score,gvgai_clusters,4253,83,9
BJcefGnbQ,no_score,gvgai_clusters,4254,83,9
BJcefGnbQ,no_score,gvgai_clusters,4255,83,9
BJcefGnbQ,no_score,gvgai_clusters,4256,83,9
BJcefGnbQ,no_score,gvgai_clusters,4257,83,9
BJcefGnbQ,no_score,gvgai_clusters,4258,83,9
BJcefGnbQ,no_score,gvgai_clusters,4259,83,9
BJcefGnbQ,no_score,gvgai_clusters,4260,83,9
BJcefGnbQ,no_score,gvgai_clusters,4261,83,9
BJcefGnbQ,no_score,gvgai_clusters,4262,83,9
BJcefGnbQ,no_score,gvgai_clusters,4263,83,9
BJcefGnbQ,no_score,gvgai_clusters,4264,83,9
BJcefGnbQ,no_score,gvgai_clusters,4265,83,9
BJcefGnbQ,no_score,gvgai_clusters,4266,83,9
BJcefGnbQ,no_score,gvgai_clusters,4267,83,9
BJcefGnbQ,no_score,gvgai_clusters,4268,83,9
BJcefGnbQ,no_score,gvgai_clusters,4269,83,9
BJcefGnbQ,no_score,gvgai_clusters,4270,83,9
BJcefGnbQ,no_score,gvgai_clusters,4271,83,9
BJcefGnbQ,no_score,gvgai_clusters,4272,83,9
BJcefGnbQ,no_score,gvgai_clusters,4273,83,9
BJcefGnbQ,no_score,gvgai_clusters,4274,83,9
BJcefGnbQ,no_score,gvgai_clusters,4275,83,9
BJcefGnbQ,no_score,gvgai_clusters,4276,83,9
BJcefGnbQ,no_score,gvgai_clusters,4277,83,9
BJcefGnbQ,no_score,gvgai_clusters,4278,83,9
BJcefGnbQ,no_score,gvgai_clusters,4279,83,9
BJcefGnbQ,no_score,gvgai_clusters,4280,83,9
BJcefGnbQ,no_score,gvgai_clusters,4281,83,9
BJcefGnbQ,no_score,gvgai_clusters,4282,83,9
BJcefGnbQ,no_score,gvgai_clusters,4283,83,9
BJcefGnbQ,no_score,gvgai_clusters,4284,83,9
BJcefGnbQ,no_score,gvgai_clusters,4285,83,9
BJcefGnbQ,no_score,gvgai_clusters,4286,83,9
BJcefGnbQ,no_score,gvgai_clusters,4287,83,9
BJcefGnbQ,no_score,gvgai_clusters,4288,83,9
BJcefGnbQ,no_score,gvgai_clusters,4289,83,9
BJcefGnbQ,no_score,gvgai_clusters,4290,83,9
BJcefGnbQ,no_score,gvgai_clusters,4291,83,9
BJcefGnbQ,no_score,gvgai_clusters,4292,83,9
BJcefGnbQ,no_score,gvgai_clusters,4293,83,9
BJcefGnbQ,no_score,gvgai_clusters,4294,83,9
BJcefGnbQ,no_score,gvgai_clusters,4295,83,9
BJcefGnbQ,no_score,gvgai_clusters,4296,83,9
BJcefGnbQ,no_score,gvgai_clusters,4297,83,9
BJcefGnbQ,no_score,gvgai_clusters,4298,83,9
BJcefGnbQ,no_score,gvgai_clusters,4299,83,9
BJcefGnbQ,no_score,gvgai_clusters,4300,83,9
BJcefGnbQ,no_score,gvgai_clusters,4301,83,9
BJcefGnbQ,no_score,gvgai_clusters,4302,83,9
BJcefGnbQ,no_score,gvgai_clusters,4303,83,9
BJcefGnbQ,no_score,gvgai_clusters,4304,83,9
BJcefGnbQ,no_score,gvgai_clusters,4305,83,9
BJcefGnbQ,no_score,gvgai_clusters,4306,83,9
BJcefGnbQ,no_score,gvgai_clusters,4307,83,9
BJcefGnbQ,no_score,gvgai_clusters,4308,83,9
BJcefGnbQ,no_score,gvgai_clusters,4309,83,9
BJcefGnbQ,no_score,gvgai_clusters,4310,83,9
BJcefGnbQ,no_score,gvgai_clusters,4311,83,9
BJcefGnbQ,no_score,gvgai_clusters,4312,83,9
BJcefGnbQ,no_score,gvgai_clusters,4313,83,9
BJcefGnbQ,no_score,gvgai_clusters,4314,83,9
BJcefGnbQ,no_score,gvgai_clusters,4315,83,9
BJcefGnbQ,no_score,gvgai_clusters,4316,83,9
BJcefGnbQ,no_score,gvgai_clusters,4317,83,9
BJcefGnbQ,no_score,gvgai_clusters,4318,83,9
BJcefGnbQ,no_score,gvgai_clusters,4319,83,9
BJcefGnbQ,no_score,gvgai_clusters,4320,83,9
BJcefGnbQ,no_score,gvgai_clusters,4321,83,9
BJcefGnbQ,no_score,gvgai_clusters,4322,83,9
BJcefGnbQ,no_score,gvgai_clusters,4323,83,9
BJcefGnbQ,no_score,gvgai_clusters,4324,83,9
BJcefGnbQ,no_score,gvgai_clusters,4325,83,9
BJcefGnbQ,no_score,gvgai_clusters,4326,83,9
BJcefGnbQ,no_score,gvgai_clusters,4327,83,9
BJcefGnbQ,no_score,gvgai_clusters,4328,83,9
BJcefGnbQ,no_score,gvgai_clusters,4329,83,9
BJcefGnbQ,no_score,gvgai_clusters,4330,83,9
BJcefGnbQ,no_score,gvgai_clusters,4331,83,9
BJcefGnbQ,no_score,gvgai_clusters,4332,83,9
BJcefGnbQ,no_score,gvgai_clusters,4333,83,9
BJcefGnbQ,no_score,gvgai_clusters,4334,83,9
BJcefGnbQ,no_score,gvgai_clusters,4335,83,9
BJcefGnbQ,no_score,gvgai_clusters,4336,83,9
BJcefGnbQ,no_score,gvgai_clusters,4337,83,9
BJcefGnbQ,no_score,gvgai_clusters,4338,83,9
BJcefGnbQ,no_score,gvgai_clusters,4339,83,9
BJcefGnbQ,no_score,gvgai_clusters,4340,83,9
BJcefGnbQ,no_score,gvgai_clusters,4341,83,9
BJcefGnbQ,no_score,gvgai_clusters,4342,83,9
BJcefGnbQ,no_score,gvgai_clusters,4343,83,9
BJcefGnbQ,no_score,gvgai_clusters,4344,83,9
BJcefGnbQ,no_score,gvgai_clusters,4345,83,9
BJcefGnbQ,no_score,gvgai_clusters,4346,83,9
BJcefGnbQ,no_score,gvgai_clusters,4347,83,9
BJcefGnbQ,no_score,gvgai_clusters,4348,83,9
BJcefGnbQ,no_score,gvgai_clusters,4349,83,9
BJcefGnbQ,no_score,gvgai_clusters,4350,83,9
BJcefGnbQ,no_score,gvgai_clusters,4351,83,9
BJcefGnbQ,no_score,gvgai_clusters,4352,83,9
BJcefGnbQ,no_score,gvgai_clusters,4353,83,9
BJcefGnbQ,no_score,gvgai_clusters,4354,83,9
BJcefGnbQ,no_score,gvgai_clusters,4355,83,9
BJcefGnbQ,no_score,gvgai_clusters,4356,83,9
BJcefGnbQ,no_score,gvgai_clusters,4357,83,9
BJcefGnbQ,no_score,gvgai_clusters,4358,83,9
BJcefGnbQ,no_score,gvgai_clusters,4359,83,9
BJcefGnbQ,no_score,gvgai_clusters,4360,83,9
BJcefGnbQ,no_score,gvgai_clusters,4361,83,9
BJcefGnbQ,no_score,gvgai_clusters,4362,83,9
BJcefGnbQ,no_score,gvgai_clusters,4363,83,9
BJcefGnbQ,no_score,gvgai_clusters,4364,83,9
BJcefGnbQ,no_score,gvgai_clusters,4365,83,9
BJcefGnbQ,no_score,gvgai_clusters,4366,83,9
BJcefGnbQ,no_score,gvgai_clusters,4367,83,9
BJcefGnbQ,no_score,gvgai_clusters,4368,83,9
BJcefGnbQ,no_score,gvgai_clusters,4369,83,9
BJcefGnbQ,no_score,gvgai_clusters,4370,83,9
BJcefGnbQ,no_score,gvgai_clusters,4371,83,9
BJcefGnbQ,no_score,gvgai_clusters,4372,83,9
BJcefGnbQ,no_score,gvgai_clusters,4373,83,9
BJcefGnbQ,no_score,gvgai_clusters,4374,83,9
BJcefGnbQ,no_score,gvgai_clusters,4375,83,9
BJcefGnbQ,no_score,gvgai_clusters,4376,83,9
BJcefGnbQ,no_score,gvgai_clusters,4377,83,9
BJcefGnbQ,no_score,gvgai_clusters,4378,83,9
BJcefGnbQ,no_score,gvgai_clusters,4379,83,9
BJcefGnbQ,no_score,gvgai_clusters,4380,83,9
BJcefGnbQ,no_score,gvgai_clusters,4381,83,9
BJcefGnbQ,no_score,gvgai_clusters,4382,83,9
BJcefGnbQ,no_score,gvgai_clusters,4383,83,9
BJcefGnbQ,no_score,gvgai_clusters,4384,83,9
BJcefGnbQ,no_score,gvgai_clusters,4385,83,9
BJcefGnbQ,no_score,gvgai_clusters,4386,83,9
BJcefGnbQ,no_score,gvgai_clusters,4387,83,9
BJcefGnbQ,no_score,gvgai_clusters,4388,83,9
BJcefGnbQ,no_score,gvgai_clusters,4389,83,9
BJcefGnbQ,no_score,gvgai_clusters,4390,83,9
BJcefGnbQ,no_score,gvgai_clusters,4391,83,9
BJcefGnbQ,no_score,gvgai_clusters,4392,83,9
BJcrLXKUZ,no_score,gvgai_aliens,0,2,0
BJcrLXKUZ,no_score,gvgai_aliens,0,19,0
BJcrLXKUZ,no_score,gvgai_aliens,0,28,0
BJcrLXKUZ,no_score,gvgai_aliens,0,44,0
BJcrLXKUZ,no_score,gvgai_aliens,0,48,0
BJcrLXKUZ,no_score,gvgai_aliens,0,16,0
BJcrLXKUZ,no_score,gvgai_aliens,0,22,0
BJcrLXKUZ,no_score,gvgai_aliens,0,58,0
BJcrLXKUZ,no_score,gvgai_aliens,0,9,0
BJcrLXKUZ,no_score,gvgai_aliens,0,25,0
BJcrLXKUZ,no_score,gvgai_aliens,0,41,0
BJcrLXKUZ,no_score,gvgai_aliens,0,47,0
BJcrLXKUZ,no_score,gvgai_aliens,0,56,0
BJcrLXKUZ,no_score,gvgai_aliens,0,61,0
BJcrLXKUZ,no_score,gvgai_aliens,0,13,0
BJcrLXKUZ,no_score,gvgai_aliens,0,34,0
BJcrLXKUZ,no_score,gvgai_aliens,1,61,1
BJcrLXKUZ,no_score,gvgai_aliens,1,12,0
BJcrLXKUZ,no_score,gvgai_aliens,1,8,0
BJcrLXKUZ,no_score,gvgai_aliens,1,24,0
BJcrLXKUZ,no_score,gvgai_aliens,1,15,0
BJcrLXKUZ,no_score,gvgai_aliens,1,29,0
BJcrLXKUZ,no_score,gvgai_aliens,1,18,0
BJcrLXKUZ,no_score,gvgai_aliens,2,30,1
BJcrLXKUZ,no_score,gvgai_aliens,2,5,0
BJcrLXKUZ,no_score,gvgai_aliens,2,26,0
BJcrLXKUZ,no_score,gvgai_aliens,2,12,0
BJcrLXKUZ,no_score,gvgai_aliens,2,19,0
BJcrLXKUZ,no_score,gvgai_aliens,2,10,0
BJcrLXKUZ,no_score,gvgai_aliens,2,15,0
BJcrLXKUZ,no_score,gvgai_aliens,2,24,0
BJcrLXKUZ,no_score,gvgai_aliens,2,21,0
BJcrLXKUZ,no_score,gvgai_aliens,2,28,0
BJcrLXKUZ,no_score,gvgai_aliens,2,30,0
BJcrLXKUZ,no_score,gvgai_aliens,2,33,0
BJcrLXKUZ,no_score,gvgai_aliens,2,36,0
BJcrLXKUZ,no_score,gvgai_aliens,2,39,0
BJcrLXKUZ,no_score,gvgai_aliens,2,42,0
BJcrLXKUZ,no_score,gvgai_aliens,3,43,1
BJcrLXKUZ,no_score,gvgai_aliens,3,11,0
BJcrLXKUZ,no_score,gvgai_aliens,3,16,0
BJcrLXKUZ,no_score,gvgai_aliens,3,21,0
BJcrLXKUZ,no_score,gvgai_aliens,3,24,0
BJcrLXKUZ,no_score,gvgai_aliens,3,28,0
BJcrLXKUZ,no_score,gvgai_aliens,3,34,0
BJcrLXKUZ,no_score,gvgai_aliens,3,31,0
BJcrLXKUZ,no_score,gvgai_aliens,3,40,0
BJcrLXKUZ,no_score,gvgai_aliens,3,44,0
BJcrLXKUZ,no_score,gvgai_aliens,3,11,0
BJcrLXKUZ,no_score,gvgai_aliens,3,19,0
BJcrLXKUZ,no_score,gvgai_aliens,3,31,0
BJcrLXKUZ,no_score,gvgai_aliens,3,34,0
BJcrLXKUZ,no_score,gvgai_aliens,3,23,0
BJcrLXKUZ,no_score,gvgai_aliens,3,43,0
BJcrLXKUZ,no_score,gvgai_aliens,3,62,0
BJcrLXKUZ,no_score,gvgai_aliens,3,27,0
BJcrLXKUZ,no_score,gvgai_aliens,3,29,0
BJcrLXKUZ,no_score,gvgai_aliens,3,50,0
BJcrLXKUZ,no_score,gvgai_aliens,4,64,1
BJcrLXKUZ,no_score,gvgai_aliens,4,8,0
BJcrLXKUZ,no_score,gvgai_aliens,4,28,0
BJcrLXKUZ,no_score,gvgai_aliens,4,31,0
BJcrLXKUZ,no_score,gvgai_aliens,4,19,0
BJcrLXKUZ,no_score,gvgai_aliens,4,25,0
BJcrLXKUZ,no_score,gvgai_aliens,4,23,0
BJcrLXKUZ,no_score,gvgai_aliens,4,18,0
BJcrLXKUZ,no_score,gvgai_aliens,4,26,0
BJcrLXKUZ,no_score,gvgai_aliens,4,35,0
BJcrLXKUZ,no_score,gvgai_aliens,4,42,0
BJcrLXKUZ,no_score,gvgai_aliens,4,45,0
BJcrLXKUZ,no_score,gvgai_aliens,4,48,0
BJcrLXKUZ,no_score,gvgai_aliens,4,28,0
BJcrLXKUZ,no_score,gvgai_aliens,4,38,0
BJcrLXKUZ,no_score,gvgai_aliens,4,9,0
BJcrLXKUZ,no_score,gvgai_aliens,4,20,0
BJcrLXKUZ,no_score,gvgai_aliens,4,32,0
BJcrLXKUZ,no_score,gvgai_aliens,4,51,0
BJcrLXKUZ,no_score,gvgai_aliens,5,52,1
BJcrLXKUZ,no_score,gvgai_chase,0,37,0
BJcrLXKUZ,no_score,gvgai_chase,0,100,3
BJcrLXKUZ,no_score,gvgai_chase,0,86,3
BJcrLXKUZ,no_score,gvgai_chase,0,26,0
BJcrLXKUZ,no_score,gvgai_chase,0,7,0
BJcrLXKUZ,no_score,gvgai_chase,0,47,0
BJcrLXKUZ,no_score,gvgai_chase,0,15,0
BJcrLXKUZ,no_score,gvgai_chase,0,108,4
BJcrLXKUZ,no_score,gvgai_chase,0,58,0
BJcrLXKUZ,no_score,gvgai_chase,0,71,1
BJcrLXKUZ,no_score,gvgai_chase,1,152,6
BJcrLXKUZ,no_score,gvgai_chase,2,68,8
BJcrLXKUZ,no_score,gvgai_chase,2,7,0
BJcrLXKUZ,no_score,gvgai_chase,2,38,5
BJcrLXKUZ,no_score,gvgai_chase,2,18,1
BJcrLXKUZ,no_score,gvgai_chase,2,20,1
BJcrLXKUZ,no_score,gvgai_chase,2,7,0
BJcrLXKUZ,no_score,gvgai_chase,2,97,10
BJcrLXKUZ,no_score,gvgai_chase,2,150,14
BJcrLXKUZ,no_score,gvgai_chase,2,163,14
BJcrLXKUZ,no_score,gvgai_chase,2,16,1
BJcrLXKUZ,no_score,gvgai_chase,2,125,11
BJcrLXKUZ,no_score,gvgai_chase,2,7,0
BJcrLXKUZ,no_score,gvgai_chase,2,137,14
BJcrLXKUZ,no_score,gvgai_chase,2,119,11
BJcrLXKUZ,no_score,gvgai_chase,2,108,10
BJcrLXKUZ,no_score,gvgai_chase,3,170,15
BJcrLXKUZ,no_score,gvgai_chase,3,45,2
BJcrLXKUZ,no_score,gvgai_chase,3,61,4
BJcrLXKUZ,no_score,gvgai_chase,3,19,1
BJcrLXKUZ,no_score,gvgai_chase,3,54,3
BJcrLXKUZ,no_score,gvgai_chase,3,72,4
BJcrLXKUZ,no_score,gvgai_chase,3,31,2
BJcrLXKUZ,no_score,gvgai_chase,3,84,10
BJcrLXKUZ,no_score,gvgai_chase,3,20,0
BJcrLXKUZ,no_score,gvgai_chase,3,10,0
BJcrLXKUZ,no_score,gvgai_chase,3,34,4
BJcrLXKUZ,no_score,gvgai_chase,3,48,4
BJcrLXKUZ,no_score,gvgai_chase,4,56,8
BJcrLXKUZ,no_score,gvgai_chase,4,9,0
BJcrLXKUZ,no_score,gvgai_chase,4,22,0
BJcrLXKUZ,no_score,gvgai_chase,4,29,0
BJcrLXKUZ,no_score,gvgai_chase,4,45,10
BJcrLXKUZ,no_score,gvgai_chase,4,58,10
BJcrLXKUZ,no_score,gvgai_chase,5,66,12
BJcrLXKUZ,no_score,gvgai_missilecommand,0,4,0
BJcrLXKUZ,no_score,gvgai_missilecommand,1,22,4
BJcrLXKUZ,no_score,gvgai_missilecommand,1,19,2
BJcrLXKUZ,no_score,gvgai_missilecommand,1,11,2
BJcrLXKUZ,no_score,gvgai_missilecommand,1,6,0
BJcrLXKUZ,no_score,gvgai_missilecommand,2,24,8
BJcrLXKUZ,no_score,gvgai_missilecommand,2,7,2
BJcrLXKUZ,no_score,gvgai_missilecommand,3,24,6
BJcrLXKUZ,no_score,gvgai_missilecommand,3,21,4
BJcrLXKUZ,no_score,gvgai_missilecommand,4,39,4
BJcrLXKUZ,no_score,gvgai_missilecommand,4,7,2
BJcrLXKUZ,no_score,gvgai_missilecommand,5,18,16
BJcrLXKUZ,no_score,gvgai_missilecommand,5,5,0
BJcrLXKUZ,no_score,gvgai_portals,0,5,0
BJcrLXKUZ,no_score,gvgai_portals,0,44,0
BJcrLXKUZ,no_score,gvgai_portals,0,60,0
BJcrLXKUZ,no_score,gvgai_portals,0,7,0
BJcrLXKUZ,no_score,gvgai_portals,0,29,0
BJcrLXKUZ,no_score,gvgai_portals,0,23,0
BJcrLXKUZ,no_score,gvgai_portals,0,4,0
BJcrLXKUZ,no_score,gvgai_portals,0,32,0
BJcrLXKUZ,no_score,gvgai_portals,0,16,0
BJcrLXKUZ,no_score,gvgai_portals,0,40,0
BJcrLXKUZ,no_score,gvgai_portals,0,0,0
BJcrLXKUZ,no_score,gvgai_portals,0,62,0
BJcrLXKUZ,no_score,gvgai_portals,0,38,0
BJcrLXKUZ,no_score,gvgai_portals,0,0,0
BJcrLXKUZ,no_score,gvgai_portals,0,4,0
BJcrLXKUZ,no_score,gvgai_portals,0,23,0
BJcrLXKUZ,no_score,gvgai_portals,0,44,0
BJcrLXKUZ,no_score,gvgai_portals,0,54,0
BJcrLXKUZ,no_score,gvgai_portals,0,62,0
BJcrLXKUZ,no_score,gvgai_portals,0,65,0
BJcrLXKUZ,no_score,gvgai_portals,0,60,0
BJcrLXKUZ,no_score,gvgai_portals,0,12,0
BJcrLXKUZ,no_score,gvgai_portals,0,19,0
BJcrLXKUZ,no_score,gvgai_portals,0,29,0
BJcrLXKUZ,no_score,gvgai_portals,0,51,0
BJcrLXKUZ,no_score,gvgai_portals,0,58,0
BJcrLXKUZ,no_score,gvgai_portals,0,5,0
BJcrLXKUZ,no_score,gvgai_portals,0,20,0
BJcrLXKUZ,no_score,gvgai_portals,0,1,0
BJcrLXKUZ,no_score,gvgai_portals,0,6,0
BJcrLXKUZ,no_score,gvgai_portals,0,2,0
BJcrLXKUZ,no_score,gvgai_portals,0,15,0
BJcrLXKUZ,no_score,gvgai_portals,0,29,0
BJcrLXKUZ,no_score,gvgai_portals,0,22,0
BJcrLXKUZ,no_score,gvgai_portals,0,10,0
BJcrLXKUZ,no_score,gvgai_portals,0,4,0
BJcrLXKUZ,no_score,gvgai_portals,0,66,0
BJcrLXKUZ,no_score,gvgai_portals,0,61,0
BJcrLXKUZ,no_score,gvgai_portals,0,25,0
BJcrLXKUZ,no_score,gvgai_portals,0,35,0
BJcrLXKUZ,no_score,gvgai_portals,0,30,0
BJcrLXKUZ,no_score,gvgai_portals,0,41,0
BJcrLXKUZ,no_score,gvgai_portals,0,74,0
BJcrLXKUZ,no_score,gvgai_portals,0,10,0
BJcrLXKUZ,no_score,gvgai_portals,0,71,0
BJcrLXKUZ,no_score,gvgai_portals,0,53,0
BJcrLXKUZ,no_score,gvgai_portals,0,44,0
BJcrLXKUZ,no_score,gvgai_portals,0,17,0
BJcrLXKUZ,no_score,gvgai_portals,0,3,0
BJcrLXKUZ,no_score,gvgai_portals,0,5,0
BJcrLXKUZ,no_score,gvgai_portals,0,10,0
BJcrLXKUZ,no_score,gvgai_portals,0,18,0
BJcrLXKUZ,no_score,gvgai_portals,0,22,0
BJcrLXKUZ,no_score,gvgai_portals,0,25,0
BJcrLXKUZ,no_score,gvgai_portals,0,23,0
BJcrLXKUZ,no_score,gvgai_portals,0,3,0
BJcrLXKUZ,no_score,gvgai_portals,0,9,0
BJcrLXKUZ,no_score,gvgai_portals,0,32,0
BJcrLXKUZ,no_score,gvgai_portals,0,38,0
BJcrLXKUZ,no_score,gvgai_portals,0,18,0
BJcrLXKUZ,no_score,gvgai_portals,0,55,0
BJcrLXKUZ,no_score,gvgai_portals,0,66,0
BJcrLXKUZ,no_score,gvgai_portals,0,47,0
BJcrLXKUZ,no_score,gvgai_portals,0,45,0
BJcrLXKUZ,no_score,gvgai_portals,1,71,1
BJcrLXKUZ,no_score,gvgai_portals,1,2,0
BJcrLXKUZ,no_score,gvgai_portals,1,7,0
BJcrLXKUZ,no_score,gvgai_portals,1,18,0
BJcrLXKUZ,no_score,gvgai_portals,1,16,0
BJcrLXKUZ,no_score,gvgai_portals,1,8,0
BJcrLXKUZ,no_score,gvgai_portals,1,9,0
BJcrLXKUZ,no_score,gvgai_portals,1,26,0
BJcrLXKUZ,no_score,gvgai_portals,1,12,0
BJcrLXKUZ,no_score,gvgai_portals,1,18,0
BJcrLXKUZ,no_score,gvgai_portals,1,3,0
BJcrLXKUZ,no_score,gvgai_portals,1,2,0
BJcrLXKUZ,no_score,gvgai_portals,1,0,0
BJcrLXKUZ,no_score,gvgai_portals,1,3,0
BJcrLXKUZ,no_score,gvgai_portals,1,3,0
BJcrLXKUZ,no_score,gvgai_portals,1,10,0
BJcrLXKUZ,no_score,gvgai_portals,1,14,0
BJcrLXKUZ,no_score,gvgai_portals,1,16,0
BJcrLXKUZ,no_score,gvgai_portals,1,4,0
BJcrLXKUZ,no_score,gvgai_portals,1,2,0
BJcrLXKUZ,no_score,gvgai_portals,1,5,0
BJcrLXKUZ,no_score,gvgai_portals,1,2,0
BJcrLXKUZ,no_score,gvgai_portals,1,8,0
BJcrLXKUZ,no_score,gvgai_portals,2,14,1
BJcrLXKUZ,no_score,gvgai_portals,2,4,0
BJcrLXKUZ,no_score,gvgai_portals,2,3,0
BJcrLXKUZ,no_score,gvgai_portals,2,13,0
BJcrLXKUZ,no_score,gvgai_portals,2,4,0
BJcrLXKUZ,no_score,gvgai_portals,2,0,0
BJcrLXKUZ,no_score,gvgai_portals,2,11,0
BJcrLXKUZ,no_score,gvgai_portals,2,5,0
BJcrLXKUZ,no_score,gvgai_portals,2,6,0
BJcrLXKUZ,no_score,gvgai_portals,2,5,0
BJcrLXKUZ,no_score,gvgai_portals,3,31,1
BJcrLXKUZ,no_score,gvgai_portals,3,9,0
BJcrLXKUZ,no_score,gvgai_portals,3,18,0
BJcrLXKUZ,no_score,gvgai_portals,3,5,0
BJcrLXKUZ,no_score,gvgai_portals,3,10,0
BJcrLXKUZ,no_score,gvgai_portals,3,28,0
BJcrLXKUZ,no_score,gvgai_portals,3,24,0
BJcrLXKUZ,no_score,gvgai_portals,3,13,0
BJcrLXKUZ,no_score,gvgai_portals,3,19,0
BJcrLXKUZ,no_score,gvgai_portals,3,0,0
BJcrLXKUZ,no_score,gvgai_portals,3,0,0
BJcrLXKUZ,no_score,gvgai_portals,3,2,0
BJcrLXKUZ,no_score,gvgai_portals,3,7,0
BJcrLXKUZ,no_score,gvgai_portals,3,2,0
BJcrLXKUZ,no_score,gvgai_portals,3,2,0
BJcrLXKUZ,no_score,gvgai_portals,3,16,0
BJcrLXKUZ,no_score,gvgai_portals,3,0,0
BJcrLXKUZ,no_score,gvgai_portals,3,19,0
BJcrLXKUZ,no_score,gvgai_portals,3,2,0
BJcrLXKUZ,no_score,gvgai_portals,3,0,0
BJcrLXKUZ,no_score,gvgai_portals,3,3,0
BJcrLXKUZ,no_score,gvgai_portals,3,8,0
BJcrLXKUZ,no_score,gvgai_portals,3,8,0
BJcrLXKUZ,no_score,gvgai_portals,3,1,0
BJcrLXKUZ,no_score,gvgai_portals,3,2,0
BJcrLXKUZ,no_score,gvgai_portals,3,11,0
BJcrLXKUZ,no_score,gvgai_portals,3,10,0
BJcrLXKUZ,no_score,gvgai_portals,3,2,0
BJcrLXKUZ,no_score,gvgai_portals,3,11,0
BJcrLXKUZ,no_score,gvgai_portals,3,0,0
BJcrLXKUZ,no_score,gvgai_portals,3,13,0
BJcrLXKUZ,no_score,gvgai_portals,4,23,1
BJcrLXKUZ,no_score,gvgai_portals,4,0,0
BJcrLXKUZ,no_score,gvgai_portals,4,0,0
BJcrLXKUZ,no_score,gvgai_portals,4,2,0
BJcrLXKUZ,no_score,gvgai_portals,4,12,0
BJcrLXKUZ,no_score,gvgai_portals,4,16,0
BJcrLXKUZ,no_score,gvgai_portals,4,19,0
BJcrLXKUZ,no_score,gvgai_portals,4,21,0
BJcrLXKUZ,no_score,gvgai_portals,4,30,0
BJcrLXKUZ,no_score,gvgai_portals,4,34,0
BJcrLXKUZ,no_score,gvgai_portals,4,44,0
BJcrLXKUZ,no_score,gvgai_portals,4,50,0
BJcrLXKUZ,no_score,gvgai_portals,4,49,0
BJcrLXKUZ,no_score,gvgai_portals,4,52,0
BJcrLXKUZ,no_score,gvgai_portals,4,54,0
BJcrLXKUZ,no_score,gvgai_portals,4,57,0
BJcrLXKUZ,no_score,gvgai_portals,5,62,1
BJcrLXKUZ,no_score,gvgai_boulderdash,0,2,0
BJcrLXKUZ,no_score,gvgai_boulderdash,0,36,0
BJcrLXKUZ,no_score,gvgai_boulderdash,0,12,0
BJcrLXKUZ,no_score,gvgai_boulderdash,0,29,0
BJcrLXKUZ,no_score,gvgai_boulderdash,0,39,0
BJcrLXKUZ,no_score,gvgai_boulderdash,0,33,0
BJcrLXKUZ,no_score,gvgai_boulderdash,0,55,0
BJcrLXKUZ,no_score,gvgai_boulderdash,0,16,0
BJcrLXKUZ,no_score,gvgai_boulderdash,0,5,0
BJcrLXKUZ,no_score,gvgai_boulderdash,0,47,0
BJcrLXKUZ,no_score,gvgai_boulderdash,0,23,0
BJcrLXKUZ,no_score,gvgai_boulderdash,0,70,0
BJcrLXKUZ,no_score,gvgai_boulderdash,0,60,0
BJcrLXKUZ,no_score,gvgai_boulderdash,0,64,0
BJcrLXKUZ,no_score,gvgai_boulderdash,0,77,0
BJcrLXKUZ,no_score,gvgai_boulderdash,0,86,0
BJcrLXKUZ,no_score,gvgai_boulderdash,0,20,0
BJcrLXKUZ,no_score,gvgai_boulderdash,0,1,0
BJcrLXKUZ,no_score,gvgai_boulderdash,0,6,0
BJcrLXKUZ,no_score,gvgai_boulderdash,0,34,0
BJcrLXKUZ,no_score,gvgai_boulderdash,0,26,0
BJcrLXKUZ,no_score,gvgai_boulderdash,0,39,0
BJcrLXKUZ,no_score,gvgai_boulderdash,0,45,0
BJcrLXKUZ,no_score,gvgai_boulderdash,0,12,0
BJcrLXKUZ,no_score,gvgai_boulderdash,0,61,0
BJcrLXKUZ,no_score,gvgai_boulderdash,0,56,0
BJcrLXKUZ,no_score,gvgai_boulderdash,0,53,0
BJcrLXKUZ,no_score,gvgai_boulderdash,0,105,0
BJcrLXKUZ,no_score,gvgai_boulderdash,0,75,0
BJcrLXKUZ,no_score,gvgai_boulderdash,0,0,0
BJcrLXKUZ,no_score,gvgai_boulderdash,0,15,0
BJcrLXKUZ,no_score,gvgai_boulderdash,0,0,0
BJcrLXKUZ,no_score,gvgai_boulderdash,0,104,0
BJcrLXKUZ,no_score,gvgai_boulderdash,0,104,0
BJcrLXKUZ,no_score,gvgai_boulderdash,0,104,0
BJcrLXKUZ,no_score,gvgai_boulderdash,0,66,0
BJcrLXKUZ,no_score,gvgai_boulderdash,0,33,0
BJcrLXKUZ,no_score,gvgai_boulderdash,0,16,0
BJcrLXKUZ,no_score,gvgai_boulderdash,0,29,0
BJcrLXKUZ,no_score,gvgai_boulderdash,0,36,0
BJcrLXKUZ,no_score,gvgai_boulderdash,0,51,0
BJcrLXKUZ,no_score,gvgai_boulderdash,0,4,0
BJcrLXKUZ,no_score,gvgai_boulderdash,0,21,0
BJcrLXKUZ,no_score,gvgai_boulderdash,0,11,0
BJcrLXKUZ,no_score,gvgai_boulderdash,0,42,0
BJcrLXKUZ,no_score,gvgai_boulderdash,0,59,0
BJcrLXKUZ,no_score,gvgai_boulderdash,0,104,0
BJcrLXKUZ,no_score,gvgai_boulderdash,0,79,0
BJcrLXKUZ,no_score,gvgai_boulderdash,0,104,0
BJcrLXKUZ,no_score,gvgai_boulderdash,0,104,0
BJcrLXKUZ,no_score,gvgai_boulderdash,0,104,0
BJcrLXKUZ,no_score,gvgai_boulderdash,0,104,0
BJcrLXKUZ,no_score,gvgai_boulderdash,0,104,0
BJcrLXKUZ,no_score,gvgai_boulderdash,0,104,0
BJcrLXKUZ,no_score,gvgai_boulderdash,0,104,0
BJcrLXKUZ,no_score,gvgai_boulderdash,0,104,0
BJcrLXKUZ,no_score,gvgai_boulderdash,0,104,0
BJcrLXKUZ,no_score,gvgai_boulderdash,0,104,0
BJcrLXKUZ,no_score,gvgai_boulderdash,0,101,0
BJcrLXKUZ,no_score,gvgai_boulderdash,0,88,0
BJcrLXKUZ,no_score,gvgai_boulderdash,0,104,0
BJcrLXKUZ,no_score,gvgai_boulderdash,0,104,0
BJcrLXKUZ,no_score,gvgai_boulderdash,0,104,0
BJcrLXKUZ,no_score,gvgai_boulderdash,0,104,0
BJcrLXKUZ,no_score,gvgai_boulderdash,0,104,0
BJcrLXKUZ,no_score,gvgai_boulderdash,0,101,0
BJcrLXKUZ,no_score,gvgai_boulderdash,0,104,0
BJcrLXKUZ,no_score,gvgai_boulderdash,0,104,0
BJcrLXKUZ,no_score,gvgai_boulderdash,0,104,0
BJcrLXKUZ,no_score,gvgai_boulderdash,0,104,0
BJcrLXKUZ,no_score,gvgai_boulderdash,0,104,0
BJcrLXKUZ,no_score,gvgai_boulderdash,0,104,0
BJcrLXKUZ,no_score,gvgai_boulderdash,0,104,0
BJcrLXKUZ,no_score,gvgai_boulderdash,0,104,0
BJcrLXKUZ,no_score,gvgai_boulderdash,0,104,0
BJcrLXKUZ,no_score,gvgai_boulderdash,0,104,0
BJcrLXKUZ,no_score,gvgai_boulderdash,0,104,0
BJcrLXKUZ,no_score,gvgai_boulderdash,0,104,0
BJcrLXKUZ,no_score,gvgai_boulderdash,0,104,0
BJcrLXKUZ,no_score,gvgai_boulderdash,0,72,0
BJcrLXKUZ,no_score,gvgai_boulderdash,0,0,0
BJcrLXKUZ,no_score,gvgai_boulderdash,0,9,0
BJcrLXKUZ,no_score,gvgai_boulderdash,0,2,0
BJcrLXKUZ,no_score,gvgai_boulderdash,0,16,0
BJcrLXKUZ,no_score,gvgai_boulderdash,0,41,0
BJcrLXKUZ,no_score,gvgai_boulderdash,0,20,0
BJcrLXKUZ,no_score,gvgai_boulderdash,0,24,0
BJcrLXKUZ,no_score,gvgai_boulderdash,0,31,0
BJcrLXKUZ,no_score,gvgai_boulderdash,0,111,0
BJcrLXKUZ,no_score,gvgai_boulderdash,0,111,0
BJcrLXKUZ,no_score,gvgai_boulderdash,0,111,0
BJcrLXKUZ,no_score,gvgai_boulderdash,0,111,0
BJcrLXKUZ,no_score,gvgai_boulderdash,0,55,0
BJcrLXKUZ,no_score,gvgai_boulderdash,0,111,0
BJcrLXKUZ,no_score,gvgai_boulderdash,0,111,0
BJcrLXKUZ,no_score,gvgai_boulderdash,0,111,0
BJcrLXKUZ,no_score,gvgai_boulderdash,0,111,0
BJcrLXKUZ,no_score,gvgai_boulderdash,0,97,0
BJcrLXKUZ,no_score,gvgai_boulderdash,0,49,0
BJcrLXKUZ,no_score,gvgai_boulderdash,0,59,0
BJcrLXKUZ,no_score,gvgai_boulderdash,0,68,0
BJcrLXKUZ,no_score,gvgai_boulderdash,0,78,0
BJcrLXKUZ,no_score,gvgai_boulderdash,0,111,0
BJcrLXKUZ,no_score,gvgai_boulderdash,0,111,0
BJcrLXKUZ,no_score,gvgai_boulderdash,0,111,0
BJcrLXKUZ,no_score,gvgai_boulderdash,0,111,0
BJcrLXKUZ,no_score,gvgai_boulderdash,0,111,0
BJcrLXKUZ,no_score,gvgai_boulderdash,0,45,0
BJcrLXKUZ,no_score,gvgai_boulderdash,0,111,0
BJcrLXKUZ,no_score,gvgai_boulderdash,0,111,0
BJcrLXKUZ,no_score,gvgai_boulderdash,0,111,0
BJcrLXKUZ,no_score,gvgai_boulderdash,0,111,0
BJcrLXKUZ,no_score,gvgai_boulderdash,0,111,0
BJcrLXKUZ,no_score,gvgai_boulderdash,0,111,0
BJcrLXKUZ,no_score,gvgai_boulderdash,0,111,0
BJcrLXKUZ,no_score,gvgai_boulderdash,0,111,0
BJcrLXKUZ,no_score,gvgai_boulderdash,0,89,0
BJcrLXKUZ,no_score,gvgai_boulderdash,0,111,0
BJcrLXKUZ,no_score,gvgai_boulderdash,0,111,0
BJcrLXKUZ,no_score,gvgai_boulderdash,0,103,0
BJcrLXKUZ,no_score,gvgai_boulderdash,0,83,0
BJcrLXKUZ,no_score,gvgai_boulderdash,0,111,0
BJcrLXKUZ,no_score,gvgai_boulderdash,0,111,0
BJcrLXKUZ,no_score,gvgai_boulderdash,0,111,0
BJcrLXKUZ,no_score,gvgai_boulderdash,0,111,0
BJcrLXKUZ,no_score,gvgai_boulderdash,0,111,0
BJcrLXKUZ,no_score,gvgai_boulderdash,0,111,0
BJcrLXKUZ,no_score,gvgai_boulderdash,0,111,0
BJcrLXKUZ,no_score,gvgai_boulderdash,0,111,0
BJcrLXKUZ,no_score,gvgai_boulderdash,0,111,0
BJcrLXKUZ,no_score,gvgai_boulderdash,0,111,0
BJcrLXKUZ,no_score,gvgai_butterflies,0,3,2
BJcrLXKUZ,no_score,gvgai_butterflies,0,0,2
BJcrLXKUZ,no_score,gvgai_butterflies,0,30,14
BJcrLXKUZ,no_score,gvgai_butterflies,1,35,16
BJcrLXKUZ,no_score,gvgai_butterflies,1,24,10
BJcrLXKUZ,no_score,gvgai_butterflies,1,11,8
BJcrLXKUZ,no_score,gvgai_butterflies,2,71,32
BJcrLXKUZ,no_score,gvgai_butterflies,2,24,6
BJcrLXKUZ,no_score,gvgai_butterflies,2,0,0
BJcrLXKUZ,no_score,gvgai_butterflies,2,75,20
BJcrLXKUZ,no_score,gvgai_butterflies,2,51,14
BJcrLXKUZ,no_score,gvgai_butterflies,2,134,42
BJcrLXKUZ,no_score,gvgai_butterflies,2,121,38
BJcrLXKUZ,no_score,gvgai_butterflies,2,149,52
BJcrLXKUZ,no_score,gvgai_butterflies,2,0,0
BJcrLXKUZ,no_score,gvgai_butterflies,2,0,0
BJcrLXKUZ,no_score,gvgai_butterflies,2,0,0
BJcrLXKUZ,no_score,gvgai_butterflies,2,63,16
BJcrLXKUZ,no_score,gvgai_butterflies,2,98,24
BJcrLXKUZ,no_score,gvgai_butterflies,2,9,0
BJcrLXKUZ,no_score,gvgai_butterflies,2,88,24
BJcrLXKUZ,no_score,gvgai_butterflies,3,166,58
BJcrLXKUZ,no_score,gvgai_butterflies,3,38,6
BJcrLXKUZ,no_score,gvgai_butterflies,3,32,10
BJcrLXKUZ,no_score,gvgai_butterflies,3,7,0
BJcrLXKUZ,no_score,gvgai_butterflies,4,82,24
BJcrLXKUZ,no_score,gvgai_butterflies,4,17,2
BJcrLXKUZ,no_score,gvgai_butterflies,4,46,14
BJcrLXKUZ,no_score,gvgai_butterflies,4,61,20
BJcrLXKUZ,no_score,gvgai_butterflies,4,10,0
BJcrLXKUZ,no_score,gvgai_butterflies,4,75,20
BJcrLXKUZ,no_score,gvgai_butterflies,4,7,0
BJcrLXKUZ,no_score,gvgai_butterflies,4,38,12
BJcrLXKUZ,no_score,gvgai_butterflies,4,23,6
BJcrLXKUZ,no_score,gvgai_butterflies,5,46,14
BJcrLXKUZ,no_score,gvgai_frogs,0,3,0
BJcrLXKUZ,no_score,gvgai_frogs,0,9,0
BJcrLXKUZ,no_score,gvgai_frogs,0,0,0
BJcrLXKUZ,no_score,gvgai_frogs,0,3,0
BJcrLXKUZ,no_score,gvgai_frogs,0,14,0
BJcrLXKUZ,no_score,gvgai_frogs,0,7,0
BJcrLXKUZ,no_score,gvgai_frogs,0,17,0
BJcrLXKUZ,no_score,gvgai_frogs,0,15,0
BJcrLXKUZ,no_score,gvgai_frogs,0,8,0
BJcrLXKUZ,no_score,gvgai_frogs,0,12,0
BJcrLXKUZ,no_score,gvgai_frogs,1,16,1
BJcrLXKUZ,no_score,gvgai_frogs,1,3,0
BJcrLXKUZ,no_score,gvgai_frogs,1,10,0
BJcrLXKUZ,no_score,gvgai_frogs,1,22,0
BJcrLXKUZ,no_score,gvgai_frogs,1,24,0
BJcrLXKUZ,no_score,gvgai_frogs,2,27,1
BJcrLXKUZ,no_score,gvgai_frogs,2,3,0
BJcrLXKUZ,no_score,gvgai_frogs,2,10,0
BJcrLXKUZ,no_score,gvgai_frogs,2,9,0
BJcrLXKUZ,no_score,gvgai_frogs,2,12,0
BJcrLXKUZ,no_score,gvgai_frogs,2,0,0
BJcrLXKUZ,no_score,gvgai_frogs,2,0,0
BJcrLXKUZ,no_score,gvgai_frogs,2,0,0
BJcrLXKUZ,no_score,gvgai_frogs,2,0,0
BJcrLXKUZ,no_score,gvgai_frogs,2,0,0
BJcrLXKUZ,no_score,gvgai_frogs,2,0,0
BJcrLXKUZ,no_score,gvgai_frogs,2,0,0
BJcrLXKUZ,no_score,gvgai_frogs,2,0,0
BJcrLXKUZ,no_score,gvgai_frogs,2,0,0
BJcrLXKUZ,no_score,gvgai_frogs,2,0,0
BJcrLXKUZ,no_score,gvgai_frogs,2,0,0
BJcrLXKUZ,no_score,gvgai_frogs,2,0,0
BJcrLXKUZ,no_score,gvgai_frogs,2,0,0
BJcrLXKUZ,no_score,gvgai_frogs,2,0,0
BJcrLXKUZ,no_score,gvgai_frogs,2,0,0
BJcrLXKUZ,no_score,gvgai_frogs,2,0,0
BJcrLXKUZ,no_score,gvgai_frogs,2,0,0
BJcrLXKUZ,no_score,gvgai_frogs,2,0,0
BJcrLXKUZ,no_score,gvgai_frogs,2,0,0
BJcrLXKUZ,no_score,gvgai_frogs,2,4,0
BJcrLXKUZ,no_score,gvgai_frogs,2,0,0
BJcrLXKUZ,no_score,gvgai_frogs,2,14,0
BJcrLXKUZ,no_score,gvgai_frogs,2,6,0
BJcrLXKUZ,no_score,gvgai_frogs,2,15,0
BJcrLXKUZ,no_score,gvgai_frogs,2,15,0
BJcrLXKUZ,no_score,gvgai_frogs,2,15,0
BJcrLXKUZ,no_score,gvgai_frogs,2,21,0
BJcrLXKUZ,no_score,gvgai_frogs,3,26,1
BJcrLXKUZ,no_score,gvgai_frogs,3,0,0
BJcrLXKUZ,no_score,gvgai_frogs,3,8,0
BJcrLXKUZ,no_score,gvgai_frogs,3,0,0
BJcrLXKUZ,no_score,gvgai_frogs,3,1,0
BJcrLXKUZ,no_score,gvgai_frogs,3,22,0
BJcrLXKUZ,no_score,gvgai_frogs,3,5,0
BJcrLXKUZ,no_score,gvgai_frogs,4,29,1
BJcrLXKUZ,no_score,gvgai_frogs,4,0,0
BJcrLXKUZ,no_score,gvgai_frogs,4,6,0
BJcrLXKUZ,no_score,gvgai_frogs,5,13,1
BJcrLXKUZ,no_score,gvgai_zelda,0,3,0
BJcrLXKUZ,no_score,gvgai_zelda,0,11,0
BJcrLXKUZ,no_score,gvgai_zelda,0,19,1
BJcrLXKUZ,no_score,gvgai_zelda,1,23,1
BJcrLXKUZ,no_score,gvgai_zelda,1,3,0
BJcrLXKUZ,no_score,gvgai_zelda,1,15,0
BJcrLXKUZ,no_score,gvgai_zelda,1,24,1
BJcrLXKUZ,no_score,gvgai_zelda,1,24,1
BJcrLXKUZ,no_score,gvgai_zelda,1,24,1
BJcrLXKUZ,no_score,gvgai_zelda,1,35,1
BJcrLXKUZ,no_score,gvgai_zelda,2,43,1
BJcrLXKUZ,no_score,gvgai_zelda,2,2,0
BJcrLXKUZ,no_score,gvgai_zelda,2,15,0
BJcrLXKUZ,no_score,gvgai_zelda,2,25,1
BJcrLXKUZ,no_score,gvgai_zelda,3,37,1
BJcrLXKUZ,no_score,gvgai_zelda,3,0,0
BJcrLXKUZ,no_score,gvgai_zelda,3,6,0
BJcrLXKUZ,no_score,gvgai_zelda,3,15,0
BJcrLXKUZ,no_score,gvgai_zelda,3,22,0
BJcrLXKUZ,no_score,gvgai_zelda,3,3,0
BJcrLXKUZ,no_score,gvgai_zelda,3,26,1
BJcrLXKUZ,no_score,gvgai_zelda,3,13,0
BJcrLXKUZ,no_score,gvgai_zelda,3,38,1
BJcrLXKUZ,no_score,gvgai_zelda,3,36,1
BJcrLXKUZ,no_score,gvgai_zelda,3,38,1
BJcrLXKUZ,no_score,gvgai_zelda,3,41,1
BJcrLXKUZ,no_score,gvgai_zelda,4,53,1
BJcrLXKUZ,no_score,gvgai_zelda,4,52,1
BJcrLXKUZ,no_score,gvgai_zelda,4,3,0
BJcrLXKUZ,no_score,gvgai_zelda,4,15,1
BJcrLXKUZ,no_score,gvgai_zelda,4,10,1
BJcrLXKUZ,no_score,gvgai_zelda,5,23,1
BJcrLXKUZ,no_score,gvgai_survivezombies,0,0,0
BJcrLXKUZ,no_score,gvgai_survivezombies,0,6,2
BJcrLXKUZ,no_score,gvgai_survivezombies,0,23,3
BJcrLXKUZ,no_score,gvgai_survivezombies,0,37,4
BJcrLXKUZ,no_score,gvgai_survivezombies,0,6,2
BJcrLXKUZ,no_score,gvgai_survivezombies,0,39,9
BJcrLXKUZ,no_score,gvgai_survivezombies,0,19,5
BJcrLXKUZ,no_score,gvgai_survivezombies,0,66,13
BJcrLXKUZ,no_score,gvgai_survivezombies,0,82,15
BJcrLXKUZ,no_score,gvgai_survivezombies,0,73,14
BJcrLXKUZ,no_score,gvgai_survivezombies,0,58,10
BJcrLXKUZ,no_score,gvgai_survivezombies,0,115,24
BJcrLXKUZ,no_score,gvgai_survivezombies,0,28,9
BJcrLXKUZ,no_score,gvgai_survivezombies,0,96,19
BJcrLXKUZ,no_score,gvgai_survivezombies,0,50,10
BJcrLXKUZ,no_score,gvgai_survivezombies,0,45,9
BJcrLXKUZ,no_score,gvgai_survivezombies,0,107,19
BJcrLXKUZ,no_score,gvgai_survivezombies,0,138,30
BJcrLXKUZ,no_score,gvgai_survivezombies,0,88,16
BJcrLXKUZ,no_score,gvgai_survivezombies,0,165,35
BJcrLXKUZ,no_score,gvgai_survivezombies,0,154,35
BJcrLXKUZ,no_score,gvgai_survivezombies,0,175,35
BJcrLXKUZ,no_score,gvgai_survivezombies,0,125,27
BJcrLXKUZ,no_score,gvgai_survivezombies,0,149,32
BJcrLXKUZ,no_score,gvgai_survivezombies,1,183,35
BJcrLXKUZ,no_score,gvgai_survivezombies,1,3,0
BJcrLXKUZ,no_score,gvgai_survivezombies,1,15,4
BJcrLXKUZ,no_score,gvgai_survivezombies,1,37,8
BJcrLXKUZ,no_score,gvgai_survivezombies,1,75,19
BJcrLXKUZ,no_score,gvgai_survivezombies,1,89,26
BJcrLXKUZ,no_score,gvgai_survivezombies,1,25,5
BJcrLXKUZ,no_score,gvgai_survivezombies,1,48,11
BJcrLXKUZ,no_score,gvgai_survivezombies,1,62,15
BJcrLXKUZ,no_score,gvgai_survivezombies,1,111,29
BJcrLXKUZ,no_score,gvgai_survivezombies,1,99,26
BJcrLXKUZ,no_score,gvgai_survivezombies,1,121,32
BJcrLXKUZ,no_score,gvgai_survivezombies,1,130,33
BJcrLXKUZ,no_score,gvgai_survivezombies,1,159,36
BJcrLXKUZ,no_score,gvgai_survivezombies,1,6,1
BJcrLXKUZ,no_score,gvgai_survivezombies,1,17,4
BJcrLXKUZ,no_score,gvgai_survivezombies,1,18,4
BJcrLXKUZ,no_score,gvgai_survivezombies,1,21,7
BJcrLXKUZ,no_score,gvgai_survivezombies,1,4,0
BJcrLXKUZ,no_score,gvgai_survivezombies,1,36,7
BJcrLXKUZ,no_score,gvgai_survivezombies,1,57,15
BJcrLXKUZ,no_score,gvgai_survivezombies,1,14,4
BJcrLXKUZ,no_score,gvgai_survivezombies,1,45,11
BJcrLXKUZ,no_score,gvgai_survivezombies,1,67,18
BJcrLXKUZ,no_score,gvgai_survivezombies,1,87,18
BJcrLXKUZ,no_score,gvgai_survivezombies,1,77,18
BJcrLXKUZ,no_score,gvgai_survivezombies,1,97,18
BJcrLXKUZ,no_score,gvgai_survivezombies,1,25,7
BJcrLXKUZ,no_score,gvgai_survivezombies,1,105,18
BJcrLXKUZ,no_score,gvgai_survivezombies,1,2,0
BJcrLXKUZ,no_score,gvgai_survivezombies,1,13,1
BJcrLXKUZ,no_score,gvgai_survivezombies,1,54,14
BJcrLXKUZ,no_score,gvgai_survivezombies,1,75,25
BJcrLXKUZ,no_score,gvgai_survivezombies,1,65,21
BJcrLXKUZ,no_score,gvgai_survivezombies,1,87,26
BJcrLXKUZ,no_score,gvgai_survivezombies,1,98,26
BJcrLXKUZ,no_score,gvgai_survivezombies,1,23,4
BJcrLXKUZ,no_score,gvgai_survivezombies,1,107,29
BJcrLXKUZ,no_score,gvgai_survivezombies,1,121,29
BJcrLXKUZ,no_score,gvgai_survivezombies,1,35,8
BJcrLXKUZ,no_score,gvgai_survivezombies,1,136,29
BJcrLXKUZ,no_score,gvgai_survivezombies,1,46,13
BJcrLXKUZ,no_score,gvgai_survivezombies,1,130,29
BJcrLXKUZ,no_score,gvgai_survivezombies,1,6,1
BJcrLXKUZ,no_score,gvgai_survivezombies,1,47,12
BJcrLXKUZ,no_score,gvgai_survivezombies,1,30,7
BJcrLXKUZ,no_score,gvgai_survivezombies,1,18,4
BJcrLXKUZ,no_score,gvgai_survivezombies,1,43,12
BJcrLXKUZ,no_score,gvgai_survivezombies,1,21,4
BJcrLXKUZ,no_score,gvgai_survivezombies,1,75,24
BJcrLXKUZ,no_score,gvgai_survivezombies,1,95,25
BJcrLXKUZ,no_score,gvgai_survivezombies,1,90,24
BJcrLXKUZ,no_score,gvgai_survivezombies,1,115,30
BJcrLXKUZ,no_score,gvgai_survivezombies,1,134,37
BJcrLXKUZ,no_score,gvgai_survivezombies,1,160,51
BJcrLXKUZ,no_score,gvgai_survivezombies,1,42,12
BJcrLXKUZ,no_score,gvgai_survivezombies,1,29,8
BJcrLXKUZ,no_score,gvgai_survivezombies,1,98,26
BJcrLXKUZ,no_score,gvgai_survivezombies,1,105,28
BJcrLXKUZ,no_score,gvgai_survivezombies,1,126,32
BJcrLXKUZ,no_score,gvgai_survivezombies,2,162,52
BJcrLXKUZ,no_score,gvgai_survivezombies,2,8,2
BJcrLXKUZ,no_score,gvgai_survivezombies,2,56,16
BJcrLXKUZ,no_score,gvgai_survivezombies,2,51,12
BJcrLXKUZ,no_score,gvgai_survivezombies,2,67,22
BJcrLXKUZ,no_score,gvgai_survivezombies,2,125,31
BJcrLXKUZ,no_score,gvgai_survivezombies,2,123,31
BJcrLXKUZ,no_score,gvgai_survivezombies,2,141,41
BJcrLXKUZ,no_score,gvgai_survivezombies,2,151,44
BJcrLXKUZ,no_score,gvgai_survivezombies,2,76,24
BJcrLXKUZ,no_score,gvgai_survivezombies,2,23,8
BJcrLXKUZ,no_score,gvgai_survivezombies,2,112,38
BJcrLXKUZ,no_score,gvgai_survivezombies,2,180,51
BJcrLXKUZ,no_score,gvgai_survivezombies,2,165,49
BJcrLXKUZ,no_score,gvgai_survivezombies,2,4,0
BJcrLXKUZ,no_score,gvgai_survivezombies,2,13,3
BJcrLXKUZ,no_score,gvgai_survivezombies,2,50,12
BJcrLXKUZ,no_score,gvgai_survivezombies,2,40,11
BJcrLXKUZ,no_score,gvgai_survivezombies,2,104,34
BJcrLXKUZ,no_score,gvgai_survivezombies,2,96,31
BJcrLXKUZ,no_score,gvgai_survivezombies,2,121,39
BJcrLXKUZ,no_score,gvgai_survivezombies,2,64,13
BJcrLXKUZ,no_score,gvgai_survivezombies,2,131,39
BJcrLXKUZ,no_score,gvgai_survivezombies,2,142,42
BJcrLXKUZ,no_score,gvgai_survivezombies,2,30,11
BJcrLXKUZ,no_score,gvgai_survivezombies,2,85,26
BJcrLXKUZ,no_score,gvgai_survivezombies,2,158,46
BJcrLXKUZ,no_score,gvgai_survivezombies,2,170,50
BJcrLXKUZ,no_score,gvgai_survivezombies,3,184,53
BJcrLXKUZ,no_score,gvgai_survivezombies,3,5,0
BJcrLXKUZ,no_score,gvgai_survivezombies,3,22,4
BJcrLXKUZ,no_score,gvgai_survivezombies,3,42,8
BJcrLXKUZ,no_score,gvgai_survivezombies,3,16,4
BJcrLXKUZ,no_score,gvgai_survivezombies,3,35,7
BJcrLXKUZ,no_score,gvgai_survivezombies,3,36,9
BJcrLXKUZ,no_score,gvgai_survivezombies,3,16,5
BJcrLXKUZ,no_score,gvgai_survivezombies,3,6,0
BJcrLXKUZ,no_score,gvgai_survivezombies,3,30,6
BJcrLXKUZ,no_score,gvgai_survivezombies,3,37,4
BJcrLXKUZ,no_score,gvgai_survivezombies,3,52,4
BJcrLXKUZ,no_score,gvgai_survivezombies,3,4,0
BJcrLXKUZ,no_score,gvgai_survivezombies,3,15,4
BJcrLXKUZ,no_score,gvgai_survivezombies,3,32,4
BJcrLXKUZ,no_score,gvgai_survivezombies,3,9,2
BJcrLXKUZ,no_score,gvgai_survivezombies,3,37,9
BJcrLXKUZ,no_score,gvgai_survivezombies,3,9,0
BJcrLXKUZ,no_score,gvgai_survivezombies,3,8,0
BJcrLXKUZ,no_score,gvgai_survivezombies,3,10,3
BJcrLXKUZ,no_score,gvgai_survivezombies,3,25,6
BJcrLXKUZ,no_score,gvgai_survivezombies,3,33,6
BJcrLXKUZ,no_score,gvgai_survivezombies,3,21,6
BJcrLXKUZ,no_score,gvgai_survivezombies,3,42,6
BJcrLXKUZ,no_score,gvgai_survivezombies,3,9,2
BJcrLXKUZ,no_score,gvgai_survivezombies,3,37,6
BJcrLXKUZ,no_score,gvgai_survivezombies,3,47,6
BJcrLXKUZ,no_score,gvgai_survivezombies,3,47,6
BJcrLXKUZ,no_score,gvgai_survivezombies,3,47,6
BJcrLXKUZ,no_score,gvgai_survivezombies,3,47,6
BJcrLXKUZ,no_score,gvgai_survivezombies,3,47,6
BJcrLXKUZ,no_score,gvgai_survivezombies,3,47,6
BJcrLXKUZ,no_score,gvgai_survivezombies,3,47,6
BJcrLXKUZ,no_score,gvgai_survivezombies,3,47,6
BJcrLXKUZ,no_score,gvgai_survivezombies,3,47,6
BJcrLXKUZ,no_score,gvgai_survivezombies,3,47,6
BJcrLXKUZ,no_score,gvgai_survivezombies,3,47,6
BJcrLXKUZ,no_score,gvgai_survivezombies,3,47,6
BJcrLXKUZ,no_score,gvgai_survivezombies,3,47,6
BJcrLXKUZ,no_score,gvgai_survivezombies,3,47,6
BJcrLXKUZ,no_score,gvgai_survivezombies,3,47,6
BJcrLXKUZ,no_score,gvgai_survivezombies,4,47,6
BJcrLXKUZ,no_score,gvgai_survivezombies,4,0,0
BJcrLXKUZ,no_score,gvgai_survivezombies,4,2,1
BJcrLXKUZ,no_score,gvgai_survivezombies,4,18,5
BJcrLXKUZ,no_score,gvgai_survivezombies,4,7,5
BJcrLXKUZ,no_score,gvgai_survivezombies,4,31,8
BJcrLXKUZ,no_score,gvgai_survivezombies,4,31,8
BJcrLXKUZ,no_score,gvgai_survivezombies,4,9,6
BJcrLXKUZ,no_score,gvgai_survivezombies,4,39,11
BJcrLXKUZ,no_score,gvgai_survivezombies,4,23,8
BJcrLXKUZ,no_score,gvgai_survivezombies,4,12,6
BJcrLXKUZ,no_score,gvgai_survivezombies,4,47,11
BJcrLXKUZ,no_score,gvgai_survivezombies,4,35,11
BJcrLXKUZ,no_score,gvgai_survivezombies,4,11,6
BJcrLXKUZ,no_score,gvgai_survivezombies,4,25,10
BJcrLXKUZ,no_score,gvgai_survivezombies,4,36,9
BJcrLXKUZ,no_score,gvgai_survivezombies,4,23,7
BJcrLXKUZ,no_score,gvgai_survivezombies,4,11,6
BJcrLXKUZ,no_score,gvgai_survivezombies,4,8,6
BJcrLXKUZ,no_score,gvgai_survivezombies,4,13,8
BJcrLXKUZ,no_score,gvgai_survivezombies,4,13,1
BJcrLXKUZ,no_score,gvgai_survivezombies,4,12,0
BJcrLXKUZ,no_score,gvgai_survivezombies,4,9,5
BJcrLXKUZ,no_score,gvgai_survivezombies,4,26,6
BJcrLXKUZ,no_score,gvgai_survivezombies,4,38,8
BJcrLXKUZ,no_score,gvgai_survivezombies,4,47,12
BJcrLXKUZ,no_score,gvgai_survivezombies,4,69,17
BJcrLXKUZ,no_score,gvgai_survivezombies,4,7,4
BJcrLXKUZ,no_score,gvgai_survivezombies,4,34,9
BJcrLXKUZ,no_score,gvgai_survivezombies,4,63,17
BJcrLXKUZ,no_score,gvgai_survivezombies,4,93,20
BJcrLXKUZ,no_score,gvgai_survivezombies,4,106,21
BJcrLXKUZ,no_score,gvgai_survivezombies,4,23,5
BJcrLXKUZ,no_score,gvgai_survivezombies,4,80,17
BJcrLXKUZ,no_score,gvgai_survivezombies,4,150,27
BJcrLXKUZ,no_score,gvgai_survivezombies,4,134,27
BJcrLXKUZ,no_score,gvgai_survivezombies,4,9,6
BJcrLXKUZ,no_score,gvgai_survivezombies,4,47,14
BJcrLXKUZ,no_score,gvgai_survivezombies,4,61,16
BJcrLXKUZ,no_score,gvgai_survivezombies,4,91,20
BJcrLXKUZ,no_score,gvgai_survivezombies,4,73,20
BJcrLXKUZ,no_score,gvgai_survivezombies,4,24,8
BJcrLXKUZ,no_score,gvgai_survivezombies,4,165,28
BJcrLXKUZ,no_score,gvgai_survivezombies,4,179,28
BJcrLXKUZ,no_score,gvgai_survivezombies,4,211,35
BJcrLXKUZ,no_score,gvgai_survivezombies,4,115,21
BJcrLXKUZ,no_score,gvgai_survivezombies,4,190,29
BJcrLXKUZ,no_score,gvgai_survivezombies,4,152,28
BJcrLXKUZ,no_score,gvgai_survivezombies,4,207,29
BJcrLXKUZ,no_score,gvgai_survivezombies,4,35,12
BJcrLXKUZ,no_score,gvgai_survivezombies,4,133,24
BJcrLXKUZ,no_score,gvgai_survivezombies,4,80,20
BJcrLXKUZ,no_score,gvgai_survivezombies,4,103,21
BJcrLXKUZ,no_score,gvgai_survivezombies,4,37,12
BJcrLXKUZ,no_score,gvgai_survivezombies,4,11,6
BJcrLXKUZ,no_score,gvgai_survivezombies,4,27,10
BJcrLXKUZ,no_score,gvgai_survivezombies,4,37,12
BJcrLXKUZ,no_score,gvgai_survivezombies,4,9,6
BJcrLXKUZ,no_score,gvgai_survivezombies,4,47,13
BJcrLXKUZ,no_score,gvgai_survivezombies,4,25,7
BJcrLXKUZ,no_score,gvgai_survivezombies,4,80,18
BJcrLXKUZ,no_score,gvgai_survivezombies,4,97,20
BJcrLXKUZ,no_score,gvgai_survivezombies,4,143,31
BJcrLXKUZ,no_score,gvgai_survivezombies,4,157,39
BJcrLXKUZ,no_score,gvgai_survivezombies,4,167,41
BJcrLXKUZ,no_score,gvgai_survivezombies,4,12,6
BJcrLXKUZ,no_score,gvgai_survivezombies,4,27,11
BJcrLXKUZ,no_score,gvgai_survivezombies,4,40,11
BJcrLXKUZ,no_score,gvgai_survivezombies,4,89,19
BJcrLXKUZ,no_score,gvgai_survivezombies,4,106,22
BJcrLXKUZ,no_score,gvgai_survivezombies,4,216,42
BJcrLXKUZ,no_score,gvgai_survivezombies,4,57,13
BJcrLXKUZ,no_score,gvgai_survivezombies,4,72,15
BJcrLXKUZ,no_score,gvgai_survivezombies,4,118,25
BJcrLXKUZ,no_score,gvgai_survivezombies,4,129,28
BJcrLXKUZ,no_score,gvgai_survivezombies,4,196,42
BJcrLXKUZ,no_score,gvgai_survivezombies,4,182,41
BJcrLXKUZ,no_score,gvgai_survivezombies,4,203,42
BJcrLXKUZ,no_score,gvgai_survivezombies,4,162,39
BJcrLXKUZ,no_score,gvgai_survivezombies,4,27,11
BJcrLXKUZ,no_score,gvgai_survivezombies,4,13,7
BJcrLXKUZ,no_score,gvgai_survivezombies,4,36,13
BJcrLXKUZ,no_score,gvgai_survivezombies,4,53,15
BJcrLXKUZ,no_score,gvgai_survivezombies,4,89,22
BJcrLXKUZ,no_score,gvgai_survivezombies,4,175,35
BJcrLXKUZ,no_score,gvgai_survivezombies,5,260,43
BJcrLXKUZ,no_score,gvgai_survivezombies,5,78,22
BJcrLXKUZ,no_score,gvgai_survivezombies,5,104,22
BJcrLXKUZ,no_score,gvgai_survivezombies,5,125,33
BJcrLXKUZ,no_score,gvgai_survivezombies,5,252,43
BJcrLXKUZ,no_score,gvgai_survivezombies,5,67,19
BJcrLXKUZ,no_score,gvgai_survivezombies,5,115,30
BJcrLXKUZ,no_score,gvgai_survivezombies,5,161,33
BJcrLXKUZ,no_score,gvgai_survivezombies,5,146,33
BJcrLXKUZ,no_score,gvgai_survivezombies,5,133,33
BJcrLXKUZ,no_score,gvgai_survivezombies,5,217,43
BJcrLXKUZ,no_score,gvgai_survivezombies,5,206,39
BJcrLXKUZ,no_score,gvgai_survivezombies,5,194,35
BJcrLXKUZ,no_score,gvgai_survivezombies,5,227,43
BJcrLXKUZ,no_score,gvgai_survivezombies,5,242,43
BJcrLXKUZ,no_score,gvgai_sokoban,0,13,1
BJcrLXKUZ,no_score,gvgai_sokoban,0,43,1
BJcrLXKUZ,no_score,gvgai_sokoban,0,43,1
BJcrLXKUZ,no_score,gvgai_sokoban,0,37,1
BJcrLXKUZ,no_score,gvgai_sokoban,0,8,0
BJcrLXKUZ,no_score,gvgai_sokoban,0,11,1
BJcrLXKUZ,no_score,gvgai_sokoban,0,43,1
BJcrLXKUZ,no_score,gvgai_sokoban,0,43,1
BJcrLXKUZ,no_score,gvgai_sokoban,0,1,0
BJcrLXKUZ,no_score,gvgai_sokoban,0,24,1
BJcrLXKUZ,no_score,gvgai_sokoban,0,17,1
BJcrLXKUZ,no_score,gvgai_sokoban,0,0,0
BJcrLXKUZ,no_score,gvgai_sokoban,1,13,2
BJcrLXKUZ,no_score,gvgai_sokoban,1,4,0
BJcrLXKUZ,no_score,gvgai_sokoban,1,11,1
BJcrLXKUZ,no_score,gvgai_sokoban,1,5,0
BJcrLXKUZ,no_score,gvgai_sokoban,1,10,1
BJcrLXKUZ,no_score,gvgai_sokoban,1,0,0
BJcrLXKUZ,no_score,gvgai_sokoban,1,1,0
BJcrLXKUZ,no_score,gvgai_sokoban,2,44,3
BJcrLXKUZ,no_score,gvgai_sokoban,2,32,1
BJcrLXKUZ,no_score,gvgai_sokoban,2,21,0
BJcrLXKUZ,no_score,gvgai_sokoban,2,46,1
BJcrLXKUZ,no_score,gvgai_sokoban,2,0,0
BJcrLXKUZ,no_score,gvgai_sokoban,2,14,0
BJcrLXKUZ,no_score,gvgai_sokoban,2,0,0
BJcrLXKUZ,no_score,gvgai_sokoban,2,2,0
BJcrLXKUZ,no_score,gvgai_sokoban,2,66,2
BJcrLXKUZ,no_score,gvgai_sokoban,2,101,3
BJcrLXKUZ,no_score,gvgai_sokoban,2,71,2
BJcrLXKUZ,no_score,gvgai_sokoban,2,2,0
BJcrLXKUZ,no_score,gvgai_sokoban,2,2,0
BJcrLXKUZ,no_score,gvgai_sokoban,2,0,0
BJcrLXKUZ,no_score,gvgai_sokoban,2,56,2
BJcrLXKUZ,no_score,gvgai_sokoban,2,9,0
BJcrLXKUZ,no_score,gvgai_sokoban,2,81,3
BJcrLXKUZ,no_score,gvgai_sokoban,2,92,3
BJcrLXKUZ,no_score,gvgai_sokoban,3,107,4
BJcrLXKUZ,no_score,gvgai_sokoban,3,25,1
BJcrLXKUZ,no_score,gvgai_sokoban,3,42,1
BJcrLXKUZ,no_score,gvgai_sokoban,3,0,0
BJcrLXKUZ,no_score,gvgai_sokoban,3,3,0
BJcrLXKUZ,no_score,gvgai_sokoban,3,19,1
BJcrLXKUZ,no_score,gvgai_sokoban,3,0,0
BJcrLXKUZ,no_score,gvgai_sokoban,3,35,1
BJcrLXKUZ,no_score,gvgai_sokoban,3,25,1
BJcrLXKUZ,no_score,gvgai_sokoban,4,58,3
BJcrLXKUZ,no_score,gvgai_sokoban,4,13,0
BJcrLXKUZ,no_score,gvgai_sokoban,4,49,1
BJcrLXKUZ,no_score,gvgai_sokoban,4,3,0
BJcrLXKUZ,no_score,gvgai_sokoban,4,4,0
BJcrLXKUZ,no_score,gvgai_sokoban,4,38,1
BJcrLXKUZ,no_score,gvgai_sokoban,4,16,0
BJcrLXKUZ,no_score,gvgai_sokoban,5,53,3
BJcrLXKUZ,no_score,gvgai_sokoban,5,0,0
BJcrLXKUZ,no_score,gvgai_sokoban,5,2,0
BJcrLXKUZ,no_score,gvgai_sokoban,5,7,0
BJcrLXKUZ,no_score,gvgai_sokoban,5,27,1
BJcrLXKUZ,no_score,gvgai_sokoban,5,47,2
ByX5JBKLW,no_score,gvgai_zelda,0,0,0
ByX5JBKLW,no_score,gvgai_zelda,0,17,0
ByX5JBKLW,no_score,gvgai_zelda,0,27,0
ByX5JBKLW,no_score,gvgai_zelda,0,7,0
ByX5JBKLW,no_score,gvgai_zelda,1,49,1
ByX5JBKLW,no_score,gvgai_zelda,1,39,1
ByX5JBKLW,no_score,gvgai_zelda,1,0,0
ByX5JBKLW,no_score,gvgai_zelda,1,0,0
ByX5JBKLW,no_score,gvgai_zelda,1,0,0
ByX5JBKLW,no_score,gvgai_zelda,1,0,0
ByX5JBKLW,no_score,gvgai_zelda,1,0,0
ByX5JBKLW,no_score,gvgai_zelda,1,0,0
ByX5JBKLW,no_score,gvgai_zelda,1,0,0
ByX5JBKLW,no_score,gvgai_zelda,1,0,0
ByX5JBKLW,no_score,gvgai_zelda,1,0,0
ByX5JBKLW,no_score,gvgai_zelda,1,0,0
ByX5JBKLW,no_score,gvgai_zelda,1,0,0
ByX5JBKLW,no_score,gvgai_zelda,1,0,0
ByX5JBKLW,no_score,gvgai_zelda,1,0,0
ByX5JBKLW,no_score,gvgai_zelda,1,0,0
ByX5JBKLW,no_score,gvgai_zelda,1,0,0
ByX5JBKLW,no_score,gvgai_zelda,1,0,0
ByX5JBKLW,no_score,gvgai_zelda,1,0,0
H1f82maWX,no_score,gvgai_overload,0,7,1
H1f82maWX,no_score,gvgai_overload,0,20,2
H1f82maWX,no_score,gvgai_overload,1,86,19
H1f82maWX,no_score,gvgai_overload,2,86,19
H1f82maWX,no_score,gvgai_overload,3,86,19
H1f82maWX,no_score,gvgai_overload,3,4,0
H1f82maWX,no_score,gvgai_overload,3,49,10
H1f82maWX,no_score,gvgai_overload,3,13,1
HJ7pfzhbQ,no_score,gvgai_clusters,0,8,0
HJ7pfzhbQ,no_score,gvgai_clusters,0,16,1
HJ7pfzhbQ,no_score,gvgai_clusters,0,34,4
HJ7pfzhbQ,no_score,gvgai_clusters,0,26,2
HJ7pfzhbQ,no_score,gvgai_clusters,1,77,9
HJ7upa9bQ,no_score,gvgai_boulderchase,0,0,0
HJ7upa9bQ,no_score,gvgai_boulderchase,0,0,0
HJ7upa9bQ,no_score,gvgai_boulderchase,0,0,0
HJ7upa9bQ,no_score,gvgai_boulderchase,0,0,0
HJ7upa9bQ,no_score,gvgai_boulderchase,0,0,0
HJ7upa9bQ,no_score,gvgai_boulderchase,0,0,0
HJ7upa9bQ,no_score,gvgai_boulderchase,0,0,0
HJ7upa9bQ,no_score,gvgai_boulderchase,0,0,0
HJ7upa9bQ,no_score,gvgai_boulderchase,0,0,0
HJ7upa9bQ,no_score,gvgai_boulderchase,0,0,0
HJ7upa9bQ,no_score,gvgai_boulderchase,0,0,0
HJ7upa9bQ,no_score,gvgai_boulderchase,0,0,0
HJ7upa9bQ,no_score,gvgai_boulderchase,0,0,0
HJ7upa9bQ,no_score,gvgai_boulderchase,0,0,0
HJ7upa9bQ,no_score,gvgai_boulderchase,0,0,0
HJ7upa9bQ,no_score,gvgai_boulderchase,0,0,0
HJ7upa9bQ,no_score,gvgai_boulderchase,0,0,0
HJ7upa9bQ,no_score,gvgai_boulderchase,0,0,0
HJ7upa9bQ,no_score,gvgai_boulderchase,0,0,0
HJ7upa9bQ,no_score,gvgai_boulderchase,0,0,0
HJ7upa9bQ,no_score,gvgai_boulderchase,0,0,0
HJ7upa9bQ,no_score,gvgai_boulderchase,0,0,0
HJ7upa9bQ,no_score,gvgai_boulderchase,0,0,0
HJ7upa9bQ,no_score,gvgai_boulderchase,0,0,0
HJ7upa9bQ,no_score,gvgai_boulderchase,0,0,0
HJ7upa9bQ,no_score,gvgai_boulderchase,0,0,0
HJ7upa9bQ,no_score,gvgai_boulderchase,0,0,0
HJ7upa9bQ,no_score,gvgai_boulderchase,0,0,0
HJ7upa9bQ,no_score,gvgai_boulderchase,0,0,0
HJ7upa9bQ,no_score,gvgai_boulderchase,0,0,0
HJ7upa9bQ,no_score,gvgai_boulderchase,0,0,0
HJ7upa9bQ,no_score,gvgai_boulderchase,0,0,0
HJ7upa9bQ,no_score,gvgai_boulderchase,0,0,0
HJ7upa9bQ,no_score,gvgai_boulderchase,0,0,0
HJ7upa9bQ,no_score,gvgai_boulderchase,0,0,0
HJ7upa9bQ,no_score,gvgai_boulderchase,0,0,0
HJ7upa9bQ,no_score,gvgai_boulderchase,0,0,0
HJ7upa9bQ,no_score,gvgai_boulderchase,0,0,0
HJ7upa9bQ,no_score,gvgai_boulderchase,0,0,0
HJ7upa9bQ,no_score,gvgai_boulderchase,0,0,0
HJ7upa9bQ,no_score,gvgai_boulderchase,0,0,0
HJ7upa9bQ,no_score,gvgai_boulderchase,0,0,0
HJ7upa9bQ,no_score,gvgai_boulderchase,0,0,0
HJ7upa9bQ,no_score,gvgai_boulderchase,0,0,0
HJ7upa9bQ,no_score,gvgai_boulderchase,0,0,0
HJ7upa9bQ,no_score,gvgai_boulderchase,0,0,0
HJ7upa9bQ,no_score,gvgai_boulderchase,0,0,0
HJ7upa9bQ,no_score,gvgai_boulderchase,0,0,0
HJ7upa9bQ,no_score,gvgai_boulderchase,0,0,0
HJ7upa9bQ,no_score,gvgai_boulderchase,0,0,0
HJ7upa9bQ,no_score,gvgai_boulderchase,0,0,0
HJ7upa9bQ,no_score,gvgai_boulderchase,0,0,0
HJ7upa9bQ,no_score,gvgai_boulderchase,0,0,0
HJ7upa9bQ,no_score,gvgai_boulderchase,0,0,0
HJ7upa9bQ,no_score,gvgai_boulderchase,0,0,0
HJ7upa9bQ,no_score,gvgai_boulderchase,0,0,0
HJ7upa9bQ,no_score,gvgai_boulderchase,0,0,0
HJ7upa9bQ,no_score,gvgai_boulderchase,0,0,0
HJ7upa9bQ,no_score,gvgai_boulderchase,0,0,0
HJ7upa9bQ,no_score,gvgai_boulderchase,0,0,0
HJ7upa9bQ,no_score,gvgai_boulderchase,0,0,0
HJ7upa9bQ,no_score,gvgai_boulderchase,0,0,0
HJ7upa9bQ,no_score,gvgai_boulderchase,0,0,0
HJ7upa9bQ,no_score,gvgai_boulderchase,0,0,0
HJ7upa9bQ,no_score,gvgai_boulderchase,0,0,0
HJ7upa9bQ,no_score,gvgai_boulderchase,0,0,0
HJ7upa9bQ,no_score,gvgai_boulderchase,0,0,0
HJ7upa9bQ,no_score,gvgai_boulderchase,0,0,0
HJ7upa9bQ,no_score,gvgai_boulderchase,0,0,0
HJ7upa9bQ,no_score,gvgai_boulderchase,0,0,0
HJ7upa9bQ,no_score,gvgai_boulderchase,0,0,0
HJ7upa9bQ,no_score,gvgai_boulderchase,0,0,0
HJ7upa9bQ,no_score,gvgai_boulderchase,0,0,0
HJ7upa9bQ,no_score,gvgai_boulderchase,0,0,0
HJ7upa9bQ,no_score,gvgai_boulderchase,0,0,0
HJ7upa9bQ,no_score,gvgai_boulderchase,0,0,0
HJ7upa9bQ,no_score,gvgai_boulderchase,0,0,0
HJ7upa9bQ,no_score,gvgai_boulderchase,0,0,0
HJ7upa9bQ,no_score,gvgai_boulderchase,0,0,0
HJ7upa9bQ,no_score,gvgai_boulderchase,0,0,0
HJ7upa9bQ,no_score,gvgai_boulderchase,0,0,0
HJ7upa9bQ,no_score,gvgai_boulderchase,0,0,0
HJ7upa9bQ,no_score,gvgai_boulderchase,0,0,0
HJ7upa9bQ,no_score,gvgai_boulderchase,0,0,0
HJ7upa9bQ,no_score,gvgai_boulderchase,0,0,0
HJ7upa9bQ,no_score,gvgai_boulderchase,0,0,0
HJ7upa9bQ,no_score,gvgai_boulderchase,0,0,0
HJ7upa9bQ,no_score,gvgai_boulderchase,0,0,0
HJ7upa9bQ,no_score,gvgai_boulderchase,0,0,0
HJ7upa9bQ,no_score,gvgai_boulderchase,0,0,0
HJ7upa9bQ,no_score,gvgai_boulderchase,0,0,0
HJ7upa9bQ,no_score,gvgai_boulderchase,0,0,0
HJ7upa9bQ,no_score,gvgai_boulderchase,0,0,0
HJ7upa9bQ,no_score,gvgai_boulderchase,0,0,0
HJ7upa9bQ,no_score,gvgai_boulderchase,0,0,0
HJ7upa9bQ,no_score,gvgai_boulderchase,0,0,0
HJ7upa9bQ,no_score,gvgai_boulderchase,0,0,0
HJ7upa9bQ,no_score,gvgai_boulderchase,0,0,0
HJ7upa9bQ,no_score,gvgai_boulderchase,0,0,0
HJ7upa9bQ,no_score,gvgai_boulderchase,0,0,0
HJ7upa9bQ,no_score,gvgai_boulderchase,0,0,0
HJ7upa9bQ,no_score,gvgai_boulderchase,0,0,0
HJ7upa9bQ,no_score,gvgai_boulderchase,0,0,0
HJ7upa9bQ,no_score,gvgai_boulderchase,0,0,0
HJ7upa9bQ,no_score,gvgai_boulderchase,0,0,0
HJ7upa9bQ,no_score,gvgai_boulderchase,0,0,0
HJ7upa9bQ,no_score,gvgai_boulderchase,0,0,0
HJ7upa9bQ,no_score,gvgai_boulderchase,0,0,0
HJ7upa9bQ,no_score,gvgai_boulderchase,0,0,0
HJ7upa9bQ,no_score,gvgai_boulderchase,0,0,0
HJ7upa9bQ,no_score,gvgai_boulderchase,0,0,0
HJ7upa9bQ,no_score,gvgai_boulderchase,0,0,0
HJ7upa9bQ,no_score,gvgai_boulderchase,0,0,0
HJ7upa9bQ,no_score,gvgai_boulderchase,0,0,0
HJ7upa9bQ,no_score,gvgai_boulderchase,0,0,0
HJ7upa9bQ,no_score,gvgai_boulderchase,0,0,0
HJ7upa9bQ,no_score,gvgai_boulderchase,0,0,0
HJ7upa9bQ,no_score,gvgai_boulderchase,0,0,0
HJ7upa9bQ,no_score,gvgai_boulderchase,0,0,0
HJ7upa9bQ,no_score,gvgai_boulderchase,0,0,0
HJ7upa9bQ,no_score,gvgai_boulderchase,0,0,0
HJ7upa9bQ,no_score,gvgai_boulderchase,0,0,0
HJ7upa9bQ,no_score,gvgai_boulderchase,0,0,0
HJ7upa9bQ,no_score,gvgai_boulderchase,0,0,0
HJ7upa9bQ,no_score,gvgai_boulderchase,0,0,0
HJ7upa9bQ,no_score,gvgai_boulderchase,0,0,0
HJ7upa9bQ,no_score,gvgai_boulderchase,0,0,0
HJ7upa9bQ,no_score,gvgai_boulderchase,0,0,0
HJ7upa9bQ,no_score,gvgai_boulderchase,0,0,0
HJ7upa9bQ,no_score,gvgai_boulderchase,0,0,0
HJ7upa9bQ,no_score,gvgai_boulderchase,0,0,0
HJ7upa9bQ,no_score,gvgai_boulderchase,0,0,0
HJ7upa9bQ,no_score,gvgai_boulderchase,0,0,0
HJ7upa9bQ,no_score,gvgai_boulderchase,0,0,0
HJ7upa9bQ,no_score,gvgai_boulderchase,0,0,0
HJ7upa9bQ,no_score,gvgai_boulderchase,0,0,0
HJ7upa9bQ,no_score,gvgai_boulderchase,0,0,0
HJ7upa9bQ,no_score,gvgai_boulderchase,0,0,0
HJ7upa9bQ,no_score,gvgai_boulderchase,0,0,0
HJ7upa9bQ,no_score,gvgai_boulderchase,0,0,0
HJ7upa9bQ,no_score,gvgai_boulderchase,0,0,0
HJ7upa9bQ,no_score,gvgai_boulderchase,0,0,0
HJ7upa9bQ,no_score,gvgai_boulderchase,0,0,0
HJ7upa9bQ,no_score,gvgai_boulderchase,0,0,0
HJ7upa9bQ,no_score,gvgai_boulderchase,0,0,0
HJ7upa9bQ,no_score,gvgai_boulderchase,0,0,0
HJ7upa9bQ,no_score,gvgai_boulderchase,0,0,0
HJ7upa9bQ,no_score,gvgai_boulderchase,0,0,0
HJ7upa9bQ,no_score,gvgai_boulderchase,0,0,0
HJ7upa9bQ,no_score,gvgai_boulderchase,0,0,0
HJ7upa9bQ,no_score,gvgai_boulderchase,0,0,0
HJ7upa9bQ,no_score,gvgai_boulderchase,0,0,0
HJ7upa9bQ,no_score,gvgai_boulderchase,0,0,0
HJ7upa9bQ,no_score,gvgai_boulderchase,0,0,0
HJ7upa9bQ,no_score,gvgai_boulderchase,0,0,0
HJ7upa9bQ,no_score,gvgai_boulderchase,0,0,0
HJ7upa9bQ,no_score,gvgai_boulderchase,0,0,0
HJ7upa9bQ,no_score,gvgai_boulderchase,0,0,0
HJ7upa9bQ,no_score,gvgai_boulderchase,0,0,0
HJ7upa9bQ,no_score,gvgai_boulderchase,0,0,0
HJ7upa9bQ,no_score,gvgai_boulderchase,0,0,0
HJ7upa9bQ,no_score,gvgai_boulderchase,0,0,0
HJ7upa9bQ,no_score,gvgai_boulderchase,0,0,0
HJ7upa9bQ,no_score,gvgai_boulderchase,0,0,0
HJ7upa9bQ,no_score,gvgai_boulderchase,0,0,0
HJ7upa9bQ,no_score,gvgai_boulderchase,0,0,0
HJ7upa9bQ,no_score,gvgai_boulderchase,0,0,0
HJ7upa9bQ,no_score,gvgai_boulderchase,0,0,0
HJ7upa9bQ,no_score,gvgai_boulderchase,0,0,0
HJ7upa9bQ,no_score,gvgai_boulderchase,0,0,0
HJ7upa9bQ,no_score,gvgai_boulderchase,0,0,0
HJ7upa9bQ,no_score,gvgai_boulderchase,0,0,0
HJ7upa9bQ,no_score,gvgai_boulderchase,0,0,0
HJ7upa9bQ,no_score,gvgai_boulderchase,0,0,0
HJ7upa9bQ,no_score,gvgai_boulderchase,0,0,0
HJ7upa9bQ,no_score,gvgai_boulderchase,0,0,0
HJ7upa9bQ,no_score,gvgai_boulderchase,0,0,0
HJ7upa9bQ,no_score,gvgai_boulderchase,0,0,0
HJ7upa9bQ,no_score,gvgai_boulderchase,0,0,0
HJ7upa9bQ,no_score,gvgai_boulderchase,0,0,0
HJ7upa9bQ,no_score,gvgai_boulderchase,0,0,0
HJ7upa9bQ,no_score,gvgai_boulderchase,0,0,0
HJ7upa9bQ,no_score,gvgai_boulderchase,0,0,0
HJ7upa9bQ,no_score,gvgai_boulderchase,0,0,0
HJ7upa9bQ,no_score,gvgai_boulderchase,0,0,0
HJ7upa9bQ,no_score,gvgai_boulderchase,0,0,0
HJ7upa9bQ,no_score,gvgai_boulderchase,0,0,0
HJ7upa9bQ,no_score,gvgai_boulderchase,0,0,0
HJ7upa9bQ,no_score,gvgai_boulderchase,0,0,0
HJ7upa9bQ,no_score,gvgai_boulderchase,0,0,0
HJ7upa9bQ,no_score,gvgai_boulderchase,0,0,0
HJ7upa9bQ,no_score,gvgai_boulderchase,0,0,0
HJ7upa9bQ,no_score,gvgai_boulderchase,0,0,0
HJ7upa9bQ,no_score,gvgai_boulderchase,0,0,0
HJ7upa9bQ,no_score,gvgai_boulderchase,0,0,0
HJ7upa9bQ,no_score,gvgai_boulderchase,0,0,0
HJ7upa9bQ,no_score,gvgai_boulderchase,0,0,0
HJ7upa9bQ,no_score,gvgai_boulderchase,0,0,0
HJ7upa9bQ,no_score,gvgai_boulderchase,0,0,0
HJ7upa9bQ,no_score,gvgai_boulderchase,0,0,0
HJ7upa9bQ,no_score,gvgai_boulderchase,0,0,0
HJ7upa9bQ,no_score,gvgai_boulderchase,0,0,0
HJ7upa9bQ,no_score,gvgai_boulderchase,0,0,0
HJ7upa9bQ,no_score,gvgai_boulderchase,0,0,0
HJ7upa9bQ,no_score,gvgai_boulderchase,0,0,0
HJ7upa9bQ,no_score,gvgai_boulderchase,0,0,0
HJ7upa9bQ,no_score,gvgai_boulderchase,0,0,0
HJ7upa9bQ,no_score,gvgai_boulderchase,0,0,0
HJ7upa9bQ,no_score,gvgai_boulderchase,0,0,0
HJ7upa9bQ,no_score,gvgai_boulderchase,0,0,0
HJ7upa9bQ,no_score,gvgai_boulderchase,0,0,0
HJ7upa9bQ,no_score,gvgai_boulderchase,0,0,0
HJ7upa9bQ,no_score,gvgai_boulderchase,0,0,0
HJ7upa9bQ,no_score,gvgai_boulderchase,0,0,0
HJ7upa9bQ,no_score,gvgai_boulderchase,0,0,0
HJ7upa9bQ,no_score,gvgai_boulderchase,0,0,0
HJ7upa9bQ,no_score,gvgai_boulderchase,0,0,0
HJ7upa9bQ,no_score,gvgai_boulderchase,0,0,0
HJ7upa9bQ,no_score,gvgai_boulderchase,0,0,0
HJ7upa9bQ,no_score,gvgai_boulderchase,0,0,0
HJ7upa9bQ,no_score,gvgai_boulderchase,0,0,0
HJ7upa9bQ,no_score,gvgai_boulderchase,0,0,0
HJ7upa9bQ,no_score,gvgai_boulderchase,0,0,0
HJ7upa9bQ,no_score,gvgai_boulderchase,0,0,0
HJ7upa9bQ,no_score,gvgai_boulderchase,0,0,0
HJ7upa9bQ,no_score,gvgai_boulderchase,0,0,0
HJ7upa9bQ,no_score,gvgai_boulderchase,0,0,0
HJ7upa9bQ,no_score,gvgai_boulderchase,0,0,0
HJ7upa9bQ,no_score,gvgai_boulderchase,0,0,0
HJ7upa9bQ,no_score,gvgai_boulderchase,0,0,0
HJ7upa9bQ,no_score,gvgai_boulderchase,0,0,0
HJ7upa9bQ,no_score,gvgai_boulderchase,0,0,0
HJ7upa9bQ,no_score,gvgai_boulderchase,0,0,0
HJ7upa9bQ,no_score,gvgai_boulderchase,0,0,0
HJ7upa9bQ,no_score,gvgai_boulderchase,0,0,0
HJ7upa9bQ,no_score,gvgai_boulderchase,0,0,0
HJ7upa9bQ,no_score,gvgai_boulderchase,0,0,0
HJ7upa9bQ,no_score,gvgai_boulderchase,0,0,0
HJ7upa9bQ,no_score,gvgai_boulderchase,0,0,0
HJ7upa9bQ,no_score,gvgai_boulderchase,0,0,0
HJ7upa9bQ,no_score,gvgai_boulderchase,0,0,0
HJ7upa9bQ,no_score,gvgai_boulderchase,0,0,0
HJ7upa9bQ,no_score,gvgai_boulderchase,0,0,0
HJ7upa9bQ,no_score,gvgai_boulderchase,0,0,0
HJ7upa9bQ,no_score,gvgai_boulderchase,0,0,0
HJ7upa9bQ,no_score,gvgai_boulderchase,0,0,0
HJ7upa9bQ,no_score,gvgai_boulderchase,0,0,0
HJ7upa9bQ,no_score,gvgai_boulderchase,0,0,0
HJ7upa9bQ,no_score,gvgai_boulderchase,0,0,0
HJ7upa9bQ,no_score,gvgai_boulderchase,0,0,0
HJ7upa9bQ,no_score,gvgai_boulderchase,0,0,0
HJ7upa9bQ,no_score,gvgai_boulderchase,0,0,0
HJ7upa9bQ,no_score,gvgai_boulderchase,0,0,0
HJ7upa9bQ,no_score,gvgai_boulderchase,0,0,0
HJ7upa9bQ,no_score,gvgai_boulderchase,0,0,0
HJ7upa9bQ,no_score,gvgai_boulderchase,0,0,0
HJ7upa9bQ,no_score,gvgai_boulderchase,0,0,0
HJ7upa9bQ,no_score,gvgai_boulderchase,0,0,0
HJ7upa9bQ,no_score,gvgai_boulderchase,0,0,0
HJ7upa9bQ,no_score,gvgai_boulderchase,0,0,0
HJ7upa9bQ,no_score,gvgai_boulderchase,0,0,0
HJ7upa9bQ,no_score,gvgai_boulderchase,0,0,0
HJ7upa9bQ,no_score,gvgai_boulderchase,0,0,0
HJ7upa9bQ,no_score,gvgai_boulderchase,0,0,0
HJ7upa9bQ,no_score,gvgai_boulderchase,0,0,0
HJ7upa9bQ,no_score,gvgai_boulderchase,0,0,0
HJ7upa9bQ,no_score,gvgai_boulderchase,0,0,0
HJ7upa9bQ,no_score,gvgai_boulderchase,0,0,0
HJ7upa9bQ,no_score,gvgai_boulderchase,0,0,0
HJ7upa9bQ,no_score,gvgai_boulderchase,0,0,0
HJ7upa9bQ,no_score,gvgai_boulderchase,0,0,0
HJ7upa9bQ,no_score,gvgai_boulderchase,0,0,0
HJ7upa9bQ,no_score,gvgai_boulderchase,0,0,0
HJ7upa9bQ,no_score,gvgai_boulderchase,0,0,0
HJ7upa9bQ,no_score,gvgai_boulderchase,0,0,0
HJ7upa9bQ,no_score,gvgai_boulderchase,0,0,0
HJ7upa9bQ,no_score,gvgai_boulderchase,0,0,0
HJ7upa9bQ,no_score,gvgai_boulderchase,0,0,0
HJ7upa9bQ,no_score,gvgai_boulderchase,0,0,0
HJ7upa9bQ,no_score,gvgai_boulderchase,0,0,0
HJ7upa9bQ,no_score,gvgai_boulderchase,0,0,0
HJ7upa9bQ,no_score,gvgai_boulderchase,0,0,0
HJ7upa9bQ,no_score,gvgai_boulderchase,0,0,0
HJ7upa9bQ,no_score,gvgai_boulderchase,0,0,0
HJ7upa9bQ,no_score,gvgai_boulderchase,0,0,0
HJ7upa9bQ,no_score,gvgai_boulderchase,0,0,0
HJ7upa9bQ,no_score,gvgai_boulderchase,0,0,0
HJ7upa9bQ,no_score,gvgai_boulderchase,0,0,0
HJ7upa9bQ,no_score,gvgai_boulderchase,0,0,0
HJ7upa9bQ,no_score,gvgai_boulderchase,0,0,0
HJ7upa9bQ,no_score,gvgai_boulderchase,0,0,0
HJ7upa9bQ,no_score,gvgai_boulderchase,0,0,0
HJ7upa9bQ,no_score,gvgai_boulderchase,0,0,0
HJ7upa9bQ,no_score,gvgai_boulderchase,0,0,0
HJ7upa9bQ,no_score,gvgai_boulderchase,0,0,0
HJ7upa9bQ,no_score,gvgai_boulderchase,0,0,0
HJ7upa9bQ,no_score,gvgai_boulderchase,0,0,0
HJ7upa9bQ,no_score,gvgai_boulderchase,0,0,0
HJ7upa9bQ,no_score,gvgai_boulderchase,0,0,0
HJ7upa9bQ,no_score,gvgai_boulderchase,0,0,0
HJ7upa9bQ,no_score,gvgai_boulderchase,0,0,0
HJ7upa9bQ,no_score,gvgai_boulderchase,0,0,0
HJ7upa9bQ,no_score,gvgai_boulderchase,0,0,0
HJ7upa9bQ,no_score,gvgai_boulderchase,0,0,0
HJ7upa9bQ,no_score,gvgai_boulderchase,0,0,0
HJ7upa9bQ,no_score,gvgai_boulderchase,0,0,0
HJ7upa9bQ,no_score,gvgai_boulderchase,0,0,0
HJ7upa9bQ,no_score,gvgai_boulderchase,0,0,0
HJ7upa9bQ,no_score,gvgai_boulderchase,0,0,0
HJ7upa9bQ,no_score,gvgai_boulderchase,0,0,0
HJ7upa9bQ,no_score,gvgai_boulderchase,0,0,0
HJ7upa9bQ,no_score,gvgai_boulderchase,0,0,0
HJ7upa9bQ,no_score,gvgai_boulderchase,0,0,0
HJ7upa9bQ,no_score,gvgai_boulderchase,0,0,0
HJ7upa9bQ,no_score,gvgai_boulderchase,0,0,0
HJ7upa9bQ,no_score,gvgai_boulderchase,0,0,0
HJ7upa9bQ,no_score,gvgai_boulderchase,0,0,0
HJ7upa9bQ,no_score,gvgai_boulderchase,0,0,0
HJ7upa9bQ,no_score,gvgai_boulderchase,0,0,0
HJ7upa9bQ,no_score,gvgai_boulderchase,0,0,0
HJ7upa9bQ,no_score,gvgai_boulderchase,0,0,0
HJ7upa9bQ,no_score,gvgai_boulderchase,0,0,0
HJ7upa9bQ,no_score,gvgai_boulderchase,0,0,0
HJ7upa9bQ,no_score,gvgai_boulderchase,0,0,0
HJ7upa9bQ,no_score,gvgai_boulderchase,0,0,0
HJ7upa9bQ,no_score,gvgai_boulderchase,0,0,0
HJ7upa9bQ,no_score,gvgai_boulderchase,0,0,0
HJ7upa9bQ,no_score,gvgai_boulderchase,0,0,0
HJ7upa9bQ,no_score,gvgai_boulderchase,0,0,0
HJ7upa9bQ,no_score,gvgai_boulderchase,0,0,0
HJ7upa9bQ,no_score,gvgai_boulderchase,0,0,0
HJ7upa9bQ,no_score,gvgai_boulderchase,0,0,0
HJ7upa9bQ,no_score,gvgai_boulderchase,0,0,0
HJ7upa9bQ,no_score,gvgai_boulderchase,0,0,0
HJ7upa9bQ,no_score,gvgai_boulderchase,0,0,0
HJ7upa9bQ,no_score,gvgai_boulderchase,0,0,0
HJ7upa9bQ,no_score,gvgai_boulderchase,0,0,0
HJ7upa9bQ,no_score,gvgai_boulderchase,0,0,0
HJ7upa9bQ,no_score,gvgai_boulderchase,0,0,0
HJ7upa9bQ,no_score,gvgai_boulderchase,0,0,0
HJ7upa9bQ,no_score,gvgai_boulderchase,0,0,0
HJ7upa9bQ,no_score,gvgai_boulderchase,0,0,0
HJ7upa9bQ,no_score,gvgai_boulderchase,0,0,0
HJ7upa9bQ,no_score,gvgai_boulderchase,0,0,0
HJ7upa9bQ,no_score,gvgai_boulderchase,0,0,0
HJ7upa9bQ,no_score,gvgai_boulderchase,0,0,0
HJ7upa9bQ,no_score,gvgai_boulderchase,0,0,0
HJ7upa9bQ,no_score,gvgai_boulderchase,0,0,0
HJ7upa9bQ,no_score,gvgai_boulderchase,0,0,0
HJ7upa9bQ,no_score,gvgai_boulderchase,0,0,0
HJ7upa9bQ,no_score,gvgai_boulderchase,0,0,0
HJ7upa9bQ,no_score,gvgai_boulderchase,0,0,0
HJ7upa9bQ,no_score,gvgai_boulderchase,0,0,0
HJ7upa9bQ,no_score,gvgai_boulderchase,0,0,0
HJ7upa9bQ,no_score,gvgai_boulderchase,0,0,0
HJ7upa9bQ,no_score,gvgai_boulderchase,0,0,0
HJ7upa9bQ,no_score,gvgai_boulderchase,0,0,0
HJ7upa9bQ,no_score,gvgai_boulderchase,0,0,0
HJ7upa9bQ,no_score,gvgai_boulderchase,0,0,0
HJ7upa9bQ,no_score,gvgai_boulderchase,0,0,0
HJ7upa9bQ,no_score,gvgai_boulderchase,0,0,0
HJ7upa9bQ,no_score,gvgai_boulderchase,0,0,0
HJ7upa9bQ,no_score,gvgai_boulderchase,0,0,0
HJ7upa9bQ,no_score,gvgai_boulderchase,0,0,0
HJ7upa9bQ,no_score,gvgai_boulderchase,0,0,0
HJ7upa9bQ,no_score,gvgai_boulderchase,0,0,0
HJ7upa9bQ,no_score,gvgai_boulderchase,0,0,0
HJ7upa9bQ,no_score,gvgai_boulderchase,0,0,0
HJ7upa9bQ,no_score,gvgai_boulderchase,0,0,0
HJ7upa9bQ,no_score,gvgai_boulderchase,0,0,0
HJ7upa9bQ,no_score,gvgai_boulderchase,0,0,0
HJ7upa9bQ,no_score,gvgai_boulderchase,0,0,0
HJ7upa9bQ,no_score,gvgai_boulderchase,0,0,0
HJ7upa9bQ,no_score,gvgai_boulderchase,0,0,0
HJ7upa9bQ,no_score,gvgai_boulderchase,0,0,0
HJ7upa9bQ,no_score,gvgai_boulderchase,0,0,0
HJ7upa9bQ,no_score,gvgai_boulderchase,0,0,0
HJ7upa9bQ,no_score,gvgai_boulderchase,0,0,0
HJ7upa9bQ,no_score,gvgai_boulderchase,0,0,0
HJ7upa9bQ,no_score,gvgai_boulderchase,0,0,0
HJ7upa9bQ,no_score,gvgai_boulderchase,0,0,0
HJ7upa9bQ,no_score,gvgai_boulderchase,0,0,0
HJ7upa9bQ,no_score,gvgai_boulderchase,0,0,0
HJ7upa9bQ,no_score,gvgai_boulderchase,0,0,0
HJ7upa9bQ,no_score,gvgai_boulderchase,0,0,0
HJ7upa9bQ,no_score,gvgai_boulderchase,0,0,0
HJ7upa9bQ,no_score,gvgai_boulderchase,0,0,0
HJ7upa9bQ,no_score,gvgai_boulderchase,0,0,0
HJ7upa9bQ,no_score,gvgai_boulderchase,0,0,0
HJ7upa9bQ,no_score,gvgai_boulderchase,0,0,0
HJ7upa9bQ,no_score,gvgai_boulderchase,0,0,0
HJ7upa9bQ,no_score,gvgai_boulderchase,0,0,0
HJ7upa9bQ,no_score,gvgai_boulderchase,0,0,0
HJ7upa9bQ,no_score,gvgai_boulderchase,0,0,0
HJ7upa9bQ,no_score,gvgai_boulderchase,0,0,0
HJ7upa9bQ,no_score,gvgai_boulderchase,0,0,0
HJ7upa9bQ,no_score,gvgai_boulderchase,0,0,0
HJ7upa9bQ,no_score,gvgai_boulderchase,0,0,0
HJ7upa9bQ,no_score,gvgai_boulderchase,0,0,0
HJ7upa9bQ,no_score,gvgai_boulderchase,0,0,0
HJ7upa9bQ,no_score,gvgai_boulderchase,0,0,0
HJ7upa9bQ,no_score,gvgai_boulderchase,0,0,0
HJ7upa9bQ,no_score,gvgai_boulderchase,0,0,0
HJ7upa9bQ,no_score,gvgai_boulderchase,0,0,0
HJ7upa9bQ,no_score,gvgai_boulderchase,0,0,0
HJ7upa9bQ,no_score,gvgai_boulderchase,0,0,0
HJ7upa9bQ,no_score,gvgai_boulderchase,0,0,0
HJ7upa9bQ,no_score,gvgai_boulderchase,0,0,0
HJ7upa9bQ,no_score,gvgai_boulderchase,0,0,0
HJ7upa9bQ,no_score,gvgai_boulderchase,0,0,0
HJ7upa9bQ,no_score,gvgai_boulderchase,0,0,0
HJ7upa9bQ,no_score,gvgai_boulderchase,0,0,0
HJ7upa9bQ,no_score,gvgai_boulderchase,0,0,0
HJ7upa9bQ,no_score,gvgai_boulderchase,0,0,0
HJ7upa9bQ,no_score,gvgai_boulderchase,0,0,0
HJ7upa9bQ,no_score,gvgai_boulderchase,0,0,0
HJ7upa9bQ,no_score,gvgai_boulderchase,0,0,0
HJ7upa9bQ,no_score,gvgai_boulderchase,0,0,0
HJ7upa9bQ,no_score,gvgai_boulderchase,0,0,0
HJ7upa9bQ,no_score,gvgai_boulderchase,0,0,0
HJ7upa9bQ,no_score,gvgai_boulderchase,0,0,0
HJ7upa9bQ,no_score,gvgai_boulderchase,0,0,0
HJ7upa9bQ,no_score,gvgai_boulderchase,0,0,0
HJ7upa9bQ,no_score,gvgai_boulderchase,0,0,0
HJ7upa9bQ,no_score,gvgai_boulderchase,0,0,0
HJ7upa9bQ,no_score,gvgai_boulderchase,0,0,0
HJ7upa9bQ,no_score,gvgai_boulderchase,0,0,0
HJ7upa9bQ,no_score,gvgai_boulderchase,0,0,0
HJ7upa9bQ,no_score,gvgai_boulderchase,0,0,0
HJ7upa9bQ,no_score,gvgai_boulderchase,0,0,0
HJ7upa9bQ,no_score,gvgai_boulderchase,0,0,0
HJ7upa9bQ,no_score,gvgai_boulderchase,0,0,0
HJ7upa9bQ,no_score,gvgai_boulderchase,0,0,0
HJ7upa9bQ,no_score,gvgai_boulderchase,0,0,0
HJ7upa9bQ,no_score,gvgai_boulderchase,0,0,0
HJ7upa9bQ,no_score,gvgai_boulderchase,0,0,0
HJ7upa9bQ,no_score,gvgai_boulderchase,0,0,0
HJ7upa9bQ,no_score,gvgai_boulderchase,0,0,0
HJ7upa9bQ,no_score,gvgai_boulderchase,0,0,0
HJ7upa9bQ,no_score,gvgai_boulderchase,0,0,0
HJ7upa9bQ,no_score,gvgai_boulderchase,0,0,0
HJ7upa9bQ,no_score,gvgai_boulderchase,0,0,0
HJ7upa9bQ,no_score,gvgai_boulderchase,0,0,0
HJ7upa9bQ,no_score,gvgai_boulderchase,0,0,0
HJ7upa9bQ,no_score,gvgai_boulderchase,0,0,0
HJ7upa9bQ,no_score,gvgai_boulderchase,0,0,0
HJ7upa9bQ,no_score,gvgai_boulderchase,0,0,0
HJ7upa9bQ,no_score,gvgai_boulderchase,0,0,0
HJ7upa9bQ,no_score,gvgai_boulderchase,0,0,0
HJ7upa9bQ,no_score,gvgai_boulderchase,0,0,0
HJ7upa9bQ,no_score,gvgai_boulderchase,0,0,0
HJ7upa9bQ,no_score,gvgai_boulderchase,0,0,0
HJ7upa9bQ,no_score,gvgai_boulderchase,0,0,0
HJ7upa9bQ,no_score,gvgai_boulderchase,0,0,0
HJ7upa9bQ,no_score,gvgai_boulderchase,0,0,0
HJ7upa9bQ,no_score,gvgai_boulderchase,0,0,0
HJ7upa9bQ,no_score,gvgai_boulderchase,0,0,0
HJ7upa9bQ,no_score,gvgai_boulderchase,0,0,0
HJ7upa9bQ,no_score,gvgai_boulderchase,0,0,0
HJ7upa9bQ,no_score,gvgai_boulderchase,0,0,0
HJ7upa9bQ,no_score,gvgai_boulderchase,0,0,0
HJ7upa9bQ,no_score,gvgai_boulderchase,0,0,0
HJ7upa9bQ,no_score,gvgai_boulderchase,0,0,0
HJ7upa9bQ,no_score,gvgai_boulderchase,0,0,0
HJ7upa9bQ,no_score,gvgai_boulderchase,0,0,0
HJ7upa9bQ,no_score,gvgai_boulderchase,0,0,0
HJ7upa9bQ,no_score,gvgai_boulderchase,0,0,0
HJ7upa9bQ,no_score,gvgai_boulderchase,0,0,0
HJ7upa9bQ,no_score,gvgai_boulderchase,0,0,0
HJ7upa9bQ,no_score,gvgai_boulderchase,0,0,0
HJ7upa9bQ,no_score,gvgai_boulderchase,0,0,0
HJ7upa9bQ,no_score,gvgai_boulderchase,0,0,0
HJ7upa9bQ,no_score,gvgai_boulderchase,0,0,0
HJ7upa9bQ,no_score,gvgai_boulderchase,0,0,0
HJ7upa9bQ,no_score,gvgai_boulderchase,0,0,0
HJ7upa9bQ,no_score,gvgai_boulderchase,0,0,0
HJ7upa9bQ,no_score,gvgai_boulderchase,0,0,0
HJ7upa9bQ,no_score,gvgai_boulderchase,0,0,0
HJ7upa9bQ,no_score,gvgai_boulderchase,0,0,0
HJ7upa9bQ,no_score,gvgai_boulderchase,0,0,0
HJ7upa9bQ,no_score,gvgai_boulderchase,0,0,0
HJ7upa9bQ,no_score,gvgai_boulderchase,0,0,0
HJ7upa9bQ,no_score,gvgai_boulderchase,0,0,0
HJ7upa9bQ,no_score,gvgai_boulderchase,0,0,0
HJ7upa9bQ,no_score,gvgai_boulderchase,0,0,0
HJ7upa9bQ,no_score,gvgai_boulderchase,0,0,0
HJ7upa9bQ,no_score,gvgai_boulderchase,0,0,0
HJ7upa9bQ,no_score,gvgai_boulderchase,0,0,0
HJ7upa9bQ,no_score,gvgai_boulderchase,0,0,0
HJ7upa9bQ,no_score,gvgai_boulderchase,0,0,0
HJ7upa9bQ,no_score,gvgai_boulderchase,0,0,0
HJ7upa9bQ,no_score,gvgai_boulderchase,0,0,0
HJ7upa9bQ,no_score,gvgai_boulderchase,0,0,0
HJ7upa9bQ,no_score,gvgai_boulderchase,0,0,0
HJ7upa9bQ,no_score,gvgai_boulderchase,0,0,0
HJ7upa9bQ,no_score,gvgai_boulderchase,0,0,0
HJ7upa9bQ,no_score,gvgai_boulderchase,0,0,0
HJ7upa9bQ,no_score,gvgai_boulderchase,0,0,0
HJ7upa9bQ,no_score,gvgai_boulderchase,0,0,0
HJ7upa9bQ,no_score,gvgai_boulderchase,0,0,0
HJ7upa9bQ,no_score,gvgai_boulderchase,0,0,0
HJ7upa9bQ,no_score,gvgai_boulderchase,0,0,0
HJ7upa9bQ,no_score,gvgai_boulderchase,0,0,0
HJ7upa9bQ,no_score,gvgai_boulderchase,0,0,0
HJ7upa9bQ,no_score,gvgai_boulderchase,0,0,0
HJ7upa9bQ,no_score,gvgai_boulderchase,0,0,0
HJ7upa9bQ,no_score,gvgai_boulderchase,0,0,0
HJ7upa9bQ,no_score,gvgai_boulderchase,0,0,0
HJ7upa9bQ,no_score,gvgai_boulderchase,0,0,0
HJ7upa9bQ,no_score,gvgai_boulderchase,0,0,0
HJ7upa9bQ,no_score,gvgai_boulderchase,0,0,0
HJ7upa9bQ,no_score,gvgai_boulderchase,0,0,0
HJ7upa9bQ,no_score,gvgai_boulderchase,0,0,0
HJ7upa9bQ,no_score,gvgai_boulderchase,0,0,0
HJ7upa9bQ,no_score,gvgai_boulderchase,0,0,0
HJ7upa9bQ,no_score,gvgai_boulderchase,0,0,0
HJ7upa9bQ,no_score,gvgai_boulderchase,0,0,0
HJ7upa9bQ,no_score,gvgai_boulderchase,0,0,0
HJ7upa9bQ,no_score,gvgai_boulderchase,0,0,0
HJ7upa9bQ,no_score,gvgai_boulderchase,0,0,0
HJ7upa9bQ,no_score,gvgai_boulderchase,0,0,0
HJ7upa9bQ,no_score,gvgai_boulderchase,0,0,0
HJ7upa9bQ,no_score,gvgai_boulderchase,0,0,0
HJ7upa9bQ,no_score,gvgai_boulderchase,0,0,0
HJ7upa9bQ,no_score,gvgai_boulderchase,0,0,0
HJ7upa9bQ,no_score,gvgai_boulderchase,0,0,0
HJ7upa9bQ,no_score,gvgai_boulderchase,0,0,0
HJ7upa9bQ,no_score,gvgai_boulderchase,0,0,0
HJ7upa9bQ,no_score,gvgai_boulderchase,0,0,0
HJ7upa9bQ,no_score,gvgai_boulderchase,0,0,0
HJ7upa9bQ,no_score,gvgai_boulderchase,0,0,0
HJ7upa9bQ,no_score,gvgai_boulderchase,0,0,0
HJ7upa9bQ,no_score,gvgai_boulderchase,0,0,0
HJ7upa9bQ,no_score,gvgai_boulderchase,0,0,0
HJ7upa9bQ,no_score,gvgai_boulderchase,0,0,0
HJ7upa9bQ,no_score,gvgai_boulderchase,0,0,0
HJ7upa9bQ,no_score,gvgai_boulderchase,0,0,0
HJ7upa9bQ,no_score,gvgai_boulderchase,0,0,0
HJ7upa9bQ,no_score,gvgai_boulderchase,0,0,0
HJ7upa9bQ,no_score,gvgai_boulderchase,0,0,0
HJ7upa9bQ,no_score,gvgai_boulderchase,0,0,0
HJ7upa9bQ,no_score,gvgai_boulderchase,0,0,0
HJ7upa9bQ,no_score,gvgai_boulderchase,0,0,0
HJ7upa9bQ,no_score,gvgai_boulderchase,0,0,0
HJ7upa9bQ,no_score,gvgai_boulderchase,0,0,0
HJ7upa9bQ,no_score,gvgai_boulderchase,0,0,0
HJ7upa9bQ,no_score,gvgai_boulderchase,0,0,0
HJ7upa9bQ,no_score,gvgai_boulderchase,0,0,0
HJ7upa9bQ,no_score,gvgai_boulderchase,0,0,0
HJ7upa9bQ,no_score,gvgai_boulderchase,0,0,0
HJ7upa9bQ,no_score,gvgai_boulderchase,0,0,0
HJ7upa9bQ,no_score,gvgai_boulderchase,0,0,0
HJ7upa9bQ,no_score,gvgai_boulderchase,0,0,0
HJ7upa9bQ,no_score,gvgai_boulderchase,0,0,0
HJ7upa9bQ,no_score,gvgai_boulderchase,0,0,0
HJ7upa9bQ,no_score,gvgai_boulderchase,0,0,0
HJ7upa9bQ,no_score,gvgai_boulderchase,0,0,0
HJ7upa9bQ,no_score,gvgai_boulderchase,0,0,0
HJ7upa9bQ,no_score,gvgai_boulderchase,0,0,0
HJ7upa9bQ,no_score,gvgai_boulderchase,0,0,0
HJ7upa9bQ,no_score,gvgai_boulderchase,0,0,0
HJ7upa9bQ,no_score,gvgai_boulderchase,0,0,0
HJ7upa9bQ,no_score,gvgai_boulderchase,0,0,0
HJ7upa9bQ,no_score,gvgai_boulderchase,0,0,0
HJ7upa9bQ,no_score,gvgai_boulderchase,0,0,0
HJ7upa9bQ,no_score,gvgai_boulderchase,0,0,0
HJ7upa9bQ,no_score,gvgai_boulderchase,0,0,0
HJ7upa9bQ,no_score,gvgai_boulderchase,0,0,0
HJ7upa9bQ,no_score,gvgai_boulderchase,0,0,0
HJ7upa9bQ,no_score,gvgai_boulderchase,0,0,0
HJ7upa9bQ,no_score,gvgai_boulderchase,0,0,0
HJ7upa9bQ,no_score,gvgai_boulderchase,0,0,0
HJ7upa9bQ,no_score,gvgai_boulderchase,0,0,0
HJ7upa9bQ,no_score,gvgai_boulderchase,0,0,0
HJ7upa9bQ,no_score,gvgai_boulderchase,0,0,0
HJ7upa9bQ,no_score,gvgai_boulderchase,0,0,0
HJ7upa9bQ,no_score,gvgai_boulderchase,0,0,0
HJ7upa9bQ,no_score,gvgai_boulderchase,0,0,0
HJ7upa9bQ,no_score,gvgai_boulderchase,0,0,0
HJ7upa9bQ,no_score,gvgai_boulderchase,0,0,0
HJ7upa9bQ,no_score,gvgai_boulderchase,0,0,0
HJ7upa9bQ,no_score,gvgai_boulderchase,0,0,0
HJ7upa9bQ,no_score,gvgai_boulderchase,0,0,0
HJ7upa9bQ,no_score,gvgai_boulderchase,0,0,0
HJ7upa9bQ,no_score,gvgai_boulderchase,0,0,0
HJ7upa9bQ,no_score,gvgai_boulderchase,0,0,0
HJ7upa9bQ,no_score,gvgai_boulderchase,0,0,0
HJ7upa9bQ,no_score,gvgai_boulderchase,0,0,0
HJ7upa9bQ,no_score,gvgai_boulderchase,0,0,0
HJ7upa9bQ,no_score,gvgai_boulderchase,0,0,0
HJ7upa9bQ,no_score,gvgai_boulderchase,0,0,0
HJ7upa9bQ,no_score,gvgai_boulderchase,0,0,0
HJ7upa9bQ,no_score,gvgai_boulderchase,0,0,0
HJ7upa9bQ,no_score,gvgai_boulderchase,0,0,0
HJ7upa9bQ,no_score,gvgai_boulderchase,0,0,0
HJ7upa9bQ,no_score,gvgai_boulderchase,0,0,0
HJ7upa9bQ,no_score,gvgai_boulderchase,0,0,0
HJ7upa9bQ,no_score,gvgai_boulderchase,0,0,0
HJ7upa9bQ,no_score,gvgai_boulderchase,0,0,0
HJ7upa9bQ,no_score,gvgai_boulderchase,0,0,0
HJ7upa9bQ,no_score,gvgai_boulderchase,0,0,0
HJ7upa9bQ,no_score,gvgai_boulderchase,0,0,0
HJ7upa9bQ,no_score,gvgai_boulderchase,0,0,0
HJ7upa9bQ,no_score,gvgai_boulderchase,0,0,0
HJ7upa9bQ,no_score,gvgai_boulderchase,0,0,0
HJ7upa9bQ,no_score,gvgai_boulderchase,0,0,0
HJ7upa9bQ,no_score,gvgai_boulderchase,0,0,0
HJ7upa9bQ,no_score,gvgai_boulderchase,0,0,0
HJ7upa9bQ,no_score,gvgai_boulderchase,0,0,0
HJ7upa9bQ,no_score,gvgai_boulderchase,0,0,0
HJ7upa9bQ,no_score,gvgai_boulderchase,0,0,0
HJ7upa9bQ,no_score,gvgai_boulderchase,0,0,0
HJ7upa9bQ,no_score,gvgai_boulderchase,0,0,0
HJ7upa9bQ,no_score,gvgai_boulderchase,0,0,0
HJ7upa9bQ,no_score,gvgai_boulderchase,0,0,0
HJ7upa9bQ,no_score,gvgai_boulderchase,0,0,0
HJ7upa9bQ,no_score,gvgai_boulderchase,0,0,0
HJ7upa9bQ,no_score,gvgai_boulderchase,0,0,0
HJ7upa9bQ,no_score,gvgai_boulderchase,0,0,0
HJ7upa9bQ,no_score,gvgai_boulderchase,0,0,0
HJ7upa9bQ,no_score,gvgai_boulderchase,0,0,0
HJ7upa9bQ,no_score,gvgai_boulderchase,0,0,0
HJ7upa9bQ,no_score,gvgai_boulderchase,0,0,0
HJ7upa9bQ,no_score,gvgai_boulderchase,0,0,0
HJ7upa9bQ,no_score,gvgai_boulderchase,0,0,0
HJ7upa9bQ,no_score,gvgai_boulderchase,0,0,0
HJ7upa9bQ,no_score,gvgai_boulderchase,0,0,0
HJ7upa9bQ,no_score,gvgai_boulderchase,0,0,0
HJ7upa9bQ,no_score,gvgai_boulderchase,0,0,0
HJ7upa9bQ,no_score,gvgai_boulderchase,0,0,0
HJ7upa9bQ,no_score,gvgai_boulderchase,0,0,0
HJ7upa9bQ,no_score,gvgai_boulderchase,0,0,0
HJ7upa9bQ,no_score,gvgai_boulderchase,0,0,0
HJ7upa9bQ,no_score,gvgai_boulderchase,0,0,0
HJ7upa9bQ,no_score,gvgai_boulderchase,0,0,0
HJ7upa9bQ,no_score,gvgai_boulderchase,0,0,0
HJ7upa9bQ,no_score,gvgai_boulderchase,0,0,0
HJ7upa9bQ,no_score,gvgai_boulderchase,0,0,0
HJ7upa9bQ,no_score,gvgai_boulderchase,0,0,0
HJ7upa9bQ,no_score,gvgai_boulderchase,0,0,0
HJ7upa9bQ,no_score,gvgai_boulderchase,0,0,0
HJ7upa9bQ,no_score,gvgai_boulderchase,0,0,0
HJ7upa9bQ,no_score,gvgai_boulderchase,0,0,0
HJ7upa9bQ,no_score,gvgai_boulderchase,0,0,0
HJ7upa9bQ,no_score,gvgai_boulderchase,0,0,0
HJ7upa9bQ,no_score,gvgai_boulderchase,0,0,0
HJ7upa9bQ,no_score,gvgai_boulderchase,0,0,0
HJ7upa9bQ,no_score,gvgai_boulderchase,0,0,0
HJ7upa9bQ,no_score,gvgai_boulderchase,0,0,0
HJ7upa9bQ,no_score,gvgai_boulderchase,0,0,0
HJ7upa9bQ,no_score,gvgai_boulderchase,0,0,0
HJ7upa9bQ,no_score,gvgai_boulderchase,0,0,0
HJ7upa9bQ,no_score,gvgai_boulderchase,0,0,0
HJ7upa9bQ,no_score,gvgai_boulderchase,0,0,0
HJ7upa9bQ,no_score,gvgai_boulderchase,0,0,0
HJ7upa9bQ,no_score,gvgai_boulderchase,0,0,0
HJ7upa9bQ,no_score,gvgai_boulderchase,0,0,0
HJ7upa9bQ,no_score,gvgai_boulderchase,0,0,0
HJ7upa9bQ,no_score,gvgai_boulderchase,0,0,0
HJ7upa9bQ,no_score,gvgai_boulderchase,0,0,0
HJ7upa9bQ,no_score,gvgai_boulderchase,0,0,0
HJ7upa9bQ,no_score,gvgai_boulderchase,0,0,0
HJ7upa9bQ,no_score,gvgai_boulderchase,0,0,0
HJ7upa9bQ,no_score,gvgai_boulderchase,0,0,0
HJ7upa9bQ,no_score,gvgai_boulderchase,0,0,0
HJ7upa9bQ,no_score,gvgai_boulderchase,0,0,0
HJ7upa9bQ,no_score,gvgai_boulderchase,0,0,0
HJ7upa9bQ,no_score,gvgai_boulderchase,0,0,0
HJ7upa9bQ,no_score,gvgai_boulderchase,0,0,0
HJ7upa9bQ,no_score,gvgai_boulderchase,0,0,0
HJ7upa9bQ,no_score,gvgai_boulderchase,0,0,0
HJ7upa9bQ,no_score,gvgai_boulderchase,0,0,0
HJ7upa9bQ,no_score,gvgai_boulderchase,0,0,0
HJ7upa9bQ,no_score,gvgai_boulderchase,0,0,0
HJ7upa9bQ,no_score,gvgai_boulderchase,0,0,0
HJ7upa9bQ,no_score,gvgai_boulderchase,0,0,0
HJ7upa9bQ,no_score,gvgai_boulderchase,0,0,0
HJ7upa9bQ,no_score,gvgai_boulderchase,0,0,0
HJ7upa9bQ,no_score,gvgai_boulderchase,0,0,0
HJ7upa9bQ,no_score,gvgai_boulderchase,0,0,0
HJ7upa9bQ,no_score,gvgai_boulderchase,0,0,0
HJ7upa9bQ,no_score,gvgai_boulderchase,0,0,0
HJ7upa9bQ,no_score,gvgai_boulderchase,0,0,0
HJ7upa9bQ,no_score,gvgai_boulderchase,0,0,0
HJ7upa9bQ,no_score,gvgai_boulderchase,0,0,0
HJ7upa9bQ,no_score,gvgai_boulderchase,0,0,0
HJ7upa9bQ,no_score,gvgai_boulderchase,0,0,0
HJ7upa9bQ,no_score,gvgai_boulderchase,0,0,0
HJ7upa9bQ,no_score,gvgai_boulderchase,0,0,0
HJ7upa9bQ,no_score,gvgai_boulderchase,0,0,0
HJ7upa9bQ,no_score,gvgai_boulderchase,0,0,0
HJ7upa9bQ,no_score,gvgai_boulderchase,0,0,0
HJ7upa9bQ,no_score,gvgai_boulderchase,0,0,0
HJ7upa9bQ,no_score,gvgai_boulderchase,0,0,0
HJ7upa9bQ,no_score,gvgai_boulderchase,0,0,0
HJ7upa9bQ,no_score,gvgai_boulderchase,0,0,0
HJ7upa9bQ,no_score,gvgai_boulderchase,0,0,0
HJ7upa9bQ,no_score,gvgai_boulderchase,0,0,0
HJ7upa9bQ,no_score,gvgai_boulderchase,0,0,0
HJ7upa9bQ,no_score,gvgai_boulderchase,0,0,0
HJ7upa9bQ,no_score,gvgai_boulderchase,0,0,0
HJ7upa9bQ,no_score,gvgai_boulderchase,0,0,0
HJ7upa9bQ,no_score,gvgai_boulderchase,0,0,0
HJ7upa9bQ,no_score,gvgai_boulderchase,0,0,0
HJ7upa9bQ,no_score,gvgai_boulderchase,0,0,0
HJ7upa9bQ,no_score,gvgai_boulderchase,0,0,0
HJ7upa9bQ,no_score,gvgai_boulderchase,0,0,0
HJ7upa9bQ,no_score,gvgai_boulderchase,0,0,0
HJ7upa9bQ,no_score,gvgai_boulderchase,0,0,0
HJ7upa9bQ,no_score,gvgai_boulderchase,0,0,0
HJ7upa9bQ,no_score,gvgai_boulderchase,0,0,0
HJ7upa9bQ,no_score,gvgai_boulderchase,0,0,0
HJ7upa9bQ,no_score,gvgai_boulderchase,0,0,0
HJ7upa9bQ,no_score,gvgai_boulderchase,0,0,0
HJ7upa9bQ,no_score,gvgai_boulderchase,0,0,0
HJ7upa9bQ,no_score,gvgai_boulderchase,0,0,0
HJ7upa9bQ,no_score,gvgai_boulderchase,0,0,0
HJ7upa9bQ,no_score,gvgai_boulderchase,0,0,0
HJ7upa9bQ,no_score,gvgai_boulderchase,0,0,0
HJ7upa9bQ,no_score,gvgai_boulderchase,0,0,0
HJ7upa9bQ,no_score,gvgai_boulderchase,0,0,0
HJ7upa9bQ,no_score,gvgai_boulderchase,0,0,0
HJ7upa9bQ,no_score,gvgai_boulderchase,0,0,0
HJ7upa9bQ,no_score,gvgai_boulderchase,0,0,0
HJ7upa9bQ,no_score,gvgai_boulderchase,0,0,0
HJ7upa9bQ,no_score,gvgai_boulderchase,0,0,0
HJ7upa9bQ,no_score,gvgai_boulderchase,0,0,0
HJ7upa9bQ,no_score,gvgai_boulderchase,0,0,0
HJ7upa9bQ,no_score,gvgai_boulderchase,0,0,0
HJ7upa9bQ,no_score,gvgai_boulderchase,0,0,0
HJ7upa9bQ,no_score,gvgai_boulderchase,0,0,0
HJ7upa9bQ,no_score,gvgai_boulderchase,0,0,0
HJ7upa9bQ,no_score,gvgai_boulderchase,0,0,0
HJ7upa9bQ,no_score,gvgai_boulderchase,0,0,0
HJ7upa9bQ,no_score,gvgai_boulderchase,0,0,0
HJ7upa9bQ,no_score,gvgai_boulderchase,0,0,0
HJ7upa9bQ,no_score,gvgai_boulderchase,0,0,0
HJ7upa9bQ,no_score,gvgai_boulderchase,0,0,0
HJ7upa9bQ,no_score,gvgai_boulderchase,0,0,0
HJ7upa9bQ,no_score,gvgai_boulderchase,0,0,0
HJ7upa9bQ,no_score,gvgai_boulderchase,0,0,0
HJ7upa9bQ,no_score,gvgai_boulderchase,0,0,0
HJ7upa9bQ,no_score,gvgai_boulderchase,0,0,0
HJ7upa9bQ,no_score,gvgai_boulderchase,0,0,0
HJ7upa9bQ,no_score,gvgai_boulderchase,0,0,0
HJ7upa9bQ,no_score,gvgai_boulderchase,0,0,0
HJ7upa9bQ,no_score,gvgai_boulderchase,0,0,0
HJ7upa9bQ,no_score,gvgai_boulderchase,0,0,0
HJ7upa9bQ,no_score,gvgai_boulderchase,0,0,0
HJ7upa9bQ,no_score,gvgai_boulderchase,0,0,0
HJ7upa9bQ,no_score,gvgai_boulderchase,0,0,0
HJ7upa9bQ,no_score,gvgai_boulderchase,0,0,0
HJ7upa9bQ,no_score,gvgai_boulderchase,0,0,0
HJ7upa9bQ,no_score,gvgai_boulderchase,0,0,0
HJ7upa9bQ,no_score,gvgai_boulderchase,0,0,0
HJ7upa9bQ,no_score,gvgai_boulderchase,0,0,0
HJ7upa9bQ,no_score,gvgai_boulderchase,0,0,0
HJ7upa9bQ,no_score,gvgai_boulderchase,0,0,0
HJ7upa9bQ,no_score,gvgai_boulderchase,0,0,0
HJ7upa9bQ,no_score,gvgai_boulderchase,0,0,0
HJ7upa9bQ,no_score,gvgai_boulderchase,0,0,0
HJ7upa9bQ,no_score,gvgai_boulderchase,0,0,0
HJ7upa9bQ,no_score,gvgai_boulderchase,0,0,0
HJ7upa9bQ,no_score,gvgai_boulderchase,0,0,0
HJ7upa9bQ,no_score,gvgai_boulderchase,0,0,0
HJ7upa9bQ,no_score,gvgai_boulderchase,0,0,0
HJ7upa9bQ,no_score,gvgai_boulderchase,0,0,0
HJ7upa9bQ,no_score,gvgai_boulderchase,0,0,0
HJ7upa9bQ,no_score,gvgai_boulderchase,0,0,0
HJ7upa9bQ,no_score,gvgai_boulderchase,0,0,0
HJ7upa9bQ,no_score,gvgai_boulderchase,0,0,0
HJ7upa9bQ,no_score,gvgai_boulderchase,0,0,0
HJ7upa9bQ,no_score,gvgai_boulderchase,0,0,0
HJ7upa9bQ,no_score,gvgai_boulderchase,0,0,0
HJ7upa9bQ,no_score,gvgai_boulderchase,0,0,0
HJ7upa9bQ,no_score,gvgai_boulderchase,0,0,0
HJ7upa9bQ,no_score,gvgai_boulderchase,0,0,0
HJ7upa9bQ,no_score,gvgai_boulderchase,0,0,0
HJ7upa9bQ,no_score,gvgai_boulderchase,0,0,0
HJ7upa9bQ,no_score,gvgai_boulderchase,0,0,0
HJ7upa9bQ,no_score,gvgai_boulderchase,0,0,0
HJ7upa9bQ,no_score,gvgai_boulderchase,0,0,0
HJ7upa9bQ,no_score,gvgai_boulderchase,0,0,0
HJ7upa9bQ,no_score,gvgai_boulderchase,0,0,0
HJ7upa9bQ,no_score,gvgai_boulderchase,0,0,0
HJ7upa9bQ,no_score,gvgai_boulderchase,0,0,0
HJ7upa9bQ,no_score,gvgai_boulderchase,0,0,0
HJ7upa9bQ,no_score,gvgai_boulderchase,0,0,0
HJ7upa9bQ,no_score,gvgai_boulderchase,0,0,0
HJ7upa9bQ,no_score,gvgai_boulderchase,0,0,0
HJ7upa9bQ,no_score,gvgai_boulderchase,0,0,0
HJ7upa9bQ,no_score,gvgai_boulderchase,0,0,0
HJ7upa9bQ,no_score,gvgai_boulderchase,0,0,0
HJ7upa9bQ,no_score,gvgai_boulderchase,0,0,0
HJ7upa9bQ,no_score,gvgai_boulderchase,0,0,0
HJ7upa9bQ,no_score,gvgai_boulderchase,0,0,0
HJ7upa9bQ,no_score,gvgai_boulderchase,0,0,0
HJ7upa9bQ,no_score,gvgai_boulderchase,0,0,0
HJ7upa9bQ,no_score,gvgai_boulderchase,0,0,0
HJ7upa9bQ,no_score,gvgai_boulderchase,0,0,0
HJ7upa9bQ,no_score,gvgai_boulderchase,0,0,0
HJ7upa9bQ,no_score,gvgai_boulderchase,0,0,0
HJ7upa9bQ,no_score,gvgai_boulderchase,0,0,0
HJ7upa9bQ,no_score,gvgai_boulderchase,0,0,0
HJ7upa9bQ,no_score,gvgai_boulderchase,0,0,0
HJ7upa9bQ,no_score,gvgai_boulderchase,0,0,0
HJ7upa9bQ,no_score,gvgai_boulderchase,0,0,0
HJ7upa9bQ,no_score,gvgai_boulderchase,0,0,0
HJ7upa9bQ,no_score,gvgai_boulderchase,0,0,0
HJ7upa9bQ,no_score,gvgai_boulderchase,0,0,0
HJ7upa9bQ,no_score,gvgai_boulderchase,0,0,0
HJ7upa9bQ,no_score,gvgai_boulderchase,0,0,0
HJ7upa9bQ,no_score,gvgai_boulderchase,0,0,0
HJ7upa9bQ,no_score,gvgai_boulderchase,0,0,0
HJ7upa9bQ,no_score,gvgai_boulderchase,0,0,0
HJ7upa9bQ,no_score,gvgai_boulderchase,0,0,0
HJ7upa9bQ,no_score,gvgai_boulderchase,0,0,0
HJ7upa9bQ,no_score,gvgai_boulderchase,0,0,0
HJ7upa9bQ,no_score,gvgai_boulderchase,0,0,0
HJ7upa9bQ,no_score,gvgai_boulderchase,0,0,0
HJ7upa9bQ,no_score,gvgai_boulderchase,0,0,0
HJ7upa9bQ,no_score,gvgai_boulderchase,0,0,0
HJ7upa9bQ,no_score,gvgai_boulderchase,0,0,0
HJ7upa9bQ,no_score,gvgai_boulderchase,0,0,0
HJ7upa9bQ,no_score,gvgai_boulderchase,0,0,0
HJ7upa9bQ,no_score,gvgai_boulderchase,0,0,0
HJ7upa9bQ,no_score,gvgai_boulderchase,0,0,0
HJ7upa9bQ,no_score,gvgai_boulderchase,0,0,0
HJ7upa9bQ,no_score,gvgai_boulderchase,0,0,0
HJ7upa9bQ,no_score,gvgai_boulderchase,0,0,0
HJ7upa9bQ,no_score,gvgai_boulderchase,0,0,0
HJ7upa9bQ,no_score,gvgai_boulderchase,0,0,0
HJ7upa9bQ,no_score,gvgai_boulderchase,0,0,0
HJ7upa9bQ,no_score,gvgai_boulderchase,0,0,0
HJ7upa9bQ,no_score,gvgai_boulderchase,0,0,0
HJ7upa9bQ,no_score,gvgai_boulderchase,0,0,0
HJ7upa9bQ,no_score,gvgai_boulderchase,0,0,0
HJ7upa9bQ,no_score,gvgai_boulderchase,0,0,0
HJ7upa9bQ,no_score,gvgai_boulderchase,0,0,0
HJ7upa9bQ,no_score,gvgai_boulderchase,0,0,0
HJ7upa9bQ,no_score,gvgai_boulderchase,0,0,0
HJ7upa9bQ,no_score,gvgai_boulderchase,0,0,0
HJ7upa9bQ,no_score,gvgai_boulderchase,0,0,0
HJ7upa9bQ,no_score,gvgai_boulderchase,0,0,0
HJ7upa9bQ,no_score,gvgai_boulderchase,0,0,0
HJ7upa9bQ,no_score,gvgai_boulderchase,0,0,0
HJ7upa9bQ,no_score,gvgai_boulderchase,0,0,0
HJ7upa9bQ,no_score,gvgai_boulderchase,0,0,0
HJ7upa9bQ,no_score,gvgai_boulderchase,0,0,0
HJ7upa9bQ,no_score,gvgai_boulderchase,0,0,0
HJ7upa9bQ,no_score,gvgai_boulderchase,0,0,0
HJ7upa9bQ,no_score,gvgai_boulderchase,0,0,0
HJ7upa9bQ,no_score,gvgai_boulderchase,0,0,0
HJ7upa9bQ,no_score,gvgai_boulderchase,0,0,0
HJ7upa9bQ,no_score,gvgai_boulderchase,0,0,0
HJ7upa9bQ,no_score,gvgai_boulderchase,0,0,0
HJ7upa9bQ,no_score,gvgai_boulderchase,0,0,0
HJ7upa9bQ,no_score,gvgai_boulderchase,0,0,0
HJ7upa9bQ,no_score,gvgai_boulderchase,0,0,0
HJ7upa9bQ,no_score,gvgai_boulderchase,0,0,0
HJ7upa9bQ,no_score,gvgai_boulderchase,0,0,0
HJ7upa9bQ,no_score,gvgai_boulderchase,0,0,0
HJ7upa9bQ,no_score,gvgai_boulderchase,0,0,0
HJ7upa9bQ,no_score,gvgai_boulderchase,0,0,0
HJ7upa9bQ,no_score,gvgai_boulderchase,0,0,0
HJ7upa9bQ,no_score,gvgai_boulderchase,0,0,0
HJ7upa9bQ,no_score,gvgai_boulderchase,0,0,0
HJ7upa9bQ,no_score,gvgai_boulderchase,0,0,0
HJ7upa9bQ,no_score,gvgai_boulderchase,0,0,0
HJ7upa9bQ,no_score,gvgai_boulderchase,0,0,0
HJ7upa9bQ,no_score,gvgai_boulderchase,0,0,0
HJ7upa9bQ,no_score,gvgai_boulderchase,0,0,0
HJ7upa9bQ,no_score,gvgai_boulderchase,0,0,0
HJ7upa9bQ,no_score,gvgai_boulderchase,0,0,0
HJ7upa9bQ,no_score,gvgai_boulderchase,0,0,0
HJ7upa9bQ,no_score,gvgai_boulderchase,0,0,0
HJ7upa9bQ,no_score,gvgai_boulderchase,0,0,0
HJ7upa9bQ,no_score,gvgai_boulderchase,0,0,0
HJ7upa9bQ,no_score,gvgai_boulderchase,0,0,0
HJ7upa9bQ,no_score,gvgai_boulderchase,0,0,0
HJ7upa9bQ,no_score,gvgai_boulderchase,0,0,0
HJ7upa9bQ,no_score,gvgai_boulderchase,0,0,0
HJ7upa9bQ,no_score,gvgai_boulderchase,0,0,0
HJ7upa9bQ,no_score,gvgai_boulderchase,0,0,0
HJ7upa9bQ,no_score,gvgai_boulderchase,0,0,0
HJ7upa9bQ,no_score,gvgai_boulderchase,0,0,0
HJ7upa9bQ,no_score,gvgai_boulderchase,0,0,0
HJ7upa9bQ,no_score,gvgai_boulderchase,0,0,0
HJ7upa9bQ,no_score,gvgai_boulderchase,0,0,0
HJ7upa9bQ,no_score,gvgai_boulderchase,0,0,0
HJ7upa9bQ,no_score,gvgai_boulderchase,0,0,0
HJ7upa9bQ,no_score,gvgai_boulderchase,0,0,0
HJ7upa9bQ,no_score,gvgai_boulderchase,0,0,0
HJ7upa9bQ,no_score,gvgai_boulderchase,0,0,0
HJ7upa9bQ,no_score,gvgai_boulderchase,0,0,0
HJ7upa9bQ,no_score,gvgai_boulderchase,0,0,0
HJ7upa9bQ,no_score,gvgai_boulderchase,0,0,0
HJ7upa9bQ,no_score,gvgai_boulderchase,0,0,0
HJ7upa9bQ,no_score,gvgai_boulderchase,0,0,0
HJ7upa9bQ,no_score,gvgai_boulderchase,0,0,0
HJ7upa9bQ,no_score,gvgai_boulderchase,0,0,0
HJ7upa9bQ,no_score,gvgai_boulderchase,0,0,0
HJ7upa9bQ,no_score,gvgai_boulderchase,0,0,0
HJ7upa9bQ,no_score,gvgai_boulderchase,0,0,0
HJ7upa9bQ,no_score,gvgai_boulderchase,0,0,0
HJ7upa9bQ,no_score,gvgai_boulderchase,0,0,0
HJ7upa9bQ,no_score,gvgai_boulderchase,0,0,0
HJ7upa9bQ,no_score,gvgai_boulderchase,0,0,0
HJ7upa9bQ,no_score,gvgai_boulderchase,0,0,0
HJ7upa9bQ,no_score,gvgai_boulderchase,0,0,0
HJ7upa9bQ,no_score,gvgai_boulderchase,0,0,0
HJ7upa9bQ,no_score,gvgai_boulderchase,0,0,0
HJ7upa9bQ,no_score,gvgai_boulderchase,0,0,0
HJ7upa9bQ,no_score,gvgai_boulderchase,0,0,0
HJ7upa9bQ,no_score,gvgai_boulderchase,0,0,0
HJ7upa9bQ,no_score,gvgai_boulderchase,0,0,0
HJ7upa9bQ,no_score,gvgai_boulderchase,0,0,0
HJ7upa9bQ,no_score,gvgai_boulderchase,0,0,0
HJ7upa9bQ,no_score,gvgai_boulderchase,0,0,0
HJ7upa9bQ,no_score,gvgai_boulderchase,0,0,0
HJ7upa9bQ,no_score,gvgai_boulderchase,0,0,0
HJ7upa9bQ,no_score,gvgai_boulderchase,0,0,0
HJ7upa9bQ,no_score,gvgai_boulderchase,0,0,0
HJ7upa9bQ,no_score,gvgai_boulderchase,0,0,0
HJ7upa9bQ,no_score,gvgai_boulderchase,0,0,0
HJ7upa9bQ,no_score,gvgai_boulderchase,0,0,0
HJ7upa9bQ,no_score,gvgai_boulderchase,0,0,0
HJ7upa9bQ,no_score,gvgai_boulderchase,0,0,0
HJ7upa9bQ,no_score,gvgai_boulderchase,0,0,0
HJ7upa9bQ,no_score,gvgai_boulderchase,0,0,0
HJ7upa9bQ,no_score,gvgai_boulderchase,0,0,0
HJ7upa9bQ,no_score,gvgai_boulderchase,0,0,0
HJ7upa9bQ,no_score,gvgai_boulderchase,0,0,0
HJ7upa9bQ,no_score,gvgai_boulderchase,0,0,0
HJ7upa9bQ,no_score,gvgai_boulderchase,0,0,0
HJ7upa9bQ,no_score,gvgai_boulderchase,0,0,0
HJ7upa9bQ,no_score,gvgai_boulderchase,0,0,0
HJ7upa9bQ,no_score,gvgai_boulderchase,0,0,0
HJ7upa9bQ,no_score,gvgai_boulderchase,0,0,0
HJ7upa9bQ,no_score,gvgai_boulderchase,0,0,0
HJ7upa9bQ,no_score,gvgai_boulderchase,0,0,0
HJ7upa9bQ,no_score,gvgai_boulderchase,0,0,0
HJ7upa9bQ,no_score,gvgai_boulderchase,0,0,0
HJ7upa9bQ,no_score,gvgai_boulderchase,0,0,0
HJ7upa9bQ,no_score,gvgai_boulderchase,0,0,0
HJ7upa9bQ,no_score,gvgai_boulderchase,0,0,0
HJ7upa9bQ,no_score,gvgai_boulderchase,0,0,0
HJ7upa9bQ,no_score,gvgai_boulderchase,0,0,0
HJ7upa9bQ,no_score,gvgai_boulderchase,0,0,0
HJ7upa9bQ,no_score,gvgai_boulderchase,0,0,0
HJ7upa9bQ,no_score,gvgai_boulderchase,0,0,0
HJ7upa9bQ,no_score,gvgai_boulderchase,0,0,0
HJ7upa9bQ,no_score,gvgai_boulderchase,0,0,0
HJ7upa9bQ,no_score,gvgai_boulderchase,0,0,0
HJ7upa9bQ,no_score,gvgai_boulderchase,0,0,0
HJ7upa9bQ,no_score,gvgai_boulderchase,0,0,0
HJ7upa9bQ,no_score,gvgai_boulderchase,0,0,0
HJ7upa9bQ,no_score,gvgai_boulderchase,0,0,0
HJ7upa9bQ,no_score,gvgai_boulderchase,0,0,0
HJ7upa9bQ,no_score,gvgai_boulderchase,0,0,0
HJ7upa9bQ,no_score,gvgai_boulderchase,0,0,0
HJ7upa9bQ,no_score,gvgai_boulderchase,0,0,0
HJ7upa9bQ,no_score,gvgai_boulderchase,0,0,0
HJ7upa9bQ,no_score,gvgai_boulderchase,0,0,0
HJ7upa9bQ,no_score,gvgai_boulderchase,0,0,0
HJ7upa9bQ,no_score,gvgai_boulderchase,0,0,0
HJ7upa9bQ,no_score,gvgai_boulderchase,0,0,0
HJ7upa9bQ,no_score,gvgai_boulderchase,0,0,0
HJ7upa9bQ,no_score,gvgai_boulderchase,0,0,0
HJ7upa9bQ,no_score,gvgai_boulderchase,0,0,0
HJ7upa9bQ,no_score,gvgai_boulderchase,0,0,0
HJ7upa9bQ,no_score,gvgai_boulderchase,0,0,0
HJ7upa9bQ,no_score,gvgai_boulderchase,0,0,0
HJ7upa9bQ,no_score,gvgai_boulderchase,0,0,0
HJ7upa9bQ,no_score,gvgai_boulderchase,0,0,0
HJ7upa9bQ,no_score,gvgai_boulderchase,0,0,0
HJ7upa9bQ,no_score,gvgai_boulderchase,0,0,0
HJ7upa9bQ,no_score,gvgai_boulderchase,0,0,0
HJ7upa9bQ,no_score,gvgai_boulderchase,0,0,0
HJ7upa9bQ,no_score,gvgai_boulderchase,0,0,0
HJ7upa9bQ,no_score,gvgai_boulderchase,0,0,0
HJ7upa9bQ,no_score,gvgai_boulderchase,0,0,0
HJ7upa9bQ,no_score,gvgai_boulderchase,0,0,0
HJ7upa9bQ,no_score,gvgai_boulderchase,0,0,0
HJ7upa9bQ,no_score,gvgai_boulderchase,0,0,0
HJ7upa9bQ,no_score,gvgai_boulderchase,0,0,0
HJ7upa9bQ,no_score,gvgai_boulderchase,0,0,0
HJ7upa9bQ,no_score,gvgai_boulderchase,0,0,0
HJ7upa9bQ,no_score,gvgai_boulderchase,0,0,0
HJ7upa9bQ,no_score,gvgai_boulderchase,0,0,0
HJ7upa9bQ,no_score,gvgai_boulderchase,0,0,0
HJ7upa9bQ,no_score,gvgai_boulderchase,0,0,0
HJ7upa9bQ,no_score,gvgai_boulderchase,0,0,0
HJ7upa9bQ,no_score,gvgai_boulderchase,0,0,0
HJ7upa9bQ,no_score,gvgai_boulderchase,0,0,0
HJ7upa9bQ,no_score,gvgai_boulderchase,0,0,0
HJ7upa9bQ,no_score,gvgai_boulderchase,0,0,0
HJ7upa9bQ,no_score,gvgai_boulderchase,0,0,0
HJ7upa9bQ,no_score,gvgai_boulderchase,0,0,0
HJ7upa9bQ,no_score,gvgai_boulderchase,0,0,0
HJ7upa9bQ,no_score,gvgai_boulderchase,0,0,0
HJ7upa9bQ,no_score,gvgai_boulderchase,0,0,0
HJ7upa9bQ,no_score,gvgai_boulderchase,0,0,0
HJ7upa9bQ,no_score,gvgai_boulderchase,0,0,0
HJ7upa9bQ,no_score,gvgai_boulderchase,0,0,0
HJ7upa9bQ,no_score,gvgai_boulderchase,0,0,0
HJ7upa9bQ,no_score,gvgai_boulderchase,0,0,0
HJ7upa9bQ,no_score,gvgai_boulderchase,0,0,0
HJ7upa9bQ,no_score,gvgai_boulderchase,0,0,0
HJ7upa9bQ,no_score,gvgai_boulderchase,0,0,0
HJ7upa9bQ,no_score,gvgai_boulderchase,0,0,0
HJ7upa9bQ,no_score,gvgai_boulderchase,0,0,0
HJ7upa9bQ,no_score,gvgai_boulderchase,0,0,0
HJ7upa9bQ,no_score,gvgai_boulderchase,0,0,0
HJ7upa9bQ,no_score,gvgai_boulderchase,0,0,0
HJ7upa9bQ,no_score,gvgai_boulderchase,0,0,0
HJ7upa9bQ,no_score,gvgai_boulderchase,0,0,0
HJ7upa9bQ,no_score,gvgai_boulderchase,0,0,0
HJ7upa9bQ,no_score,gvgai_boulderchase,0,0,0
HJ7upa9bQ,no_score,gvgai_boulderchase,0,0,0
HJ7upa9bQ,no_score,gvgai_boulderchase,0,0,0
HJ7upa9bQ,no_score,gvgai_boulderchase,0,0,0
HJ7upa9bQ,no_score,gvgai_boulderchase,0,0,0
HJ7upa9bQ,no_score,gvgai_boulderchase,0,0,0
HJ7upa9bQ,no_score,gvgai_boulderchase,0,0,0
HJ7upa9bQ,no_score,gvgai_boulderchase,0,0,0
HJ7upa9bQ,no_score,gvgai_boulderchase,0,0,0
HJ7upa9bQ,no_score,gvgai_boulderchase,0,0,0
HJ7upa9bQ,no_score,gvgai_boulderchase,0,0,0
HJ7upa9bQ,no_score,gvgai_boulderchase,0,0,0
HJ7upa9bQ,no_score,gvgai_boulderchase,0,0,0
HJ7upa9bQ,no_score,gvgai_boulderchase,0,0,0
HJ7upa9bQ,no_score,gvgai_boulderchase,0,0,0
HJ7upa9bQ,no_score,gvgai_boulderchase,0,0,0
HJ7upa9bQ,no_score,gvgai_boulderchase,0,0,0
HJ7upa9bQ,no_score,gvgai_boulderchase,0,0,0
HJ7upa9bQ,no_score,gvgai_boulderchase,0,0,0
HJ7upa9bQ,no_score,gvgai_boulderchase,0,0,0
HJ7upa9bQ,no_score,gvgai_boulderchase,0,0,0
HJ7upa9bQ,no_score,gvgai_boulderchase,0,0,0
HJ7upa9bQ,no_score,gvgai_boulderchase,0,0,0
HJ7upa9bQ,no_score,gvgai_boulderchase,0,0,0
HJ7upa9bQ,no_score,gvgai_boulderchase,0,0,0
HJ7upa9bQ,no_score,gvgai_boulderchase,0,0,0
HJ7upa9bQ,no_score,gvgai_boulderchase,0,0,0
HJ7upa9bQ,no_score,gvgai_boulderchase,0,0,0
HJ7upa9bQ,no_score,gvgai_boulderchase,0,0,0
HJ7upa9bQ,no_score,gvgai_boulderchase,0,0,0
HJ7upa9bQ,no_score,gvgai_boulderchase,0,0,0
HJ7upa9bQ,no_score,gvgai_boulderchase,0,0,0
HJ7upa9bQ,no_score,gvgai_boulderchase,0,0,0
HJ7upa9bQ,no_score,gvgai_boulderchase,0,0,0
HJ7upa9bQ,no_score,gvgai_boulderchase,0,0,0
HJ7upa9bQ,no_score,gvgai_boulderchase,0,0,0
HJ7upa9bQ,no_score,gvgai_boulderchase,0,0,0
HJ7upa9bQ,no_score,gvgai_boulderchase,0,0,0
HJ7upa9bQ,no_score,gvgai_boulderchase,0,0,0
HJ7upa9bQ,no_score,gvgai_boulderchase,0,0,0
HJ7upa9bQ,no_score,gvgai_boulderchase,0,0,0
HJ7upa9bQ,no_score,gvgai_boulderchase,0,0,0
HJ7upa9bQ,no_score,gvgai_boulderchase,0,0,0
HJ7upa9bQ,no_score,gvgai_boulderchase,0,0,0
HJ7upa9bQ,no_score,gvgai_boulderchase,0,0,0
HJ7upa9bQ,no_score,gvgai_boulderchase,0,0,0
HJ7upa9bQ,no_score,gvgai_boulderchase,0,0,0
HJ7upa9bQ,no_score,gvgai_boulderchase,0,0,0
HJ7upa9bQ,no_score,gvgai_boulderchase,0,0,0
HJ7upa9bQ,no_score,gvgai_boulderchase,0,0,0
HJ7upa9bQ,no_score,gvgai_boulderchase,0,0,0
HJ7upa9bQ,no_score,gvgai_boulderchase,0,0,0
HJ7upa9bQ,no_score,gvgai_boulderchase,0,0,0
HJ7upa9bQ,no_score,gvgai_boulderchase,0,0,0
HJ7upa9bQ,no_score,gvgai_boulderchase,0,0,0
HJ7upa9bQ,no_score,gvgai_boulderchase,0,0,0
HJ7upa9bQ,no_score,gvgai_boulderchase,0,0,0
HJ7upa9bQ,no_score,gvgai_boulderchase,0,0,0
HJ7upa9bQ,no_score,gvgai_boulderchase,0,0,0
HJ7upa9bQ,no_score,gvgai_boulderchase,0,0,0
HJ7upa9bQ,no_score,gvgai_boulderchase,0,0,0
HJ7upa9bQ,no_score,gvgai_boulderchase,0,0,0
HJ7upa9bQ,no_score,gvgai_boulderchase,0,0,0
HJ7upa9bQ,no_score,gvgai_boulderchase,0,0,0
HJ7upa9bQ,no_score,gvgai_boulderchase,0,0,0
HJ7upa9bQ,no_score,gvgai_boulderchase,0,0,0
HJ7upa9bQ,no_score,gvgai_boulderchase,0,0,0
HJ7upa9bQ,no_score,gvgai_boulderchase,0,0,0
HJ7upa9bQ,no_score,gvgai_boulderchase,0,0,0
HJ7upa9bQ,no_score,gvgai_boulderchase,0,0,0
HJ7upa9bQ,no_score,gvgai_boulderchase,0,0,0
HJ7upa9bQ,no_score,gvgai_boulderchase,0,0,0
HJ7upa9bQ,no_score,gvgai_boulderchase,0,0,0
HJ7upa9bQ,no_score,gvgai_boulderchase,0,0,0
HJ7upa9bQ,no_score,gvgai_boulderchase,0,0,0
HJ7upa9bQ,no_score,gvgai_boulderchase,0,0,0
HJ7upa9bQ,no_score,gvgai_boulderchase,0,0,0
HJ7upa9bQ,no_score,gvgai_boulderchase,0,0,0
HJ7upa9bQ,no_score,gvgai_boulderchase,0,0,0
HJ7upa9bQ,no_score,gvgai_boulderchase,0,0,0
HJ7upa9bQ,no_score,gvgai_boulderchase,0,0,0
HJ7upa9bQ,no_score,gvgai_boulderchase,0,0,0
HJ7upa9bQ,no_score,gvgai_boulderchase,0,0,0
HJ7upa9bQ,no_score,gvgai_boulderchase,0,0,0
HJ7upa9bQ,no_score,gvgai_boulderchase,0,0,0
HJ7upa9bQ,no_score,gvgai_boulderchase,0,0,0
HJ7upa9bQ,no_score,gvgai_boulderchase,0,0,0
HJ7upa9bQ,no_score,gvgai_boulderchase,0,0,0
HJ7upa9bQ,no_score,gvgai_boulderchase,0,0,0
HJ7upa9bQ,no_score,gvgai_boulderchase,0,0,0
HJ7upa9bQ,no_score,gvgai_boulderchase,0,0,0
HJ7upa9bQ,no_score,gvgai_boulderchase,0,0,0
HJ7upa9bQ,no_score,gvgai_boulderchase,0,0,0
HJ7upa9bQ,no_score,gvgai_boulderchase,0,0,0
HJ7upa9bQ,no_score,gvgai_boulderchase,0,0,0
HJ7upa9bQ,no_score,gvgai_boulderchase,0,0,0
HJ7upa9bQ,no_score,gvgai_boulderchase,0,0,0
HJ7upa9bQ,no_score,gvgai_boulderchase,0,0,0
HJ7upa9bQ,no_score,gvgai_boulderchase,0,0,0
HJ7upa9bQ,no_score,gvgai_boulderchase,0,0,0
HJ7upa9bQ,no_score,gvgai_boulderchase,0,0,0
HJ7upa9bQ,no_score,gvgai_boulderchase,0,0,0
HJ7upa9bQ,no_score,gvgai_boulderchase,0,0,0
HJ7upa9bQ,no_score,gvgai_boulderchase,0,0,0
HJ7upa9bQ,no_score,gvgai_boulderchase,0,0,0
HJ7upa9bQ,no_score,gvgai_boulderchase,0,0,0
HJ7upa9bQ,no_score,gvgai_boulderchase,0,0,0
HJ7upa9bQ,no_score,gvgai_boulderchase,0,0,0
HJ7upa9bQ,no_score,gvgai_boulderchase,0,0,0
HJ7upa9bQ,no_score,gvgai_boulderchase,0,0,0
HJ7upa9bQ,no_score,gvgai_boulderchase,0,0,0
HJ7upa9bQ,no_score,gvgai_boulderchase,0,0,0
HJ7upa9bQ,no_score,gvgai_boulderchase,0,0,0
HJ7upa9bQ,no_score,gvgai_boulderchase,0,0,0
HJ7upa9bQ,no_score,gvgai_boulderchase,0,0,0
HJ7upa9bQ,no_score,gvgai_boulderchase,0,0,0
HJ7upa9bQ,no_score,gvgai_boulderchase,0,0,0
HJ7upa9bQ,no_score,gvgai_boulderchase,0,0,0
HJ7upa9bQ,no_score,gvgai_boulderchase,0,0,0
HJ7upa9bQ,no_score,gvgai_boulderchase,0,0,0
HJ7upa9bQ,no_score,gvgai_boulderchase,0,0,0
HJ7upa9bQ,no_score,gvgai_boulderchase,0,0,0
HJ7upa9bQ,no_score,gvgai_boulderchase,0,0,0
HJ7upa9bQ,no_score,gvgai_boulderchase,0,0,0
HJ7upa9bQ,no_score,gvgai_boulderchase,0,0,0
HJ7upa9bQ,no_score,gvgai_boulderchase,0,0,0
HJ7upa9bQ,no_score,gvgai_boulderchase,0,0,0
HJ7upa9bQ,no_score,gvgai_boulderchase,0,0,0
HJ7upa9bQ,no_score,gvgai_boulderchase,0,0,0
HJ7upa9bQ,no_score,gvgai_boulderchase,0,0,0
HJ7upa9bQ,no_score,gvgai_boulderchase,0,0,0
HJ7upa9bQ,no_score,gvgai_boulderchase,0,0,0
HJ7upa9bQ,no_score,gvgai_boulderchase,0,0,0
HJ7upa9bQ,no_score,gvgai_boulderchase,0,0,0
HJ7upa9bQ,no_score,gvgai_boulderchase,0,0,0
HJ7upa9bQ,no_score,gvgai_boulderchase,0,0,0
HJ7upa9bQ,no_score,gvgai_boulderchase,0,0,0
HJ7upa9bQ,no_score,gvgai_boulderchase,0,0,0
HJ7upa9bQ,no_score,gvgai_boulderchase,0,0,0
HJ7upa9bQ,no_score,gvgai_boulderchase,0,0,0
HJ7upa9bQ,no_score,gvgai_boulderchase,0,0,0
HJ7upa9bQ,no_score,gvgai_boulderchase,0,0,0
HJ7upa9bQ,no_score,gvgai_boulderchase,0,0,0
HJ7upa9bQ,no_score,gvgai_boulderchase,0,0,0
HJ7upa9bQ,no_score,gvgai_boulderchase,0,0,0
HJ7upa9bQ,no_score,gvgai_boulderchase,0,0,0
HJ7upa9bQ,no_score,gvgai_boulderchase,0,0,0
HJ7upa9bQ,no_score,gvgai_boulderchase,0,0,0
HJ7upa9bQ,no_score,gvgai_boulderchase,0,0,0
HJ7upa9bQ,no_score,gvgai_boulderchase,0,0,0
HJ7upa9bQ,no_score,gvgai_boulderchase,0,0,0
HJ7upa9bQ,no_score,gvgai_boulderchase,0,0,0
HJ7upa9bQ,no_score,gvgai_boulderchase,0,0,0
HJ7upa9bQ,no_score,gvgai_boulderchase,0,0,0
HJ7upa9bQ,no_score,gvgai_boulderchase,0,0,0
HJ7upa9bQ,no_score,gvgai_boulderchase,0,0,0
HJ7upa9bQ,no_score,gvgai_boulderchase,0,0,0
HJ7upa9bQ,no_score,gvgai_boulderchase,0,0,0
HJ7upa9bQ,no_score,gvgai_boulderchase,0,0,0
HJ7upa9bQ,no_score,gvgai_boulderchase,0,0,0
HJ7upa9bQ,no_score,gvgai_boulderchase,0,0,0
HJ7upa9bQ,no_score,gvgai_boulderchase,0,0,0
HJ7upa9bQ,no_score,gvgai_boulderchase,0,0,0
HJ7upa9bQ,no_score,gvgai_boulderchase,0,0,0
HJ7upa9bQ,no_score,gvgai_boulderchase,0,0,0
HJ7upa9bQ,no_score,gvgai_boulderchase,0,0,0
HJ7upa9bQ,no_score,gvgai_boulderchase,0,0,0
HJ7upa9bQ,no_score,gvgai_boulderchase,0,0,0
HJ7upa9bQ,no_score,gvgai_boulderchase,0,0,0
HJ7upa9bQ,no_score,gvgai_boulderchase,0,0,0
HJ7upa9bQ,no_score,gvgai_boulderchase,0,0,0
HJ7upa9bQ,no_score,gvgai_boulderchase,0,0,0
HJ7upa9bQ,no_score,gvgai_boulderchase,0,0,0
HJ7upa9bQ,no_score,gvgai_boulderchase,0,0,0
HJ7upa9bQ,no_score,gvgai_boulderchase,0,0,0
HJ7upa9bQ,no_score,gvgai_boulderchase,0,0,0
HJ7upa9bQ,no_score,gvgai_boulderchase,0,0,0
HJ7upa9bQ,no_score,gvgai_boulderchase,0,0,0
HJ7upa9bQ,no_score,gvgai_boulderchase,0,0,0
HJ7upa9bQ,no_score,gvgai_boulderchase,0,0,0
HJ7upa9bQ,no_score,gvgai_boulderchase,0,0,0
HJ7upa9bQ,no_score,gvgai_boulderchase,0,0,0
HJ7upa9bQ,no_score,gvgai_boulderchase,0,0,0
HJ7upa9bQ,no_score,gvgai_boulderchase,0,0,0
HJ7upa9bQ,no_score,gvgai_boulderchase,0,0,0
HJ7upa9bQ,no_score,gvgai_boulderchase,0,0,0
HJ7upa9bQ,no_score,gvgai_boulderchase,0,0,0
HJ7upa9bQ,no_score,gvgai_boulderchase,0,0,0
HJ7upa9bQ,no_score,gvgai_boulderchase,0,0,0
HJ7upa9bQ,no_score,gvgai_boulderchase,0,0,0
HJ7upa9bQ,no_score,gvgai_boulderchase,0,0,0
HJ7upa9bQ,no_score,gvgai_boulderchase,0,0,0
HJ7upa9bQ,no_score,gvgai_boulderchase,0,0,0
HJ7upa9bQ,no_score,gvgai_boulderchase,0,0,0
HJ7upa9bQ,no_score,gvgai_boulderchase,0,0,0
HJ7upa9bQ,no_score,gvgai_boulderchase,0,0,0
HJ7upa9bQ,no_score,gvgai_boulderchase,0,0,0
HJ7upa9bQ,no_score,gvgai_boulderchase,0,0,0
HJ7upa9bQ,no_score,gvgai_boulderchase,0,0,0
HJ7upa9bQ,no_score,gvgai_boulderchase,0,0,0
HJ7upa9bQ,no_score,gvgai_boulderchase,0,0,0
HJ7upa9bQ,no_score,gvgai_boulderchase,0,0,0
HJ7upa9bQ,no_score,gvgai_boulderchase,0,0,0
HJ7upa9bQ,no_score,gvgai_boulderchase,0,0,0
HJ7upa9bQ,no_score,gvgai_boulderchase,0,0,0
HJ7upa9bQ,no_score,gvgai_boulderchase,0,0,0
HJ7upa9bQ,no_score,gvgai_boulderchase,0,0,0
HJ7upa9bQ,no_score,gvgai_boulderchase,0,0,0
HJ7upa9bQ,no_score,gvgai_boulderchase,0,0,0
HJ7upa9bQ,no_score,gvgai_boulderchase,0,0,0
HJ7upa9bQ,no_score,gvgai_boulderchase,0,0,0
HJ7upa9bQ,no_score,gvgai_boulderchase,0,0,0
HJ7upa9bQ,no_score,gvgai_boulderchase,0,0,0
HJ7upa9bQ,no_score,gvgai_boulderchase,0,0,0
HJ7upa9bQ,no_score,gvgai_boulderchase,0,0,0
HJ7upa9bQ,no_score,gvgai_boulderchase,0,0,0
HJ7upa9bQ,no_score,gvgai_boulderchase,0,0,0
HJ7upa9bQ,no_score,gvgai_boulderchase,0,0,0
HJ7upa9bQ,no_score,gvgai_boulderchase,0,0,0
HJ7upa9bQ,no_score,gvgai_boulderchase,0,0,0
HJ7upa9bQ,no_score,gvgai_boulderchase,0,0,0
HJ7upa9bQ,no_score,gvgai_boulderchase,0,0,0
HJ7upa9bQ,no_score,gvgai_boulderchase,0,0,0
HJ7upa9bQ,no_score,gvgai_boulderchase,0,0,0
HJ7upa9bQ,no_score,gvgai_boulderchase,0,0,0
HJ7upa9bQ,no_score,gvgai_boulderchase,0,0,0
HJ7upa9bQ,no_score,gvgai_boulderchase,0,0,0
HJ7upa9bQ,no_score,gvgai_boulderchase,0,0,0
HJ7upa9bQ,no_score,gvgai_boulderchase,0,0,0
HJy3WEt8b,no_score,gvgai_boulderdash,0,0,0
HJy3WEt8b,no_score,gvgai_boulderdash,0,14,0
HJy3WEt8b,no_score,gvgai_boulderdash,0,16,0
HJy3WEt8b,no_score,gvgai_boulderdash,0,28,0
HJy3WEt8b,no_score,gvgai_boulderdash,0,9,0
HJy3WEt8b,no_score,gvgai_boulderdash,0,22,0
HJy3WEt8b,no_score,gvgai_boulderdash,0,32,0
HJy3WEt8b,no_score,gvgai_boulderdash,0,32,0
HJy3WEt8b,no_score,gvgai_boulderdash,0,0,0
HJy3WEt8b,no_score,gvgai_boulderdash,0,8,0
HJy3WEt8b,no_score,gvgai_boulderdash,0,17,0
HJy3WEt8b,no_score,gvgai_boulderdash,0,21,0
HJy3WEt8b,no_score,gvgai_boulderdash,0,33,0
HJy3WEt8b,no_score,gvgai_boulderdash,0,33,0
HJy3WEt8b,no_score,gvgai_boulderdash,0,3,0
HJy3WEt8b,no_score,gvgai_boulderdash,0,30,0
HJy3WEt8b,no_score,gvgai_boulderdash,0,1,0
HJy3WEt8b,no_score,gvgai_boulderdash,0,11,0
HJy3WEt8b,no_score,gvgai_boulderdash,0,13,0
HJy3WEt8b,no_score,gvgai_boulderdash,0,5,0
HJy3WEt8b,no_score,gvgai_boulderdash,0,18,0
HJy3WEt8b,no_score,gvgai_boulderdash,0,0,0
HJy3WEt8b,no_score,gvgai_boulderdash,0,11,0
HJy3WEt8b,no_score,gvgai_boulderdash,0,15,0
HJy3WEt8b,no_score,gvgai_boulderdash,0,20,0
HJy3WEt8b,no_score,gvgai_boulderdash,0,23,0
HJy3WEt8b,no_score,gvgai_boulderdash,0,0,0
HJy3WEt8b,no_score,gvgai_boulderdash,0,6,0
HJy3WEt8b,no_score,gvgai_boulderdash,0,11,0
HJy3WEt8b,no_score,gvgai_boulderdash,0,20,0
HJy3WEt8b,no_score,gvgai_boulderdash,0,21,0
HJy3WEt8b,no_score,gvgai_boulderdash,0,0,0
HJy3WEt8b,no_score,gvgai_boulderdash,0,1,0
HJy3WEt8b,no_score,gvgai_boulderdash,0,18,0
HJy3WEt8b,no_score,gvgai_boulderdash,0,0,0
HJy3WEt8b,no_score,gvgai_boulderdash,0,0,0
HJy3WEt8b,no_score,gvgai_boulderdash,0,0,0
HJy3WEt8b,no_score,gvgai_boulderdash,0,0,0
HJy3WEt8b,no_score,gvgai_boulderdash,0,11,0
HJy3WEt8b,no_score,gvgai_boulderdash,0,13,0
HJy3WEt8b,no_score,gvgai_boulderdash,0,23,0
HJy3WEt8b,no_score,gvgai_boulderdash,0,27,0
HJy3WEt8b,no_score,gvgai_boulderdash,0,33,0
HJy3WEt8b,no_score,gvgai_boulderdash,0,35,0
HJy3WEt8b,no_score,gvgai_boulderdash,0,44,0
HJy3WEt8b,no_score,gvgai_boulderdash,0,49,0
HJy3WEt8b,no_score,gvgai_boulderdash,0,7,0
HJy3WEt8b,no_score,gvgai_boulderdash,0,30,0
HJy3WEt8b,no_score,gvgai_boulderdash,0,32,0
HJy3WEt8b,no_score,gvgai_boulderdash,0,40,0
HJy3WEt8b,no_score,gvgai_boulderdash,0,55,0
HJy3WEt8b,no_score,gvgai_boulderdash,0,55,0
HJy3WEt8b,no_score,gvgai_boulderdash,0,60,0
HJy3WEt8b,no_score,gvgai_boulderdash,0,61,0
HJy3WEt8b,no_score,gvgai_boulderdash,0,70,0
HJy3WEt8b,no_score,gvgai_boulderdash,0,71,0
HJy3WEt8b,no_score,gvgai_boulderdash,0,53,0
HJy3WEt8b,no_score,gvgai_boulderdash,0,63,0
HJy3WEt8b,no_score,gvgai_boulderdash,0,70,0
HJy3WEt8b,no_score,gvgai_boulderdash,0,78,0
HJy3WEt8b,no_score,gvgai_boulderdash,0,56,0
HJy3WEt8b,no_score,gvgai_boulderdash,0,69,0
HJy3WEt8b,no_score,gvgai_boulderdash,0,70,0
HJy3WEt8b,no_score,gvgai_boulderdash,0,78,0
HJy3WEt8b,no_score,gvgai_boulderdash,0,73,0
HJy3WEt8b,no_score,gvgai_boulderdash,0,78,0
HJy3WEt8b,no_score,gvgai_boulderdash,0,82,0
HJy3WEt8b,no_score,gvgai_boulderdash,0,0,0
HJy3WEt8b,no_score,gvgai_boulderdash,0,12,0
HJy3WEt8b,no_score,gvgai_boulderdash,0,0,0
HJy3WEt8b,no_score,gvgai_boulderdash,0,4,0
HJy3WEt8b,no_score,gvgai_boulderdash,0,7,0
HJy3WEt8b,no_score,gvgai_boulderdash,0,17,700
HJy3WEt8b,no_score,gvgai_boulderdash,0,20,700
HJy3WEt8b,no_score,gvgai_boulderdash,0,0,0
HJy3WEt8b,no_score,gvgai_boulderdash,0,0,0
HJy3WEt8b,no_score,gvgai_chase,0,23,0
HJy3WEt8b,no_score,gvgai_chase,0,76,1
HJy3WEt8b,no_score,gvgai_chase,0,154,4
HJy3WEt8b,no_score,gvgai_chase,0,181,5
HJy3WEt8b,no_score,gvgai_chase,0,12,0
HJy3WEt8b,no_score,gvgai_chase,0,35,0
HJy3WEt8b,no_score,gvgai_chase,0,56,0
HJy3WEt8b,no_score,gvgai_chase,0,90,1
HJy3WEt8b,no_score,gvgai_chase,0,93,2
HJy3WEt8b,no_score,gvgai_chase,0,114,2
HJy3WEt8b,no_score,gvgai_chase,0,0,0
HJy3WEt8b,no_score,gvgai_chase,0,3,0
HJy3WEt8b,no_score,gvgai_chase,0,7,0
HJy3WEt8b,no_score,gvgai_chase,0,29,0
HJy3WEt8b,no_score,gvgai_chase,0,48,0
HJy3WEt8b,no_score,gvgai_chase,0,64,1
HJy3WEt8b,no_score,gvgai_chase,0,68,1
HJy3WEt8b,no_score,gvgai_chase,0,166,5
HJy3WEt8b,no_score,gvgai_chase,0,188,5
HJy3WEt8b,no_score,gvgai_chase,0,203,5
HJy3WEt8b,no_score,gvgai_chase,0,210,6
HJy3WEt8b,no_score,gvgai_chase,0,216,6
HJy3WEt8b,no_score,gvgai_chase,0,18,0
HJy3WEt8b,no_score,gvgai_chase,0,43,0
HJy3WEt8b,no_score,gvgai_chase,0,63,1
HJy3WEt8b,no_score,gvgai_chase,0,66,1
HJy3WEt8b,no_score,gvgai_chase,0,84,1
HJy3WEt8b,no_score,gvgai_chase,0,100,2
HJy3WEt8b,no_score,gvgai_chase,0,108,2
HJy3WEt8b,no_score,gvgai_chase,0,134,3
HJy3WEt8b,no_score,gvgai_chase,0,144,3
HJy3WEt8b,no_score,gvgai_chase,0,162,5
HJy3WEt8b,no_score,gvgai_chase,0,173,5
HJy3WEt8b,no_score,gvgai_chase,0,124,3
HJy3WEt8b,no_score,gvgai_chase,0,196,5
HJy3WEt8b,no_score,gvgai_chase,0,226,6
HJy3WEt8b,no_score,gvgai_chase,0,243,6
HJy3WEt8b,no_score,gvgai_chase,0,254,6
HJy3WEt8b,no_score,gvgai_chase,1,260,7
HJy3WEt8b,no_score,gvgai_chase,1,235,6
HJy3WEt8b,no_score,gvgai_chase,1,248,6
HJy3WEt8b,no_score,gvgai_chase,1,0,0
HJy3WEt8b,no_score,gvgai_chase,1,2,0
HJy3WEt8b,no_score,gvgai_chase,1,50,0
HJy3WEt8b,no_score,gvgai_chase,1,59,0
HJy3WEt8b,no_score,gvgai_chase,1,99,1
HJy3WEt8b,no_score,gvgai_chase,1,66,1
HJy3WEt8b,no_score,gvgai_chase,1,105,1
HJy3WEt8b,no_score,gvgai_chase,1,113,2
HJy3WEt8b,no_score,gvgai_chase,1,143,2
HJy3WEt8b,no_score,gvgai_chase,2,171,7
HJy3WEt8b,no_score,gvgai_chase,2,27,0
HJy3WEt8b,no_score,gvgai_chase,2,87,1
HJy3WEt8b,no_score,gvgai_chase,2,13,0
HJy3WEt8b,no_score,gvgai_chase,2,74,1
HJy3WEt8b,no_score,gvgai_chase,2,126,2
HJy3WEt8b,no_score,gvgai_chase,2,162,2
HJy3WEt8b,no_score,gvgai_chase,2,39,0
HJy3WEt8b,no_score,gvgai_chase,2,79,1
HJy3WEt8b,no_score,gvgai_chase,2,86,1
HJy3WEt8b,no_score,gvgai_chase,2,92,1
HJy3WEt8b,no_score,gvgai_chase,2,120,2
HJy3WEt8b,no_score,gvgai_chase,2,134,2
HJy3WEt8b,no_score,gvgai_chase,2,152,2
HJy3WEt8b,no_score,gvgai_chase,2,128,2
HJy3WEt8b,no_score,gvgai_chase,2,154,2
HJy3WEt8b,no_score,gvgai_chase,2,23,0
HJy3WEt8b,no_score,gvgai_chase,2,101,3
HJy3WEt8b,no_score,gvgai_chase,2,57,1
HJy3WEt8b,no_score,gvgai_chase,2,67,2
HJy3WEt8b,no_score,gvgai_chase,2,12,0
HJy3WEt8b,no_score,gvgai_chase,2,50,1
HJy3WEt8b,no_score,gvgai_chase,2,0,0
HJy3WEt8b,no_score,gvgai_chase,2,31,0
HJy3WEt8b,no_score,gvgai_chase,2,40,1
HJy3WEt8b,no_score,gvgai_chase,2,76,3
HJy3WEt8b,no_score,gvgai_chase,2,95,3
HJy3WEt8b,no_score,gvgai_chase,2,86,3
HJy3WEt8b,no_score,gvgai_chase,2,101,3
HJy3WEt8b,no_score,gvgai_chase,2,66,3
HJy3WEt8b,no_score,gvgai_chase,2,1,0
HJy3WEt8b,no_score,gvgai_chase,2,34,1
HJy3WEt8b,no_score,gvgai_chase,2,46,2
HJy3WEt8b,no_score,gvgai_chase,2,102,10
HJy3WEt8b,no_score,gvgai_chase,2,206,12
HJy3WEt8b,no_score,gvgai_chase,2,212,13
HJy3WEt8b,no_score,gvgai_chase,2,62,3
HJy3WEt8b,no_score,gvgai_chase,2,79,4
HJy3WEt8b,no_score,gvgai_chase,2,88,4
HJy3WEt8b,no_score,gvgai_chase,2,93,4
HJy3WEt8b,no_score,gvgai_chase,2,110,10
HJy3WEt8b,no_score,gvgai_chase,2,165,12
HJy3WEt8b,no_score,gvgai_chase,2,173,12
HJy3WEt8b,no_score,gvgai_chase,2,198,12
HJy3WEt8b,no_score,gvgai_chase,2,214,13
HJy3WEt8b,no_score,gvgai_chase,2,13,0
HJy3WEt8b,no_score,gvgai_chase,2,25,0
HJy3WEt8b,no_score,gvgai_chase,2,56,2
HJy3WEt8b,no_score,gvgai_chase,2,99,10
HJy3WEt8b,no_score,gvgai_chase,2,117,10
HJy3WEt8b,no_score,gvgai_chase,2,124,10
HJy3WEt8b,no_score,gvgai_chase,2,146,12
HJy3WEt8b,no_score,gvgai_chase,2,73,4
HJy3WEt8b,no_score,gvgai_chase,2,135,10
HJy3WEt8b,no_score,gvgai_chase,2,157,12
HJy3WEt8b,no_score,gvgai_chase,2,182,12
HJy3WEt8b,no_score,gvgai_chase,2,190,12
HJy3WEt8b,no_score,gvgai_chase,2,210,13
HJy3WEt8b,no_score,gvgai_chase,2,222,13
HJy3WEt8b,no_score,gvgai_chase,2,235,13
HJy3WEt8b,no_score,gvgai_chase,2,241,13
HJy3WEt8b,no_score,gvgai_chase,2,4,0
HJy3WEt8b,no_score,gvgai_chase,2,13,1
HJy3WEt8b,no_score,gvgai_chase,2,23,1
HJy3WEt8b,no_score,gvgai_chase,2,24,1
HJy3WEt8b,no_score,gvgai_chase,2,40,1
HJy3WEt8b,no_score,gvgai_chase,2,72,2
HJy3WEt8b,no_score,gvgai_chase,2,84,2
HJy3WEt8b,no_score,gvgai_chase,2,29,1
HJy3WEt8b,no_score,gvgai_chase,2,52,1
HJy3WEt8b,no_score,gvgai_chase,2,64,1
HJy3WEt8b,no_score,gvgai_chase,2,0,0
HJy3WEt8b,no_score,gvgai_chase,2,9,0
HJy3WEt8b,no_score,gvgai_chase,2,18,1
HJy3WEt8b,no_score,gvgai_chase,2,92,3
HJy3WEt8b,no_score,gvgai_chase,2,136,11
HJy3WEt8b,no_score,gvgai_chase,2,182,11
HJy3WEt8b,no_score,gvgai_chase,2,193,11
HJy3WEt8b,no_score,gvgai_chase,2,203,11
HJy3WEt8b,no_score,gvgai_chase,2,79,2
HJy3WEt8b,no_score,gvgai_chase,2,99,3
HJy3WEt8b,no_score,gvgai_chase,2,108,10
HJy3WEt8b,no_score,gvgai_chase,2,119,10
HJy3WEt8b,no_score,gvgai_chase,2,127,11
HJy3WEt8b,no_score,gvgai_chase,2,145,11
HJy3WEt8b,no_score,gvgai_chase,2,156,11
HJy3WEt8b,no_score,gvgai_chase,2,165,11
HJy3WEt8b,no_score,gvgai_chase,2,171,11
HJy3WEt8b,no_score,gvgai_chase,2,203,11
HJy3WEt8b,no_score,gvgai_chase,2,0,0
HJy3WEt8b,no_score,gvgai_chase,2,0,0
HJy3WEt8b,no_score,gvgai_butterflies,0,10,2
HJy3WEt8b,no_score,gvgai_butterflies,0,22,4
HJy3WEt8b,no_score,gvgai_butterflies,0,0,0
HJy3WEt8b,no_score,gvgai_butterflies,0,0,2
HJy3WEt8b,no_score,gvgai_butterflies,0,31,8
HJy3WEt8b,no_score,gvgai_butterflies,0,41,10
HJy3WEt8b,no_score,gvgai_butterflies,0,52,14
HJy3WEt8b,no_score,gvgai_butterflies,0,62,16
HJy3WEt8b,no_score,gvgai_butterflies,0,72,20
HJy3WEt8b,no_score,gvgai_butterflies,0,83,20
HJy3WEt8b,no_score,gvgai_butterflies,0,94,24
HJy3WEt8b,no_score,gvgai_butterflies,0,101,24
HJy3WEt8b,no_score,gvgai_butterflies,0,111,30
HJy3WEt8b,no_score,gvgai_butterflies,0,117,32
HJy3WEt8b,no_score,gvgai_butterflies,0,129,32
HJy3WEt8b,no_score,gvgai_butterflies,1,131,34
HJy3WEt8b,no_score,gvgai_butterflies,1,3,2
HJy3WEt8b,no_score,gvgai_butterflies,1,15,10
HJy3WEt8b,no_score,gvgai_butterflies,1,28,16
HJy3WEt8b,no_score,gvgai_butterflies,1,58,18
HJy3WEt8b,no_score,gvgai_butterflies,1,90,28
HJy3WEt8b,no_score,gvgai_butterflies,2,91,30
HJy3WEt8b,no_score,gvgai_butterflies,2,38,16
HJy3WEt8b,no_score,gvgai_butterflies,2,49,16
HJy3WEt8b,no_score,gvgai_butterflies,2,70,20
HJy3WEt8b,no_score,gvgai_butterflies,2,81,22
HJy3WEt8b,no_score,gvgai_butterflies,2,0,0
HJy3WEt8b,no_score,gvgai_butterflies,2,10,0
HJy3WEt8b,no_score,gvgai_butterflies,2,63,40
HJy3WEt8b,no_score,gvgai_butterflies,2,24,10
HJy3WEt8b,no_score,gvgai_butterflies,2,33,20
HJy3WEt8b,no_score,gvgai_butterflies,2,43,22
HJy3WEt8b,no_score,gvgai_butterflies,2,57,32
HJy3WEt8b,no_score,gvgai_butterflies,2,13,4
HJy3WEt8b,no_score,gvgai_butterflies,2,2,0
HJy3WEt8b,no_score,gvgai_butterflies,2,24,22
HJy3WEt8b,no_score,gvgai_butterflies,2,26,22
HJy3WEt8b,no_score,gvgai_butterflies,2,39,24
HJy3WEt8b,no_score,gvgai_butterflies,2,49,36
HJy3WEt8b,no_score,gvgai_butterflies,2,60,42
HJy3WEt8b,no_score,gvgai_butterflies,2,72,42
HJy3WEt8b,no_score,gvgai_butterflies,2,86,48
HJy3WEt8b,no_score,gvgai_butterflies,2,93,48
HJy3WEt8b,no_score,gvgai_butterflies,2,103,50
HJy3WEt8b,no_score,gvgai_butterflies,2,111,50
HJy3WEt8b,no_score,gvgai_butterflies,2,122,50
HJy3WEt8b,no_score,gvgai_butterflies,3,128,52
HJy3WEt8b,no_score,gvgai_butterflies,3,0,0
HJy3WEt8b,no_score,gvgai_butterflies,3,12,2
HJy3WEt8b,no_score,gvgai_butterflies,3,23,10
HJy3WEt8b,no_score,gvgai_butterflies,3,33,14
HJy3WEt8b,no_score,gvgai_butterflies,3,44,14
HJy3WEt8b,no_score,gvgai_butterflies,3,56,16
HJy3WEt8b,no_score,gvgai_butterflies,3,79,22
HJy3WEt8b,no_score,gvgai_butterflies,4,85,24
HJy3WEt8b,no_score,gvgai_butterflies,4,69,20
HJy3WEt8b,no_score,gvgai_butterflies,4,12,6
HJy3WEt8b,no_score,gvgai_butterflies,4,4,0
HJy3WEt8b,no_score,gvgai_butterflies,4,21,12
HJy3WEt8b,no_score,gvgai_butterflies,5,27,14
HJy3WEt8b,no_score,gvgai_aliens,0,1,0
HJy3WEt8b,no_score,gvgai_aliens,0,8,0
HJy3WEt8b,no_score,gvgai_aliens,0,13,0
HJy3WEt8b,no_score,gvgai_aliens,0,4,0
HJy3WEt8b,no_score,gvgai_aliens,0,11,0
HJy3WEt8b,no_score,gvgai_aliens,0,21,0
HJy3WEt8b,no_score,gvgai_aliens,0,31,0
HJy3WEt8b,no_score,gvgai_aliens,0,42,0
HJy3WEt8b,no_score,gvgai_aliens,0,51,0
HJy3WEt8b,no_score,gvgai_aliens,0,61,0
HJy3WEt8b,no_score,gvgai_aliens,0,73,0
HJy3WEt8b,no_score,gvgai_aliens,0,82,0
HJy3WEt8b,no_score,gvgai_aliens,0,94,0
HJy3WEt8b,no_score,gvgai_aliens,0,103,0
HJy3WEt8b,no_score,gvgai_aliens,0,107,0
HJy3WEt8b,no_score,gvgai_aliens,0,110,0
HJy3WEt8b,no_score,gvgai_aliens,0,118,0
HJy3WEt8b,no_score,gvgai_aliens,0,130,0
HJy3WEt8b,no_score,gvgai_aliens,1,134,1
HJy3WEt8b,no_score,gvgai_aliens,1,1,0
HJy3WEt8b,no_score,gvgai_aliens,1,6,0
HJy3WEt8b,no_score,gvgai_aliens,1,18,0
HJy3WEt8b,no_score,gvgai_aliens,1,27,0
HJy3WEt8b,no_score,gvgai_aliens,1,3,0
HJy3WEt8b,no_score,gvgai_aliens,1,12,0
HJy3WEt8b,no_score,gvgai_aliens,1,23,0
HJy3WEt8b,no_score,gvgai_aliens,1,34,0
HJy3WEt8b,no_score,gvgai_aliens,1,47,0
HJy3WEt8b,no_score,gvgai_aliens,1,60,0
HJy3WEt8b,no_score,gvgai_aliens,1,93,0
HJy3WEt8b,no_score,gvgai_aliens,1,100,0
HJy3WEt8b,no_score,gvgai_aliens,1,128,0
HJy3WEt8b,no_score,gvgai_aliens,1,71,0
HJy3WEt8b,no_score,gvgai_aliens,1,82,0
HJy3WEt8b,no_score,gvgai_aliens,1,111,0
HJy3WEt8b,no_score,gvgai_aliens,1,119,0
HJy3WEt8b,no_score,gvgai_aliens,2,138,1
HJy3WEt8b,no_score,gvgai_aliens,2,9,0
HJy3WEt8b,no_score,gvgai_aliens,2,17,0
HJy3WEt8b,no_score,gvgai_aliens,2,1,0
HJy3WEt8b,no_score,gvgai_aliens,2,22,0
HJy3WEt8b,no_score,gvgai_aliens,2,43,0
HJy3WEt8b,no_score,gvgai_aliens,2,92,0
HJy3WEt8b,no_score,gvgai_aliens,2,0,0
HJy3WEt8b,no_score,gvgai_aliens,2,8,0
HJy3WEt8b,no_score,gvgai_aliens,2,16,0
HJy3WEt8b,no_score,gvgai_aliens,2,30,0
HJy3WEt8b,no_score,gvgai_aliens,2,56,0
HJy3WEt8b,no_score,gvgai_aliens,2,67,0
HJy3WEt8b,no_score,gvgai_aliens,2,80,0
HJy3WEt8b,no_score,gvgai_aliens,2,98,0
HJy3WEt8b,no_score,gvgai_aliens,2,109,0
HJy3WEt8b,no_score,gvgai_aliens,3,117,1
HJy3WEt8b,no_score,gvgai_aliens,3,1,0
HJy3WEt8b,no_score,gvgai_aliens,3,14,0
HJy3WEt8b,no_score,gvgai_aliens,3,27,0
HJy3WEt8b,no_score,gvgai_aliens,3,40,0
HJy3WEt8b,no_score,gvgai_aliens,3,45,0
HJy3WEt8b,no_score,gvgai_aliens,3,4,0
HJy3WEt8b,no_score,gvgai_aliens,3,18,0
HJy3WEt8b,no_score,gvgai_aliens,3,32,0
HJy3WEt8b,no_score,gvgai_aliens,3,45,0
HJy3WEt8b,no_score,gvgai_aliens,3,57,0
HJy3WEt8b,no_score,gvgai_aliens,3,2,0
HJy3WEt8b,no_score,gvgai_aliens,3,40,0
HJy3WEt8b,no_score,gvgai_aliens,3,142,0
HJy3WEt8b,no_score,gvgai_aliens,4,186,1
HJy3WEt8b,no_score,gvgai_aliens,4,23,0
HJy3WEt8b,no_score,gvgai_aliens,4,110,0
HJy3WEt8b,no_score,gvgai_aliens,4,123,0
HJy3WEt8b,no_score,gvgai_aliens,4,165,0
HJy3WEt8b,no_score,gvgai_aliens,4,53,0
HJy3WEt8b,no_score,gvgai_aliens,4,66,0
HJy3WEt8b,no_score,gvgai_aliens,4,134,0
HJy3WEt8b,no_score,gvgai_aliens,4,81,0
HJy3WEt8b,no_score,gvgai_aliens,4,97,0
HJy3WEt8b,no_score,gvgai_aliens,4,154,0
HJy3WEt8b,no_score,gvgai_aliens,4,175,0
HJy3WEt8b,no_score,gvgai_aliens,4,43,0
HJy3WEt8b,no_score,gvgai_aliens,4,77,0
HJy3WEt8b,no_score,gvgai_aliens,4,5,0
HJy3WEt8b,no_score,gvgai_aliens,4,17,0
HJy3WEt8b,no_score,gvgai_aliens,4,54,0
HJy3WEt8b,no_score,gvgai_aliens,4,30,0
HJy3WEt8b,no_score,gvgai_aliens,4,66,0
HJy3WEt8b,no_score,gvgai_aliens,5,85,1
HJy3WEt8b,no_score,gvgai_frogs,0,16,0
HJy3WEt8b,no_score,gvgai_frogs,0,0,0
HJy3WEt8b,no_score,gvgai_frogs,0,7,0
HJy3WEt8b,no_score,gvgai_frogs,0,4,0
HJy3WEt8b,no_score,gvgai_frogs,0,7,0
HJy3WEt8b,no_score,gvgai_frogs,0,0,0
HJy3WEt8b,no_score,gvgai_frogs,0,5,0
HJy3WEt8b,no_score,gvgai_frogs,0,8,0
HJy3WEt8b,no_score,gvgai_frogs,0,1,0
HJy3WEt8b,no_score,gvgai_frogs,0,1,0
HJy3WEt8b,no_score,gvgai_frogs,0,1,0
HJy3WEt8b,no_score,gvgai_frogs,0,1,0
HJy3WEt8b,no_score,gvgai_frogs,0,1,0
HJy3WEt8b,no_score,gvgai_frogs,0,3,0
HJy3WEt8b,no_score,gvgai_frogs,0,3,0
HJy3WEt8b,no_score,gvgai_frogs,0,5,0
HJy3WEt8b,no_score,gvgai_frogs,0,5,0
HJy3WEt8b,no_score,gvgai_frogs,0,5,0
HJy3WEt8b,no_score,gvgai_frogs,0,1,0
HJy3WEt8b,no_score,gvgai_frogs,0,0,0
HJy3WEt8b,no_score,gvgai_frogs,0,1,0
HJy3WEt8b,no_score,gvgai_frogs,0,12,0
HJy3WEt8b,no_score,gvgai_frogs,0,3,0
HJy3WEt8b,no_score,gvgai_frogs,0,11,0
HJy3WEt8b,no_score,gvgai_frogs,0,7,0
HJy3WEt8b,no_score,gvgai_frogs,0,7,0
HJy3WEt8b,no_score,gvgai_frogs,0,10,0
HJy3WEt8b,no_score,gvgai_frogs,0,10,0
HJy3WEt8b,no_score,gvgai_frogs,0,4,0
HJy3WEt8b,no_score,gvgai_frogs,0,10,0
HJy3WEt8b,no_score,gvgai_frogs,0,13,0
HkA6ZTc-Q,no_score,gvgai_waves,0,1,0
HkA6ZTc-Q,no_score,gvgai_waves,0,7,0
HkA6ZTc-Q,no_score,gvgai_waves,0,12,0
HkA6ZTc-Q,no_score,gvgai_waves,0,12,0
HkA6ZTc-Q,no_score,gvgai_waves,0,12,0
HkA6ZTc-Q,no_score,gvgai_waves,0,10,0
HkA6ZTc-Q,no_score,gvgai_waves,0,14,0
HkA6ZTc-Q,no_score,gvgai_waves,0,17,0
HkA6ZTc-Q,no_score,gvgai_waves,0,17,0
HkA6ZTc-Q,no_score,gvgai_waves,0,7,0
HkA6ZTc-Q,no_score,gvgai_waves,0,9,0
HkA6ZTc-Q,no_score,gvgai_waves,0,11,0
HkA6ZTc-Q,no_score,gvgai_waves,0,23,0
HkA6ZTc-Q,no_score,gvgai_waves,0,23,0
HkA6ZTc-Q,no_score,gvgai_waves,0,23,0
HkAefp9-7,no_score,gvgai_aliens,0,8,0
HkAefp9-7,no_score,gvgai_aliens,0,10,0
HkAefp9-7,no_score,gvgai_aliens,0,13,0
HkAefp9-7,no_score,gvgai_aliens,0,16,0
HkAefp9-7,no_score,gvgai_aliens,0,19,0
HkAefp9-7,no_score,gvgai_aliens,0,21,0
HkAefp9-7,no_score,gvgai_aliens,0,24,0
HkAefp9-7,no_score,gvgai_aliens,0,25,0
HkAefp9-7,no_score,gvgai_aliens,0,27,0
HkAefp9-7,no_score,gvgai_aliens,0,29,0
HkAefp9-7,no_score,gvgai_aliens,1,31,1
HkAefp9-7,no_score,gvgai_aliens,2,31,1
HkAefp9-7,no_score,gvgai_aliens,2,6,0
HkAefp9-7,no_score,gvgai_aliens,2,9,0
HkAefp9-7,no_score,gvgai_aliens,2,12,0
HkAefp9-7,no_score,gvgai_aliens,2,15,0
HkAefp9-7,no_score,gvgai_aliens,2,17,0
HkAefp9-7,no_score,gvgai_aliens,2,20,0
HkAefp9-7,no_score,gvgai_aliens,2,23,0
HkAefp9-7,no_score,gvgai_aliens,2,25,0
HkAefp9-7,no_score,gvgai_aliens,2,27,0
HkAefp9-7,no_score,gvgai_aliens,2,29,0
HkAefp9-7,no_score,gvgai_aliens,2,30,0
HkAefp9-7,no_score,gvgai_aliens,2,34,0
HkAefp9-7,no_score,gvgai_aliens,2,35,0
HkAefp9-7,no_score,gvgai_aliens,2,36,0
HkAefp9-7,no_score,gvgai_aliens,2,39,0
HkAefp9-7,no_score,gvgai_aliens,2,47,0
HkAefp9-7,no_score,gvgai_aliens,2,47,0
HkAefp9-7,no_score,gvgai_aliens,2,7,0
HkAefp9-7,no_score,gvgai_aliens,2,10,0
HkAefp9-7,no_score,gvgai_aliens,2,12,0
HkAefp9-7,no_score,gvgai_aliens,2,15,0
HkAefp9-7,no_score,gvgai_aliens,2,17,0
HkAefp9-7,no_score,gvgai_aliens,2,20,0
HkAefp9-7,no_score,gvgai_aliens,2,22,0
HkAefp9-7,no_score,gvgai_aliens,2,25,0
HkAefp9-7,no_score,gvgai_aliens,2,27,0
HkAefp9-7,no_score,gvgai_aliens,2,29,0
HkAefp9-7,no_score,gvgai_aliens,2,31,0
HkAefp9-7,no_score,gvgai_aliens,3,33,1
HkAefp9-7,no_score,gvgai_aliens,4,33,1
HkAefp9-7,no_score,gvgai_aliens,4,8,0
HkAefp9-7,no_score,gvgai_aliens,4,12,0
HkAefp9-7,no_score,gvgai_aliens,4,14,0
HkAefp9-7,no_score,gvgai_aliens,4,17,0
HkAefp9-7,no_score,gvgai_aliens,4,21,0
HkAefp9-7,no_score,gvgai_aliens,4,26,0
HkAefp9-7,no_score,gvgai_aliens,4,28,0
HkAefp9-7,no_score,gvgai_aliens,4,31,0
HkAefp9-7,no_score,gvgai_aliens,4,34,0
HkAefp9-7,no_score,gvgai_aliens,4,36,0
HkAefp9-7,no_score,gvgai_aliens,4,38,0
HkAefp9-7,no_score,gvgai_aliens,4,41,0
HkAefp9-7,no_score,gvgai_aliens,4,45,0
HkAefp9-7,no_score,gvgai_aliens,5,46,1
HkAefp9-7,no_score,gvgai_aliens,6,46,1
HkAefp9-7,no_score,gvgai_aliens,6,10,0
HkAefp9-7,no_score,gvgai_aliens,6,12,0
HkAefp9-7,no_score,gvgai_aliens,6,15,0
HkAefp9-7,no_score,gvgai_aliens,6,18,0
HkAefp9-7,no_score,gvgai_aliens,6,21,0
HkAefp9-7,no_score,gvgai_aliens,6,24,0
HkAefp9-7,no_score,gvgai_aliens,6,24,0
HkAefp9-7,no_score,gvgai_aliens,6,24,0
HkAefp9-7,no_score,gvgai_aliens,6,10,0
HkAefp9-7,no_score,gvgai_aliens,6,12,0
HkAefp9-7,no_score,gvgai_aliens,6,14,0
HkAefp9-7,no_score,gvgai_aliens,6,14,0
HkAefp9-7,no_score,gvgai_aliens,6,17,0
HkAefp9-7,no_score,gvgai_aliens,6,21,0
HkAefp9-7,no_score,gvgai_aliens,6,23,0
HkAefp9-7,no_score,gvgai_aliens,6,25,0
HkAefp9-7,no_score,gvgai_aliens,6,28,0
HkAefp9-7,no_score,gvgai_aliens,6,35,0
HkAefp9-7,no_score,gvgai_aliens,6,40,0
HkAefp9-7,no_score,gvgai_aliens,6,41,0
HkAefp9-7,no_score,gvgai_aliens,6,46,0
HkAefp9-7,no_score,gvgai_aliens,6,52,0
HkAefp9-7,no_score,gvgai_aliens,6,60,0
HkAefp9-7,no_score,gvgai_aliens,7,60,1
HkAefp9-7,no_score,gvgai_aliens,8,60,1
HkAefp9-7,no_score,gvgai_aliens,9,60,1
HkAefp9-7,no_score,gvgai_aliens,10,60,1
HkAefp9-7,no_score,gvgai_aliens,10,19,0
HkAefp9-7,no_score,gvgai_aliens,10,22,0
HkAefp9-7,no_score,gvgai_aliens,10,6,0
HkAefp9-7,no_score,gvgai_aliens,10,8,0
HkAefp9-7,no_score,gvgai_aliens,10,14,0
HkAefp9-7,no_score,gvgai_aliens,10,24,0
HkAefp9-7,no_score,gvgai_aliens,10,28,0
HkAefp9-7,no_score,gvgai_aliens,10,31,0
HkAefp9-7,no_score,gvgai_aliens,10,34,0
HkAefp9-7,no_score,gvgai_aliens,10,37,0
HkAefp9-7,no_score,gvgai_aliens,10,40,0
HkAefp9-7,no_score,gvgai_aliens,10,42,0
HkAefp9-7,no_score,gvgai_aliens,10,43,0
HkAefp9-7,no_score,gvgai_aliens,10,45,0
HkAefp9-7,no_score,gvgai_aliens,10,55,0
HkAefp9-7,no_score,gvgai_aliens,11,57,1
HkAefp9-7,no_score,gvgai_aliens,12,57,1
HkAefp9-7,no_score,gvgai_aliens,13,57,1
HkAefp9-7,no_score,gvgai_aliens,14,57,1
HkAefp9-7,no_score,gvgai_watergame,0,1,0
HkAefp9-7,no_score,gvgai_watergame,0,3,0
HkAefp9-7,no_score,gvgai_watergame,0,5,0
HkAefp9-7,no_score,gvgai_watergame,0,5,0
HkAefp9-7,no_score,gvgai_watergame,0,3,0
HkAefp9-7,no_score,gvgai_watergame,0,6,0
HkAefp9-7,no_score,gvgai_watergame,0,6,0
HkAefp9-7,no_score,gvgai_watergame,0,7,0
HkAefp9-7,no_score,gvgai_watergame,0,15,0
HkAefp9-7,no_score,gvgai_watergame,1,20,1
HkAefp9-7,no_score,gvgai_watergame,2,20,1
HkAefp9-7,no_score,gvgai_watergame,2,2,0
HkAefp9-7,no_score,gvgai_watergame,2,5,0
HkAefp9-7,no_score,gvgai_watergame,2,13,0
HkAefp9-7,no_score,gvgai_watergame,2,20,0
HkAefp9-7,no_score,gvgai_watergame,2,29,0
HkAefp9-7,no_score,gvgai_watergame,2,34,0
HkAefp9-7,no_score,gvgai_watergame,2,41,0
HkAefp9-7,no_score,gvgai_watergame,2,49,0
HkAefp9-7,no_score,gvgai_watergame,2,52,0
HkAefp9-7,no_score,gvgai_watergame,3,56,1
HkAefp9-7,no_score,gvgai_watergame,4,56,1
HkAefp9-7,no_score,gvgai_watergame,4,2,0
HkAefp9-7,no_score,gvgai_watergame,4,4,0
HkAefp9-7,no_score,gvgai_watergame,4,8,0
HkAefp9-7,no_score,gvgai_watergame,4,14,0
HkAefp9-7,no_score,gvgai_watergame,4,20,0
HkAefp9-7,no_score,gvgai_watergame,4,23,0
HkAefp9-7,no_score,gvgai_watergame,4,30,0
HkAefp9-7,no_score,gvgai_watergame,4,30,0
HkAefp9-7,no_score,gvgai_watergame,4,30,0
HkAefp9-7,no_score,gvgai_watergame,4,2,0
HkAefp9-7,no_score,gvgai_watergame,4,2,0
HkAefp9-7,no_score,gvgai_watergame,4,2,0
HkAefp9-7,no_score,gvgai_watergame,4,2,0
HkAefp9-7,no_score,gvgai_watergame,4,2,0
HkAefp9-7,no_score,gvgai_watergame,4,2,0
HkAefp9-7,no_score,gvgai_watergame,4,5,0
HkAefp9-7,no_score,gvgai_watergame,4,13,0
HkAefp9-7,no_score,gvgai_watergame,4,22,0
HkAefp9-7,no_score,gvgai_watergame,4,28,0
HkAefp9-7,no_score,gvgai_watergame,4,35,0
HkAefp9-7,no_score,gvgai_watergame,4,43,0
HkAefp9-7,no_score,gvgai_watergame,4,47,0
HkAefp9-7,no_score,gvgai_watergame,4,54,0
HkAefp9-7,no_score,gvgai_watergame,5,61,1
HkAefp9-7,no_score,gvgai_watergame,6,61,1
HkAefp9-7,no_score,gvgai_watergame,6,1,0
HkAefp9-7,no_score,gvgai_watergame,6,4,0
HkAefp9-7,no_score,gvgai_watergame,6,7,0
HkAefp9-7,no_score,gvgai_watergame,6,9,0
HkAefp9-7,no_score,gvgai_watergame,6,14,0
HkAefp9-7,no_score,gvgai_watergame,6,16,0
HkAefp9-7,no_score,gvgai_watergame,6,18,0
HkAefp9-7,no_score,gvgai_watergame,6,19,0
HkAefp9-7,no_score,gvgai_watergame,6,19,0
HkAefp9-7,no_score,gvgai_watergame,6,19,0
HkAefp9-7,no_score,gvgai_watergame,6,22,0
HkAefp9-7,no_score,gvgai_watergame,6,24,0
HkAefp9-7,no_score,gvgai_watergame,6,24,0
HkAefp9-7,no_score,gvgai_watergame,6,24,0
HkAefp9-7,no_score,gvgai_watergame,6,29,0
HkAefp9-7,no_score,gvgai_watergame,6,34,0
HkAefp9-7,no_score,gvgai_watergame,6,40,0
HkAefp9-7,no_score,gvgai_watergame,6,47,0
HkAefp9-7,no_score,gvgai_watergame,6,47,0
HkAefp9-7,no_score,gvgai_watergame,6,3,0
HkAefp9-7,no_score,gvgai_watergame,6,4,0
HkAefp9-7,no_score,gvgai_watergame,6,6,0
HkAefp9-7,no_score,gvgai_watergame,6,6,0
HkAefp9-7,no_score,gvgai_watergame,6,7,0
HkAefp9-7,no_score,gvgai_watergame,6,10,0
HkAefp9-7,no_score,gvgai_watergame,6,10,0
HkAefp9-7,no_score,gvgai_watergame,6,10,0
HkAefp9-7,no_score,gvgai_watergame,6,10,0
HkAefp9-7,no_score,gvgai_watergame,6,10,0
HkAefp9-7,no_score,gvgai_watergame,6,1,0
HkAefp9-7,no_score,gvgai_watergame,6,1,0
HkAefp9-7,no_score,gvgai_watergame,6,1,0
HkAefp9-7,no_score,gvgai_watergame,6,1,0
HkAefp9-7,no_score,gvgai_watergame,6,7,0
HkAefp9-7,no_score,gvgai_watergame,6,9,0
HkAefp9-7,no_score,gvgai_watergame,6,11,0
HkAefp9-7,no_score,gvgai_watergame,6,14,0
HkAefp9-7,no_score,gvgai_watergame,6,18,0
HkAefp9-7,no_score,gvgai_watergame,6,20,0
HkAefp9-7,no_score,gvgai_watergame,6,22,0
HkAefp9-7,no_score,gvgai_watergame,6,25,0
HkAefp9-7,no_score,gvgai_watergame,6,26,0
HkAefp9-7,no_score,gvgai_watergame,6,28,0
HkAefp9-7,no_score,gvgai_watergame,6,28,0
HkAefp9-7,no_score,gvgai_clusters,0,5,0
HkAefp9-7,no_score,gvgai_clusters,0,10,0
HkAefp9-7,no_score,gvgai_clusters,0,18,0
HkAefp9-7,no_score,gvgai_clusters,0,27,0
HkAefp9-7,no_score,gvgai_clusters,0,35,0
HkAefp9-7,no_score,gvgai_clusters,0,46,0
HkAefp9-7,no_score,gvgai_clusters,0,53,0
HkAefp9-7,no_score,gvgai_clusters,0,62,0
HkAefp9-7,no_score,gvgai_clusters,0,68,0
HkAefp9-7,no_score,gvgai_clusters,0,77,0
HkAefp9-7,no_score,gvgai_clusters,0,86,0
HkAefp9-7,no_score,gvgai_clusters,1,90,1
HkAefp9-7,no_score,gvgai_clusters,2,90,1
HkAefp9-7,no_score,gvgai_clusters,2,2,0
HkAefp9-7,no_score,gvgai_clusters,2,8,0
HkAefp9-7,no_score,gvgai_clusters,2,15,0
HkAefp9-7,no_score,gvgai_clusters,2,26,0
HkAefp9-7,no_score,gvgai_clusters,2,33,0
HkAefp9-7,no_score,gvgai_clusters,2,41,0
HkAefp9-7,no_score,gvgai_clusters,2,49,0
HkAefp9-7,no_score,gvgai_clusters,2,57,0
HkAefp9-7,no_score,gvgai_clusters,2,66,0
HkAefp9-7,no_score,gvgai_clusters,2,75,0
HkAefp9-7,no_score,gvgai_clusters,2,80,0
HkAefp9-7,no_score,gvgai_clusters,2,89,0
HkAefp9-7,no_score,gvgai_clusters,2,98,0
HkAefp9-7,no_score,gvgai_clusters,2,108,0
HkAefp9-7,no_score,gvgai_clusters,2,116,0
HkAefp9-7,no_score,gvgai_clusters,2,125,0
HkAefp9-7,no_score,gvgai_clusters,2,133,0
HkAefp9-7,no_score,gvgai_clusters,2,141,0
HkAefp9-7,no_score,gvgai_clusters,2,146,0
HkAefp9-7,no_score,gvgai_clusters,2,153,0
HkAefp9-7,no_score,gvgai_clusters,2,163,0
HkAefp9-7,no_score,gvgai_clusters,2,171,0
HkAefp9-7,no_score,gvgai_clusters,2,180,0
HkAefp9-7,no_score,gvgai_clusters,3,186,1
HkAefp9-7,no_score,gvgai_clusters,4,186,1
HkAefp9-7,no_score,gvgai_clusters,4,3,0
HkAefp9-7,no_score,gvgai_clusters,4,11,0
HkAefp9-7,no_score,gvgai_clusters,4,19,0
HkAefp9-7,no_score,gvgai_clusters,4,28,0
HkAefp9-7,no_score,gvgai_clusters,4,37,0
HkAefp9-7,no_score,gvgai_clusters,4,48,0
HkAefp9-7,no_score,gvgai_clusters,4,58,0
HkAefp9-7,no_score,gvgai_clusters,4,66,0
HkAefp9-7,no_score,gvgai_clusters,4,74,0
HkAefp9-7,no_score,gvgai_clusters,4,85,0
HkAefp9-7,no_score,gvgai_clusters,4,94,-1
HkAefp9-7,no_score,gvgai_clusters,4,94,-1
HkAefp9-7,no_score,gvgai_clusters,4,4,0
HkAefp9-7,no_score,gvgai_clusters,4,12,0
HkAefp9-7,no_score,gvgai_clusters,4,20,0
HkAefp9-7,no_score,gvgai_clusters,4,30,0
HkAefp9-7,no_score,gvgai_clusters,4,39,0
HkAefp9-7,no_score,gvgai_clusters,4,48,0
HkAefp9-7,no_score,gvgai_clusters,4,57,0
HkAefp9-7,no_score,gvgai_clusters,4,68,0
HkAefp9-7,no_score,gvgai_clusters,4,79,0
HkAefp9-7,no_score,gvgai_clusters,4,87,0
HkAefp9-7,no_score,gvgai_clusters,4,96,0
HkAefp9-7,no_score,gvgai_clusters,4,104,0
HkAefp9-7,no_score,gvgai_clusters,4,112,0
HkAefp9-7,no_score,gvgai_clusters,4,121,0
HkAefp9-7,no_score,gvgai_clusters,4,133,0
HkAefp9-7,no_score,gvgai_clusters,4,142,0
HkAefp9-7,no_score,gvgai_clusters,4,152,0
HkAefp9-7,no_score,gvgai_clusters,4,160,0
HkAefp9-7,no_score,gvgai_clusters,4,171,0
HkAefp9-7,no_score,gvgai_clusters,4,179,-1
HkAefp9-7,no_score,gvgai_clusters,4,179,-1
HkAefp9-7,no_score,gvgai_clusters,4,179,-1
HkAefp9-7,no_score,gvgai_clusters,4,179,-1
HkAefp9-7,no_score,gvgai_clusters,4,179,-1
HkAefp9-7,no_score,gvgai_clusters,4,179,-1
HkAefp9-7,no_score,gvgai_clusters,4,179,-1
HkAefp9-7,no_score,gvgai_clusters,4,179,-1
HkAefp9-7,no_score,gvgai_clusters,4,179,-1
HkAefp9-7,no_score,gvgai_clusters,4,8,0
HkAefp9-7,no_score,gvgai_clusters,4,17,0
HkAefp9-7,no_score,gvgai_clusters,4,25,0
HkAefp9-7,no_score,gvgai_clusters,4,35,0
HkAefp9-7,no_score,gvgai_clusters,4,44,0
HkAefp9-7,no_score,gvgai_clusters,4,52,0
HkAefp9-7,no_score,gvgai_clusters,4,60,0
HkAefp9-7,no_score,gvgai_clusters,4,66,0
HkAefp9-7,no_score,gvgai_clusters,4,72,0
HkAefp9-7,no_score,gvgai_clusters,4,80,0
HkAefp9-7,no_score,gvgai_clusters,4,88,0
HkAefp9-7,no_score,gvgai_clusters,4,95,0
HkAefp9-7,no_score,gvgai_clusters,4,102,0
HkAefp9-7,no_score,gvgai_clusters,4,109,0
HkAefp9-7,no_score,gvgai_clusters,4,116,0
HkAefp9-7,no_score,gvgai_clusters,4,123,0
HkAefp9-7,no_score,gvgai_clusters,4,134,0
HkAefp9-7,no_score,gvgai_clusters,4,139,0
HkAefp9-7,no_score,gvgai_clusters,4,147,0
HkAefp9-7,no_score,gvgai_clusters,4,151,0
HkAefp9-7,no_score,gvgai_clusters,4,156,0
HkAefp9-7,no_score,gvgai_clusters,4,164,0
HkAefp9-7,no_score,gvgai_clusters,4,173,0
HkAefp9-7,no_score,gvgai_clusters,4,178,0
HkAefp9-7,no_score,gvgai_clusters,4,187,0
HkAefp9-7,no_score,gvgai_clusters,4,193,0
HkAefp9-7,no_score,gvgai_clusters,5,197,1
HkAefp9-7,no_score,gvgai_clusters,6,197,1
HkAefp9-7,no_score,gvgai_clusters,6,3,0
HkAefp9-7,no_score,gvgai_clusters,6,10,0
HkAefp9-7,no_score,gvgai_clusters,6,16,0
HkAefp9-7,no_score,gvgai_clusters,6,22,0
HkAefp9-7,no_score,gvgai_clusters,6,30,0
HkAefp9-7,no_score,gvgai_clusters,6,37,0
HkAefp9-7,no_score,gvgai_clusters,6,43,0
HkAefp9-7,no_score,gvgai_clusters,6,43,0
HkAefp9-7,no_score,gvgai_clusters,6,43,0
HkAefp9-7,no_score,gvgai_clusters,6,46,0
HkAefp9-7,no_score,gvgai_clusters,6,47,0
HkAefp9-7,no_score,gvgai_clusters,6,52,0
HkAefp9-7,no_score,gvgai_clusters,6,58,0
HkAefp9-7,no_score,gvgai_clusters,6,63,0
HkAefp9-7,no_score,gvgai_clusters,6,73,0
HkAefp9-7,no_score,gvgai_clusters,6,78,0
HkAefp9-7,no_score,gvgai_clusters,6,83,0
HkAefp9-7,no_score,gvgai_clusters,6,91,0
HkAefp9-7,no_score,gvgai_clusters,6,96,0
HkAefp9-7,no_score,gvgai_clusters,6,101,0
HkAefp9-7,no_score,gvgai_clusters,6,108,0
HkAefp9-7,no_score,gvgai_clusters,6,114,0
HkAefp9-7,no_score,gvgai_clusters,6,117,0
HkAefp9-7,no_score,gvgai_clusters,6,119,0
HkAefp9-7,no_score,gvgai_sokoban,0,3,0
HkAefp9-7,no_score,gvgai_sokoban,0,6,0
HkAefp9-7,no_score,gvgai_sokoban,0,12,1
HkAefp9-7,no_score,gvgai_sokoban,1,15,2
HkAefp9-7,no_score,gvgai_sokoban,2,15,2
HkAefp9-7,no_score,gvgai_sokoban,3,15,2
HkAefp9-7,no_score,gvgai_sokoban,4,15,2
HkAefp9-7,no_score,gvgai_sokoban,4,4,0
HkAefp9-7,no_score,gvgai_sokoban,4,9,0
HkAefp9-7,no_score,gvgai_sokoban,4,15,0
HkAefp9-7,no_score,gvgai_sokoban,4,26,1
HkAefp9-7,no_score,gvgai_sokoban,4,32,2
HkAefp9-7,no_score,gvgai_sokoban,5,37,3
HkAefp9-7,no_score,gvgai_sokoban,6,37,3
HkAefp9-7,no_score,gvgai_sokoban,6,2,0
HkAefp9-7,no_score,gvgai_sokoban,6,6,0
HkAefp9-7,no_score,gvgai_sokoban,6,7,0
HkAefp9-7,no_score,gvgai_sokoban,6,9,0
HkAefp9-7,no_score,gvgai_sokoban,6,10,0
HkAefp9-7,no_score,gvgai_sokoban,6,15,0
HkAefp9-7,no_score,gvgai_sokoban,6,17,0
HkAefp9-7,no_score,gvgai_sokoban,6,21,0
HkAefp9-7,no_score,gvgai_sokoban,6,27,0
HkAefp9-7,no_score,gvgai_sokoban,6,35,0
HkAefp9-7,no_score,gvgai_sokoban,6,41,1
HkAefp9-7,no_score,gvgai_sokoban,6,52,1
HkAefp9-7,no_score,gvgai_sokoban,6,62,2
HkAefp9-7,no_score,gvgai_sokoban,6,72,2
HkAefp9-7,no_score,gvgai_sokoban,6,84,3
HkAefp9-7,no_score,gvgai_sokoban,6,88,3
HkAefp9-7,no_score,gvgai_sokoban,6,88,3
HkAefp9-7,no_score,gvgai_sokoban,6,7,0
HkAefp9-7,no_score,gvgai_sokoban,6,15,0
HkAefp9-7,no_score,gvgai_sokoban,6,26,0
HkAefp9-7,no_score,gvgai_sokoban,6,38,1
HkAefp9-7,no_score,gvgai_sokoban,6,52,2
HkAefp9-7,no_score,gvgai_sokoban,6,61,2
HkAefp9-7,no_score,gvgai_sokoban,6,75,3
HkAefp9-7,no_score,gvgai_sokoban,6,85,3
HkAefp9-7,no_score,gvgai_sokoban,6,93,3
HkAefp9-7,no_score,gvgai_sokoban,7,100,4
HkAefp9-7,no_score,gvgai_sokoban,8,100,4
HkAefp9-7,no_score,gvgai_sokoban,8,3,0
HkAefp9-7,no_score,gvgai_sokoban,8,4,0
HkAefp9-7,no_score,gvgai_sokoban,8,4,0
HkAefp9-7,no_score,gvgai_sokoban,8,4,0
HkAefp9-7,no_score,gvgai_sokoban,8,11,0
HkAefp9-7,no_score,gvgai_sokoban,8,17,0
HkAefp9-7,no_score,gvgai_sokoban,8,28,0
HkAefp9-7,no_score,gvgai_sokoban,8,33,1
HkAefp9-7,no_score,gvgai_sokoban,8,36,1
HkAefp9-7,no_score,gvgai_sokoban,8,36,1
HkAefp9-7,no_score,gvgai_sokoban,8,1,0
HkAefp9-7,no_score,gvgai_sokoban,8,3,0
HkAefp9-7,no_score,gvgai_sokoban,8,4,0
HkAefp9-7,no_score,gvgai_sokoban,8,10,0
HkAefp9-7,no_score,gvgai_sokoban,8,18,0
HkAefp9-7,no_score,gvgai_sokoban,8,27,0
HkAefp9-7,no_score,gvgai_sokoban,8,34,1
HkAefp9-7,no_score,gvgai_sokoban,8,43,1
HkAefp9-7,no_score,gvgai_sokoban,8,51,2
HkAefp9-7,no_score,gvgai_sokoban,9,55,3
HkAefp9-7,no_score,gvgai_sokoban,10,55,3
HkAefp9-7,no_score,gvgai_sokoban,10,2,0
HkAefp9-7,no_score,gvgai_sokoban,10,11,0
HkAefp9-7,no_score,gvgai_sokoban,10,18,0
HkAefp9-7,no_score,gvgai_sokoban,10,28,1
HkAefp9-7,no_score,gvgai_sokoban,10,39,2
HkAefp9-7,no_score,gvgai_sokoban,11,46,3
HkAefp9-7,no_score,gvgai_sokoban,12,46,3
HkAefp9-7,no_score,gvgai_chopper,0,9,0
HkAefp9-7,no_score,gvgai_chopper,0,19,0
HkAefp9-7,no_score,gvgai_chopper,0,23,0
HkAefp9-7,no_score,gvgai_chopper,0,26,0
HkAefp9-7,no_score,gvgai_chopper,0,32,1
HkAefp9-7,no_score,gvgai_chopper,0,36,2
HkAefp9-7,no_score,gvgai_chopper,0,37,4
HkAefp9-7,no_score,gvgai_chopper,0,39,5
HkAefp9-7,no_score,gvgai_chopper,0,42,6
HkAefp9-7,no_score,gvgai_chopper,0,51,5
HkAefp9-7,no_score,gvgai_chopper,0,64,5
HkAefp9-7,no_score,gvgai_chopper,0,72,5
HkAefp9-7,no_score,gvgai_chopper,0,75,5
HkAefp9-7,no_score,gvgai_chopper,0,78,7
HkAefp9-7,no_score,gvgai_chopper,0,79,8
HkAefp9-7,no_score,gvgai_chopper,0,83,7
HkAefp9-7,no_score,gvgai_chopper,0,89,10
HkAefp9-7,no_score,gvgai_chopper,0,100,10
HkAefp9-7,no_score,gvgai_chopper,0,106,11
HkAefp9-7,no_score,gvgai_chopper,0,107,12
HkAefp9-7,no_score,gvgai_chopper,0,110,14
HkAefp9-7,no_score,gvgai_chopper,1,110,15
HkAefp9-7,no_score,gvgai_chopper,1,10,0
HkAefp9-7,no_score,gvgai_chopper,1,19,0
HkAefp9-7,no_score,gvgai_chopper,1,20,1
HkAefp9-7,no_score,gvgai_chopper,1,21,2
HkAefp9-7,no_score,gvgai_chopper,1,22,3
HkAefp9-7,no_score,gvgai_chopper,1,24,4
HkAefp9-7,no_score,gvgai_chopper,1,27,5
HkAefp9-7,no_score,gvgai_chopper,1,29,6
HkAefp9-7,no_score,gvgai_chopper,1,34,6
HkAefp9-7,no_score,gvgai_chopper,1,36,8
HkAefp9-7,no_score,gvgai_chopper,1,37,9
HkAefp9-7,no_score,gvgai_chopper,1,39,11
HkAefp9-7,no_score,gvgai_chopper,1,40,12
HkAefp9-7,no_score,gvgai_chopper,1,41,13
HkAefp9-7,no_score,gvgai_chopper,1,43,14
HkAefp9-7,no_score,gvgai_chopper,1,45,15
HkAefp9-7,no_score,gvgai_chopper,1,52,15
HkAefp9-7,no_score,gvgai_chopper,1,59,15
HkAefp9-7,no_score,gvgai_chopper,1,61,16
HkAefp9-7,no_score,gvgai_chopper,1,76,17
HkAefp9-7,no_score,gvgai_chopper,1,89,17
HkAefp9-7,no_score,gvgai_chopper,1,105,17
HkAefp9-7,no_score,gvgai_chopper,1,108,18
HkAefp9-7,no_score,gvgai_chopper,2,110,19
HkAefp9-7,no_score,gvgai_chopper,3,110,19
HkAefp9-7,no_score,gvgai_chopper,4,110,19
HkAefp9-7,no_score,gvgai_chopper,5,110,19
HkAefp9-7,no_score,gvgai_chopper,6,110,19
HkAefp9-7,no_score,gvgai_chopper,6,10,0
HkAefp9-7,no_score,gvgai_chopper,6,13,0
HkAefp9-7,no_score,gvgai_chopper,6,18,0
HkAefp9-7,no_score,gvgai_chopper,6,25,1
HkAefp9-7,no_score,gvgai_chopper,6,30,1
HkAefp9-7,no_score,gvgai_chopper,6,31,1
HkAefp9-7,no_score,gvgai_chopper,6,34,1
HkAefp9-7,no_score,gvgai_chopper,6,38,3
HkAefp9-7,no_score,gvgai_chopper,6,48,3
HkAefp9-7,no_score,gvgai_chopper,6,53,4
HkAefp9-7,no_score,gvgai_chopper,6,57,5
HkAefp9-7,no_score,gvgai_chopper,6,58,6
HkAefp9-7,no_score,gvgai_chopper,6,61,6
HkAefp9-7,no_score,gvgai_chopper,6,66,5
HkAefp9-7,no_score,gvgai_chopper,6,69,7
HkAefp9-7,no_score,gvgai_chopper,6,72,10
HkAefp9-7,no_score,gvgai_chopper,6,78,11
HkAefp9-7,no_score,gvgai_chopper,6,85,12
HkAefp9-7,no_score,gvgai_chopper,6,94,13
HkAefp9-7,no_score,gvgai_chopper,6,102,13
HkAefp9-7,no_score,gvgai_chopper,6,103,14
HkAefp9-7,no_score,gvgai_chopper,6,104,14
HkAefp9-7,no_score,gvgai_chopper,6,106,15
HkAefp9-7,no_score,gvgai_chopper,6,109,16
HkAefp9-7,no_score,gvgai_chopper,6,122,16
HkAefp9-7,no_score,gvgai_chopper,6,129,16
HkAefp9-7,no_score,gvgai_chopper,6,132,16
HkAefp9-7,no_score,gvgai_chopper,6,134,16
HkAefp9-7,no_score,gvgai_chopper,6,134,16
HkAefp9-7,no_score,gvgai_chopper,6,138,16
HkAefp9-7,no_score,gvgai_chopper,6,146,16
HkAefp9-7,no_score,gvgai_chopper,6,151,16
HkAefp9-7,no_score,gvgai_chopper,6,158,16
HkAefp9-7,no_score,gvgai_chopper,6,174,16
HkAefp9-7,no_score,gvgai_chopper,6,187,16
HkAefp9-7,no_score,gvgai_chopper,6,212,16
HkAefp9-7,no_score,gvgai_chopper,6,227,16
HkAefp9-7,no_score,gvgai_chopper,6,233,16
HkAefp9-7,no_score,gvgai_chopper,6,241,16
HkAefp9-7,no_score,gvgai_chopper,6,251,16
HkAefp9-7,no_score,gvgai_chopper,6,258,16
HkAefp9-7,no_score,gvgai_chopper,6,262,16
HkAefp9-7,no_score,gvgai_chopper,6,265,16
HkAefp9-7,no_score,gvgai_chopper,6,267,16
HkAefp9-7,no_score,gvgai_chopper,6,267,16
HkAefp9-7,no_score,gvgai_chopper,6,269,16
HkAefp9-7,no_score,gvgai_chopper,6,269,16
HkAefp9-7,no_score,gvgai_shipwreck,0,9,0
HkAefp9-7,no_score,gvgai_shipwreck,0,20,0
HkAefp9-7,no_score,gvgai_shipwreck,0,31,105
HkAefp9-7,no_score,gvgai_shipwreck,0,35,95
HkAefp9-7,no_score,gvgai_shipwreck,0,35,95
HkAefp9-7,no_score,gvgai_shipwreck,0,4,0
HkAefp9-7,no_score,gvgai_shipwreck,0,16,0
HkAefp9-7,no_score,gvgai_shipwreck,0,25,150
HkAefp9-7,no_score,gvgai_shipwreck,0,26,140
HkAefp9-7,no_score,gvgai_shipwreck,0,26,140
HkAefp9-7,no_score,gvgai_shipwreck,0,7,0
HkAefp9-7,no_score,gvgai_shipwreck,0,13,0
HkAefp9-7,no_score,gvgai_shipwreck,0,23,0
HkAefp9-7,no_score,gvgai_shipwreck,0,33,0
HkAefp9-7,no_score,gvgai_shipwreck,0,42,198
HkAefp9-7,no_score,gvgai_shipwreck,0,52,198
HkAefp9-7,no_score,gvgai_shipwreck,0,59,188
HkAefp9-7,no_score,gvgai_shipwreck,0,59,188
HkAefp9-7,no_score,gvgai_shipwreck,0,5,0
HkAefp9-7,no_score,gvgai_shipwreck,0,18,0
HkAefp9-7,no_score,gvgai_shipwreck,0,19,-10
HkAefp9-7,no_score,gvgai_shipwreck,0,19,-10
HkScaIhZX,no_score,gvgai_camelRace,0,13,0
HkScaIhZX,no_score,gvgai_camelRace,0,28,0
HkScaIhZX,no_score,gvgai_camelRace,1,45,2
HkScaIhZX,no_score,gvgai_camelRace,1,13,0
HkScaIhZX,no_score,gvgai_camelRace,2,45,2
HkScaIhZX,no_score,gvgai_camelRace,2,44,0
HkScaIhZX,no_score,gvgai_camelRace,3,45,2
HkScaIhZX,no_score,gvgai_camelRace,3,13,0
HkScaIhZX,no_score,gvgai_camelRace,4,47,2
HkScaIhZX,no_score,gvgai_camelRace,4,14,0
HkScaIhZX,no_score,gvgai_camelRace,5,48,2
HkScaIhZX,no_score,gvgai_camelRace,5,12,0
HkScaIhZX,no_score,gvgai_camelRace,5,28,0
HkScaIhZX,no_score,gvgai_camelRace,6,49,2
HkScaIhZX,no_score,gvgai_camelRace,7,49,2
HkScaIhZX,no_score,gvgai_tercio,0,8,0
HkScaIhZX,no_score,gvgai_tercio,0,16,0
HkScaIhZX,no_score,gvgai_tercio,1,23,2
HkScaIhZX,no_score,gvgai_tercio,2,23,2
HkScaIhZX,no_score,gvgai_tercio,2,5,0
HkScaIhZX,no_score,gvgai_tercio,2,15,0
HkScaIhZX,no_score,gvgai_tercio,2,30,0
HkScaIhZX,no_score,gvgai_tercio,2,40,0
HkScaIhZX,no_score,gvgai_tercio,2,54,0
HkScaIhZX,no_score,gvgai_tercio,2,63,0
HkScaIhZX,no_score,gvgai_tercio,2,92,0
HkScaIhZX,no_score,gvgai_tercio,2,104,0
HkScaIhZX,no_score,gvgai_tercio,2,117,0
HkScaIhZX,no_score,gvgai_tercio,2,123,0
HkScaIhZX,no_score,gvgai_tercio,2,135,0
HkScaIhZX,no_score,gvgai_tercio,2,154,-1
HkScaIhZX,no_score,gvgai_tercio,2,21,0
HkScaIhZX,no_score,gvgai_tercio,2,34,0
HkScaIhZX,no_score,gvgai_tercio,2,43,0
HkScaIhZX,no_score,gvgai_tercio,2,75,0
HkScaIhZX,no_score,gvgai_tercio,2,85,0
HkScaIhZX,no_score,gvgai_tercio,2,94,0
HkScaIhZX,no_score,gvgai_tercio,2,113,0
HkScaIhZX,no_score,gvgai_tercio,2,94,0
HkScaIhZX,no_score,gvgai_tercio,2,131,0
HkScaIhZX,no_score,gvgai_tercio,2,154,-1
HkScaIhZX,no_score,gvgai_tercio,2,7,0
HkScaIhZX,no_score,gvgai_tercio,2,18,0
HkScaIhZX,no_score,gvgai_tercio,2,56,0
HkScaIhZX,no_score,gvgai_tercio,2,67,0
HkScaIhZX,no_score,gvgai_tercio,2,74,0
HkScaIhZX,no_score,gvgai_tercio,2,82,0
HkScaIhZX,no_score,gvgai_tercio,2,100,0
HkScaIhZX,no_score,gvgai_tercio,2,109,0
HkScaIhZX,no_score,gvgai_tercio,2,118,0
HkScaIhZX,no_score,gvgai_tercio,2,130,0
HkScaIhZX,no_score,gvgai_tercio,2,130,0
HkScaIhZX,no_score,gvgai_tercio,2,2,0
HkScaIhZX,no_score,gvgai_tercio,2,31,0
HkScaIhZX,no_score,gvgai_tercio,2,44,0
HkScaIhZX,no_score,gvgai_tercio,2,64,0
HkScaIhZX,no_score,gvgai_tercio,2,61,0
HkScaIhZX,no_score,gvgai_tercio,2,85,0
HkScaIhZX,no_score,gvgai_tercio,2,91,0
HkScaIhZX,no_score,gvgai_tercio,2,104,0
HkScaIhZX,no_score,gvgai_tercio,2,130,0
HkScaIhZX,no_score,gvgai_tercio,2,114,0
HkScaIhZX,no_score,gvgai_tercio,2,130,0
HkScaIhZX,no_score,gvgai_tercio,2,127,0
Hy7ZPxU-m,no_score,gvgai_frogs,0,11,0
Hy7ZPxU-m,no_score,gvgai_frogs,0,17,0
Hy7ZPxU-m,no_score,gvgai_frogs,0,20,0
Hy7ZPxU-m,no_score,gvgai_frogs,0,28,36
Hy7ZPxU-m,no_score,gvgai_frogs,0,39,77
Hy7ZPxU-m,no_score,gvgai_frogs,0,48,135
Hy7ZPxU-m,no_score,gvgai_frogs,0,60,177
Hy7ZPxU-m,no_score,gvgai_frogs,0,40,118
Hy7ZPxU-m,no_score,gvgai_frogs,0,57,140
Hy7ZPxU-m,no_score,gvgai_frogs,0,60,218
HyKKCXY8b,no_score,gvgai_portals,0,0,0
HyKKCXY8b,no_score,gvgai_portals,0,22,0
HyKKCXY8b,no_score,gvgai_portals,0,0,0
HyKKCXY8b,no_score,gvgai_portals,0,2,0
HyKKCXY8b,no_score,gvgai_portals,0,8,0
HyKKCXY8b,no_score,gvgai_portals,0,9,0
HyKKCXY8b,no_score,gvgai_portals,0,14,0
HyKKCXY8b,no_score,gvgai_portals,0,20,0
HyKKCXY8b,no_score,gvgai_portals,0,3,0
HyKKCXY8b,no_score,gvgai_portals,0,24,0
HyKKCXY8b,no_score,gvgai_portals,0,29,0
HyKKCXY8b,no_score,gvgai_portals,0,5,0
HyKKCXY8b,no_score,gvgai_portals,0,6,0
HyKKCXY8b,no_score,gvgai_portals,0,16,0
HyKKCXY8b,no_score,gvgai_portals,0,17,0
HyKKCXY8b,no_score,gvgai_portals,0,22,0
HyKKCXY8b,no_score,gvgai_portals,0,3,0
HyKKCXY8b,no_score,gvgai_portals,0,11,0
HyKKCXY8b,no_score,gvgai_portals,0,3,0
HyKKCXY8b,no_score,gvgai_portals,0,11,0
HyKKCXY8b,no_score,gvgai_portals,0,5,0
HyKKCXY8b,no_score,gvgai_portals,0,14,0
HyKKCXY8b,no_score,gvgai_portals,0,10,0
HyKKCXY8b,no_score,gvgai_portals,0,5,0
HyKKCXY8b,no_score,gvgai_portals,0,20,0
HyKKCXY8b,no_score,gvgai_portals,1,30,1
HyKKCXY8b,no_score,gvgai_portals,2,30,1
HyKKCXY8b,no_score,gvgai_portals,2,3,0
HyKKCXY8b,no_score,gvgai_portals,2,5,0
HyKKCXY8b,no_score,gvgai_portals,2,5,0
HyKKCXY8b,no_score,gvgai_portals,2,2,0
HyKKCXY8b,no_score,gvgai_portals,2,10,0
HyKKCXY8b,no_score,gvgai_portals,3,15,1
HyKKCXY8b,no_score,gvgai_portals,3,12,0
HyKKCXY8b,no_score,gvgai_portals,3,4,0
HyKKCXY8b,no_score,gvgai_portals,3,13,0
HyKKCXY8b,no_score,gvgai_portals,3,14,0
HyKKCXY8b,no_score,gvgai_portals,3,16,0
HyKKCXY8b,no_score,gvgai_portals,3,12,0
HyKKCXY8b,no_score,gvgai_portals,3,17,0
HyKKCXY8b,no_score,gvgai_portals,3,17,0
HyKKCXY8b,no_score,gvgai_portals,3,7,0
HyKKCXY8b,no_score,gvgai_portals,3,9,0
HyKKCXY8b,no_score,gvgai_portals,3,19,0
HyKKCXY8b,no_score,gvgai_portals,4,41,1
HyKKCXY8b,no_score,gvgai_portals,4,36,0
HyKKCXY8b,no_score,gvgai_portals,4,4,0
HyKKCXY8b,no_score,gvgai_portals,4,23,0
HyKKCXY8b,no_score,gvgai_portals,4,30,0
HyKKCXY8b,no_score,gvgai_portals,4,31,0
HyKKCXY8b,no_score,gvgai_portals,4,1,0
HyKKCXY8b,no_score,gvgai_portals,4,2,0
HyKKCXY8b,no_score,gvgai_portals,4,1,0
HyKKCXY8b,no_score,gvgai_portals,4,6,0
HyKKCXY8b,no_score,gvgai_portals,4,3,0
HyKKCXY8b,no_score,gvgai_portals,4,3,0
HyKKCXY8b,no_score,gvgai_portals,5,16,1
HyKKCXY8b,no_score,gvgai_portals,5,11,0
HyKKCXY8b,no_score,gvgai_portals,5,4,0
HyKKCXY8b,no_score,gvgai_portals,5,19,0
HyKKCXY8b,no_score,gvgai_portals,6,31,1
HyKKCXY8b,no_score,gvgai_portals,6,14,0
HyKKCXY8b,no_score,gvgai_portals,6,24,0
HyKKCXY8b,no_score,gvgai_chase,0,1,0
HyKKCXY8b,no_score,gvgai_chase,0,9,0
HyKKCXY8b,no_score,gvgai_chase,0,19,0
HyKKCXY8b,no_score,gvgai_chase,0,31,2
HyKKCXY8b,no_score,gvgai_chase,0,44,2
HyKKCXY8b,no_score,gvgai_chase,0,78,5
HyKKCXY8b,no_score,gvgai_chase,1,103,7
HyKKCXY8b,no_score,gvgai_chase,1,58,4
HyKKCXY8b,no_score,gvgai_chase,1,91,5
HyKKCXY8b,no_score,gvgai_chase,1,102,6
HyKKCXY8b,no_score,gvgai_chase,1,21,1
HyKKCXY8b,no_score,gvgai_chase,1,79,6
HyKKCXY8b,no_score,gvgai_chase,1,9,0
HyKKCXY8b,no_score,gvgai_chase,1,34,1
HyKKCXY8b,no_score,gvgai_chase,1,93,6
HyKKCXY8b,no_score,gvgai_chase,1,120,7
HyKKCXY8b,no_score,gvgai_chase,1,49,2
HyKKCXY8b,no_score,gvgai_chase,1,63,2
HyKKCXY8b,no_score,gvgai_chase,1,107,7
HyKKCXY8b,no_score,gvgai_chase,2,135,8
HyKKCXY8b,no_score,gvgai_chase,3,135,8
HyKKCXY8b,no_score,gvgai_chase,3,7,0
HyKKCXY8b,no_score,gvgai_chase,3,42,1
HyKKCXY8b,no_score,gvgai_chase,3,32,1
HyKKCXY8b,no_score,gvgai_chase,3,77,7
HyKKCXY8b,no_score,gvgai_chase,3,20,0
HyKKCXY8b,no_score,gvgai_chase,3,54,2
HyKKCXY8b,no_score,gvgai_chase,3,109,12
HyKKCXY8b,no_score,gvgai_chase,3,66,5
HyKKCXY8b,no_score,gvgai_chase,3,139,13
HyKKCXY8b,no_score,gvgai_chase,3,153,13
HyKKCXY8b,no_score,gvgai_chase,3,92,8
HyKKCXY8b,no_score,gvgai_chase,3,127,13
HyKKCXY8b,no_score,gvgai_chase,4,159,15
HyKKCXY8b,no_score,gvgai_chase,4,0,0
HyKKCXY8b,no_score,gvgai_chase,4,9,0
HyKKCXY8b,no_score,gvgai_chase,4,24,3
HyKKCXY8b,no_score,gvgai_chase,4,40,3
HyKKCXY8b,no_score,gvgai_chase,5,56,7
HyKKCXY8b,no_score,gvgai_chase,5,26,0
HyKKCXY8b,no_score,gvgai_chase,5,53,10
HyKKCXY8b,no_score,gvgai_chase,5,10,0
HyKKCXY8b,no_score,gvgai_chase,5,40,10
HyKKCXY8b,no_score,gvgai_chase,6,59,12
HyKKCXY8b,no_score,gvgai_boulderdash,0,56,0
HyKKCXY8b,no_score,gvgai_boulderdash,0,89,0
HyKKCXY8b,no_score,gvgai_boulderdash,0,230,0
HyKKCXY8b,no_score,gvgai_boulderdash,0,36,0
HyKKCXY8b,no_score,gvgai_boulderdash,0,46,0
HyKKCXY8b,no_score,gvgai_boulderdash,0,65,0
HyKKCXY8b,no_score,gvgai_boulderdash,0,102,0
HyKKCXY8b,no_score,gvgai_boulderdash,0,181,0
HyKKCXY8b,no_score,gvgai_boulderdash,0,195,0
HyKKCXY8b,no_score,gvgai_boulderdash,0,212,0
HyKKCXY8b,no_score,gvgai_boulderdash,0,2,0
HyKKCXY8b,no_score,gvgai_boulderdash,0,7,0
HyKKCXY8b,no_score,gvgai_boulderdash,0,13,0
HyKKCXY8b,no_score,gvgai_boulderdash,0,25,0
HyKKCXY8b,no_score,gvgai_boulderdash,0,73,0
HyKKCXY8b,no_score,gvgai_boulderdash,0,119,0
HyKKCXY8b,no_score,gvgai_boulderdash,0,138,0
HyKKCXY8b,no_score,gvgai_boulderdash,0,162,0
HyKKCXY8b,no_score,gvgai_boulderdash,0,232,0
HyKKCXY8b,no_score,gvgai_boulderdash,0,232,0
HyKKCXY8b,no_score,gvgai_boulderdash,0,1,0
HyKKCXY8b,no_score,gvgai_boulderdash,0,10,0
HyKKCXY8b,no_score,gvgai_boulderdash,0,18,0
HyKKCXY8b,no_score,gvgai_boulderdash,0,17,0
HyKKCXY8b,no_score,gvgai_boulderdash,0,7,0
HyKKCXY8b,no_score,gvgai_boulderdash,0,7,0
HyKKCXY8b,no_score,gvgai_boulderdash,0,12,0
HyKKCXY8b,no_score,gvgai_boulderdash,0,6,0
HyKKCXY8b,no_score,gvgai_boulderdash,0,13,0
HyKKCXY8b,no_score,gvgai_boulderdash,0,8,0
HyKKCXY8b,no_score,gvgai_boulderdash,0,16,0
HyKKCXY8b,no_score,gvgai_boulderdash,0,6,0
HyKKCXY8b,no_score,gvgai_boulderdash,0,12,0
HyKKCXY8b,no_score,gvgai_boulderdash,0,7,0
HyKKCXY8b,no_score,gvgai_boulderdash,0,14,0
HyKKCXY8b,no_score,gvgai_boulderdash,0,26,0
HyKKCXY8b,no_score,gvgai_boulderdash,0,58,0
HyKKCXY8b,no_score,gvgai_boulderdash,0,68,0
HyKKCXY8b,no_score,gvgai_boulderdash,0,47,0
HyKKCXY8b,no_score,gvgai_boulderdash,0,37,0
HyKKCXY8b,no_score,gvgai_boulderdash,0,68,0
HyKKCXY8b,no_score,gvgai_boulderdash,0,8,0
HyKKCXY8b,no_score,gvgai_boulderdash,0,16,0
HyKKCXY8b,no_score,gvgai_boulderdash,0,21,0
HyKKCXY8b,no_score,gvgai_boulderdash,0,31,0
HyKKCXY8b,no_score,gvgai_boulderdash,0,37,0
HyKKCXY8b,no_score,gvgai_boulderdash,0,5,0
HyKKCXY8b,no_score,gvgai_boulderdash,0,7,0
HyKKCXY8b,no_score,gvgai_boulderdash,0,5,0
HyKKCXY8b,no_score,gvgai_boulderdash,0,8,0
HyKKCXY8b,no_score,gvgai_boulderdash,0,6,0
HyKKCXY8b,no_score,gvgai_boulderdash,0,16,0
HyKKCXY8b,no_score,gvgai_boulderdash,0,11,0
HyKKCXY8b,no_score,gvgai_boulderdash,0,15,0
HyKKCXY8b,no_score,gvgai_boulderdash,0,14,0
HyKKCXY8b,no_score,gvgai_boulderdash,0,51,0
HyKKCXY8b,no_score,gvgai_boulderdash,0,56,0
HyKKCXY8b,no_score,gvgai_boulderdash,0,63,0
HyKKCXY8b,no_score,gvgai_boulderdash,0,64,0
HyKKCXY8b,no_score,gvgai_boulderdash,0,79,0
HyKKCXY8b,no_score,gvgai_boulderdash,0,82,0
HyKKCXY8b,no_score,gvgai_boulderdash,0,18,0
HyKKCXY8b,no_score,gvgai_boulderdash,0,30,0
HyKKCXY8b,no_score,gvgai_boulderdash,0,41,0
HyKKCXY8b,no_score,gvgai_boulderdash,0,89,0
HyKKCXY8b,no_score,gvgai_boulderdash,0,126,0
HyKKCXY8b,no_score,gvgai_boulderdash,0,10,0
HyKKCXY8b,no_score,gvgai_boulderdash,0,64,0
HyKKCXY8b,no_score,gvgai_boulderdash,0,20,0
HyKKCXY8b,no_score,gvgai_boulderdash,0,34,0
HyKKCXY8b,no_score,gvgai_boulderdash,0,45,0
HyKKCXY8b,no_score,gvgai_boulderdash,0,65,0
HyKKCXY8b,no_score,gvgai_boulderdash,0,71,0
HyKKCXY8b,no_score,gvgai_boulderdash,0,97,0
HyKKCXY8b,no_score,gvgai_boulderdash,0,116,0
HyKKCXY8b,no_score,gvgai_boulderdash,0,128,0
HyKKCXY8b,no_score,gvgai_boulderdash,0,28,0
HyKKCXY8b,no_score,gvgai_boulderdash,0,55,0
HyKKCXY8b,no_score,gvgai_boulderdash,0,113,0
HyKKCXY8b,no_score,gvgai_boulderdash,0,121,0
HyKKCXY8b,no_score,gvgai_boulderdash,0,128,0
HyKKCXY8b,no_score,gvgai_boulderdash,0,108,0
HyKKCXY8b,no_score,gvgai_boulderdash,0,30,0
HyKKCXY8b,no_score,gvgai_boulderdash,0,3,0
HyKKCXY8b,no_score,gvgai_boulderdash,0,28,0
HyKKCXY8b,no_score,gvgai_boulderdash,0,30,0
HyKKCXY8b,no_score,gvgai_boulderdash,0,32,0
HyKKCXY8b,no_score,gvgai_boulderdash,0,52,0
HyKKCXY8b,no_score,gvgai_boulderdash,0,14,0
HyKKCXY8b,no_score,gvgai_boulderdash,0,18,0
HyKKCXY8b,no_score,gvgai_boulderdash,0,30,0
HyKKCXY8b,no_score,gvgai_boulderdash,0,30,0
HyKKCXY8b,no_score,gvgai_boulderdash,0,30,0
HyKKCXY8b,no_score,gvgai_boulderdash,0,30,0
HyKKCXY8b,no_score,gvgai_boulderdash,0,39,0
HyKKCXY8b,no_score,gvgai_boulderdash,0,52,0
HyKKCXY8b,no_score,gvgai_boulderdash,0,45,0
HyaR0GtIb,no_score,gvgai_boulderdash,0,3,0
HyaR0GtIb,no_score,gvgai_boulderdash,0,13,0
HyaR0GtIb,no_score,gvgai_boulderdash,0,20,0
HyaR0GtIb,no_score,gvgai_boulderdash,0,3,0
HyaR0GtIb,no_score,gvgai_boulderdash,0,9,0
HyaR0GtIb,no_score,gvgai_boulderdash,0,15,0
HyaR0GtIb,no_score,gvgai_boulderdash,0,24,0
HyaR0GtIb,no_score,gvgai_boulderdash,0,33,0
HyaR0GtIb,no_score,gvgai_boulderdash,0,42,0
HyaR0GtIb,no_score,gvgai_boulderdash,0,48,0
HyaR0GtIb,no_score,gvgai_boulderdash,0,57,0
HyaR0GtIb,no_score,gvgai_boulderdash,0,66,0
HyaR0GtIb,no_score,gvgai_boulderdash,0,73,0
HyaR0GtIb,no_score,gvgai_boulderdash,0,83,0
HyaR0GtIb,no_score,gvgai_boulderdash,0,95,0
HyaR0GtIb,no_score,gvgai_boulderdash,0,110,0
HyaR0GtIb,no_score,gvgai_boulderdash,0,114,0
HyaR0GtIb,no_score,gvgai_boulderdash,0,121,0
HyaR0GtIb,no_score,gvgai_boulderdash,0,131,0
HyaR0GtIb,no_score,gvgai_boulderdash,0,142,0
HyaR0GtIb,no_score,gvgai_boulderdash,0,145,0
HyaR0GtIb,no_score,gvgai_boulderdash,0,145,0
HyaR0GtIb,no_score,gvgai_boulderdash,0,145,0
HyaR0GtIb,no_score,gvgai_boulderdash,0,145,0
HyaR0GtIb,no_score,gvgai_boulderdash,0,145,0
HyaR0GtIb,no_score,gvgai_boulderdash,0,146,0
HyaR0GtIb,no_score,gvgai_boulderdash,0,146,0
HyaR0GtIb,no_score,gvgai_boulderdash,0,5,0
HyaR0GtIb,no_score,gvgai_boulderdash,0,18,0
HyaR0GtIb,no_score,gvgai_boulderdash,0,49,0
HyaR0GtIb,no_score,gvgai_boulderdash,0,60,0
HyaR0GtIb,no_score,gvgai_boulderdash,0,67,0
HyaR0GtIb,no_score,gvgai_boulderdash,0,12,0
HyaR0GtIb,no_score,gvgai_boulderdash,0,30,0
HyaR0GtIb,no_score,gvgai_boulderdash,0,40,0
HyaR0GtIb,no_score,gvgai_boulderdash,0,26,0
HyaR0GtIb,no_score,gvgai_boulderdash,0,42,0
HyaR0GtIb,no_score,gvgai_boulderdash,0,6,0
HyaR0GtIb,no_score,gvgai_boulderdash,0,16,0
HyaR0GtIb,no_score,gvgai_boulderdash,0,35,0
HyaR0GtIb,no_score,gvgai_boulderdash,0,50,900
HyaR0GtIb,no_score,gvgai_boulderdash,0,50,900
HyaR0GtIb,no_score,gvgai_boulderdash,0,10,0
HyaR0GtIb,no_score,gvgai_boulderdash,0,2,0
HyaR0GtIb,no_score,gvgai_boulderdash,0,10,0
HyaR0GtIb,no_score,gvgai_boulderdash,0,9,0
HyaR0GtIb,no_score,gvgai_boulderdash,0,27,0
HyaR0GtIb,no_score,gvgai_boulderdash,0,34,0
HyaR0GtIb,no_score,gvgai_boulderdash,0,20,0
HyaR0GtIb,no_score,gvgai_boulderdash,0,39,0
HyaR0GtIb,no_score,gvgai_boulderdash,0,47,0
HyaR0GtIb,no_score,gvgai_boulderdash,0,56,0
HyaR0GtIb,no_score,gvgai_boulderdash,0,60,0
HyaR0GtIb,no_score,gvgai_boulderdash,0,10,0
HyaR0GtIb,no_score,gvgai_boulderdash,0,22,0
HyaR0GtIb,no_score,gvgai_boulderdash,0,29,0
HyaR0GtIb,no_score,gvgai_boulderdash,0,38,0
HyaR0GtIb,no_score,gvgai_boulderdash,0,48,0
HyaR0GtIb,no_score,gvgai_boulderdash,0,57,0
HyaR0GtIb,no_score,gvgai_boulderdash,0,66,0
HyaR0GtIb,no_score,gvgai_boulderdash,0,69,0
HyaR0GtIb,no_score,gvgai_boulderdash,0,10,0
HyaR0GtIb,no_score,gvgai_boulderdash,0,22,0
HyaR0GtIb,no_score,gvgai_boulderdash,0,31,0
HyaR0GtIb,no_score,gvgai_boulderdash,0,41,0
HyaR0GtIb,no_score,gvgai_boulderdash,0,49,0
HyaR0GtIb,no_score,gvgai_boulderdash,0,5,0
HyaR0GtIb,no_score,gvgai_boulderdash,0,14,1000
HyaR0GtIb,no_score,gvgai_boulderdash,0,21,1600
HyaR0GtIb,no_score,gvgai_boulderdash,0,26,1600
HyaR0GtIb,no_score,gvgai_boulderdash,0,30,1600
HyaR0GtIb,no_score,gvgai_boulderdash,0,38,1600
HyaR0GtIb,no_score,gvgai_boulderdash,0,43,1600
HyaR0GtIb,no_score,gvgai_boulderdash,0,8,0
HyaR0GtIb,no_score,gvgai_boulderdash,0,24,0
HyaR0GtIb,no_score,gvgai_boulderdash,0,18,0
HyaR0GtIb,no_score,gvgai_boulderdash,0,36,0
HyaR0GtIb,no_score,gvgai_boulderdash,0,51,0
HyaR0GtIb,no_score,gvgai_boulderdash,0,64,0
HyaR0GtIb,no_score,gvgai_boulderdash,0,45,0
HyaR0GtIb,no_score,gvgai_boulderdash,0,73,0
HyaR0GtIb,no_score,gvgai_boulderdash,0,82,0
HyaR0GtIb,no_score,gvgai_boulderdash,0,87,0
HyaR0GtIb,no_score,gvgai_boulderdash,0,5,0
HyaR0GtIb,no_score,gvgai_boulderdash,0,17,0
HyaR0GtIb,no_score,gvgai_boulderdash,0,29,0
HyaR0GtIb,no_score,gvgai_boulderdash,0,38,0
HyaR0GtIb,no_score,gvgai_boulderdash,0,49,0
HyaR0GtIb,no_score,gvgai_boulderdash,0,60,0
HyaR0GtIb,no_score,gvgai_boulderdash,0,72,0
HyaR0GtIb,no_score,gvgai_boulderdash,0,78,0
HyaR0GtIb,no_score,gvgai_boulderdash,0,85,0
HyaR0GtIb,no_score,gvgai_boulderdash,0,93,0
HyaR0GtIb,no_score,gvgai_boulderdash,0,103,0
HyaR0GtIb,no_score,gvgai_boulderdash,0,113,0
HyaR0GtIb,no_score,gvgai_boulderdash,0,115,0
HyaR0GtIb,no_score,gvgai_boulderdash,0,121,0
HyaR0GtIb,no_score,gvgai_boulderdash,0,123,0
HyaR0GtIb,no_score,gvgai_boulderdash,0,3,0
HyaR0GtIb,no_score,gvgai_boulderdash,0,16,0
HyaR0GtIb,no_score,gvgai_boulderdash,0,25,0
HyaR0GtIb,no_score,gvgai_boulderdash,0,37,0
HyaR0GtIb,no_score,gvgai_boulderdash,0,49,0
HyaR0GtIb,no_score,gvgai_boulderdash,0,25,0
HyaR0GtIb,no_score,gvgai_boulderdash,0,37,0
HyaR0GtIb,no_score,gvgai_boulderdash,0,86,0
HyaR0GtIb,no_score,gvgai_boulderdash,0,8,0
HyaR0GtIb,no_score,gvgai_boulderdash,0,16,0
HyaR0GtIb,no_score,gvgai_boulderdash,0,48,0
HyaR0GtIb,no_score,gvgai_boulderdash,0,54,0
HyaR0GtIb,no_score,gvgai_boulderdash,0,62,0
HyaR0GtIb,no_score,gvgai_boulderdash,0,75,0
HyaR0GtIb,no_score,gvgai_boulderdash,0,80,0
HyaR0GtIb,no_score,gvgai_boulderdash,0,89,0
HyaR0GtIb,no_score,gvgai_boulderdash,0,69,0
HyaR0GtIb,no_score,gvgai_boulderdash,0,85,0
HyaR0GtIb,no_score,gvgai_boulderdash,0,92,0
HyaR0GtIb,no_score,gvgai_boulderdash,0,0,0
HyaR0GtIb,no_score,gvgai_boulderdash,0,0,0
HyaR0GtIb,no_score,gvgai_boulderdash,0,0,0
HyaR0GtIb,no_score,gvgai_boulderdash,0,0,0
HyaR0GtIb,no_score,gvgai_sokoban,0,16,0
HyaR0GtIb,no_score,gvgai_sokoban,0,28,0
HyaR0GtIb,no_score,gvgai_sokoban,0,3,0
HyaR0GtIb,no_score,gvgai_sokoban,0,11,0
HyaR0GtIb,no_score,gvgai_sokoban,0,22,0
HyaR0GtIb,no_score,gvgai_sokoban,0,36,0
HyaR0GtIb,no_score,gvgai_sokoban,0,44,0
HyaR0GtIb,no_score,gvgai_sokoban,0,53,0
HyaR0GtIb,no_score,gvgai_sokoban,0,55,0
HyaR0GtIb,no_score,gvgai_sokoban,0,55,0
HyaR0GtIb,no_score,gvgai_sokoban,0,15,0
HyaR0GtIb,no_score,gvgai_sokoban,0,6,0
HyaR0GtIb,no_score,gvgai_sokoban,0,27,0
HyaR0GtIb,no_score,gvgai_sokoban,0,36,0
HyaR0GtIb,no_score,gvgai_sokoban,0,41,1
HyaR0GtIb,no_score,gvgai_sokoban,0,51,1
HyaR0GtIb,no_score,gvgai_sokoban,0,61,1
HyaR0GtIb,no_score,gvgai_sokoban,0,63,1
HyaR0GtIb,no_score,gvgai_sokoban,0,63,1
HyaR0GtIb,no_score,gvgai_sokoban,0,4,0
HyaR0GtIb,no_score,gvgai_sokoban,1,12,2
HyaR0GtIb,no_score,gvgai_sokoban,1,7,0
HyaR0GtIb,no_score,gvgai_sokoban,2,28,3
HyaR0GtIb,no_score,gvgai_sokoban,2,4,0
HyaR0GtIb,no_score,gvgai_sokoban,2,11,1
HyaR0GtIb,no_score,gvgai_sokoban,2,18,2
HyaR0GtIb,no_score,gvgai_sokoban,2,18,0
HyaR0GtIb,no_score,gvgai_sokoban,2,26,0
HyaR0GtIb,no_score,gvgai_sokoban,2,56,1
HyaR0GtIb,no_score,gvgai_sokoban,2,68,1
HyaR0GtIb,no_score,gvgai_sokoban,2,0,0
HyaR0GtIb,no_score,gvgai_sokoban,2,10,0
HyaR0GtIb,no_score,gvgai_sokoban,2,0,0
HyaR0GtIb,no_score,gvgai_sokoban,2,5,0
HyaR0GtIb,no_score,gvgai_sokoban,2,38,0
HyaR0GtIb,no_score,gvgai_sokoban,2,47,0
HyaR0GtIb,no_score,gvgai_sokoban,2,31,0
HyaR0GtIb,no_score,gvgai_sokoban,2,68,1
HyaR0GtIb,no_score,gvgai_sokoban,2,21,1
HyaR0GtIb,no_score,gvgai_sokoban,2,39,1
HyaR0GtIb,no_score,gvgai_sokoban,2,3,0
HyaR0GtIb,no_score,gvgai_sokoban,2,28,1
HyaR0GtIb,no_score,gvgai_sokoban,2,35,1
HyaR0GtIb,no_score,gvgai_sokoban,2,46,1
HyaR0GtIb,no_score,gvgai_sokoban,2,99,1
HyaR0GtIb,no_score,gvgai_sokoban,2,12,0
HyaR0GtIb,no_score,gvgai_sokoban,2,37,1
HyaR0GtIb,no_score,gvgai_sokoban,2,92,1
HyaR0GtIb,no_score,gvgai_sokoban,2,53,1
HyaR0GtIb,no_score,gvgai_sokoban,2,60,1
HyaR0GtIb,no_score,gvgai_sokoban,2,64,1
HyaR0GtIb,no_score,gvgai_sokoban,2,78,1
HyaR0GtIb,no_score,gvgai_sokoban,2,86,1
HyaR0GtIb,no_score,gvgai_sokoban,2,98,1
HyaR0GtIb,no_score,gvgai_sokoban,2,5,0
HyaR0GtIb,no_score,gvgai_sokoban,2,16,0
HyaR0GtIb,no_score,gvgai_sokoban,2,10,0
HyaR0GtIb,no_score,gvgai_sokoban,2,40,0
HyaR0GtIb,no_score,gvgai_sokoban,2,51,1
HyaR0GtIb,no_score,gvgai_sokoban,2,52,1
HyaR0GtIb,no_score,gvgai_sokoban,2,21,0
HyaR0GtIb,no_score,gvgai_sokoban,2,31,0
HyaR0GtIb,no_score,gvgai_sokoban,2,18,0
HyaR0GtIb,no_score,gvgai_sokoban,2,14,0
HyaR0GtIb,no_score,gvgai_sokoban,2,6,0
HyaR0GtIb,no_score,gvgai_sokoban,2,23,0
HyaR0GtIb,no_score,gvgai_sokoban,2,29,0
HyaR0GtIb,no_score,gvgai_sokoban,2,37,0
HyaR0GtIb,no_score,gvgai_sokoban,2,48,0
HyaR0GtIb,no_score,gvgai_sokoban,2,58,0
HyaR0GtIb,no_score,gvgai_sokoban,2,62,0
HyaR0GtIb,no_score,gvgai_sokoban,2,66,0
HyaR0GtIb,no_score,gvgai_sokoban,2,76,0
HyaR0GtIb,no_score,gvgai_sokoban,2,70,0
HyaR0GtIb,no_score,gvgai_sokoban,2,84,0
HyaR0GtIb,no_score,gvgai_sokoban,2,90,0
HyaR0GtIb,no_score,gvgai_sokoban,2,90,0
HyaR0GtIb,no_score,gvgai_sokoban,2,19,0
HyaR0GtIb,no_score,gvgai_sokoban,2,8,0
HyaR0GtIb,no_score,gvgai_sokoban,2,15,0
HyaR0GtIb,no_score,gvgai_sokoban,2,1,0
HyaR0GtIb,no_score,gvgai_sokoban,2,19,0
HyaR0GtIb,no_score,gvgai_sokoban,2,22,0
HyaR0GtIb,no_score,gvgai_sokoban,2,22,0
HyaR0GtIb,no_score,gvgai_sokoban,2,17,0
HyaR0GtIb,no_score,gvgai_sokoban,2,22,0
HyaR0GtIb,no_score,gvgai_sokoban,2,26,0
HyaR0GtIb,no_score,gvgai_sokoban,2,26,0
HyaR0GtIb,no_score,gvgai_sokoban,2,11,0
HyaR0GtIb,no_score,gvgai_sokoban,2,23,0
HyaR0GtIb,no_score,gvgai_sokoban,2,26,0
HyaR0GtIb,no_score,gvgai_sokoban,2,38,0
HyaR0GtIb,no_score,gvgai_sokoban,2,41,0
HyaR0GtIb,no_score,gvgai_sokoban,2,14,0
HyaR0GtIb,no_score,gvgai_sokoban,2,31,0
HyaR0GtIb,no_score,gvgai_sokoban,2,41,0
HyaR0GtIb,no_score,gvgai_sokoban,2,4,0
HyaR0GtIb,no_score,gvgai_chase,0,18,1
HyaR0GtIb,no_score,gvgai_chase,0,25,2
HyaR0GtIb,no_score,gvgai_chase,0,5,0
HyaR0GtIb,no_score,gvgai_chase,0,12,1
HyaR0GtIb,no_score,gvgai_chase,0,35,2
HyaR0GtIb,no_score,gvgai_chase,0,44,2
HyaR0GtIb,no_score,gvgai_chase,0,46,2
HyaR0GtIb,no_score,gvgai_chase,0,48,2
HyaR0GtIb,no_score,gvgai_chase,0,112,6
HyaR0GtIb,no_score,gvgai_chase,0,125,6
HyaR0GtIb,no_score,gvgai_chase,0,34,2
HyaR0GtIb,no_score,gvgai_chase,0,62,3
HyaR0GtIb,no_score,gvgai_chase,0,85,4
HyaR0GtIb,no_score,gvgai_chase,0,10,0
HyaR0GtIb,no_score,gvgai_chase,0,20,1
HyaR0GtIb,no_score,gvgai_chase,0,71,4
HyaR0GtIb,no_score,gvgai_chase,0,99,5
HyaR0GtIb,no_score,gvgai_chase,1,128,6
HyaR0GtIb,no_score,gvgai_chase,1,71,4
HyaR0GtIb,no_score,gvgai_chase,1,24,1
HyaR0GtIb,no_score,gvgai_chase,1,41,2
HyaR0GtIb,no_score,gvgai_chase,1,86,4
HyaR0GtIb,no_score,gvgai_chase,1,11,0
HyaR0GtIb,no_score,gvgai_chase,1,54,2
HyaR0GtIb,no_score,gvgai_chase,1,103,7
HyaR0GtIb,no_score,gvgai_chase,1,121,7
HyaR0GtIb,no_score,gvgai_chase,2,130,8
HyaR0GtIb,no_score,gvgai_chase,2,0,0
HyaR0GtIb,no_score,gvgai_chase,2,0,0
HyaR0GtIb,no_score,gvgai_chase,2,0,0
HyaR0GtIb,no_score,gvgai_chase,2,16,2
HyaR0GtIb,no_score,gvgai_chase,2,32,3
HyaR0GtIb,no_score,gvgai_chase,2,49,6
HyaR0GtIb,no_score,gvgai_chase,2,69,7
HyaR0GtIb,no_score,gvgai_chase,2,86,8
HyaR0GtIb,no_score,gvgai_chase,2,104,9
HyaR0GtIb,no_score,gvgai_chase,2,118,11
HyaR0GtIb,no_score,gvgai_chase,3,132,15
HyaR0GtIb,no_score,gvgai_chase,3,12,0
HyaR0GtIb,no_score,gvgai_chase,3,32,3
HyaR0GtIb,no_score,gvgai_chase,4,48,8
HyaR0GtIb,no_score,gvgai_chase,4,13,0
HyaR0GtIb,no_score,gvgai_chase,4,31,0
HyaR0GtIb,no_score,gvgai_chase,5,43,12
HyaR0GtIb,no_score,gvgai_portals,0,2,0
HyaR0GtIb,no_score,gvgai_portals,0,8,0
HyaR0GtIb,no_score,gvgai_portals,0,11,0
HyaR0GtIb,no_score,gvgai_portals,0,9,0
HyaR0GtIb,no_score,gvgai_portals,0,16,0
HyaR0GtIb,no_score,gvgai_portals,0,3,0
HyaR0GtIb,no_score,gvgai_portals,0,24,0
HyaR0GtIb,no_score,gvgai_portals,0,28,0
HyaR0GtIb,no_score,gvgai_portals,0,3,0
HyaR0GtIb,no_score,gvgai_portals,0,8,0
HyaR0GtIb,no_score,gvgai_portals,0,16,0
HyaR0GtIb,no_score,gvgai_portals,0,6,0
HyaR0GtIb,no_score,gvgai_portals,0,7,0
HyaR0GtIb,no_score,gvgai_portals,0,28,0
HyaR0GtIb,no_score,gvgai_portals,0,43,0
HyaR0GtIb,no_score,gvgai_portals,0,48,0
HyaR0GtIb,no_score,gvgai_portals,0,6,0
HyaR0GtIb,no_score,gvgai_portals,0,27,0
HyaR0GtIb,no_score,gvgai_portals,0,32,0
HyaR0GtIb,no_score,gvgai_portals,0,39,0
HyaR0GtIb,no_score,gvgai_portals,1,51,1
HyaR0GtIb,no_score,gvgai_portals,1,4,0
HyaR0GtIb,no_score,gvgai_portals,1,5,0
HyaR0GtIb,no_score,gvgai_portals,1,8,0
HyaR0GtIb,no_score,gvgai_portals,1,15,0
HyaR0GtIb,no_score,gvgai_portals,1,19,0
HyaR0GtIb,no_score,gvgai_portals,1,26,0
HyaR0GtIb,no_score,gvgai_portals,1,48,0
HyaR0GtIb,no_score,gvgai_portals,1,4,0
HyaR0GtIb,no_score,gvgai_portals,1,5,0
HyaR0GtIb,no_score,gvgai_portals,1,7,0
HyaR0GtIb,no_score,gvgai_portals,1,4,0
HyaR0GtIb,no_score,gvgai_portals,1,7,0
HyaR0GtIb,no_score,gvgai_portals,1,9,0
HyaR0GtIb,no_score,gvgai_portals,1,4,0
HyaR0GtIb,no_score,gvgai_portals,1,8,0
HyaR0GtIb,no_score,gvgai_portals,1,12,0
HyaR0GtIb,no_score,gvgai_portals,1,4,0
HyaR0GtIb,no_score,gvgai_portals,1,13,0
HyaR0GtIb,no_score,gvgai_portals,1,3,0
HyaR0GtIb,no_score,gvgai_portals,1,8,0
HyaR0GtIb,no_score,gvgai_portals,1,15,0
HyaR0GtIb,no_score,gvgai_portals,1,10,0
HyaR0GtIb,no_score,gvgai_portals,1,15,0
HyaR0GtIb,no_score,gvgai_portals,1,8,0
HyaR0GtIb,no_score,gvgai_portals,1,9,0
HyaR0GtIb,no_score,gvgai_portals,1,4,0
HyaR0GtIb,no_score,gvgai_portals,1,6,0
HyaR0GtIb,no_score,gvgai_portals,1,9,0
HyaR0GtIb,no_score,gvgai_portals,1,9,0
HyaR0GtIb,no_score,gvgai_portals,1,3,0
HyaR0GtIb,no_score,gvgai_portals,1,15,0
HyaR0GtIb,no_score,gvgai_portals,1,21,0
HyaR0GtIb,no_score,gvgai_portals,1,26,0
HyaR0GtIb,no_score,gvgai_portals,1,28,0
HyaR0GtIb,no_score,gvgai_portals,1,3,0
HyaR0GtIb,no_score,gvgai_portals,1,10,0
HyaR0GtIb,no_score,gvgai_portals,1,12,0
HyaR0GtIb,no_score,gvgai_portals,1,6,0
HyaR0GtIb,no_score,gvgai_portals,1,14,0
HyaR0GtIb,no_score,gvgai_portals,1,13,0
HyaR0GtIb,no_score,gvgai_portals,1,8,0
HyaR0GtIb,no_score,gvgai_portals,1,4,0
HyaR0GtIb,no_score,gvgai_portals,1,11,0
HyaR0GtIb,no_score,gvgai_portals,1,3,0
HyaR0GtIb,no_score,gvgai_portals,1,17,0
HyaR0GtIb,no_score,gvgai_portals,1,28,0
HyaR0GtIb,no_score,gvgai_portals,1,11,0
HyaR0GtIb,no_score,gvgai_portals,1,24,0
HyaR0GtIb,no_score,gvgai_portals,1,6,0
HyaR0GtIb,no_score,gvgai_portals,1,16,0
HyaR0GtIb,no_score,gvgai_portals,1,17,0
HyaR0GtIb,no_score,gvgai_portals,1,21,0
HyaR0GtIb,no_score,gvgai_portals,1,5,0
HyaR0GtIb,no_score,gvgai_portals,1,7,0
HyaR0GtIb,no_score,gvgai_portals,1,13,0
HyaR0GtIb,no_score,gvgai_portals,2,19,1
HyaR0GtIb,no_score,gvgai_portals,2,0,0
HyaR0GtIb,no_score,gvgai_frogs,0,1,0
HyaR0GtIb,no_score,gvgai_frogs,0,0,0
HyaR0GtIb,no_score,gvgai_frogs,0,4,0
HyaR0GtIb,no_score,gvgai_frogs,0,2,0
HyaR0GtIb,no_score,gvgai_frogs,0,5,0
HyaR0GtIb,no_score,gvgai_frogs,0,8,0
HyaR0GtIb,no_score,gvgai_frogs,0,4,0
HyaR0GtIb,no_score,gvgai_frogs,0,10,0
HyaR0GtIb,no_score,gvgai_frogs,0,7,0
HyaR0GtIb,no_score,gvgai_frogs,0,12,0
HyaR0GtIb,no_score,gvgai_frogs,0,14,0
HyaR0GtIb,no_score,gvgai_frogs,0,7,0
HyaR0GtIb,no_score,gvgai_frogs,0,11,0
HyaR0GtIb,no_score,gvgai_frogs,0,11,0
HyaR0GtIb,no_score,gvgai_frogs,0,11,0
HyaR0GtIb,no_score,gvgai_frogs,0,18,0
HyaR0GtIb,no_score,gvgai_frogs,0,20,0
HyaR0GtIb,no_score,gvgai_frogs,0,20,0
HyaR0GtIb,no_score,gvgai_frogs,0,20,0
HyaR0GtIb,no_score,gvgai_frogs,0,20,0
HyaR0GtIb,no_score,gvgai_frogs,0,23,0
HyaR0GtIb,no_score,gvgai_frogs,0,20,0
HyaR0GtIb,no_score,gvgai_frogs,0,30,0
HyaR0GtIb,no_score,gvgai_frogs,0,4,0
HyaR0GtIb,no_score,gvgai_frogs,0,10,0
HyaR0GtIb,no_score,gvgai_frogs,0,20,0
HyaR0GtIb,no_score,gvgai_frogs,1,24,1
HyaR0GtIb,no_score,gvgai_frogs,1,0,0
HyaR0GtIb,no_score,gvgai_frogs,1,8,0
HyaR0GtIb,no_score,gvgai_frogs,1,1,0
HyaR0GtIb,no_score,gvgai_frogs,1,7,0
HyaR0GtIb,no_score,gvgai_frogs,1,7,0
HyaR0GtIb,no_score,gvgai_frogs,1,7,0
HyaR0GtIb,no_score,gvgai_frogs,1,7,0
HyaR0GtIb,no_score,gvgai_frogs,1,11,0
HyaR0GtIb,no_score,gvgai_frogs,1,11,0
HyaR0GtIb,no_score,gvgai_frogs,2,15,1
HyaR0GtIb,no_score,gvgai_frogs,2,2,0
HyaR0GtIb,no_score,gvgai_frogs,2,2,0
HyaR0GtIb,no_score,gvgai_frogs,2,2,0
HyaR0GtIb,no_score,gvgai_frogs,2,5,0
HyaR0GtIb,no_score,gvgai_frogs,2,5,0
HyaR0GtIb,no_score,gvgai_frogs,2,16,0
HyaR0GtIb,no_score,gvgai_frogs,2,3,0
HyaR0GtIb,no_score,gvgai_frogs,2,14,0
HyaR0GtIb,no_score,gvgai_frogs,2,12,0
HyaR0GtIb,no_score,gvgai_frogs,2,15,0
HyaR0GtIb,no_score,gvgai_frogs,2,13,0
HyaR0GtIb,no_score,gvgai_frogs,2,14,0
HyaR0GtIb,no_score,gvgai_frogs,2,11,0
HyaR0GtIb,no_score,gvgai_frogs,2,13,0
HyaR0GtIb,no_score,gvgai_frogs,2,16,0
HyaR0GtIb,no_score,gvgai_frogs,2,14,0
HyaR0GtIb,no_score,gvgai_frogs,2,14,0
HyaR0GtIb,no_score,gvgai_frogs,2,14,0
HyaR0GtIb,no_score,gvgai_frogs,2,5,0
HyaR0GtIb,no_score,gvgai_frogs,2,16,0
HyaR0GtIb,no_score,gvgai_frogs,2,11,0
HyaR0GtIb,no_score,gvgai_frogs,2,15,0
HyaR0GtIb,no_score,gvgai_frogs,2,15,0
HyaR0GtIb,no_score,gvgai_frogs,2,15,0
HyaR0GtIb,no_score,gvgai_frogs,2,16,0
HyaR0GtIb,no_score,gvgai_frogs,2,11,0
HyaR0GtIb,no_score,gvgai_frogs,2,16,0
HyaR0GtIb,no_score,gvgai_frogs,2,16,0
HyaR0GtIb,no_score,gvgai_frogs,2,17,0
HyaR0GtIb,no_score,gvgai_frogs,2,16,0
HyaR0GtIb,no_score,gvgai_frogs,2,22,0
HyaR0GtIb,no_score,gvgai_frogs,2,6,0
HyaR0GtIb,no_score,gvgai_frogs,2,16,0
HyaR0GtIb,no_score,gvgai_frogs,2,18,0
HyaR0GtIb,no_score,gvgai_frogs,2,24,0
HyaR0GtIb,no_score,gvgai_frogs,2,15,0
HyaR0GtIb,no_score,gvgai_frogs,2,18,0
HyaR0GtIb,no_score,gvgai_frogs,2,22,0
HyaR0GtIb,no_score,gvgai_frogs,2,18,0
HyaR0GtIb,no_score,gvgai_frogs,2,13,0
HyaR0GtIb,no_score,gvgai_frogs,2,22,0
HyaR0GtIb,no_score,gvgai_frogs,2,18,0
HyaR0GtIb,no_score,gvgai_frogs,2,22,0
HyaR0GtIb,no_score,gvgai_frogs,2,23,0
HyaR0GtIb,no_score,gvgai_frogs,2,14,0
HyaR0GtIb,no_score,gvgai_frogs,2,15,0
HyaR0GtIb,no_score,gvgai_frogs,2,11,0
HyaR0GtIb,no_score,gvgai_frogs,2,12,0
HyaR0GtIb,no_score,gvgai_survivezombies,0,23,3
HyaR0GtIb,no_score,gvgai_survivezombies,0,43,5
HyaR0GtIb,no_score,gvgai_survivezombies,0,0,0
HyaR0GtIb,no_score,gvgai_survivezombies,0,0,0
HyaR0GtIb,no_score,gvgai_survivezombies,0,38,5
HyaR0GtIb,no_score,gvgai_survivezombies,0,0,0
HyaR0GtIb,no_score,gvgai_survivezombies,0,0,0
HyaR0GtIb,no_score,gvgai_survivezombies,0,17,3
HyaR0GtIb,no_score,gvgai_survivezombies,0,29,3
HyaR0GtIb,no_score,gvgai_survivezombies,0,40,5
HyaR0GtIb,no_score,gvgai_survivezombies,0,0,0
HyaR0GtIb,no_score,gvgai_survivezombies,0,0,0
HyaR0GtIb,no_score,gvgai_survivezombies,0,0,0
HyaR0GtIb,no_score,gvgai_survivezombies,0,5,1
HyaR0GtIb,no_score,gvgai_survivezombies,0,49,14
HyaR0GtIb,no_score,gvgai_survivezombies,0,0,0
HyaR0GtIb,no_score,gvgai_survivezombies,0,0,0
HyaR0GtIb,no_score,gvgai_survivezombies,0,0,0
HyaR0GtIb,no_score,gvgai_survivezombies,0,35,4
HyaR0GtIb,no_score,gvgai_survivezombies,0,9,3
HyaR0GtIb,no_score,gvgai_survivezombies,0,17,4
HyaR0GtIb,no_score,gvgai_survivezombies,0,26,4
HyaR0GtIb,no_score,gvgai_survivezombies,0,34,4
HyaR0GtIb,no_score,gvgai_survivezombies,0,8,1
HyaR0GtIb,no_score,gvgai_survivezombies,0,13,3
HyaR0GtIb,no_score,gvgai_survivezombies,0,20,4
HyaR0GtIb,no_score,gvgai_survivezombies,0,30,8
HyaR0GtIb,no_score,gvgai_survivezombies,0,44,10
HyaR0GtIb,no_score,gvgai_survivezombies,0,51,10
HyaR0GtIb,no_score,gvgai_survivezombies,0,62,10
HyaR0GtIb,no_score,gvgai_survivezombies,0,63,10
HyaR0GtIb,no_score,gvgai_survivezombies,0,9,3
HyaR0GtIb,no_score,gvgai_survivezombies,0,24,5
HyaR0GtIb,no_score,gvgai_survivezombies,0,32,7
HyaR0GtIb,no_score,gvgai_survivezombies,0,67,16
HyaR0GtIb,no_score,gvgai_survivezombies,0,43,10
HyaR0GtIb,no_score,gvgai_survivezombies,0,64,16
HyaR0GtIb,no_score,gvgai_survivezombies,0,50,14
HyaR0GtIb,no_score,gvgai_survivezombies,0,9,2
HyaR0GtIb,no_score,gvgai_survivezombies,0,78,16
HyaR0GtIb,no_score,gvgai_survivezombies,0,95,17
HyaR0GtIb,no_score,gvgai_survivezombies,0,95,17
HyaR0GtIb,no_score,gvgai_survivezombies,0,98,17
HyaR0GtIb,no_score,gvgai_survivezombies,0,101,20
HyaR0GtIb,no_score,gvgai_survivezombies,1,142,27
HyaR0GtIb,no_score,gvgai_survivezombies,1,94,16
HyaR0GtIb,no_score,gvgai_survivezombies,1,119,23
HyaR0GtIb,no_score,gvgai_survivezombies,1,128,25
HyaR0GtIb,no_score,gvgai_survivezombies,1,34,9
HyaR0GtIb,no_score,gvgai_survivezombies,1,95,17
HyaR0GtIb,no_score,gvgai_survivezombies,1,137,26
HyaR0GtIb,no_score,gvgai_survivezombies,1,24,5
HyaR0GtIb,no_score,gvgai_survivezombies,1,44,9
HyaR0GtIb,no_score,gvgai_survivezombies,1,95,17
HyaR0GtIb,no_score,gvgai_survivezombies,1,95,17
HyaR0GtIb,no_score,gvgai_survivezombies,1,52,12
HyaR0GtIb,no_score,gvgai_survivezombies,1,64,14
HyaR0GtIb,no_score,gvgai_survivezombies,1,95,17
HyaR0GtIb,no_score,gvgai_survivezombies,1,107,21
HyaR0GtIb,no_score,gvgai_survivezombies,1,35,11
HyaR0GtIb,no_score,gvgai_survivezombies,1,50,16
HyaR0GtIb,no_score,gvgai_survivezombies,1,61,20
HyaR0GtIb,no_score,gvgai_survivezombies,1,9,1
HyaR0GtIb,no_score,gvgai_survivezombies,1,21,6
HyaR0GtIb,no_score,gvgai_survivezombies,1,78,20
HyaR0GtIb,no_score,gvgai_survivezombies,1,52,12
HyaR0GtIb,no_score,gvgai_survivezombies,1,8,1
HyaR0GtIb,no_score,gvgai_survivezombies,1,58,12
HyaR0GtIb,no_score,gvgai_survivezombies,1,20,5
HyaR0GtIb,no_score,gvgai_survivezombies,1,32,9
HyaR0GtIb,no_score,gvgai_survivezombies,1,43,12
HyaR0GtIb,no_score,gvgai_survivezombies,1,15,4
HyaR0GtIb,no_score,gvgai_survivezombies,1,38,12
HyaR0GtIb,no_score,gvgai_survivezombies,1,43,13
HyaR0GtIb,no_score,gvgai_survivezombies,1,6,0
HyaR0GtIb,no_score,gvgai_survivezombies,1,26,8
HyaR0GtIb,no_score,gvgai_survivezombies,1,0,0
HyaR0GtIb,no_score,gvgai_survivezombies,1,8,2
HyaR0GtIb,no_score,gvgai_survivezombies,1,19,7
HyaR0GtIb,no_score,gvgai_survivezombies,1,29,9
HyaR0GtIb,no_score,gvgai_survivezombies,1,31,9
HyaR0GtIb,no_score,gvgai_survivezombies,1,6,1
HyaR0GtIb,no_score,gvgai_survivezombies,1,33,10
HyaR0GtIb,no_score,gvgai_survivezombies,1,54,12
HyaR0GtIb,no_score,gvgai_survivezombies,1,21,4
HyaR0GtIb,no_score,gvgai_survivezombies,1,43,12
HyaR0GtIb,no_score,gvgai_survivezombies,1,56,14
HyaR0GtIb,no_score,gvgai_survivezombies,1,41,13
HyaR0GtIb,no_score,gvgai_survivezombies,1,0,0
HyaR0GtIb,no_score,gvgai_survivezombies,1,56,13
HyaR0GtIb,no_score,gvgai_survivezombies,1,11,1
HyaR0GtIb,no_score,gvgai_survivezombies,1,66,18
HyaR0GtIb,no_score,gvgai_survivezombies,1,109,30
HyaR0GtIb,no_score,gvgai_survivezombies,1,21,4
HyaR0GtIb,no_score,gvgai_survivezombies,1,116,34
HyaR0GtIb,no_score,gvgai_survivezombies,1,30,8
HyaR0GtIb,no_score,gvgai_survivezombies,1,78,23
HyaR0GtIb,no_score,gvgai_survivezombies,1,86,24
HyaR0GtIb,no_score,gvgai_survivezombies,1,95,29
S1qR283W7,no_score,gvgai_tercio,0,2,0
S1qR283W7,no_score,gvgai_tercio,0,11,0
S1qR283W7,no_score,gvgai_tercio,0,17,0
S1qR283W7,no_score,gvgai_tercio,0,27,0
S1qR283W7,no_score,gvgai_tercio,0,33,0
S1qR283W7,no_score,gvgai_tercio,1,41,2
S1qR283W7,no_score,gvgai_tercio,1,3,0
S1qR283W7,no_score,gvgai_tercio,1,8,0
S1qR283W7,no_score,gvgai_tercio,1,12,0
S1qR283W7,no_score,gvgai_tercio,1,19,0
S1qR283W7,no_score,gvgai_tercio,1,24,0
S1qR283W7,no_score,gvgai_tercio,1,37,0
S1qR283W7,no_score,gvgai_tercio,1,42,0
SJ2czXt8b,no_score,gvgai_butterflies,0,2,0
SJ2czXt8b,no_score,gvgai_butterflies,0,2,0
SJ2czXt8b,no_score,gvgai_butterflies,0,54,10
SJ2czXt8b,no_score,gvgai_butterflies,0,71,20
SJ2czXt8b,no_score,gvgai_butterflies,1,74,22
SJ2czXt8b,no_score,gvgai_butterflies,1,78,22
SJ2czXt8b,no_score,gvgai_butterflies,1,17,6
SJ2czXt8b,no_score,gvgai_butterflies,2,106,32
SJ2czXt8b,no_score,gvgai_butterflies,2,53,16
SJ2czXt8b,no_score,gvgai_butterflies,2,1,0
SJ2czXt8b,no_score,gvgai_butterflies,2,96,24
SJ2czXt8b,no_score,gvgai_butterflies,2,0,0
SJ2czXt8b,no_score,gvgai_butterflies,2,0,0
SJ2czXt8b,no_score,gvgai_butterflies,2,0,0
SJ2czXt8b,no_score,gvgai_butterflies,2,0,0
SJ2czXt8b,no_score,gvgai_butterflies,2,0,0
SJ2czXt8b,no_score,gvgai_butterflies,2,0,0
SJ2czXt8b,no_score,gvgai_butterflies,2,0,0
SJ2czXt8b,no_score,gvgai_butterflies,2,0,0
SJ2czXt8b,no_score,gvgai_butterflies,2,0,0
SJ2czXt8b,no_score,gvgai_butterflies,2,0,0
SJ2czXt8b,no_score,gvgai_butterflies,2,0,0
SJ2czXt8b,no_score,gvgai_butterflies,2,0,0
SJ2czXt8b,no_score,gvgai_butterflies,2,0,0
SJ2czXt8b,no_score,gvgai_butterflies,2,0,0
SJ2czXt8b,no_score,gvgai_butterflies,2,0,0
SJ2czXt8b,no_score,gvgai_butterflies,2,0,0
SJ2czXt8b,no_score,gvgai_butterflies,2,0,0
SJ2czXt8b,no_score,gvgai_butterflies,2,0,0
SJ2czXt8b,no_score,gvgai_butterflies,2,0,0
SJ2czXt8b,no_score,gvgai_butterflies,2,0,0
SJ2czXt8b,no_score,gvgai_butterflies,2,0,0
SJ2czXt8b,no_score,gvgai_butterflies,2,0,0
SJ2czXt8b,no_score,gvgai_butterflies,2,0,0
SJ2czXt8b,no_score,gvgai_butterflies,2,0,0
SJ2czXt8b,no_score,gvgai_butterflies,2,0,0
SJ2czXt8b,no_score,gvgai_butterflies,2,0,0
SJ2czXt8b,no_score,gvgai_butterflies,2,0,0
SJ2czXt8b,no_score,gvgai_butterflies,2,0,0
SJ2czXt8b,no_score,gvgai_butterflies,2,0,0
SJ2czXt8b,no_score,gvgai_butterflies,2,0,0
SJ2czXt8b,no_score,gvgai_butterflies,2,0,0
SJ2czXt8b,no_score,gvgai_butterflies,2,0,0
SJ2czXt8b,no_score,gvgai_butterflies,2,0,0
SJ2czXt8b,no_score,gvgai_butterflies,2,0,0
SJ2czXt8b,no_score,gvgai_butterflies,2,0,0
SJ2czXt8b,no_score,gvgai_butterflies,2,0,0
SJ2czXt8b,no_score,gvgai_butterflies,2,0,0
SJ2czXt8b,no_score,gvgai_butterflies,2,0,0
SJ2czXt8b,no_score,gvgai_butterflies,2,0,0
SJ2czXt8b,no_score,gvgai_butterflies,2,0,0
SJ2czXt8b,no_score,gvgai_butterflies,2,0,0
SJ2czXt8b,no_score,gvgai_butterflies,2,0,0
SJ2czXt8b,no_score,gvgai_butterflies,2,0,0
SJ2czXt8b,no_score,gvgai_butterflies,2,0,0
SJ2czXt8b,no_score,gvgai_butterflies,2,0,0
SJ2czXt8b,no_score,gvgai_butterflies,2,0,0
SJ2czXt8b,no_score,gvgai_butterflies,2,0,0
SJ2czXt8b,no_score,gvgai_butterflies,2,0,0
SJ2czXt8b,no_score,gvgai_butterflies,2,0,0
SJ2czXt8b,no_score,gvgai_butterflies,2,0,0
SJ2czXt8b,no_score,gvgai_butterflies,2,0,0
SJ2czXt8b,no_score,gvgai_butterflies,2,0,0
SJ2czXt8b,no_score,gvgai_butterflies,2,0,0
SJ2czXt8b,no_score,gvgai_butterflies,2,0,0
SJ2czXt8b,no_score,gvgai_butterflies,2,0,0
SJ2czXt8b,no_score,gvgai_butterflies,2,0,0
SJ2czXt8b,no_score,gvgai_butterflies,2,0,0
SJ2czXt8b,no_score,gvgai_butterflies,2,0,0
SJ2czXt8b,no_score,gvgai_butterflies,2,0,0
SJ2czXt8b,no_score,gvgai_butterflies,2,0,0
SJ2czXt8b,no_score,gvgai_butterflies,2,0,0
SJ2czXt8b,no_score,gvgai_butterflies,2,0,0
SJ2czXt8b,no_score,gvgai_butterflies,2,0,0
SJ2czXt8b,no_score,gvgai_butterflies,2,0,0
SJ2czXt8b,no_score,gvgai_butterflies,2,0,0
SJ2czXt8b,no_score,gvgai_butterflies,2,0,0
SJ2czXt8b,no_score,gvgai_butterflies,2,0,0
SJ2czXt8b,no_score,gvgai_butterflies,2,0,0
SJ2czXt8b,no_score,gvgai_butterflies,2,0,0
SJ2czXt8b,no_score,gvgai_butterflies,2,0,0
SJ2czXt8b,no_score,gvgai_butterflies,2,0,0
SJ2czXt8b,no_score,gvgai_butterflies,2,0,0
SJ2czXt8b,no_score,gvgai_butterflies,2,0,0
SJ2czXt8b,no_score,gvgai_butterflies,2,0,0
SJ2czXt8b,no_score,gvgai_butterflies,2,0,0
SJ2czXt8b,no_score,gvgai_butterflies,2,0,0
SJ2czXt8b,no_score,gvgai_butterflies,2,0,0
SJ2czXt8b,no_score,gvgai_butterflies,2,0,0
SJ2czXt8b,no_score,gvgai_butterflies,2,0,0
SJ2czXt8b,no_score,gvgai_butterflies,2,0,0
SJ2czXt8b,no_score,gvgai_butterflies,2,0,0
SJ2czXt8b,no_score,gvgai_butterflies,2,0,0
SJ2czXt8b,no_score,gvgai_butterflies,2,0,0
SJ2czXt8b,no_score,gvgai_butterflies,2,0,0
SJ2czXt8b,no_score,gvgai_butterflies,2,0,0
SJ2czXt8b,no_score,gvgai_butterflies,2,0,0
SJ2czXt8b,no_score,gvgai_butterflies,2,0,0
SJ2czXt8b,no_score,gvgai_butterflies,2,0,0
SJ2czXt8b,no_score,gvgai_butterflies,2,0,0
SJ2czXt8b,no_score,gvgai_butterflies,2,0,0
SJ2czXt8b,no_score,gvgai_butterflies,2,0,0
SJ2czXt8b,no_score,gvgai_butterflies,2,0,0
SJ2czXt8b,no_score,gvgai_butterflies,2,0,0
SJ2czXt8b,no_score,gvgai_butterflies,2,0,0
SJ2czXt8b,no_score,gvgai_butterflies,2,0,0
SJ2czXt8b,no_score,gvgai_butterflies,2,0,0
SJ2czXt8b,no_score,gvgai_butterflies,2,0,0
SJ2czXt8b,no_score,gvgai_butterflies,2,0,0
SJ2czXt8b,no_score,gvgai_butterflies,2,0,0
SJ2czXt8b,no_score,gvgai_butterflies,2,0,0
SJ2czXt8b,no_score,gvgai_butterflies,2,0,0
SJ2czXt8b,no_score,gvgai_butterflies,2,0,0
SJ2czXt8b,no_score,gvgai_butterflies,2,0,0
SJ2czXt8b,no_score,gvgai_butterflies,2,0,0
SJ2czXt8b,no_score,gvgai_butterflies,2,0,0
SJ2czXt8b,no_score,gvgai_butterflies,2,0,0
SJ2czXt8b,no_score,gvgai_butterflies,2,0,0
SJ2czXt8b,no_score,gvgai_butterflies,2,0,0
SJ2czXt8b,no_score,gvgai_butterflies,2,0,0
SJ2czXt8b,no_score,gvgai_butterflies,2,0,0
SJ2czXt8b,no_score,gvgai_butterflies,2,0,0
SJ2czXt8b,no_score,gvgai_butterflies,2,0,0
SJ2czXt8b,no_score,gvgai_butterflies,2,0,0
SJ2czXt8b,no_score,gvgai_butterflies,2,0,0
SJ2czXt8b,no_score,gvgai_butterflies,2,0,0
SJ2czXt8b,no_score,gvgai_butterflies,2,0,0
SJ2czXt8b,no_score,gvgai_butterflies,2,0,0
SJ2czXt8b,no_score,gvgai_butterflies,2,5,0
SJ2czXt8b,no_score,gvgai_butterflies,2,0,0
SJ2czXt8b,no_score,gvgai_butterflies,2,0,0
SJ2czXt8b,no_score,gvgai_butterflies,2,0,0
SJ2czXt8b,no_score,gvgai_butterflies,2,0,0
SJ2czXt8b,no_score,gvgai_butterflies,2,0,0
SJ2czXt8b,no_score,gvgai_butterflies,2,0,0
SJ2czXt8b,no_score,gvgai_butterflies,2,0,0
SJ2czXt8b,no_score,gvgai_butterflies,2,0,0
SJ2czXt8b,no_score,gvgai_butterflies,2,0,0
SJ2czXt8b,no_score,gvgai_butterflies,2,0,0
SJ2czXt8b,no_score,gvgai_butterflies,2,0,0
SJ2czXt8b,no_score,gvgai_butterflies,2,0,0
SJ2czXt8b,no_score,gvgai_butterflies,2,0,0
SJ2czXt8b,no_score,gvgai_butterflies,2,0,0
SJ2czXt8b,no_score,gvgai_butterflies,2,0,0
SJ2czXt8b,no_score,gvgai_butterflies,2,0,0
SJ2czXt8b,no_score,gvgai_butterflies,2,0,0
SJ2czXt8b,no_score,gvgai_butterflies,2,0,0
SJ2czXt8b,no_score,gvgai_butterflies,2,0,0
SJ2czXt8b,no_score,gvgai_butterflies,2,0,0
SJ2czXt8b,no_score,gvgai_butterflies,2,0,0
SJ2czXt8b,no_score,gvgai_butterflies,2,0,0
SJ2czXt8b,no_score,gvgai_butterflies,2,0,0
SJ2czXt8b,no_score,gvgai_butterflies,2,0,0
SJ2czXt8b,no_score,gvgai_butterflies,2,0,0
SJ2czXt8b,no_score,gvgai_butterflies,2,0,0
SJ2czXt8b,no_score,gvgai_butterflies,2,0,0
SJ2czXt8b,no_score,gvgai_butterflies,2,0,0
SJ2czXt8b,no_score,gvgai_butterflies,2,0,0
SJ2czXt8b,no_score,gvgai_butterflies,2,0,0
SJ2czXt8b,no_score,gvgai_butterflies,2,0,0
SJ2czXt8b,no_score,gvgai_butterflies,2,0,0
SJ2czXt8b,no_score,gvgai_butterflies,2,0,0
SJ2czXt8b,no_score,gvgai_butterflies,2,0,0
SJ2czXt8b,no_score,gvgai_butterflies,2,0,0
SJ2czXt8b,no_score,gvgai_butterflies,2,0,0
SJ2czXt8b,no_score,gvgai_butterflies,2,0,0
SJ2czXt8b,no_score,gvgai_butterflies,2,0,0
SJ2czXt8b,no_score,gvgai_butterflies,2,0,0
SJ2czXt8b,no_score,gvgai_butterflies,2,0,0
SJ2czXt8b,no_score,gvgai_butterflies,2,0,0
SJ2czXt8b,no_score,gvgai_butterflies,2,0,0
SJ2czXt8b,no_score,gvgai_butterflies,2,0,0
SJ2czXt8b,no_score,gvgai_butterflies,2,0,0
SJ2czXt8b,no_score,gvgai_butterflies,2,0,0
SJ2czXt8b,no_score,gvgai_butterflies,2,0,0
SJ2czXt8b,no_score,gvgai_butterflies,2,0,0
SJ2czXt8b,no_score,gvgai_butterflies,2,0,0
SJ2czXt8b,no_score,gvgai_butterflies,2,0,0
SJ2czXt8b,no_score,gvgai_butterflies,2,0,0
SJ2czXt8b,no_score,gvgai_butterflies,2,0,0
SJ2czXt8b,no_score,gvgai_butterflies,2,0,0
SJ2czXt8b,no_score,gvgai_butterflies,2,0,0
SJ2czXt8b,no_score,gvgai_butterflies,2,0,0
SJ2czXt8b,no_score,gvgai_butterflies,2,0,0
SJ2czXt8b,no_score,gvgai_butterflies,2,0,0
SJ2czXt8b,no_score,gvgai_butterflies,2,0,0
SJ2czXt8b,no_score,gvgai_butterflies,2,0,0
SJ2czXt8b,no_score,gvgai_butterflies,2,0,0
SJ2czXt8b,no_score,gvgai_butterflies,2,63,50
SJ2czXt8b,no_score,gvgai_butterflies,2,0,0
SJ2czXt8b,no_score,gvgai_butterflies,2,0,0
SJ2czXt8b,no_score,gvgai_butterflies,2,0,0
SJ2czXt8b,no_score,gvgai_butterflies,2,0,0
SJ2czXt8b,no_score,gvgai_butterflies,2,0,0
SJ2czXt8b,no_score,gvgai_butterflies,2,0,0
SJ2czXt8b,no_score,gvgai_butterflies,2,0,0
SJ2czXt8b,no_score,gvgai_butterflies,2,0,0
SJ2czXt8b,no_score,gvgai_butterflies,2,47,44
SJ2czXt8b,no_score,gvgai_butterflies,3,79,58
SJ2czXt8b,no_score,gvgai_butterflies,3,0,0
SJ2czXt8b,no_score,gvgai_butterflies,3,0,0
SJ2czXt8b,no_score,gvgai_butterflies,3,0,0
SJ2czXt8b,no_score,gvgai_butterflies,3,0,0
SJ2czXt8b,no_score,gvgai_butterflies,3,0,0
SJ2czXt8b,no_score,gvgai_butterflies,3,0,0
SJ2czXt8b,no_score,gvgai_butterflies,3,0,0
SJ2czXt8b,no_score,gvgai_butterflies,3,0,0
SJ2czXt8b,no_score,gvgai_butterflies,3,0,0
SJ2czXt8b,no_score,gvgai_butterflies,3,0,0
SJ2czXt8b,no_score,gvgai_butterflies,3,0,0
SJ2czXt8b,no_score,gvgai_butterflies,3,0,0
SJ2czXt8b,no_score,gvgai_butterflies,3,0,0
SJ2czXt8b,no_score,gvgai_butterflies,3,0,0
SJ2czXt8b,no_score,gvgai_butterflies,3,0,0
SJ2czXt8b,no_score,gvgai_butterflies,3,0,0
SJ2czXt8b,no_score,gvgai_butterflies,3,0,0
SJ2czXt8b,no_score,gvgai_butterflies,3,0,0
SJ2czXt8b,no_score,gvgai_butterflies,3,0,0
SJ2czXt8b,no_score,gvgai_butterflies,3,0,0
SJ2czXt8b,no_score,gvgai_butterflies,3,0,0
SJ2czXt8b,no_score,gvgai_butterflies,3,0,0
SJ2czXt8b,no_score,gvgai_butterflies,3,0,0
SJ2czXt8b,no_score,gvgai_butterflies,3,0,0
SJ2czXt8b,no_score,gvgai_butterflies,3,0,0
SJ2czXt8b,no_score,gvgai_butterflies,3,0,0
SJ2czXt8b,no_score,gvgai_butterflies,3,0,0
SJ2czXt8b,no_score,gvgai_butterflies,3,0,0
SJ2czXt8b,no_score,gvgai_butterflies,3,0,0
SJ2czXt8b,no_score,gvgai_butterflies,3,0,0
SJ2czXt8b,no_score,gvgai_butterflies,3,0,0
SJ2czXt8b,no_score,gvgai_butterflies,3,0,0
SJ2czXt8b,no_score,gvgai_butterflies,3,0,0
SJ2czXt8b,no_score,gvgai_butterflies,3,0,0
SJ2czXt8b,no_score,gvgai_butterflies,3,0,0
SJ2czXt8b,no_score,gvgai_butterflies,3,0,0
SJ2czXt8b,no_score,gvgai_butterflies,3,0,0
SJ2czXt8b,no_score,gvgai_butterflies,3,0,0
SJ2czXt8b,no_score,gvgai_butterflies,3,0,0
SJ2czXt8b,no_score,gvgai_butterflies,3,0,0
SJ2czXt8b,no_score,gvgai_butterflies,3,0,0
SJ2czXt8b,no_score,gvgai_butterflies,3,0,0
SJ2czXt8b,no_score,gvgai_butterflies,3,0,0
SJ2czXt8b,no_score,gvgai_butterflies,3,0,0
SJ2czXt8b,no_score,gvgai_butterflies,3,0,0
SJ2czXt8b,no_score,gvgai_butterflies,3,0,0
SJ2czXt8b,no_score,gvgai_butterflies,3,0,0
SJ2czXt8b,no_score,gvgai_butterflies,3,0,0
SJ2czXt8b,no_score,gvgai_butterflies,3,0,0
SJ2czXt8b,no_score,gvgai_butterflies,3,0,0
SJ2czXt8b,no_score,gvgai_butterflies,3,0,0
SJ2czXt8b,no_score,gvgai_butterflies,3,0,0
SJ2czXt8b,no_score,gvgai_butterflies,3,0,0
SJ2czXt8b,no_score,gvgai_butterflies,3,0,0
SJ2czXt8b,no_score,gvgai_butterflies,3,0,0
SJ2czXt8b,no_score,gvgai_butterflies,3,0,0
SJ2czXt8b,no_score,gvgai_butterflies,3,0,0
SJ2czXt8b,no_score,gvgai_butterflies,3,0,0
SJ2czXt8b,no_score,gvgai_butterflies,3,0,0
SJ2czXt8b,no_score,gvgai_butterflies,3,0,0
SJ2czXt8b,no_score,gvgai_butterflies,3,0,0
SJ2czXt8b,no_score,gvgai_butterflies,3,12,0
SJ2czXt8b,no_score,gvgai_butterflies,3,0,0
SJ2czXt8b,no_score,gvgai_butterflies,3,0,0
SJ2czXt8b,no_score,gvgai_butterflies,3,0,0
SJ2czXt8b,no_score,gvgai_butterflies,3,0,0
SJ2czXt8b,no_score,gvgai_butterflies,3,0,0
SJ2czXt8b,no_score,gvgai_butterflies,3,48,14
SJ2czXt8b,no_score,gvgai_butterflies,4,97,24
SJ2czXt8b,no_score,gvgai_butterflies,4,0,0
SJ2czXt8b,no_score,gvgai_butterflies,4,73,20
SJ2czXt8b,no_score,gvgai_butterflies,4,30,6
SJ2czXt8b,no_score,gvgai_butterflies,4,63,16
SJ2czXt8b,no_score,gvgai_butterflies,4,0,0
SJ2czXt8b,no_score,gvgai_butterflies,4,0,0
SJ2czXt8b,no_score,gvgai_butterflies,4,3,0
SJ2czXt8b,no_score,gvgai_butterflies,4,3,0
SJ2czXt8b,no_score,gvgai_butterflies,4,30,4
SJ2czXt8b,no_score,gvgai_butterflies,5,53,14
SJ2czXt8b,no_score,gvgai_butterflies,5,45,8
SJ2czXt8b,no_score,gvgai_butterflies,5,15,2
SJ2czXt8b,no_score,gvgai_sokoban,0,18,0
SJ2czXt8b,no_score,gvgai_sokoban,0,6,0
SJ2czXt8b,no_score,gvgai_sokoban,0,40,0
SJ2czXt8b,no_score,gvgai_sokoban,0,28,0
SJ2czXt8b,no_score,gvgai_sokoban,1,55,2
SJ2czXt8b,no_score,gvgai_sokoban,1,0,0
SJ2czXt8b,no_score,gvgai_sokoban,2,32,3
SJ2czXt8b,no_score,gvgai_sokoban,2,35,0
SJ2czXt8b,no_score,gvgai_sokoban,2,35,0
SJ2czXt8b,no_score,gvgai_sokoban,2,35,0
SJ2czXt8b,no_score,gvgai_sokoban,2,35,0
SJ2czXt8b,no_score,gvgai_sokoban,2,35,0
SJ2czXt8b,no_score,gvgai_sokoban,2,35,0
SJ2czXt8b,no_score,gvgai_sokoban,2,35,0
SJ2czXt8b,no_score,gvgai_sokoban,2,2,0
SJ2czXt8b,no_score,gvgai_sokoban,2,35,0
SJ2czXt8b,no_score,gvgai_sokoban,2,35,0
SJ2czXt8b,no_score,gvgai_sokoban,2,35,0
SJ2czXt8b,no_score,gvgai_sokoban,2,35,0
SJ2czXt8b,no_score,gvgai_sokoban,2,10,0
SJ2czXt8b,no_score,gvgai_sokoban,2,35,0
SJ2czXt8b,no_score,gvgai_sokoban,2,35,0
SJ2czXt8b,no_score,gvgai_sokoban,2,35,0
SJ2czXt8b,no_score,gvgai_sokoban,2,35,0
SJ2czXt8b,no_score,gvgai_sokoban,2,35,0
SJ2czXt8b,no_score,gvgai_sokoban,2,35,0
SJ2czXt8b,no_score,gvgai_sokoban,2,35,0
SJ2czXt8b,no_score,gvgai_sokoban,2,35,0
SJ2czXt8b,no_score,gvgai_sokoban,2,35,0
SJ2czXt8b,no_score,gvgai_sokoban,2,35,0
SJ2czXt8b,no_score,gvgai_sokoban,2,35,0
SJ2czXt8b,no_score,gvgai_sokoban,2,35,0
SJ2czXt8b,no_score,gvgai_sokoban,2,35,0
SJ2czXt8b,no_score,gvgai_sokoban,2,35,0
SJ2czXt8b,no_score,gvgai_sokoban,2,35,0
SJ2czXt8b,no_score,gvgai_sokoban,2,35,0
SJ2czXt8b,no_score,gvgai_sokoban,2,35,0
SJ2czXt8b,no_score,gvgai_sokoban,2,35,0
SJ2czXt8b,no_score,gvgai_sokoban,2,35,0
SJ2czXt8b,no_score,gvgai_sokoban,2,35,0
SJ2czXt8b,no_score,gvgai_sokoban,2,35,0
SJ2czXt8b,no_score,gvgai_sokoban,2,35,0
SJ2czXt8b,no_score,gvgai_sokoban,2,35,0
SJ2czXt8b,no_score,gvgai_sokoban,2,0,0
SJ2czXt8b,no_score,gvgai_sokoban,2,0,0
SJ2czXt8b,no_score,gvgai_sokoban,2,0,0
SJ2czXt8b,no_score,gvgai_sokoban,2,0,0
SJ2czXt8b,no_score,gvgai_sokoban,2,0,0
SJ2czXt8b,no_score,gvgai_sokoban,2,0,0
SJ2czXt8b,no_score,gvgai_sokoban,2,0,0
SJ2czXt8b,no_score,gvgai_sokoban,2,0,0
SJ2czXt8b,no_score,gvgai_sokoban,2,0,0
SJ2czXt8b,no_score,gvgai_sokoban,2,0,0
SJ2czXt8b,no_score,gvgai_sokoban,2,0,0
SJ2czXt8b,no_score,gvgai_sokoban,2,0,0
SJ2czXt8b,no_score,gvgai_sokoban,2,0,0
SJ2czXt8b,no_score,gvgai_sokoban,2,0,0
SJ2czXt8b,no_score,gvgai_sokoban,2,0,0
SJ2czXt8b,no_score,gvgai_sokoban,2,0,0
SJ2czXt8b,no_score,gvgai_sokoban,2,0,0
SJ2czXt8b,no_score,gvgai_sokoban,2,0,0
SJ2czXt8b,no_score,gvgai_sokoban,2,0,0
SJ2czXt8b,no_score,gvgai_sokoban,2,0,0
SJ2czXt8b,no_score,gvgai_sokoban,2,0,0
SJ2czXt8b,no_score,gvgai_sokoban,2,0,0
SJ2czXt8b,no_score,gvgai_sokoban,2,0,0
SJ2czXt8b,no_score,gvgai_sokoban,2,0,0
SJ2czXt8b,no_score,gvgai_sokoban,2,0,0
SJ2czXt8b,no_score,gvgai_sokoban,2,0,0
SJ2czXt8b,no_score,gvgai_sokoban,2,0,0
SJ2czXt8b,no_score,gvgai_sokoban,2,0,0
SJ2czXt8b,no_score,gvgai_sokoban,2,0,0
SJ2czXt8b,no_score,gvgai_sokoban,2,0,0
SJ2czXt8b,no_score,gvgai_sokoban,2,0,0
SJ2czXt8b,no_score,gvgai_sokoban,2,0,0
SJ2czXt8b,no_score,gvgai_sokoban,2,0,0
SJ2czXt8b,no_score,gvgai_sokoban,2,0,0
SJ2czXt8b,no_score,gvgai_sokoban,2,0,0
SJ2czXt8b,no_score,gvgai_sokoban,2,0,0
SJ2czXt8b,no_score,gvgai_sokoban,2,0,0
SJ2czXt8b,no_score,gvgai_sokoban,2,0,0
SJ2czXt8b,no_score,gvgai_sokoban,2,0,0
SJ2czXt8b,no_score,gvgai_sokoban,2,0,0
SJ2czXt8b,no_score,gvgai_sokoban,2,0,0
SJ2czXt8b,no_score,gvgai_sokoban,2,0,0
SJ2czXt8b,no_score,gvgai_sokoban,2,0,0
SJ2czXt8b,no_score,gvgai_sokoban,2,0,0
SJ2czXt8b,no_score,gvgai_sokoban,2,0,0
SJ2czXt8b,no_score,gvgai_sokoban,2,0,0
SJ2czXt8b,no_score,gvgai_sokoban,2,0,0
SJ2czXt8b,no_score,gvgai_sokoban,2,0,0
SJ2czXt8b,no_score,gvgai_sokoban,2,0,0
SJ2czXt8b,no_score,gvgai_sokoban,2,0,0
SJ2czXt8b,no_score,gvgai_sokoban,2,0,0
SJ2czXt8b,no_score,gvgai_sokoban,2,0,0
SJ2czXt8b,no_score,gvgai_sokoban,2,4,0
SJ2czXt8b,no_score,gvgai_sokoban,2,24,1
SJ2czXt8b,no_score,gvgai_sokoban,2,55,1
SJ2czXt8b,no_score,gvgai_sokoban,2,79,1
SJ2czXt8b,no_score,gvgai_sokoban,2,29,1
SJ2czXt8b,no_score,gvgai_sokoban,2,79,1
SJ2czXt8b,no_score,gvgai_sokoban,2,79,1
SJ2czXt8b,no_score,gvgai_sokoban,2,79,1
SJ2czXt8b,no_score,gvgai_sokoban,2,79,1
SJ2czXt8b,no_score,gvgai_sokoban,2,79,1
SJ2czXt8b,no_score,gvgai_sokoban,2,79,1
SJ2czXt8b,no_score,gvgai_sokoban,2,79,1
SJ2czXt8b,no_score,gvgai_sokoban,2,79,1
SJ2czXt8b,no_score,gvgai_sokoban,2,79,1
SJ2czXt8b,no_score,gvgai_sokoban,2,79,1
SJ2czXt8b,no_score,gvgai_sokoban,2,79,1
SJ2czXt8b,no_score,gvgai_sokoban,2,79,1
SJ2czXt8b,no_score,gvgai_sokoban,2,79,1
SJ2czXt8b,no_score,gvgai_sokoban,2,79,1
SJ2czXt8b,no_score,gvgai_sokoban,2,74,1
SJ2czXt8b,no_score,gvgai_sokoban,2,58,1
SJ2czXt8b,no_score,gvgai_sokoban,2,79,1
SJ2czXt8b,no_score,gvgai_sokoban,2,79,1
SJ2czXt8b,no_score,gvgai_sokoban,2,79,1
SJ2czXt8b,no_score,gvgai_sokoban,2,79,1
SJ2czXt8b,no_score,gvgai_sokoban,2,79,1
SJ2czXt8b,no_score,gvgai_sokoban,2,58,1
SJ2czXt8b,no_score,gvgai_sokoban,2,79,1
SJ2czXt8b,no_score,gvgai_sokoban,2,79,1
SJ2czXt8b,no_score,gvgai_sokoban,2,50,1
SJ2czXt8b,no_score,gvgai_sokoban,2,79,1
SJ2czXt8b,no_score,gvgai_sokoban,2,79,1
SJ2czXt8b,no_score,gvgai_sokoban,2,79,1
SJ2czXt8b,no_score,gvgai_sokoban,2,79,1
SJ2czXt8b,no_score,gvgai_sokoban,2,79,1
SJ2czXt8b,no_score,gvgai_sokoban,2,79,1
SJ2czXt8b,no_score,gvgai_sokoban,2,79,1
SJ2czXt8b,no_score,gvgai_sokoban,2,79,1
SJ2czXt8b,no_score,gvgai_sokoban,2,50,1
SJ2czXt8b,no_score,gvgai_sokoban,2,41,1
SJ2czXt8b,no_score,gvgai_sokoban,2,79,1
SJ2czXt8b,no_score,gvgai_sokoban,2,79,1
SJ2czXt8b,no_score,gvgai_sokoban,2,79,1
SJ2czXt8b,no_score,gvgai_sokoban,2,79,1
SJ2czXt8b,no_score,gvgai_sokoban,2,79,1
SJ2czXt8b,no_score,gvgai_sokoban,2,79,1
SJ2czXt8b,no_score,gvgai_sokoban,2,79,1
SJ2czXt8b,no_score,gvgai_sokoban,2,79,1
SJ2czXt8b,no_score,gvgai_sokoban,2,14,0
SJ2czXt8b,no_score,gvgai_sokoban,2,79,1
SJ2czXt8b,no_score,gvgai_sokoban,2,79,1
SJ2czXt8b,no_score,gvgai_sokoban,2,79,1
SJ2czXt8b,no_score,gvgai_sokoban,2,79,1
SJ2czXt8b,no_score,gvgai_sokoban,2,79,1
SJ2czXt8b,no_score,gvgai_sokoban,2,79,1
SJ2czXt8b,no_score,gvgai_sokoban,2,79,1
SJ2czXt8b,no_score,gvgai_sokoban,2,79,1
SJ2czXt8b,no_score,gvgai_sokoban,2,79,1
SJ2czXt8b,no_score,gvgai_sokoban,2,79,1
SJ2czXt8b,no_score,gvgai_sokoban,2,79,1
SJ2czXt8b,no_score,gvgai_sokoban,2,79,1
SJ2czXt8b,no_score,gvgai_sokoban,2,0,0
SJ2czXt8b,no_score,gvgai_sokoban,2,2,0
SJ2czXt8b,no_score,gvgai_sokoban,2,15,1
SJ2czXt8b,no_score,gvgai_sokoban,2,103,2
SJ2czXt8b,no_score,gvgai_sokoban,2,103,2
SJ2czXt8b,no_score,gvgai_sokoban,2,103,2
SJ2czXt8b,no_score,gvgai_sokoban,2,103,2
SJ2czXt8b,no_score,gvgai_sokoban,2,32,1
SJ2czXt8b,no_score,gvgai_sokoban,2,103,2
SJ2czXt8b,no_score,gvgai_sokoban,2,103,2
SJ2czXt8b,no_score,gvgai_sokoban,2,103,2
SJ2czXt8b,no_score,gvgai_sokoban,2,103,2
SJ2czXt8b,no_score,gvgai_sokoban,2,103,2
SJ2czXt8b,no_score,gvgai_sokoban,2,103,2
SJ2czXt8b,no_score,gvgai_sokoban,2,103,2
SJ2czXt8b,no_score,gvgai_sokoban,2,103,2
SJ2czXt8b,no_score,gvgai_sokoban,2,103,2
SJ2czXt8b,no_score,gvgai_sokoban,2,19,1
SJ2czXt8b,no_score,gvgai_sokoban,2,103,2
SJ2czXt8b,no_score,gvgai_sokoban,2,103,2
SJ2czXt8b,no_score,gvgai_sokoban,2,103,2
SJ2czXt8b,no_score,gvgai_sokoban,2,25,1
SJ2czXt8b,no_score,gvgai_sokoban,2,103,2
SJ2czXt8b,no_score,gvgai_sokoban,2,103,2
SJ2czXt8b,no_score,gvgai_sokoban,2,103,2
SJ2czXt8b,no_score,gvgai_sokoban,2,103,2
SJ2czXt8b,no_score,gvgai_sokoban,2,103,2
SJ2czXt8b,no_score,gvgai_sokoban,2,60,1
SJ2czXt8b,no_score,gvgai_sokoban,2,103,2
SJ2czXt8b,no_score,gvgai_sokoban,2,94,1
SJ2czXt8b,no_score,gvgai_sokoban,2,103,2
SJ2czXt8b,no_score,gvgai_sokoban,2,26,1
SJ2czXt8b,no_score,gvgai_sokoban,2,103,2
SJ2czXt8b,no_score,gvgai_sokoban,2,103,2
SJ2czXt8b,no_score,gvgai_sokoban,2,103,2
SJ2czXt8b,no_score,gvgai_sokoban,2,103,2
SJ2czXt8b,no_score,gvgai_sokoban,2,22,1
SJ2czXt8b,no_score,gvgai_sokoban,2,103,2
SJ2czXt8b,no_score,gvgai_sokoban,2,103,2
SJ2czXt8b,no_score,gvgai_sokoban,2,103,2
SJ2czXt8b,no_score,gvgai_sokoban,2,103,2
SJ2czXt8b,no_score,gvgai_sokoban,2,103,2
SJ2czXt8b,no_score,gvgai_sokoban,2,103,2
SJ2czXt8b,no_score,gvgai_sokoban,2,48,1
SJ2czXt8b,no_score,gvgai_sokoban,2,103,2
SJ2czXt8b,no_score,gvgai_sokoban,2,103,2
SJ2czXt8b,no_score,gvgai_sokoban,2,103,2
SJ2czXt8b,no_score,gvgai_sokoban,2,57,1
SJ2czXt8b,no_score,gvgai_sokoban,2,103,2
SJ2czXt8b,no_score,gvgai_sokoban,2,103,2
SJ2czXt8b,no_score,gvgai_sokoban,2,103,2
SJ2czXt8b,no_score,gvgai_sokoban,2,103,2
SJ2czXt8b,no_score,gvgai_sokoban,2,36,1
SJ2czXt8b,no_score,gvgai_sokoban,2,103,2
SJ2czXt8b,no_score,gvgai_sokoban,2,41,1
SJ2czXt8b,no_score,gvgai_sokoban,2,103,2
SJ2czXt8b,no_score,gvgai_sokoban,2,103,2
SJ2czXt8b,no_score,gvgai_sokoban,2,103,2
SJ2czXt8b,no_score,gvgai_sokoban,2,103,2
SJ2czXt8b,no_score,gvgai_sokoban,2,103,2
SJ2czXt8b,no_score,gvgai_sokoban,2,103,2
SJ2czXt8b,no_score,gvgai_sokoban,2,103,2
SJ2czXt8b,no_score,gvgai_sokoban,2,103,2
SJ2czXt8b,no_score,gvgai_sokoban,2,103,2
SJ2czXt8b,no_score,gvgai_sokoban,2,103,2
SJ2czXt8b,no_score,gvgai_sokoban,2,103,2
SJ2czXt8b,no_score,gvgai_sokoban,2,103,2
SJ2czXt8b,no_score,gvgai_sokoban,2,103,2
SJ2czXt8b,no_score,gvgai_sokoban,2,103,2
SJ2czXt8b,no_score,gvgai_sokoban,2,103,2
SJ2czXt8b,no_score,gvgai_sokoban,2,103,2
SJ2czXt8b,no_score,gvgai_sokoban,2,103,2
SJ2czXt8b,no_score,gvgai_sokoban,2,103,2
SJ2czXt8b,no_score,gvgai_sokoban,2,103,2
SJ2czXt8b,no_score,gvgai_sokoban,2,103,2
SJ2czXt8b,no_score,gvgai_sokoban,2,103,2
SJ2czXt8b,no_score,gvgai_sokoban,2,103,2
SJ2czXt8b,no_score,gvgai_sokoban,2,103,2
SJ2czXt8b,no_score,gvgai_sokoban,2,103,2
SJ2czXt8b,no_score,gvgai_sokoban,2,103,2
SJ2czXt8b,no_score,gvgai_sokoban,2,103,2
SJ2czXt8b,no_score,gvgai_sokoban,2,103,2
SJ2czXt8b,no_score,gvgai_sokoban,2,103,2
SJ2czXt8b,no_score,gvgai_sokoban,2,103,2
SJ2czXt8b,no_score,gvgai_sokoban,2,103,2
SJ2czXt8b,no_score,gvgai_sokoban,2,64,1
SJ2czXt8b,no_score,gvgai_sokoban,2,103,2
SJ2czXt8b,no_score,gvgai_sokoban,2,103,2
SJ2czXt8b,no_score,gvgai_sokoban,2,103,2
SJ2czXt8b,no_score,gvgai_sokoban,2,33,1
SJ2czXt8b,no_score,gvgai_sokoban,2,103,2
SJ2czXt8b,no_score,gvgai_sokoban,2,103,2
SJ2czXt8b,no_score,gvgai_sokoban,2,103,2
SJ2czXt8b,no_score,gvgai_sokoban,2,103,2
SJ2czXt8b,no_score,gvgai_sokoban,2,103,2
SJ2czXt8b,no_score,gvgai_sokoban,2,103,2
SJ2czXt8b,no_score,gvgai_sokoban,2,103,2
SJ2czXt8b,no_score,gvgai_sokoban,2,103,2
SJ2czXt8b,no_score,gvgai_sokoban,2,103,2
SJ2czXt8b,no_score,gvgai_sokoban,2,103,2
SJ2czXt8b,no_score,gvgai_sokoban,2,82,1
SJ2czXt8b,no_score,gvgai_sokoban,2,103,2
SJ2czXt8b,no_score,gvgai_sokoban,2,103,2
SJ2czXt8b,no_score,gvgai_sokoban,2,103,2
SJ2czXt8b,no_score,gvgai_sokoban,2,103,2
SJ2czXt8b,no_score,gvgai_sokoban,2,103,2
SJ2czXt8b,no_score,gvgai_sokoban,2,103,2
SJ2czXt8b,no_score,gvgai_sokoban,2,103,2
SJ2czXt8b,no_score,gvgai_sokoban,2,103,2
SJ2czXt8b,no_score,gvgai_sokoban,2,103,2
SJ2czXt8b,no_score,gvgai_sokoban,2,103,2
SJ2czXt8b,no_score,gvgai_sokoban,2,103,2
SJ2czXt8b,no_score,gvgai_sokoban,2,103,2
SJ2czXt8b,no_score,gvgai_sokoban,2,103,2
SJ2czXt8b,no_score,gvgai_sokoban,2,103,2
SJ2czXt8b,no_score,gvgai_sokoban,2,103,2
SJ2czXt8b,no_score,gvgai_sokoban,2,103,2
SJ2czXt8b,no_score,gvgai_sokoban,2,103,2
SJ2czXt8b,no_score,gvgai_sokoban,2,103,2
SJ2czXt8b,no_score,gvgai_sokoban,2,103,2
SJ2czXt8b,no_score,gvgai_sokoban,2,103,2
SJ2czXt8b,no_score,gvgai_sokoban,2,103,2
SJ2czXt8b,no_score,gvgai_sokoban,2,103,2
SJ2czXt8b,no_score,gvgai_sokoban,2,103,2
SJ2czXt8b,no_score,gvgai_sokoban,2,103,2
SJ2czXt8b,no_score,gvgai_sokoban,2,103,2
SJ2czXt8b,no_score,gvgai_sokoban,2,103,2
SJ2czXt8b,no_score,gvgai_sokoban,2,103,2
SJ2czXt8b,no_score,gvgai_sokoban,2,103,2
SJ2czXt8b,no_score,gvgai_sokoban,2,103,2
SJ2czXt8b,no_score,gvgai_sokoban,2,103,2
SJ2czXt8b,no_score,gvgai_sokoban,2,103,2
SJ2czXt8b,no_score,gvgai_sokoban,2,103,2
SJ2czXt8b,no_score,gvgai_sokoban,2,103,2
SJ2czXt8b,no_score,gvgai_sokoban,2,103,2
SJ2czXt8b,no_score,gvgai_sokoban,2,103,2
SJ2czXt8b,no_score,gvgai_sokoban,2,103,2
SJ2czXt8b,no_score,gvgai_sokoban,2,32,1
SJ2czXt8b,no_score,gvgai_sokoban,2,103,2
SJ2czXt8b,no_score,gvgai_sokoban,2,103,2
SJ2czXt8b,no_score,gvgai_sokoban,2,103,2
SJ2czXt8b,no_score,gvgai_sokoban,2,103,2
SJ2czXt8b,no_score,gvgai_sokoban,2,103,2
SJ2czXt8b,no_score,gvgai_sokoban,2,103,2
SJ2czXt8b,no_score,gvgai_sokoban,2,103,2
SJ2czXt8b,no_score,gvgai_sokoban,2,70,1
SJ2czXt8b,no_score,gvgai_sokoban,2,103,2
SJ2czXt8b,no_score,gvgai_sokoban,2,103,2
SJ2czXt8b,no_score,gvgai_sokoban,2,103,2
SJ2czXt8b,no_score,gvgai_sokoban,2,103,2
SJ2czXt8b,no_score,gvgai_sokoban,2,103,2
SJ2czXt8b,no_score,gvgai_sokoban,2,103,2
SJ2czXt8b,no_score,gvgai_sokoban,2,103,2
SJ2czXt8b,no_score,gvgai_sokoban,2,3,0
SJ2czXt8b,no_score,gvgai_sokoban,2,77,3
SJ2czXt8b,no_score,gvgai_sokoban,2,96,3
SJ2czXt8b,no_score,gvgai_sokoban,2,62,2
SJ2czXt8b,no_score,gvgai_sokoban,3,98,4
SJ2czXt8b,no_score,gvgai_sokoban,3,0,0
SJ2czXt8b,no_score,gvgai_sokoban,3,0,0
SJ2czXt8b,no_score,gvgai_sokoban,3,0,0
SJ2czXt8b,no_score,gvgai_sokoban,3,0,0
SJ2czXt8b,no_score,gvgai_sokoban,3,0,0
SJ2czXt8b,no_score,gvgai_sokoban,3,0,0
SJ2czXt8b,no_score,gvgai_sokoban,3,0,0
SJ2czXt8b,no_score,gvgai_sokoban,3,0,0
SJ2czXt8b,no_score,gvgai_sokoban,3,0,0
SJ2czXt8b,no_score,gvgai_sokoban,3,0,0
SJ2czXt8b,no_score,gvgai_sokoban,3,0,0
SJ2czXt8b,no_score,gvgai_sokoban,3,0,0
SJ2czXt8b,no_score,gvgai_sokoban,3,0,0
SJ2czXt8b,no_score,gvgai_sokoban,3,0,0
SJ2czXt8b,no_score,gvgai_sokoban,3,0,0
SJ2czXt8b,no_score,gvgai_sokoban,3,0,0
SJ2czXt8b,no_score,gvgai_sokoban,3,0,0
SJ2czXt8b,no_score,gvgai_sokoban,3,0,0
SJ2czXt8b,no_score,gvgai_sokoban,3,0,0
SJ2czXt8b,no_score,gvgai_sokoban,3,0,0
SJ2czXt8b,no_score,gvgai_sokoban,3,0,0
SJ2czXt8b,no_score,gvgai_sokoban,3,0,0
SJ2czXt8b,no_score,gvgai_sokoban,3,0,0
SJ2czXt8b,no_score,gvgai_sokoban,3,0,0
SJ2czXt8b,no_score,gvgai_sokoban,3,11,0
SJ2czXt8b,no_score,gvgai_sokoban,3,18,0
SJ2czXt8b,no_score,gvgai_sokoban,3,7,0
SJ2czXt8b,no_score,gvgai_sokoban,3,41,1
SJ2czXt8b,no_score,gvgai_sokoban,4,46,3
SJ2czXt8b,no_score,gvgai_sokoban,4,4,0
SJ2czXt8b,no_score,gvgai_sokoban,4,8,0
SJ2czXt8b,no_score,gvgai_sokoban,5,44,3
SJ2czXt8b,no_score,gvgai_sokoban,5,0,0
SJ2czXt8b,no_score,gvgai_sokoban,5,23,1
SJ2czXt8b,no_score,gvgai_sokoban,5,15,0
Skc-pL3-X,no_score,gvgai_boulderchase,0,9,0
Skc-pL3-X,no_score,gvgai_boulderchase,0,25,2
Skc-pL3-X,no_score,gvgai_boulderchase,0,25,2
Skc-pL3-X,no_score,gvgai_boulderchase,0,25,2
Skc-pL3-X,no_score,gvgai_boulderchase,0,15,2
Skc-pL3-X,no_score,gvgai_boulderchase,0,25,2
Skc-pL3-X,no_score,gvgai_boulderchase,0,25,2
Skc-pL3-X,no_score,gvgai_boulderchase,0,25,2
Skc-pL3-X,no_score,gvgai_boulderchase,0,25,2
Skc-pL3-X,no_score,gvgai_boulderchase,0,24,2
Skc-pL3-X,no_score,gvgai_boulderchase,0,25,2
Skc-pL3-X,no_score,gvgai_boulderchase,0,25,2
Skc-pL3-X,no_score,gvgai_boulderchase,0,25,2
Skc-pL3-X,no_score,gvgai_boulderchase,0,25,2
Skc-pL3-X,no_score,gvgai_boulderchase,0,25,2
Skc-pL3-X,no_score,gvgai_boulderchase,0,25,2
Skc-pL3-X,no_score,gvgai_boulderchase,0,25,2
Skc-pL3-X,no_score,gvgai_boulderchase,0,25,2
Skc-pL3-X,no_score,gvgai_boulderchase,0,25,2
Skc-pL3-X,no_score,gvgai_boulderchase,0,25,2
Skc-pL3-X,no_score,gvgai_boulderchase,0,25,2
Skc-pL3-X,no_score,gvgai_boulderchase,0,25,2
Skc-pL3-X,no_score,gvgai_boulderchase,0,25,2
Skc-pL3-X,no_score,gvgai_boulderchase,0,25,2
Skc-pL3-X,no_score,gvgai_boulderchase,0,25,2
Skc-pL3-X,no_score,gvgai_boulderchase,0,25,2
Skc-pL3-X,no_score,gvgai_boulderchase,0,25,2
Skc-pL3-X,no_score,gvgai_boulderchase,0,25,2
Skc-pL3-X,no_score,gvgai_boulderchase,0,25,2
Skc-pL3-X,no_score,gvgai_boulderchase,0,25,2
Skc-pL3-X,no_score,gvgai_boulderchase,0,25,2
Skc-pL3-X,no_score,gvgai_boulderchase,0,25,2
Skc-pL3-X,no_score,gvgai_boulderchase,0,25,2
Skc-pL3-X,no_score,gvgai_boulderchase,0,25,2
Skc-pL3-X,no_score,gvgai_boulderchase,0,25,2
Skc-pL3-X,no_score,gvgai_boulderchase,0,25,2
Skc-pL3-X,no_score,gvgai_boulderchase,0,25,2
Skc-pL3-X,no_score,gvgai_boulderchase,0,25,2
Skc-pL3-X,no_score,gvgai_boulderchase,0,25,2
Skc-pL3-X,no_score,gvgai_boulderchase,0,25,2
Skc-pL3-X,no_score,gvgai_boulderchase,0,25,2
Skc-pL3-X,no_score,gvgai_boulderchase,0,25,2
Skc-pL3-X,no_score,gvgai_boulderchase,0,25,2
Skc-pL3-X,no_score,gvgai_boulderchase,0,25,2
Skc-pL3-X,no_score,gvgai_boulderchase,0,25,2
Skc-pL3-X,no_score,gvgai_boulderchase,0,25,2
Skc-pL3-X,no_score,gvgai_boulderchase,0,25,2
Skc-pL3-X,no_score,gvgai_boulderchase,0,25,2
Skc-pL3-X,no_score,gvgai_boulderchase,0,25,2
Skc-pL3-X,no_score,gvgai_boulderchase,0,25,2
Skc-pL3-X,no_score,gvgai_boulderchase,0,25,2
Skc-pL3-X,no_score,gvgai_boulderchase,0,25,2
Sy8ITTq-Q,no_score,gvgai_jaws,0,5,0
Sy8ITTq-Q,no_score,gvgai_jaws,0,12,0
Sy8ITTq-Q,no_score,gvgai_jaws,0,15,0
Sy8ITTq-Q,no_score,gvgai_jaws,0,21,2
Sy8ITTq-Q,no_score,gvgai_jaws,0,27,3
Sy8ITTq-Q,no_score,gvgai_jaws,0,34,3
Sy8ITTq-Q,no_score,gvgai_jaws,0,43,3
Sy8ITTq-Q,no_score,gvgai_jaws,0,51,3
Sy8ITTq-Q,no_score,gvgai_jaws,0,59,5
SyBgWPVZm,no_score,gvgai_superman,0,1,0
SyBgWPVZm,no_score,gvgai_superman,0,1,0
SyBgWPVZm,no_score,gvgai_superman,0,1,0
SyBgWPVZm,no_score,gvgai_superman,0,1,0
SyaPFSFL-,no_score,gvgai_survivezombies,0,0,0
SyaPFSFL-,no_score,gvgai_survivezombies,0,0,0
SyaPFSFL-,no_score,gvgai_survivezombies,0,0,0
SyaPFSFL-,no_score,gvgai_survivezombies,0,0,0
SyaPFSFL-,no_score,gvgai_survivezombies,0,1,0
SyaPFSFL-,no_score,gvgai_survivezombies,0,5,1
SyaPFSFL-,no_score,gvgai_survivezombies,0,0,0
SyaPFSFL-,no_score,gvgai_survivezombies,0,3,1
SyaPFSFL-,no_score,gvgai_survivezombies,0,12,1
SyaPFSFL-,no_score,gvgai_survivezombies,0,21,1
SyaPFSFL-,no_score,gvgai_survivezombies,0,26,1
SyaPFSFL-,no_score,gvgai_survivezombies,0,28,1
SyaPFSFL-,no_score,gvgai_survivezombies,0,0,0
SyaPFSFL-,no_score,gvgai_survivezombies,0,1,0
SyaPFSFL-,no_score,gvgai_survivezombies,0,6,1
SyaPFSFL-,no_score,gvgai_survivezombies,0,6,1
SyaPFSFL-,no_score,gvgai_survivezombies,0,14,1
SyaPFSFL-,no_score,gvgai_survivezombies,0,14,1
SyaPFSFL-,no_score,gvgai_survivezombies,0,8,1
SyaPFSFL-,no_score,gvgai_survivezombies,0,0,0
SyaPFSFL-,no_score,gvgai_survivezombies,0,12,1
SyaPFSFL-,no_score,gvgai_survivezombies,0,19,5
SyaPFSFL-,no_score,gvgai_survivezombies,0,3,0
SyaPFSFL-,no_score,gvgai_survivezombies,0,12,1
SyaPFSFL-,no_score,gvgai_survivezombies,0,15,1
SyaPFSFL-,no_score,gvgai_survivezombies,0,4,1
SyaPFSFL-,no_score,gvgai_survivezombies,0,23,4
SyaPFSFL-,no_score,gvgai_survivezombies,0,36,5
SyaPFSFL-,no_score,gvgai_survivezombies,0,47,5
SyaPFSFL-,no_score,gvgai_survivezombies,0,62,5
SyaPFSFL-,no_score,gvgai_survivezombies,0,13,1
SyaPFSFL-,no_score,gvgai_survivezombies,0,31,5
SyaPFSFL-,no_score,gvgai_survivezombies,0,41,5
SyaPFSFL-,no_score,gvgai_survivezombies,0,55,5
SyaPFSFL-,no_score,gvgai_survivezombies,0,61,5
SyaPFSFL-,no_score,gvgai_survivezombies,0,0,0
SyaPFSFL-,no_score,gvgai_survivezombies,0,6,1
SyaPFSFL-,no_score,gvgai_survivezombies,0,16,1
SyaPFSFL-,no_score,gvgai_survivezombies,0,28,1
SyaPFSFL-,no_score,gvgai_survivezombies,0,39,1
SyaPFSFL-,no_score,gvgai_survivezombies,0,41,1
SyaPFSFL-,no_score,gvgai_survivezombies,0,14,3
SyaPFSFL-,no_score,gvgai_survivezombies,0,25,3
SyaPFSFL-,no_score,gvgai_survivezombies,0,37,6
SyaPFSFL-,no_score,gvgai_survivezombies,0,41,6
SyaPFSFL-,no_score,gvgai_survivezombies,0,5,1
SyaPFSFL-,no_score,gvgai_survivezombies,0,1,0
SyaPFSFL-,no_score,gvgai_survivezombies,0,1,0
SyaPFSFL-,no_score,gvgai_survivezombies,0,1,0
SyaPFSFL-,no_score,gvgai_survivezombies,0,0,0
SyaPFSFL-,no_score,gvgai_chase,0,0,0
SyaPFSFL-,no_score,gvgai_chase,0,13,0
SyaPFSFL-,no_score,gvgai_chase,0,27,0
SyaPFSFL-,no_score,gvgai_chase,0,43,0
SyaPFSFL-,no_score,gvgai_chase,0,71,0
SyaPFSFL-,no_score,gvgai_chase,0,82,0
SyaPFSFL-,no_score,gvgai_chase,0,96,0
SyaPFSFL-,no_score,gvgai_chase,0,3,0
SyaPFSFL-,no_score,gvgai_chase,0,58,0
SyaPFSFL-,no_score,gvgai_chase,0,90,0
SyaPFSFL-,no_score,gvgai_chase,0,107,0
SyaPFSFL-,no_score,gvgai_chase,0,107,0
SyaPFSFL-,no_score,gvgai_chase,0,35,0
SyaPFSFL-,no_score,gvgai_chase,0,50,0
SyaPFSFL-,no_score,gvgai_chase,0,105,0
SyaPFSFL-,no_score,gvgai_chase,0,0,0
SyaPFSFL-,no_score,gvgai_chase,0,7,0
SyaPFSFL-,no_score,gvgai_chase,0,20,0
SyaPFSFL-,no_score,gvgai_chase,0,40,1
SyaPFSFL-,no_score,gvgai_chase,0,70,2
SyaPFSFL-,no_score,gvgai_chase,0,82,2
SyaPFSFL-,no_score,gvgai_chase,0,29,0
SyaPFSFL-,no_score,gvgai_chase,0,40,1
SyaPFSFL-,no_score,gvgai_chase,0,121,6
SyaPFSFL-,no_score,gvgai_chase,0,48,1
SyaPFSFL-,no_score,gvgai_chase,0,58,2
SyaPFSFL-,no_score,gvgai_chase,0,96,5
SyaPFSFL-,no_score,gvgai_chase,0,106,5
SyaPFSFL-,no_score,gvgai_chase,0,112,6
SyaPFSFL-,no_score,gvgai_chase,0,107,6
SyaPFSFL-,no_score,gvgai_chase,0,115,6
SyaPFSFL-,no_score,gvgai_chase,1,129,6
SyaPFSFL-,no_score,gvgai_chase,1,13,0
SyaPFSFL-,no_score,gvgai_chase,1,43,2
SyaPFSFL-,no_score,gvgai_chase,1,20,0
SyaPFSFL-,no_score,gvgai_chase,1,70,4
SyaPFSFL-,no_score,gvgai_chase,1,78,4
SyaPFSFL-,no_score,gvgai_chase,1,90,4
SyaPFSFL-,no_score,gvgai_chase,1,113,6
SyaPFSFL-,no_score,gvgai_chase,1,0,0
SyaPFSFL-,no_score,gvgai_chase,1,1,0
SyaPFSFL-,no_score,gvgai_chase,1,32,0
SyaPFSFL-,no_score,gvgai_chase,1,55,2
SyaPFSFL-,no_score,gvgai_chase,1,123,6
SyaPFSFL-,no_score,gvgai_chase,1,127,6
SyaPFSFL-,no_score,gvgai_chase,1,102,5
SyaPFSFL-,no_score,gvgai_chase,1,0,0
SyaPFSFL-,no_score,gvgai_chase,1,17,0
SyaPFSFL-,no_score,gvgai_chase,1,39,1
SyaPFSFL-,no_score,gvgai_chase,1,31,0
SyaPFSFL-,no_score,gvgai_chase,1,2,0
SyaPFSFL-,no_score,gvgai_chase,1,12,0
SyaPFSFL-,no_score,gvgai_chase,1,41,2
SyaPFSFL-,no_score,gvgai_chase,1,48,2
SyaPFSFL-,no_score,gvgai_chase,1,62,2
SyaPFSFL-,no_score,gvgai_chase,1,76,6
SyaPFSFL-,no_score,gvgai_chase,1,86,6
SyaPFSFL-,no_score,gvgai_chase,1,94,6
SyaPFSFL-,no_score,gvgai_chase,1,113,7
SyaPFSFL-,no_score,gvgai_chase,1,121,7
SyaPFSFL-,no_score,gvgai_chase,1,131,7
SyaPFSFL-,no_score,gvgai_chase,1,157,7
SyaPFSFL-,no_score,gvgai_chase,2,160,7
SyaPFSFL-,no_score,gvgai_chase,2,108,7
SyaPFSFL-,no_score,gvgai_chase,2,119,7
SyaPFSFL-,no_score,gvgai_chase,2,143,7
SyaPFSFL-,no_score,gvgai_chase,2,0,0
SyaPFSFL-,no_score,gvgai_chase,2,2,0
SyaPFSFL-,no_score,gvgai_chase,2,13,2
SyaPFSFL-,no_score,gvgai_chase,2,33,2
SyaPFSFL-,no_score,gvgai_chase,2,52,3
SyaPFSFL-,no_score,gvgai_chase,2,71,4
SyaPFSFL-,no_score,gvgai_chase,2,76,4
SyaPFSFL-,no_score,gvgai_chase,2,21,2
SyaPFSFL-,no_score,gvgai_chase,2,42,2
SyaPFSFL-,no_score,gvgai_chase,2,60,3
SyaPFSFL-,no_score,gvgai_chase,2,76,4
SyaPFSFL-,no_score,gvgai_chase,2,0,0
SyaPFSFL-,no_score,gvgai_chase,2,10,0
SyaPFSFL-,no_score,gvgai_chase,2,31,2
SyaPFSFL-,no_score,gvgai_chase,2,23,2
SyaPFSFL-,no_score,gvgai_chase,2,38,2
SyaPFSFL-,no_score,gvgai_chase,2,38,2
SyaPFSFL-,no_score,gvgai_chase,2,38,2
SyaPFSFL-,no_score,gvgai_chase,2,38,2
SyaPFSFL-,no_score,gvgai_butterflies,0,0,0
SyaPFSFL-,no_score,gvgai_butterflies,0,4,0
SyaPFSFL-,no_score,gvgai_butterflies,0,14,0
SyaPFSFL-,no_score,gvgai_butterflies,0,38,2
SyaPFSFL-,no_score,gvgai_butterflies,0,28,0
SyaPFSFL-,no_score,gvgai_butterflies,0,47,4
SyaPFSFL-,no_score,gvgai_butterflies,0,58,12
SyaPFSFL-,no_score,gvgai_butterflies,0,64,16
SyaPFSFL-,no_score,gvgai_butterflies,0,78,16
SyaPFSFL-,no_score,gvgai_butterflies,0,89,20
SyaPFSFL-,no_score,gvgai_butterflies,0,91,22
SyaPFSFL-,no_score,gvgai_butterflies,0,0,0
SyaPFSFL-,no_score,gvgai_butterflies,0,4,2
SyaPFSFL-,no_score,gvgai_butterflies,0,13,6
SyaPFSFL-,no_score,gvgai_butterflies,0,44,22
SyaPFSFL-,no_score,gvgai_butterflies,0,21,10
SyaPFSFL-,no_score,gvgai_butterflies,0,48,28
SyaPFSFL-,no_score,gvgai_butterflies,0,33,14
SyaPFSFL-,no_score,gvgai_butterflies,0,17,2
SyaPFSFL-,no_score,gvgai_butterflies,0,35,10
SyaPFSFL-,no_score,gvgai_butterflies,0,54,30
SyaPFSFL-,no_score,gvgai_butterflies,0,74,40
SyaPFSFL-,no_score,gvgai_butterflies,0,0,2
SyaPFSFL-,no_score,gvgai_butterflies,0,7,2
SyaPFSFL-,no_score,gvgai_butterflies,0,10,2
SyaPFSFL-,no_score,gvgai_butterflies,0,20,4
SyaPFSFL-,no_score,gvgai_butterflies,0,23,4
SyaPFSFL-,no_score,gvgai_butterflies,0,47,18
SyaPFSFL-,no_score,gvgai_butterflies,0,65,38
SyaPFSFL-,no_score,gvgai_butterflies,0,69,40
SyaPFSFL-,no_score,gvgai_butterflies,0,72,40
SyaPFSFL-,no_score,gvgai_butterflies,0,0,2
SyaPFSFL-,no_score,gvgai_butterflies,0,9,6
SyaPFSFL-,no_score,gvgai_butterflies,0,20,10
SyaPFSFL-,no_score,gvgai_butterflies,0,45,18
SyaPFSFL-,no_score,gvgai_butterflies,0,58,18
SyaPFSFL-,no_score,gvgai_butterflies,0,0,0
SyaPFSFL-,no_score,gvgai_butterflies,0,33,14
SyaPFSFL-,no_score,gvgai_butterflies,1,65,24
SyaPFSFL-,no_score,gvgai_butterflies,1,0,0
SyaPFSFL-,no_score,gvgai_butterflies,1,9,6
SyaPFSFL-,no_score,gvgai_butterflies,1,53,26
SyaPFSFL-,no_score,gvgai_butterflies,1,77,26
SyaPFSFL-,no_score,gvgai_butterflies,1,101,32
SyaPFSFL-,no_score,gvgai_butterflies,1,8,4
SyaPFSFL-,no_score,gvgai_butterflies,1,2,2
SyaPFSFL-,no_score,gvgai_butterflies,1,19,12
SyaPFSFL-,no_score,gvgai_butterflies,1,65,26
SyaPFSFL-,no_score,gvgai_butterflies,1,86,30
SyaPFSFL-,no_score,gvgai_butterflies,1,29,12
SyaPFSFL-,no_score,gvgai_butterflies,1,42,20
SyaPFSFL-,no_score,gvgai_butterflies,1,97,32
SyaPFSFL-,no_score,gvgai_butterflies,2,109,34
SyaPFSFL-,no_score,gvgai_butterflies,2,4,0
SyaPFSFL-,no_score,gvgai_butterflies,2,16,10
SyaPFSFL-,no_score,gvgai_butterflies,2,103,54
SyaPFSFL-,no_score,gvgai_butterflies,2,0,0
SyaPFSFL-,no_score,gvgai_butterflies,3,123,56
SyaPFSFL-,no_score,gvgai_butterflies,3,0,0
SyaPFSFL-,no_score,gvgai_butterflies,3,0,0
SyaPFSFL-,no_score,gvgai_butterflies,3,45,36
SyaPFSFL-,no_score,gvgai_butterflies,3,57,36
SyaPFSFL-,no_score,gvgai_butterflies,3,68,44
SyaPFSFL-,no_score,gvgai_butterflies,3,93,52
SyaPFSFL-,no_score,gvgai_butterflies,3,1,0
SyaPFSFL-,no_score,gvgai_butterflies,3,30,22
SyaPFSFL-,no_score,gvgai_butterflies,3,83,48
SyaPFSFL-,no_score,gvgai_butterflies,3,113,54
SyaPFSFL-,no_score,gvgai_butterflies,3,19,4
SyaPFSFL-,no_score,gvgai_butterflies,4,50,24
SyaPFSFL-,no_score,gvgai_butterflies,4,5,0
SyaPFSFL-,no_score,gvgai_butterflies,4,48,20
SyaPFSFL-,no_score,gvgai_butterflies,4,0,0
SyaPFSFL-,no_score,gvgai_butterflies,4,33,10
SyaPFSFL-,no_score,gvgai_butterflies,4,6,0
SyaPFSFL-,no_score,gvgai_butterflies,4,36,12
SyaPFSFL-,no_score,gvgai_butterflies,5,40,14
SyaPFSFL-,no_score,gvgai_butterflies,5,0,0
SyaPFSFL-,no_score,gvgai_butterflies,5,11,0
SyaPFSFL-,no_score,gvgai_butterflies,5,24,4
SyaPFSFL-,no_score,gvgai_zelda,0,6,0
SyaPFSFL-,no_score,gvgai_zelda,0,2,0
SyaPFSFL-,no_score,gvgai_zelda,0,16,0
SyaPFSFL-,no_score,gvgai_zelda,0,7,0
SyaPFSFL-,no_score,gvgai_zelda,0,9,0
SyaPFSFL-,no_score,gvgai_zelda,0,6,0
SyaPFSFL-,no_score,gvgai_zelda,0,13,1
SyaPFSFL-,no_score,gvgai_zelda,0,20,1
SyaPFSFL-,no_score,gvgai_zelda,0,8,0
SyaPFSFL-,no_score,gvgai_zelda,0,22,1
SyaPFSFL-,no_score,gvgai_zelda,0,2,0
SyaPFSFL-,no_score,gvgai_zelda,0,4,0
SyaPFSFL-,no_score,gvgai_zelda,0,3,0
SyaPFSFL-,no_score,gvgai_zelda,0,10,0
SyaPFSFL-,no_score,gvgai_zelda,0,11,0
SyaPFSFL-,no_score,gvgai_zelda,0,18,1
SyaPFSFL-,no_score,gvgai_zelda,1,25,1
SyaPFSFL-,no_score,gvgai_zelda,1,0,0
SyaPFSFL-,no_score,gvgai_zelda,1,0,0
SyaPFSFL-,no_score,gvgai_zelda,1,6,0
SyaPFSFL-,no_score,gvgai_zelda,1,12,1
SyaPFSFL-,no_score,gvgai_zelda,1,7,0
SyaPFSFL-,no_score,gvgai_zelda,1,0,0
SyaPFSFL-,no_score,gvgai_zelda,1,11,0
SyaPFSFL-,no_score,gvgai_zelda,1,0,0
SyaPFSFL-,no_score,gvgai_zelda,1,17,0
SyaPFSFL-,no_score,gvgai_zelda,1,6,0
SyaPFSFL-,no_score,gvgai_zelda,1,21,0
SyaPFSFL-,no_score,gvgai_zelda,1,0,0
SyaPFSFL-,no_score,gvgai_zelda,1,19,0
SyaPFSFL-,no_score,gvgai_zelda,1,6,0
SyaPFSFL-,no_score,gvgai_zelda,1,13,0
SyaPFSFL-,no_score,gvgai_zelda,1,13,0
SyaPFSFL-,no_score,gvgai_zelda,1,13,0
SyaPFSFL-,no_score,gvgai_zelda,1,31,0
SyaPFSFL-,no_score,gvgai_zelda,1,27,0
SyaPFSFL-,no_score,gvgai_zelda,1,14,0
SyaPFSFL-,no_score,gvgai_zelda,1,0,0
SyaPFSFL-,no_score,gvgai_zelda,1,9,0
SyaPFSFL-,no_score,gvgai_zelda,1,5,0
SyaPFSFL-,no_score,gvgai_zelda,1,12,0
SyaPFSFL-,no_score,gvgai_zelda,1,0,0
SyaPFSFL-,no_score,gvgai_zelda,1,22,1
SyaPFSFL-,no_score,gvgai_zelda,2,37,1
SyaPFSFL-,no_score,gvgai_zelda,2,1,0
SyaPFSFL-,no_score,gvgai_zelda,2,33,1
SyaPFSFL-,no_score,gvgai_zelda,2,4,0
SyaPFSFL-,no_score,gvgai_zelda,2,8,0
SyaPFSFL-,no_score,gvgai_zelda,2,0,0
SyaPFSFL-,no_score,gvgai_zelda,2,18,0
SyaPFSFL-,no_score,gvgai_zelda,2,12,0
SyaPFSFL-,no_score,gvgai_zelda,2,23,0
SyaPFSFL-,no_score,gvgai_zelda,2,0,0
SyaPFSFL-,no_score,gvgai_zelda,2,0,0
SyaPFSFL-,no_score,gvgai_zelda,2,7,0
SyaPFSFL-,no_score,gvgai_zelda,2,14,0
SyaPFSFL-,no_score,gvgai_zelda,2,0,0
SyaPFSFL-,no_score,gvgai_zelda,2,0,0
SyaPFSFL-,no_score,gvgai_zelda,2,0,0
SyaPFSFL-,no_score,gvgai_zelda,2,0,0
SyaPFSFL-,no_score,gvgai_missilecommand,0,8,0
SyaPFSFL-,no_score,gvgai_missilecommand,0,0,0
SyaPFSFL-,no_score,gvgai_missilecommand,0,5,0
SyaPFSFL-,no_score,gvgai_missilecommand,0,13,0
SyaPFSFL-,no_score,gvgai_missilecommand,0,5,0
SyaPFSFL-,no_score,gvgai_missilecommand,0,18,0
SyaPFSFL-,no_score,gvgai_missilecommand,0,14,0
SyaPFSFL-,no_score,gvgai_missilecommand,0,13,0
SyaPFSFL-,no_score,gvgai_missilecommand,0,4,0
SyaPFSFL-,no_score,gvgai_missilecommand,0,0,0
SyaPFSFL-,no_score,gvgai_missilecommand,0,3,0
SyaPFSFL-,no_score,gvgai_missilecommand,0,5,0
SyaPFSFL-,no_score,gvgai_missilecommand,0,25,0
SyaPFSFL-,no_score,gvgai_missilecommand,0,20,0
SyaPFSFL-,no_score,gvgai_missilecommand,0,8,0
SyaPFSFL-,no_score,gvgai_missilecommand,0,8,0
SyaPFSFL-,no_score,gvgai_missilecommand,0,31,0
SyaPFSFL-,no_score,gvgai_missilecommand,0,25,0
SyaPFSFL-,no_score,gvgai_missilecommand,0,0,0
SyaPFSFL-,no_score,gvgai_missilecommand,0,18,0
SyaPFSFL-,no_score,gvgai_missilecommand,0,12,0
SyaPFSFL-,no_score,gvgai_missilecommand,0,17,0
SyaPFSFL-,no_score,gvgai_missilecommand,0,2,0
SyaPFSFL-,no_score,gvgai_missilecommand,0,13,0
SyaPFSFL-,no_score,gvgai_missilecommand,0,1,0
SyaPFSFL-,no_score,gvgai_missilecommand,0,18,0
SyaPFSFL-,no_score,gvgai_missilecommand,0,13,0
SyaPFSFL-,no_score,gvgai_missilecommand,0,0,0
SyaPFSFL-,no_score,gvgai_missilecommand,0,13,0
SyaPFSFL-,no_score,gvgai_missilecommand,0,17,0
SyaPFSFL-,no_score,gvgai_missilecommand,0,20,0
SyaPFSFL-,no_score,gvgai_missilecommand,0,2,0
SyaPFSFL-,no_score,gvgai_missilecommand,0,15,0
SyaPFSFL-,no_score,gvgai_missilecommand,0,24,0
SyaPFSFL-,no_score,gvgai_missilecommand,0,8,0
SyaPFSFL-,no_score,gvgai_missilecommand,0,31,0
SyaPFSFL-,no_score,gvgai_missilecommand,0,4,0
SyaPFSFL-,no_score,gvgai_missilecommand,0,25,0
SyaPFSFL-,no_score,gvgai_missilecommand,0,19,0
SyaPFSFL-,no_score,gvgai_missilecommand,0,0,0
SyaPFSFL-,no_score,gvgai_missilecommand,0,6,0
SyaPFSFL-,no_score,gvgai_missilecommand,0,12,0
SyaPFSFL-,no_score,gvgai_missilecommand,0,5,0
SyaPFSFL-,no_score,gvgai_missilecommand,0,14,0
SyaPFSFL-,no_score,gvgai_missilecommand,0,17,0
SyaPFSFL-,no_score,gvgai_missilecommand,0,18,0
SyaPFSFL-,no_score,gvgai_missilecommand,0,25,0
SyaPFSFL-,no_score,gvgai_missilecommand,0,2,0
SyaPFSFL-,no_score,gvgai_missilecommand,0,0,0
SyaPFSFL-,no_score,gvgai_missilecommand,0,0,0
SyaPFSFL-,no_score,gvgai_missilecommand,0,0,0
SyaPFSFL-,no_score,gvgai_missilecommand,0,0,0
SyaPFSFL-,no_score,gvgai_missilecommand,0,11,0
SyaPFSFL-,no_score,gvgai_missilecommand,0,16,0
SyaPFSFL-,no_score,gvgai_missilecommand,0,0,0
SyaPFSFL-,no_score,gvgai_missilecommand,0,0,0
r1CVVzh-7,no_score,gvgai_clusters,0,20,1
r1CVVzh-7,no_score,gvgai_clusters,0,29,2
r1CVVzh-7,no_score,gvgai_clusters,0,42,3
r1CVVzh-7,no_score,gvgai_clusters,0,52,4
r1CVVzh-7,no_score,gvgai_clusters,1,92,9
r1CVVzh-7,no_score,gvgai_clusters,1,11,1
r1CVVzh-7,no_score,gvgai_clusters,1,64,5
r1CVVzh-7,no_score,gvgai_clusters,1,74,6
r1CVVzh-7,no_score,gvgai_clusters,1,85,7
r1CVVzh-7,no_score,gvgai_clusters,2,92,9
r1CVVzh-7,no_score,gvgai_clusters,3,92,9
rJmIewEbm,no_score,gvgai_superman,0,0,0
rJmIewEbm,no_score,gvgai_superman,0,0,0
rJmIewEbm,no_score,gvgai_superman,0,0,0
rJmIewEbm,no_score,gvgai_superman,0,10,NaN
rJmIewEbm,no_score,gvgai_superman,0,0,0
rJmIewEbm,no_score,gvgai_superman,0,6,NaN
rJmIewEbm,no_score,gvgai_superman,0,0,0
rJrkwQYL-,no_score,gvgai_missilecommand,0,7,0
rJrkwQYL-,no_score,gvgai_missilecommand,0,2,0
rJrkwQYL-,no_score,gvgai_missilecommand,0,5,0
rJrkwQYL-,no_score,gvgai_missilecommand,0,6,0
rJrkwQYL-,no_score,gvgai_missilecommand,0,9,0
rJrkwQYL-,no_score,gvgai_missilecommand,0,11,0
rJrkwQYL-,no_score,gvgai_missilecommand,0,5,0
rJrkwQYL-,no_score,gvgai_missilecommand,0,5,0
rJrkwQYL-,no_score,gvgai_missilecommand,0,5,0
rJrkwQYL-,no_score,gvgai_missilecommand,0,20,0
rJrkwQYL-,no_score,gvgai_missilecommand,0,18,0
rJrkwQYL-,no_score,gvgai_missilecommand,0,10,0
rJrkwQYL-,no_score,gvgai_missilecommand,0,11,0
rJrkwQYL-,no_score,gvgai_missilecommand,0,5,0
rJrkwQYL-,no_score,gvgai_missilecommand,0,11,0
rJrkwQYL-,no_score,gvgai_missilecommand,0,9,0
rJrkwQYL-,no_score,gvgai_missilecommand,0,9,0
rJrkwQYL-,no_score,gvgai_missilecommand,0,9,0
rJrkwQYL-,no_score,gvgai_missilecommand,0,10,0
rJrkwQYL-,no_score,gvgai_missilecommand,0,10,0
rJrkwQYL-,no_score,gvgai_missilecommand,0,9,0
rJrkwQYL-,no_score,gvgai_missilecommand,0,9,0
rJrkwQYL-,no_score,gvgai_missilecommand,0,20,0
rJrkwQYL-,no_score,gvgai_missilecommand,0,23,0
rJrkwQYL-,no_score,gvgai_missilecommand,0,19,0
rJrkwQYL-,no_score,gvgai_missilecommand,0,20,0
rJrkwQYL-,no_score,gvgai_missilecommand,0,7,0
rJrkwQYL-,no_score,gvgai_missilecommand,0,7,0
rJrkwQYL-,no_score,gvgai_missilecommand,0,7,0
rJrkwQYL-,no_score,gvgai_missilecommand,0,7,0
rJrkwQYL-,no_score,gvgai_missilecommand,0,13,0
rJrkwQYL-,no_score,gvgai_missilecommand,0,10,0
rJrkwQYL-,no_score,gvgai_missilecommand,0,14,0
rJrkwQYL-,no_score,gvgai_missilecommand,0,12,0
rJrkwQYL-,no_score,gvgai_missilecommand,0,12,0
rJrkwQYL-,no_score,gvgai_missilecommand,0,7,0
rJrkwQYL-,no_score,gvgai_missilecommand,0,6,0
rJrkwQYL-,no_score,gvgai_missilecommand,0,15,0
rJrkwQYL-,no_score,gvgai_missilecommand,0,15,0
rJrkwQYL-,no_score,gvgai_missilecommand,0,22,0
rJrkwQYL-,no_score,gvgai_missilecommand,0,8,0
rJrkwQYL-,no_score,gvgai_missilecommand,0,20,0
rJrkwQYL-,no_score,gvgai_missilecommand,0,18,0
rJrkwQYL-,no_score,gvgai_missilecommand,0,19,0
rJrkwQYL-,no_score,gvgai_missilecommand,0,7,0
rJrkwQYL-,no_score,gvgai_missilecommand,0,8,0
rJrkwQYL-,no_score,gvgai_missilecommand,0,18,0
rJrkwQYL-,no_score,gvgai_missilecommand,0,19,0
rJrkwQYL-,no_score,gvgai_missilecommand,0,19,0
rJrkwQYL-,no_score,gvgai_missilecommand,0,20,0
rJrkwQYL-,no_score,gvgai_missilecommand,0,10,0
rJrkwQYL-,no_score,gvgai_missilecommand,0,17,0
rJrkwQYL-,no_score,gvgai_missilecommand,0,7,0
rJrkwQYL-,no_score,gvgai_missilecommand,0,18,0
rJrkwQYL-,no_score,gvgai_missilecommand,0,8,0
rJrkwQYL-,no_score,gvgai_missilecommand,0,20,0
rJrkwQYL-,no_score,gvgai_missilecommand,0,23,0
rJrkwQYL-,no_score,gvgai_missilecommand,0,26,0
rJrkwQYL-,no_score,gvgai_missilecommand,0,11,0
rJrkwQYL-,no_score,gvgai_missilecommand,0,26,0
rJrkwQYL-,no_score,gvgai_missilecommand,0,3,0
rJrkwQYL-,no_score,gvgai_missilecommand,0,13,0
rJrkwQYL-,no_score,gvgai_missilecommand,0,15,0
rJrkwQYL-,no_score,gvgai_missilecommand,0,25,0
rJrkwQYL-,no_score,gvgai_missilecommand,0,8,0
rJrkwQYL-,no_score,gvgai_missilecommand,0,23,0
rJrkwQYL-,no_score,gvgai_missilecommand,0,25,0
rJrkwQYL-,no_score,gvgai_missilecommand,0,14,0
rJrkwQYL-,no_score,gvgai_missilecommand,0,27,0
rJrkwQYL-,no_score,gvgai_missilecommand,0,30,0
rJrkwQYL-,no_score,gvgai_missilecommand,0,11,0
rJrkwQYL-,no_score,gvgai_missilecommand,0,28,0
rJrkwQYL-,no_score,gvgai_missilecommand,0,22,0
rJrkwQYL-,no_score,gvgai_missilecommand,0,21,0
rJrkwQYL-,no_score,gvgai_missilecommand,0,7,0
rJrkwQYL-,no_score,gvgai_missilecommand,0,10,0
rJrkwQYL-,no_score,gvgai_missilecommand,0,20,0
rJrkwQYL-,no_score,gvgai_missilecommand,0,20,0
rJrkwQYL-,no_score,gvgai_missilecommand,0,16,0
rJrkwQYL-,no_score,gvgai_missilecommand,0,18,0
rJrkwQYL-,no_score,gvgai_missilecommand,0,6,0
rJrkwQYL-,no_score,gvgai_missilecommand,0,11,0
rJrkwQYL-,no_score,gvgai_missilecommand,0,16,0
rJrkwQYL-,no_score,gvgai_missilecommand,0,16,0
rJrkwQYL-,no_score,gvgai_missilecommand,0,17,0
rJrkwQYL-,no_score,gvgai_missilecommand,0,20,0
rJrkwQYL-,no_score,gvgai_missilecommand,0,4,0
rJrkwQYL-,no_score,gvgai_missilecommand,0,26,0
rJrkwQYL-,no_score,gvgai_missilecommand,0,24,0
rJrkwQYL-,no_score,gvgai_missilecommand,0,7,0
rJrkwQYL-,no_score,gvgai_missilecommand,0,18,0
rJrkwQYL-,no_score,gvgai_missilecommand,0,7,0
rJrkwQYL-,no_score,gvgai_missilecommand,0,20,0
rJrkwQYL-,no_score,gvgai_missilecommand,0,10,0
rJrkwQYL-,no_score,gvgai_missilecommand,0,3,0
rJrkwQYL-,no_score,gvgai_missilecommand,0,12,0
rJrkwQYL-,no_score,gvgai_missilecommand,0,10,0
rJrkwQYL-,no_score,gvgai_missilecommand,0,24,0
rJrkwQYL-,no_score,gvgai_missilecommand,0,26,0
rJrkwQYL-,no_score,gvgai_missilecommand,0,0,0
rJrkwQYL-,no_score,gvgai_butterflies,0,4,0
rJrkwQYL-,no_score,gvgai_butterflies,0,12,0
rJrkwQYL-,no_score,gvgai_butterflies,0,19,0
rJrkwQYL-,no_score,gvgai_butterflies,0,41,2
rJrkwQYL-,no_score,gvgai_butterflies,0,68,4
rJrkwQYL-,no_score,gvgai_butterflies,0,28,2
rJrkwQYL-,no_score,gvgai_butterflies,0,88,14
rJrkwQYL-,no_score,gvgai_butterflies,0,54,2
rJrkwQYL-,no_score,gvgai_butterflies,0,80,12
rJrkwQYL-,no_score,gvgai_butterflies,0,94,14
rJrkwQYL-,no_score,gvgai_butterflies,0,26,10
rJrkwQYL-,no_score,gvgai_butterflies,0,41,12
rJrkwQYL-,no_score,gvgai_butterflies,0,81,22
rJrkwQYL-,no_score,gvgai_butterflies,0,12,10
rJrkwQYL-,no_score,gvgai_butterflies,0,54,18
rJrkwQYL-,no_score,gvgai_butterflies,0,69,20
rJrkwQYL-,no_score,gvgai_butterflies,1,85,24
rJrkwQYL-,no_score,gvgai_butterflies,2,109,36
rJrkwQYL-,no_score,gvgai_butterflies,2,20,14
rJrkwQYL-,no_score,gvgai_butterflies,2,31,18
rJrkwQYL-,no_score,gvgai_butterflies,2,66,30
rJrkwQYL-,no_score,gvgai_butterflies,2,95,34
rJrkwQYL-,no_score,gvgai_butterflies,2,7,2
rJrkwQYL-,no_score,gvgai_butterflies,2,42,20
rJrkwQYL-,no_score,gvgai_butterflies,2,57,28
rJrkwQYL-,no_score,gvgai_butterflies,2,80,30
rJrkwQYL-,no_score,gvgai_butterflies,2,108,34
rJrkwQYL-,no_score,gvgai_butterflies,2,42,30
rJrkwQYL-,no_score,gvgai_butterflies,2,70,52
rJrkwQYL-,no_score,gvgai_butterflies,2,32,26
rJrkwQYL-,no_score,gvgai_butterflies,2,17,4
rJrkwQYL-,no_score,gvgai_butterflies,2,57,44
rJrkwQYL-,no_score,gvgai_butterflies,2,5,0
rJrkwQYL-,no_score,gvgai_butterflies,3,71,54
rJrkwQYL-,no_score,gvgai_butterflies,3,23,8
rJrkwQYL-,no_score,gvgai_butterflies,3,38,14
rJrkwQYL-,no_score,gvgai_butterflies,4,70,24
rJrkwQYL-,no_score,gvgai_butterflies,4,66,22
rJrkwQYL-,no_score,gvgai_butterflies,4,50,18
rJrkwQYL-,no_score,gvgai_butterflies,4,8,0
rJrkwQYL-,no_score,gvgai_butterflies,4,20,8
rJrkwQYL-,no_score,gvgai_butterflies,4,34,12
rJrkwQYL-,no_score,gvgai_butterflies,5,41,14
rJrkwQYL-,no_score,gvgai_butterflies,5,7,0
rJrkwQYL-,no_score,gvgai_aliens,0,66,0
rJrkwQYL-,no_score,gvgai_aliens,0,105,0
rJrkwQYL-,no_score,gvgai_aliens,0,15,0
rJrkwQYL-,no_score,gvgai_aliens,0,40,0
rJrkwQYL-,no_score,gvgai_aliens,0,91,0
rJrkwQYL-,no_score,gvgai_aliens,0,4,0
rJrkwQYL-,no_score,gvgai_aliens,0,6,0
rJrkwQYL-,no_score,gvgai_aliens,0,27,0
rJrkwQYL-,no_score,gvgai_aliens,0,43,0
rJrkwQYL-,no_score,gvgai_aliens,0,56,0
rJrkwQYL-,no_score,gvgai_aliens,0,136,0
rJrkwQYL-,no_score,gvgai_aliens,0,15,0
rJrkwQYL-,no_score,gvgai_aliens,0,92,0
rJrkwQYL-,no_score,gvgai_aliens,0,126,0
rJrkwQYL-,no_score,gvgai_aliens,0,68,0
rJrkwQYL-,no_score,gvgai_aliens,0,115,0
rJrkwQYL-,no_score,gvgai_aliens,1,137,1
rJrkwQYL-,no_score,gvgai_aliens,1,79,0
rJrkwQYL-,no_score,gvgai_aliens,1,105,0
rJrkwQYL-,no_score,gvgai_aliens,1,132,0
rJrkwQYL-,no_score,gvgai_aliens,1,136,0
rJrkwQYL-,no_score,gvgai_aliens,1,35,0
rJrkwQYL-,no_score,gvgai_aliens,1,8,0
rJrkwQYL-,no_score,gvgai_aliens,1,20,0
rJrkwQYL-,no_score,gvgai_aliens,1,30,0
rJrkwQYL-,no_score,gvgai_aliens,1,36,0
rJrkwQYL-,no_score,gvgai_aliens,1,24,0
rJrkwQYL-,no_score,gvgai_aliens,1,66,0
rJrkwQYL-,no_score,gvgai_aliens,1,14,0
rJrkwQYL-,no_score,gvgai_aliens,1,62,0
rJrkwQYL-,no_score,gvgai_aliens,1,3,0
rJrkwQYL-,no_score,gvgai_aliens,1,53,0
rJrkwQYL-,no_score,gvgai_aliens,1,72,0
rJrkwQYL-,no_score,gvgai_aliens,2,91,1
rJrkwQYL-,no_score,gvgai_aliens,2,30,0
rJrkwQYL-,no_score,gvgai_aliens,2,37,0
rJrkwQYL-,no_score,gvgai_aliens,2,83,0
rJrkwQYL-,no_score,gvgai_aliens,2,43,0
rJrkwQYL-,no_score,gvgai_aliens,2,108,0
rJrkwQYL-,no_score,gvgai_aliens,2,57,0
rJrkwQYL-,no_score,gvgai_aliens,2,123,0
rJrkwQYL-,no_score,gvgai_aliens,2,38,0
rJrkwQYL-,no_score,gvgai_aliens,2,47,0
rJrkwQYL-,no_score,gvgai_aliens,2,147,0
rJrkwQYL-,no_score,gvgai_aliens,3,148,1
rJrkwQYL-,no_score,gvgai_aliens,3,18,0
rJrkwQYL-,no_score,gvgai_aliens,3,65,0
rJrkwQYL-,no_score,gvgai_aliens,3,79,0
rJrkwQYL-,no_score,gvgai_aliens,3,95,0
rJrkwQYL-,no_score,gvgai_aliens,3,7,0
rJrkwQYL-,no_score,gvgai_aliens,3,28,0
rJrkwQYL-,no_score,gvgai_aliens,3,147,0
rJrkwQYL-,no_score,gvgai_aliens,3,137,0
rJrkwQYL-,no_score,gvgai_aliens,3,34,0
rJrkwQYL-,no_score,gvgai_aliens,3,45,0
rJrkwQYL-,no_score,gvgai_aliens,3,97,0
rJrkwQYL-,no_score,gvgai_aliens,3,6,0
rJrkwQYL-,no_score,gvgai_aliens,3,23,0
rJrkwQYL-,no_score,gvgai_aliens,3,56,0
rJrkwQYL-,no_score,gvgai_aliens,3,77,0
rJrkwQYL-,no_score,gvgai_aliens,3,66,0
rJrkwQYL-,no_score,gvgai_aliens,3,86,0
rJrkwQYL-,no_score,gvgai_aliens,3,99,0
rJrkwQYL-,no_score,gvgai_aliens,4,100,1
rJrkwQYL-,no_score,gvgai_aliens,4,9,0
rJrkwQYL-,no_score,gvgai_aliens,4,19,0
rJrkwQYL-,no_score,gvgai_aliens,4,29,0
rJrkwQYL-,no_score,gvgai_aliens,4,39,0
rJrkwQYL-,no_score,gvgai_aliens,4,46,0
rJrkwQYL-,no_score,gvgai_aliens,4,58,0
rJrkwQYL-,no_score,gvgai_aliens,4,10,0
rJrkwQYL-,no_score,gvgai_aliens,4,20,0
rJrkwQYL-,no_score,gvgai_aliens,4,29,0
rJrkwQYL-,no_score,gvgai_aliens,4,38,0
rJrkwQYL-,no_score,gvgai_aliens,4,47,0
rJrkwQYL-,no_score,gvgai_aliens,4,77,0
rJrkwQYL-,no_score,gvgai_aliens,5,95,1
rJrkwQYL-,no_score,gvgai_aliens,5,68,0
rJrkwQYL-,no_score,gvgai_aliens,5,87,0
rJrkwQYL-,no_score,gvgai_portals,0,20,0
rJrkwQYL-,no_score,gvgai_portals,0,27,0
rJrkwQYL-,no_score,gvgai_portals,0,8,0
rJrkwQYL-,no_score,gvgai_portals,0,4,0
rJrkwQYL-,no_score,gvgai_portals,0,14,0
rJrkwQYL-,no_score,gvgai_portals,0,11,0
rJrkwQYL-,no_score,gvgai_portals,0,25,0
rJrkwQYL-,no_score,gvgai_portals,0,40,0
rJrkwQYL-,no_score,gvgai_portals,0,11,0
rJrkwQYL-,no_score,gvgai_portals,0,16,0
rJrkwQYL-,no_score,gvgai_portals,0,34,0
rJrkwQYL-,no_score,gvgai_portals,0,49,0
rJrkwQYL-,no_score,gvgai_portals,0,53,0
rJrkwQYL-,no_score,gvgai_portals,0,53,0
rJrkwQYL-,no_score,gvgai_portals,0,5,0
rJrkwQYL-,no_score,gvgai_portals,0,2,0
rJrkwQYL-,no_score,gvgai_portals,0,27,0
rJrkwQYL-,no_score,gvgai_portals,0,35,0
rJrkwQYL-,no_score,gvgai_portals,0,35,0
rJrkwQYL-,no_score,gvgai_portals,0,18,0
rJrkwQYL-,no_score,gvgai_portals,0,28,0
rJrkwQYL-,no_score,gvgai_portals,0,11,0
rJrkwQYL-,no_score,gvgai_portals,0,3,0
rJrkwQYL-,no_score,gvgai_portals,0,11,0
rJrkwQYL-,no_score,gvgai_portals,0,30,0
rJrkwQYL-,no_score,gvgai_portals,0,18,0
rJrkwQYL-,no_score,gvgai_portals,0,32,0
rJrkwQYL-,no_score,gvgai_portals,0,34,0
rJrkwQYL-,no_score,gvgai_portals,0,4,0
rJrkwQYL-,no_score,gvgai_portals,0,20,0
rJrkwQYL-,no_score,gvgai_portals,0,29,0
rJrkwQYL-,no_score,gvgai_portals,0,42,0
rJrkwQYL-,no_score,gvgai_portals,0,7,0
rJrkwQYL-,no_score,gvgai_portals,0,11,0
rJrkwQYL-,no_score,gvgai_portals,0,44,0
rJrkwQYL-,no_score,gvgai_portals,0,50,0
rJrkwQYL-,no_score,gvgai_portals,0,52,0
rJrkwQYL-,no_score,gvgai_portals,1,55,1
rJrkwQYL-,no_score,gvgai_portals,1,5,0
rJrkwQYL-,no_score,gvgai_portals,1,2,0
rJrkwQYL-,no_score,gvgai_portals,1,4,0
rJrkwQYL-,no_score,gvgai_portals,1,6,0
rJrkwQYL-,no_score,gvgai_portals,1,2,0
rJrkwQYL-,no_score,gvgai_portals,1,6,0
rJrkwQYL-,no_score,gvgai_portals,2,13,1
rJrkwQYL-,no_score,gvgai_portals,2,1,0
rJrkwQYL-,no_score,gvgai_portals,2,7,0
rJrkwQYL-,no_score,gvgai_portals,2,4,0
rJrkwQYL-,no_score,gvgai_portals,2,8,0
rJrkwQYL-,no_score,gvgai_portals,2,16,0
rJrkwQYL-,no_score,gvgai_portals,2,11,0
rJrkwQYL-,no_score,gvgai_portals,2,23,0
rJrkwQYL-,no_score,gvgai_portals,2,33,0
rJrkwQYL-,no_score,gvgai_portals,2,5,0
rJrkwQYL-,no_score,gvgai_portals,2,6,0
rJrkwQYL-,no_score,gvgai_portals,2,7,0
rJrkwQYL-,no_score,gvgai_portals,2,8,0
rJrkwQYL-,no_score,gvgai_portals,2,10,0
rJrkwQYL-,no_score,gvgai_portals,2,6,0
rJrkwQYL-,no_score,gvgai_portals,2,11,0
rJrkwQYL-,no_score,gvgai_portals,2,17,0
rJrkwQYL-,no_score,gvgai_portals,2,4,0
rJrkwQYL-,no_score,gvgai_portals,2,20,0
rJrkwQYL-,no_score,gvgai_portals,2,6,0
rJrkwQYL-,no_score,gvgai_portals,2,6,0
rJrkwQYL-,no_score,gvgai_portals,2,6,0
rJrkwQYL-,no_score,gvgai_portals,2,6,0
rJrkwQYL-,no_score,gvgai_portals,2,6,0
rJrkwQYL-,no_score,gvgai_portals,2,12,0
rJrkwQYL-,no_score,gvgai_portals,2,18,0
rJrkwQYL-,no_score,gvgai_portals,2,7,0
rJrkwQYL-,no_score,gvgai_portals,2,5,0
rJrkwQYL-,no_score,gvgai_portals,2,7,0
rJrkwQYL-,no_score,gvgai_portals,2,7,0
rJrkwQYL-,no_score,gvgai_portals,2,5,0
rJrkwQYL-,no_score,gvgai_portals,2,7,0
rJrkwQYL-,no_score,gvgai_portals,2,6,0
rJrkwQYL-,no_score,gvgai_portals,2,6,0
rJrkwQYL-,no_score,gvgai_portals,2,6,0
rJrkwQYL-,no_score,gvgai_portals,2,8,0
rJrkwQYL-,no_score,gvgai_portals,2,14,0
rJrkwQYL-,no_score,gvgai_portals,2,8,0
rJrkwQYL-,no_score,gvgai_portals,2,6,0
rJrkwQYL-,no_score,gvgai_portals,2,5,0
rJrkwQYL-,no_score,gvgai_portals,2,6,0
rJrkwQYL-,no_score,gvgai_portals,2,9,0
rJrkwQYL-,no_score,gvgai_portals,2,5,0
rJrkwQYL-,no_score,gvgai_portals,2,8,0
rJrkwQYL-,no_score,gvgai_portals,2,6,0
rJrkwQYL-,no_score,gvgai_portals,2,13,0
rJrkwQYL-,no_score,gvgai_portals,2,17,0
rJrkwQYL-,no_score,gvgai_portals,2,17,0
rJrkwQYL-,no_score,gvgai_portals,2,22,0
rJrkwQYL-,no_score,gvgai_portals,2,23,0
rJrkwQYL-,no_score,gvgai_portals,2,25,0
rJrkwQYL-,no_score,gvgai_portals,2,26,0
rJrkwQYL-,no_score,gvgai_portals,2,9,0
rJrkwQYL-,no_score,gvgai_portals,2,12,0
rJrkwQYL-,no_score,gvgai_portals,2,12,0
rJrkwQYL-,no_score,gvgai_portals,2,12,0
rJrkwQYL-,no_score,gvgai_portals,2,13,0
rJrkwQYL-,no_score,gvgai_portals,2,6,0
rJrkwQYL-,no_score,gvgai_portals,2,10,0
rJrkwQYL-,no_score,gvgai_portals,2,11,0
rJrkwQYL-,no_score,gvgai_portals,2,16,0
rJrkwQYL-,no_score,gvgai_portals,2,11,0
rJrkwQYL-,no_score,gvgai_portals,2,16,0
rJrkwQYL-,no_score,gvgai_portals,2,8,0
rJrkwQYL-,no_score,gvgai_portals,2,0,0
rJrkwQYL-,no_score,gvgai_portals,2,0,0
rJrkwQYL-,no_score,gvgai_frogs,0,2,0
rJrkwQYL-,no_score,gvgai_frogs,0,1,0
rJrkwQYL-,no_score,gvgai_frogs,0,8,0
rJrkwQYL-,no_score,gvgai_frogs,0,4,0
rJrkwQYL-,no_score,gvgai_frogs,0,12,0
rJrkwQYL-,no_score,gvgai_frogs,0,9,0
rJrkwQYL-,no_score,gvgai_frogs,0,5,0
rJrkwQYL-,no_score,gvgai_frogs,0,9,0
rJrkwQYL-,no_score,gvgai_frogs,0,7,0
rJrkwQYL-,no_score,gvgai_frogs,0,11,0
rJrkwQYL-,no_score,gvgai_frogs,0,31,0
rJrkwQYL-,no_score,gvgai_frogs,0,11,0
rJrkwQYL-,no_score,gvgai_frogs,0,11,0
rJrkwQYL-,no_score,gvgai_frogs,0,17,0
rJrkwQYL-,no_score,gvgai_frogs,0,25,0
rJrkwQYL-,no_score,gvgai_frogs,0,25,0
rJrkwQYL-,no_score,gvgai_frogs,1,32,1
rJrkwQYL-,no_score,gvgai_frogs,1,5,0
rJrkwQYL-,no_score,gvgai_frogs,1,4,0
rJrkwQYL-,no_score,gvgai_frogs,1,7,0
rJrkwQYL-,no_score,gvgai_frogs,1,3,0
rJrkwQYL-,no_score,gvgai_frogs,1,10,0
rJrkwQYL-,no_score,gvgai_frogs,1,11,0
rJrkwQYL-,no_score,gvgai_frogs,1,12,0
rJrkwQYL-,no_score,gvgai_frogs,1,2,0
rJrkwQYL-,no_score,gvgai_frogs,1,8,0
rJrkwQYL-,no_score,gvgai_frogs,1,0,0
rJrkwQYL-,no_score,gvgai_frogs,1,7,0
rJrkwQYL-,no_score,gvgai_frogs,1,9,0
rJrkwQYL-,no_score,gvgai_frogs,1,9,0
rJrkwQYL-,no_score,gvgai_frogs,1,9,0
rJrkwQYL-,no_score,gvgai_frogs,1,6,0
rJrkwQYL-,no_score,gvgai_frogs,1,6,0
rJrkwQYL-,no_score,gvgai_frogs,1,3,0
rJrkwQYL-,no_score,gvgai_frogs,1,20,0
rJrkwQYL-,no_score,gvgai_frogs,1,23,0
rJrkwQYL-,no_score,gvgai_frogs,1,6,0
rJrkwQYL-,no_score,gvgai_frogs,1,7,0
rJrkwQYL-,no_score,gvgai_frogs,1,7,0
rJrkwQYL-,no_score,gvgai_frogs,1,10,0
rJrkwQYL-,no_score,gvgai_frogs,1,6,0
rJrkwQYL-,no_score,gvgai_frogs,1,6,0
rJrkwQYL-,no_score,gvgai_frogs,1,6,0
rJrkwQYL-,no_score,gvgai_frogs,1,6,0
rJrkwQYL-,no_score,gvgai_frogs,1,6,0
rJrkwQYL-,no_score,gvgai_frogs,1,10,0
rJrkwQYL-,no_score,gvgai_frogs,1,7,0
rJrkwQYL-,no_score,gvgai_frogs,1,8,0
rJrkwQYL-,no_score,gvgai_frogs,1,4,0
rJrkwQYL-,no_score,gvgai_frogs,1,12,0
rJrkwQYL-,no_score,gvgai_frogs,1,6,0
rJrkwQYL-,no_score,gvgai_frogs,1,2,0
rJrkwQYL-,no_score,gvgai_frogs,1,4,0
rJrkwQYL-,no_score,gvgai_frogs,1,2,0
rJrkwQYL-,no_score,gvgai_frogs,1,5,0
rJrkwQYL-,no_score,gvgai_frogs,1,0,0
rJrkwQYL-,no_score,gvgai_frogs,1,0,0
rJrkwQYL-,no_score,gvgai_frogs,1,5,0
rJrkwQYL-,no_score,gvgai_frogs,1,6,0
rJrkwQYL-,no_score,gvgai_frogs,1,5,0
rJrkwQYL-,no_score,gvgai_frogs,1,5,0
rJrkwQYL-,no_score,gvgai_frogs,1,5,0
rJrkwQYL-,no_score,gvgai_frogs,1,11,0
rJrkwQYL-,no_score,gvgai_frogs,1,6,0
rJrkwQYL-,no_score,gvgai_frogs,1,2,0
rJrkwQYL-,no_score,gvgai_frogs,1,2,0
rJrkwQYL-,no_score,gvgai_chase,0,20,1
rJrkwQYL-,no_score,gvgai_chase,0,46,1
rJrkwQYL-,no_score,gvgai_chase,0,2,0
rJrkwQYL-,no_score,gvgai_chase,0,7,0
rJrkwQYL-,no_score,gvgai_chase,0,104,4
rJrkwQYL-,no_score,gvgai_chase,0,133,5
rJrkwQYL-,no_score,gvgai_chase,0,13,0
rJrkwQYL-,no_score,gvgai_chase,0,32,1
rJrkwQYL-,no_score,gvgai_chase,0,59,2
rJrkwQYL-,no_score,gvgai_chase,0,81,3
rJrkwQYL-,no_score,gvgai_chase,0,122,5
rJrkwQYL-,no_score,gvgai_chase,0,130,5
rJrkwQYL-,no_score,gvgai_chase,0,69,3
rJrkwQYL-,no_score,gvgai_chase,0,113,5
rJrkwQYL-,no_score,gvgai_chase,0,92,3
rJrkwQYL-,no_score,gvgai_chase,0,82,3
rJrkwQYL-,no_score,gvgai_chase,0,106,3
rJrkwQYL-,no_score,gvgai_chase,0,61,3
rJrkwQYL-,no_score,gvgai_chase,0,92,3
rJrkwQYL-,no_score,gvgai_chase,0,8,0
rJrkwQYL-,no_score,gvgai_chase,0,22,1
rJrkwQYL-,no_score,gvgai_chase,0,34,1
rJrkwQYL-,no_score,gvgai_chase,0,47,1
rJrkwQYL-,no_score,gvgai_chase,0,73,3
rJrkwQYL-,no_score,gvgai_chase,0,112,3
rJrkwQYL-,no_score,gvgai_chase,0,9,0
rJrkwQYL-,no_score,gvgai_chase,0,21,0
rJrkwQYL-,no_score,gvgai_chase,0,59,2
rJrkwQYL-,no_score,gvgai_chase,0,83,5
rJrkwQYL-,no_score,gvgai_chase,0,126,6
rJrkwQYL-,no_score,gvgai_chase,0,137,6
rJrkwQYL-,no_score,gvgai_chase,1,140,7
rJrkwQYL-,no_score,gvgai_chase,1,34,2
rJrkwQYL-,no_score,gvgai_chase,1,116,5
rJrkwQYL-,no_score,gvgai_chase,1,45,2
rJrkwQYL-,no_score,gvgai_chase,1,95,5
rJrkwQYL-,no_score,gvgai_chase,1,72,3
rJrkwQYL-,no_score,gvgai_chase,1,106,5
rJrkwQYL-,no_score,gvgai_chase,1,22,0
rJrkwQYL-,no_score,gvgai_chase,1,35,0
rJrkwQYL-,no_score,gvgai_chase,1,76,4
rJrkwQYL-,no_score,gvgai_chase,1,9,0
rJrkwQYL-,no_score,gvgai_chase,1,104,4
rJrkwQYL-,no_score,gvgai_chase,1,46,1
rJrkwQYL-,no_score,gvgai_chase,1,91,4
rJrkwQYL-,no_score,gvgai_chase,1,132,4
rJrkwQYL-,no_score,gvgai_chase,1,141,5
rJrkwQYL-,no_score,gvgai_chase,1,154,5
rJrkwQYL-,no_score,gvgai_chase,2,162,7
rJrkwQYL-,no_score,gvgai_chase,2,62,2
rJrkwQYL-,no_score,gvgai_chase,2,117,4
rJrkwQYL-,no_score,gvgai_chase,2,33,1
rJrkwQYL-,no_score,gvgai_chase,2,20,1
rJrkwQYL-,no_score,gvgai_chase,2,41,1
rJrkwQYL-,no_score,gvgai_chase,2,56,1
rJrkwQYL-,no_score,gvgai_chase,2,7,0
rJrkwQYL-,no_score,gvgai_chase,2,68,2
rJrkwQYL-,no_score,gvgai_chase,2,80,2
rJrkwQYL-,no_score,gvgai_chase,2,91,6
rJrkwQYL-,no_score,gvgai_chase,2,103,6
rJrkwQYL-,no_score,gvgai_chase,2,116,7
rJrkwQYL-,no_score,gvgai_chase,2,124,7
rJrkwQYL-,no_score,gvgai_chase,2,5,0
rJrkwQYL-,no_score,gvgai_chase,2,15,0
rJrkwQYL-,no_score,gvgai_chase,2,29,1
rJrkwQYL-,no_score,gvgai_chase,2,40,2
rJrkwQYL-,no_score,gvgai_chase,2,51,2
rJrkwQYL-,no_score,gvgai_chase,2,60,2
rJrkwQYL-,no_score,gvgai_chase,2,73,7
rJrkwQYL-,no_score,gvgai_chase,2,83,7
rJrkwQYL-,no_score,gvgai_chase,2,139,8
rJrkwQYL-,no_score,gvgai_chase,2,95,7
rJrkwQYL-,no_score,gvgai_chase,2,150,8
rJrkwQYL-,no_score,gvgai_chase,2,106,7
rJrkwQYL-,no_score,gvgai_chase,2,172,8
rJrkwQYL-,no_score,gvgai_chase,2,116,7
rJrkwQYL-,no_score,gvgai_chase,2,129,7
rJrkwQYL-,no_score,gvgai_chase,2,164,8
rJrkwQYL-,no_score,gvgai_chase,2,173,8
rJrkwQYL-,no_score,gvgai_chase,2,29,1
rJrkwQYL-,no_score,gvgai_chase,2,65,2
rJrkwQYL-,no_score,gvgai_chase,2,135,7
rJrkwQYL-,no_score,gvgai_chase,2,182,11
rJrkwQYL-,no_score,gvgai_chase,2,42,1
rJrkwQYL-,no_score,gvgai_chase,2,145,7
rJrkwQYL-,no_score,gvgai_chase,2,11,1
rJrkwQYL-,no_score,gvgai_chase,2,77,2
rJrkwQYL-,no_score,gvgai_chase,2,125,6
rJrkwQYL-,no_score,gvgai_chase,2,157,7
rJrkwQYL-,no_score,gvgai_chase,2,2,0
rJrkwQYL-,no_score,gvgai_chase,2,53,2
rJrkwQYL-,no_score,gvgai_chase,2,203,12
rJrkwQYL-,no_score,gvgai_chase,2,100,4
rJrkwQYL-,no_score,gvgai_chase,2,169,9
rJrkwQYL-,no_score,gvgai_chase,2,18,1
rJrkwQYL-,no_score,gvgai_chase,2,89,4
rJrkwQYL-,no_score,gvgai_chase,2,113,5
rJrkwQYL-,no_score,gvgai_chase,2,197,12
rJrkwQYL-,no_score,gvgai_chase,2,0,0
rJrkwQYL-,no_score,gvgai_sokoban,0,54,1
rJrkwQYL-,no_score,gvgai_sokoban,0,16,0
rJrkwQYL-,no_score,gvgai_sokoban,0,49,1
rJrkwQYL-,no_score,gvgai_sokoban,0,54,1
rJrkwQYL-,no_score,gvgai_sokoban,0,3,0
rJrkwQYL-,no_score,gvgai_sokoban,0,26,1
rJrkwQYL-,no_score,gvgai_sokoban,0,11,0
rJrkwQYL-,no_score,gvgai_sokoban,0,34,1
rJrkwQYL-,no_score,gvgai_sokoban,0,44,1
rJrkwQYL-,no_score,gvgai_sokoban,0,2,0
rJrkwQYL-,no_score,gvgai_sokoban,0,17,0
rJrkwQYL-,no_score,gvgai_sokoban,0,25,0
rJrkwQYL-,no_score,gvgai_sokoban,0,8,0
rJrkwQYL-,no_score,gvgai_sokoban,0,12,0
rJrkwQYL-,no_score,gvgai_sokoban,0,27,0
rJrkwQYL-,no_score,gvgai_sokoban,0,20,0
rJrkwQYL-,no_score,gvgai_sokoban,0,3,0
rJrkwQYL-,no_score,gvgai_sokoban,0,27,0
rJrkwQYL-,no_score,gvgai_sokoban,0,14,0
rJrkwQYL-,no_score,gvgai_sokoban,0,56,0
rJrkwQYL-,no_score,gvgai_sokoban,0,19,0
rJrkwQYL-,no_score,gvgai_sokoban,0,33,0
rJrkwQYL-,no_score,gvgai_sokoban,0,61,0
rJrkwQYL-,no_score,gvgai_sokoban,0,5,0
rJrkwQYL-,no_score,gvgai_sokoban,0,5,0
rJrkwQYL-,no_score,gvgai_sokoban,0,3,0
rJrkwQYL-,no_score,gvgai_sokoban,0,26,0
rJrkwQYL-,no_score,gvgai_sokoban,0,41,0
rJrkwQYL-,no_score,gvgai_sokoban,0,48,0
rJrkwQYL-,no_score,gvgai_sokoban,0,61,0
rk8wz4tI-,no_score,gvgai_portals,0,0,0
rk8wz4tI-,no_score,gvgai_portals,0,5,0
rk8wz4tI-,no_score,gvgai_portals,0,11,0
rk8wz4tI-,no_score,gvgai_portals,0,14,0
rk8wz4tI-,no_score,gvgai_portals,0,18,0
rk8wz4tI-,no_score,gvgai_portals,0,23,0
rk8wz4tI-,no_score,gvgai_portals,0,29,0
rk8wz4tI-,no_score,gvgai_portals,0,30,0
rk8wz4tI-,no_score,gvgai_portals,0,5,0
rk8wz4tI-,no_score,gvgai_portals,0,23,0
rk8wz4tI-,no_score,gvgai_portals,0,1,0
rk8wz4tI-,no_score,gvgai_portals,0,13,0
rk8wz4tI-,no_score,gvgai_portals,0,24,0
rk8wz4tI-,no_score,gvgai_portals,0,15,0
rk8wz4tI-,no_score,gvgai_portals,0,23,0
rk8wz4tI-,no_score,gvgai_portals,1,26,1
rk8wz4tI-,no_score,gvgai_portals,1,10,0
rk8wz4tI-,no_score,gvgai_portals,1,3,0
rk8wz4tI-,no_score,gvgai_portals,1,6,0
rk8wz4tI-,no_score,gvgai_portals,1,14,0
rk8wz4tI-,no_score,gvgai_portals,1,1,0
rk8wz4tI-,no_score,gvgai_portals,1,4,0
rk8wz4tI-,no_score,gvgai_portals,1,4,0
rk8wz4tI-,no_score,gvgai_portals,1,6,0
rk8wz4tI-,no_score,gvgai_portals,1,4,0
rk8wz4tI-,no_score,gvgai_portals,1,4,0
rk8wz4tI-,no_score,gvgai_portals,1,13,0
rk8wz4tI-,no_score,gvgai_portals,1,6,0
rk8wz4tI-,no_score,gvgai_portals,1,18,0
rk8wz4tI-,no_score,gvgai_portals,1,18,0
rk8wz4tI-,no_score,gvgai_portals,1,20,0
rk8wz4tI-,no_score,gvgai_portals,1,9,0
rk8wz4tI-,no_score,gvgai_portals,1,4,0
rk8wz4tI-,no_score,gvgai_portals,1,4,0
rk8wz4tI-,no_score,gvgai_portals,1,9,0
rk8wz4tI-,no_score,gvgai_portals,1,37,0
rk8wz4tI-,no_score,gvgai_portals,1,46,0
rk8wz4tI-,no_score,gvgai_portals,1,23,0
rk8wz4tI-,no_score,gvgai_portals,1,34,0
rk8wz4tI-,no_score,gvgai_portals,1,34,0
rk8wz4tI-,no_score,gvgai_portals,1,27,0
rk8wz4tI-,no_score,gvgai_portals,1,34,0
rk8wz4tI-,no_score,gvgai_portals,1,15,0
rk8wz4tI-,no_score,gvgai_portals,1,18,0
rk8wz4tI-,no_score,gvgai_portals,1,32,0
rk8wz4tI-,no_score,gvgai_portals,2,47,1
rk8wz4tI-,no_score,gvgai_portals,2,25,0
rk8wz4tI-,no_score,gvgai_portals,2,7,0
rk8wz4tI-,no_score,gvgai_portals,2,27,0
rk8wz4tI-,no_score,gvgai_portals,2,27,0
rk8wz4tI-,no_score,gvgai_portals,2,32,0
rk8wz4tI-,no_score,gvgai_portals,2,1,0
rk8wz4tI-,no_score,gvgai_portals,2,4,0
rk8wz4tI-,no_score,gvgai_portals,2,27,0
rk8wz4tI-,no_score,gvgai_portals,2,47,0
rk8wz4tI-,no_score,gvgai_portals,2,13,0
rk8wz4tI-,no_score,gvgai_portals,2,17,0
rk8wz4tI-,no_score,gvgai_portals,2,20,0
rk8wz4tI-,no_score,gvgai_portals,2,37,0
rk8wz4tI-,no_score,gvgai_portals,2,45,0
rk8wz4tI-,no_score,gvgai_portals,2,49,0
rk8wz4tI-,no_score,gvgai_portals,2,11,0
rk8wz4tI-,no_score,gvgai_portals,2,5,0
rk8wz4tI-,no_score,gvgai_portals,2,13,0
rk8wz4tI-,no_score,gvgai_portals,2,8,0
rk8wz4tI-,no_score,gvgai_portals,2,24,0
rk8wz4tI-,no_score,gvgai_portals,2,6,0
rk8wz4tI-,no_score,gvgai_portals,2,11,0
rk8wz4tI-,no_score,gvgai_portals,2,13,0
rk8wz4tI-,no_score,gvgai_portals,2,18,0
rk8wz4tI-,no_score,gvgai_portals,2,20,0
rk8wz4tI-,no_score,gvgai_portals,2,22,0
rk8wz4tI-,no_score,gvgai_portals,2,24,0
rk8wz4tI-,no_score,gvgai_portals,2,27,0
rk8wz4tI-,no_score,gvgai_portals,2,34,0
rk8wz4tI-,no_score,gvgai_portals,2,35,0
rk8wz4tI-,no_score,gvgai_portals,2,35,0
rk8wz4tI-,no_score,gvgai_portals,3,37,1
rk8wz4tI-,no_score,gvgai_portals,3,2,0
rk8wz4tI-,no_score,gvgai_portals,3,3,0
rk8wz4tI-,no_score,gvgai_portals,3,3,0
rk8wz4tI-,no_score,gvgai_portals,3,0,0
rk8wz4tI-,no_score,gvgai_portals,3,5,0
rk8wz4tI-,no_score,gvgai_portals,3,13,0
rk8wz4tI-,no_score,gvgai_portals,3,19,0
rk8wz4tI-,no_score,gvgai_portals,3,25,0
rk8wz4tI-,no_score,gvgai_portals,3,31,0
rk8wz4tI-,no_score,gvgai_portals,3,36,0
rk8wz4tI-,no_score,gvgai_portals,3,2,0
rk8wz4tI-,no_score,gvgai_portals,3,7,0
rk8wz4tI-,no_score,gvgai_portals,3,7,0
rk8wz4tI-,no_score,gvgai_portals,3,4,0
rk8wz4tI-,no_score,gvgai_portals,3,4,0
rk8wz4tI-,no_score,gvgai_portals,3,6,0
rk8wz4tI-,no_score,gvgai_portals,3,6,0
rk8wz4tI-,no_score,gvgai_portals,3,9,0
rk8wz4tI-,no_score,gvgai_portals,3,15,0
rk8wz4tI-,no_score,gvgai_portals,3,24,0
rk8wz4tI-,no_score,gvgai_portals,3,28,0
rk8wz4tI-,no_score,gvgai_portals,3,31,0
rk8wz4tI-,no_score,gvgai_portals,3,39,0
rk8wz4tI-,no_score,gvgai_portals,3,51,0
rk8wz4tI-,no_score,gvgai_portals,3,55,0
rk8wz4tI-,no_score,gvgai_portals,3,55,0
rk8wz4tI-,no_score,gvgai_portals,3,0,0
rk8wz4tI-,no_score,gvgai_portals,3,4,0
rk8wz4tI-,no_score,gvgai_portals,3,7,0
rk8wz4tI-,no_score,gvgai_portals,3,10,0
rk8wz4tI-,no_score,gvgai_portals,3,14,0
rk8wz4tI-,no_score,gvgai_portals,3,3,0
rk8wz4tI-,no_score,gvgai_portals,3,3,0
rk8wz4tI-,no_score,gvgai_portals,3,3,0
rk8wz4tI-,no_score,gvgai_portals,3,3,0
rk8wz4tI-,no_score,gvgai_portals,3,7,0
rk8wz4tI-,no_score,gvgai_portals,3,3,0
rk8wz4tI-,no_score,gvgai_portals,3,3,0
rk8wz4tI-,no_score,gvgai_portals,3,4,0
rk8wz4tI-,no_score,gvgai_portals,3,9,0
rk8wz4tI-,no_score,gvgai_portals,3,10,0
rk8wz4tI-,no_score,gvgai_portals,3,13,0
rk8wz4tI-,no_score,gvgai_portals,3,15,0
rk8wz4tI-,no_score,gvgai_portals,3,6,0
rk8wz4tI-,no_score,gvgai_portals,3,8,0
rk8wz4tI-,no_score,gvgai_portals,3,12,0
rk8wz4tI-,no_score,gvgai_portals,3,14,0
rk8wz4tI-,no_score,gvgai_portals,3,18,0
rk8wz4tI-,no_score,gvgai_portals,3,20,0
rk8wz4tI-,no_score,gvgai_portals,3,21,0
rk8wz4tI-,no_score,gvgai_portals,3,3,0
rk8wz4tI-,no_score,gvgai_portals,3,5,0
rk8wz4tI-,no_score,gvgai_portals,3,11,0
rk8wz4tI-,no_score,gvgai_portals,3,16,0
rk8wz4tI-,no_score,gvgai_portals,3,17,0
rk8wz4tI-,no_score,gvgai_portals,3,5,0
rk8wz4tI-,no_score,gvgai_portals,3,6,0
rk8wz4tI-,no_score,gvgai_portals,3,15,0
rk8wz4tI-,no_score,gvgai_portals,3,16,0
rk8wz4tI-,no_score,gvgai_portals,3,16,0
rk8wz4tI-,no_score,gvgai_portals,3,0,0
rk8wz4tI-,no_score,gvgai_portals,3,0,0
rk8wz4tI-,no_score,gvgai_portals,3,0,0
rk8wz4tI-,no_score,gvgai_portals,3,6,0
rk8wz4tI-,no_score,gvgai_portals,3,14,0
rk8wz4tI-,no_score,gvgai_portals,3,0,0
rk8wz4tI-,no_score,gvgai_portals,3,3,0
rk8wz4tI-,no_score,gvgai_portals,3,6,0
rk8wz4tI-,no_score,gvgai_portals,3,13,0
rk8wz4tI-,no_score,gvgai_portals,3,4,0
rk8wz4tI-,no_score,gvgai_portals,4,23,1
rk8wz4tI-,no_score,gvgai_portals,4,6,0
rk8wz4tI-,no_score,gvgai_portals,4,14,0
rk8wz4tI-,no_score,gvgai_portals,4,9,0
rk8wz4tI-,no_score,gvgai_portals,4,12,0
rk8wz4tI-,no_score,gvgai_portals,4,22,0
rk8wz4tI-,no_score,gvgai_portals,4,6,0
rk8wz4tI-,no_score,gvgai_portals,4,2,0
rk8wz4tI-,no_score,gvgai_portals,4,3,0
rk8wz4tI-,no_score,gvgai_portals,4,2,0
rk8wz4tI-,no_score,gvgai_portals,4,3,0
rk8wz4tI-,no_score,gvgai_portals,4,10,0
rk8wz4tI-,no_score,gvgai_portals,4,33,0
rk8wz4tI-,no_score,gvgai_portals,4,33,0
rk8wz4tI-,no_score,gvgai_portals,4,4,0
rk8wz4tI-,no_score,gvgai_portals,4,6,0
rk8wz4tI-,no_score,gvgai_portals,4,13,0
rk8wz4tI-,no_score,gvgai_portals,4,24,0
rk8wz4tI-,no_score,gvgai_portals,4,25,0
rk8wz4tI-,no_score,gvgai_portals,4,29,0
rk8wz4tI-,no_score,gvgai_portals,4,29,0
rk8wz4tI-,no_score,gvgai_portals,4,32,0
rk8wz4tI-,no_score,gvgai_portals,4,34,0
rk8wz4tI-,no_score,gvgai_portals,4,24,0
rk8wz4tI-,no_score,gvgai_portals,4,11,0
rk8wz4tI-,no_score,gvgai_portals,4,15,0
rk8wz4tI-,no_score,gvgai_portals,4,19,0
rk8wz4tI-,no_score,gvgai_portals,4,19,0
rk8wz4tI-,no_score,gvgai_portals,4,24,0
rk8wz4tI-,no_score,gvgai_portals,5,27,1
rk8wz4tI-,no_score,gvgai_sokoban,0,1,0
rk8wz4tI-,no_score,gvgai_sokoban,0,13,0
rk8wz4tI-,no_score,gvgai_sokoban,0,36,1
rk8wz4tI-,no_score,gvgai_sokoban,0,9,0
rk8wz4tI-,no_score,gvgai_sokoban,0,20,0
rk8wz4tI-,no_score,gvgai_sokoban,0,29,1
rk8wz4tI-,no_score,gvgai_sokoban,0,32,1
rk8wz4tI-,no_score,gvgai_sokoban,0,32,1
rk8wz4tI-,no_score,gvgai_sokoban,0,34,1
rk8wz4tI-,no_score,gvgai_sokoban,0,36,1
rk8wz4tI-,no_score,gvgai_sokoban,1,26,2
rk8wz4tI-,no_score,gvgai_sokoban,1,2,0
rk8wz4tI-,no_score,gvgai_sokoban,1,4,0
rk8wz4tI-,no_score,gvgai_sokoban,1,10,0
rk8wz4tI-,no_score,gvgai_sokoban,1,18,1
rk8wz4tI-,no_score,gvgai_sokoban,1,3,0
rk8wz4tI-,no_score,gvgai_sokoban,1,12,1
rk8wz4tI-,no_score,gvgai_sokoban,1,19,1
rk8wz4tI-,no_score,gvgai_sokoban,1,23,2
rk8wz4tI-,no_score,gvgai_sokoban,1,28,2
rk8wz4tI-,no_score,gvgai_sokoban,2,35,3
rk8wz4tI-,no_score,gvgai_sokoban,2,2,0
rk8wz4tI-,no_score,gvgai_sokoban,2,7,0
rk8wz4tI-,no_score,gvgai_sokoban,2,10,0
rk8wz4tI-,no_score,gvgai_sokoban,2,13,0
rk8wz4tI-,no_score,gvgai_sokoban,2,15,0
rk8wz4tI-,no_score,gvgai_sokoban,2,18,0
rk8wz4tI-,no_score,gvgai_sokoban,2,22,0
rk8wz4tI-,no_score,gvgai_sokoban,2,31,0
rk8wz4tI-,no_score,gvgai_sokoban,2,39,0
rk8wz4tI-,no_score,gvgai_sokoban,2,44,1
rk8wz4tI-,no_score,gvgai_sokoban,2,93,2
rk8wz4tI-,no_score,gvgai_sokoban,2,103,2
rk8wz4tI-,no_score,gvgai_sokoban,2,55,1
rk8wz4tI-,no_score,gvgai_sokoban,2,67,1
rk8wz4tI-,no_score,gvgai_sokoban,2,82,1
rk8wz4tI-,no_score,gvgai_sokoban,2,101,2
rk8wz4tI-,no_score,gvgai_sokoban,2,103,2
rk8wz4tI-,no_score,gvgai_sokoban,2,62,1
rk8wz4tI-,no_score,gvgai_sokoban,2,75,1
rk8wz4tI-,no_score,gvgai_sokoban,2,3,0
rk8wz4tI-,no_score,gvgai_sokoban,2,3,0
rk8wz4tI-,no_score,gvgai_sokoban,2,31,1
rk8wz4tI-,no_score,gvgai_sokoban,2,13,0
rk8wz4tI-,no_score,gvgai_sokoban,2,62,2
rk8wz4tI-,no_score,gvgai_sokoban,2,1,0
rk8wz4tI-,no_score,gvgai_sokoban,2,7,0
rk8wz4tI-,no_score,gvgai_sokoban,2,19,0
rk8wz4tI-,no_score,gvgai_sokoban,2,43,2
rk8wz4tI-,no_score,gvgai_sokoban,2,52,2
rk8wz4tI-,no_score,gvgai_sokoban,2,69,2
rk8wz4tI-,no_score,gvgai_sokoban,2,4,0
rk8wz4tI-,no_score,gvgai_sokoban,2,30,1
rk8wz4tI-,no_score,gvgai_sokoban,2,68,3
rk8wz4tI-,no_score,gvgai_sokoban,2,83,3
rk8wz4tI-,no_score,gvgai_sokoban,2,11,0
rk8wz4tI-,no_score,gvgai_sokoban,2,18,1
rk8wz4tI-,no_score,gvgai_sokoban,2,40,2
rk8wz4tI-,no_score,gvgai_sokoban,2,50,2
rk8wz4tI-,no_score,gvgai_sokoban,2,58,2
rk8wz4tI-,no_score,gvgai_sokoban,2,76,3
rk8wz4tI-,no_score,gvgai_sokoban,3,90,4
rk8wz4tI-,no_score,gvgai_sokoban,3,7,0
rk8wz4tI-,no_score,gvgai_sokoban,3,20,0
rk8wz4tI-,no_score,gvgai_sokoban,3,35,2
rk8wz4tI-,no_score,gvgai_sokoban,4,42,3
rk8wz4tI-,no_score,gvgai_sokoban,4,1,0
rk8wz4tI-,no_score,gvgai_sokoban,4,17,0
rk8wz4tI-,no_score,gvgai_sokoban,4,20,0
rk8wz4tI-,no_score,gvgai_sokoban,4,20,0
rk8wz4tI-,no_score,gvgai_sokoban,4,25,0
rk8wz4tI-,no_score,gvgai_sokoban,4,30,0
rk8wz4tI-,no_score,gvgai_sokoban,4,2,0
rk8wz4tI-,no_score,gvgai_sokoban,4,2,0
rk8wz4tI-,no_score,gvgai_sokoban,4,7,0
rk8wz4tI-,no_score,gvgai_sokoban,4,13,1
rk8wz4tI-,no_score,gvgai_sokoban,4,17,1
rk8wz4tI-,no_score,gvgai_sokoban,4,23,2
rk8wz4tI-,no_score,gvgai_sokoban,4,31,2
rk8wz4tI-,no_score,gvgai_sokoban,5,35,3
rk8wz4tI-,no_score,gvgai_zelda,0,4,0
rk8wz4tI-,no_score,gvgai_zelda,0,11,1
rk8wz4tI-,no_score,gvgai_zelda,0,16,1
rk8wz4tI-,no_score,gvgai_zelda,0,23,1
rk8wz4tI-,no_score,gvgai_zelda,1,30,1
rk8wz4tI-,no_score,gvgai_zelda,1,3,0
rk8wz4tI-,no_score,gvgai_zelda,1,15,0
rk8wz4tI-,no_score,gvgai_zelda,1,26,1
rk8wz4tI-,no_score,gvgai_zelda,1,28,1
rk8wz4tI-,no_score,gvgai_zelda,1,35,1
rk8wz4tI-,no_score,gvgai_zelda,2,36,1
rk8wz4tI-,no_score,gvgai_zelda,2,1,0
rk8wz4tI-,no_score,gvgai_zelda,2,9,0
rk8wz4tI-,no_score,gvgai_zelda,2,10,0
rk8wz4tI-,no_score,gvgai_zelda,2,5,0
rk8wz4tI-,no_score,gvgai_zelda,2,14,0
rk8wz4tI-,no_score,gvgai_zelda,2,5,0
rk8wz4tI-,no_score,gvgai_zelda,2,6,0
rk8wz4tI-,no_score,gvgai_zelda,2,7,0
rk8wz4tI-,no_score,gvgai_zelda,2,12,0
rk8wz4tI-,no_score,gvgai_zelda,2,0,0
rk8wz4tI-,no_score,gvgai_zelda,2,13,0
rk8wz4tI-,no_score,gvgai_zelda,2,18,0
rk8wz4tI-,no_score,gvgai_zelda,2,21,0
rk8wz4tI-,no_score,gvgai_zelda,2,31,1
rk8wz4tI-,no_score,gvgai_zelda,2,39,1
rk8wz4tI-,no_score,gvgai_zelda,2,44,1
rk8wz4tI-,no_score,gvgai_zelda,2,62,1
rk8wz4tI-,no_score,gvgai_zelda,3,71,1
rk8wz4tI-,no_score,gvgai_zelda,3,51,1
rk8wz4tI-,no_score,gvgai_zelda,3,56,1
rk8wz4tI-,no_score,gvgai_zelda,3,37,1
rk8wz4tI-,no_score,gvgai_zelda,3,0,0
rk8wz4tI-,no_score,gvgai_zelda,3,2,0
rk8wz4tI-,no_score,gvgai_zelda,4,45,1
rk8wz4tI-,no_score,gvgai_zelda,4,5,0
rk8wz4tI-,no_score,gvgai_zelda,4,11,0
rk8wz4tI-,no_score,gvgai_zelda,4,25,1
rk8wz4tI-,no_score,gvgai_zelda,4,4,0
rk8wz4tI-,no_score,gvgai_zelda,4,8,0
rk8wz4tI-,no_score,gvgai_zelda,4,15,1
rk8wz4tI-,no_score,gvgai_zelda,4,18,1
rk8wz4tI-,no_score,gvgai_zelda,5,31,1
rk8wz4tI-,no_score,gvgai_zelda,5,0,0
rk8wz4tI-,no_score,gvgai_zelda,5,1,0
rk8wz4tI-,no_score,gvgai_zelda,5,12,1
rk8wz4tI-,no_score,gvgai_zelda,5,29,1
rk8wz4tI-,no_score,gvgai_chase,0,8,0
rk8wz4tI-,no_score,gvgai_chase,0,20,0
rk8wz4tI-,no_score,gvgai_chase,0,26,0
rk8wz4tI-,no_score,gvgai_chase,0,67,2
rk8wz4tI-,no_score,gvgai_chase,0,2,0
rk8wz4tI-,no_score,gvgai_chase,0,36,1
rk8wz4tI-,no_score,gvgai_chase,0,50,2
rk8wz4tI-,no_score,gvgai_chase,0,83,4
rk8wz4tI-,no_score,gvgai_chase,0,88,4
rk8wz4tI-,no_score,gvgai_chase,0,33,1
rk8wz4tI-,no_score,gvgai_chase,0,173,4
rk8wz4tI-,no_score,gvgai_chase,0,8,0
rk8wz4tI-,no_score,gvgai_chase,0,20,1
rk8wz4tI-,no_score,gvgai_chase,0,47,2
rk8wz4tI-,no_score,gvgai_chase,0,63,2
rk8wz4tI-,no_score,gvgai_chase,0,78,2
rk8wz4tI-,no_score,gvgai_chase,0,89,2
rk8wz4tI-,no_score,gvgai_chase,0,106,2
rk8wz4tI-,no_score,gvgai_chase,0,122,2
rk8wz4tI-,no_score,gvgai_chase,0,138,2
rk8wz4tI-,no_score,gvgai_chase,0,149,2
rk8wz4tI-,no_score,gvgai_chase,0,161,3
rk8wz4tI-,no_score,gvgai_chase,0,179,4
rk8wz4tI-,no_score,gvgai_chase,0,189,5
rk8wz4tI-,no_score,gvgai_chase,1,100,7
rk8wz4tI-,no_score,gvgai_chase,1,22,1
rk8wz4tI-,no_score,gvgai_chase,1,50,4
rk8wz4tI-,no_score,gvgai_chase,1,11,1
rk8wz4tI-,no_score,gvgai_chase,1,37,4
rk8wz4tI-,no_score,gvgai_chase,1,62,5
rk8wz4tI-,no_score,gvgai_chase,1,74,5
rk8wz4tI-,no_score,gvgai_chase,1,85,6
rk8wz4tI-,no_score,gvgai_chase,1,8,0
rk8wz4tI-,no_score,gvgai_chase,1,47,0
rk8wz4tI-,no_score,gvgai_chase,1,91,1
rk8wz4tI-,no_score,gvgai_chase,1,21,0
rk8wz4tI-,no_score,gvgai_chase,1,76,1
rk8wz4tI-,no_score,gvgai_chase,1,149,4
rk8wz4tI-,no_score,gvgai_chase,1,33,0
rk8wz4tI-,no_score,gvgai_chase,1,62,1
rk8wz4tI-,no_score,gvgai_chase,1,107,2
rk8wz4tI-,no_score,gvgai_chase,1,122,4
rk8wz4tI-,no_score,gvgai_chase,1,137,4
rk8wz4tI-,no_score,gvgai_chase,1,163,4
rk8wz4tI-,no_score,gvgai_chase,1,174,4
rk8wz4tI-,no_score,gvgai_chase,1,52,4
rk8wz4tI-,no_score,gvgai_chase,1,113,4
rk8wz4tI-,no_score,gvgai_chase,1,38,2
rk8wz4tI-,no_score,gvgai_chase,1,68,4
rk8wz4tI-,no_score,gvgai_chase,1,100,4
rk8wz4tI-,no_score,gvgai_chase,2,123,5
rk8wz4tI-,no_score,gvgai_chase,2,11,0
rk8wz4tI-,no_score,gvgai_chase,2,22,1
rk8wz4tI-,no_score,gvgai_chase,2,84,4
rk8wz4tI-,no_score,gvgai_chase,2,82,2
rk8wz4tI-,no_score,gvgai_chase,2,202,10
rk8wz4tI-,no_score,gvgai_chase,2,210,10
rk8wz4tI-,no_score,gvgai_chase,2,5,0
rk8wz4tI-,no_score,gvgai_chase,2,18,0
rk8wz4tI-,no_score,gvgai_chase,2,31,0
rk8wz4tI-,no_score,gvgai_chase,2,44,0
rk8wz4tI-,no_score,gvgai_chase,2,54,1
rk8wz4tI-,no_score,gvgai_chase,2,68,1
rk8wz4tI-,no_score,gvgai_chase,2,95,4
rk8wz4tI-,no_score,gvgai_chase,2,111,6
rk8wz4tI-,no_score,gvgai_chase,2,119,8
rk8wz4tI-,no_score,gvgai_chase,2,133,9
rk8wz4tI-,no_score,gvgai_chase,2,148,9
rk8wz4tI-,no_score,gvgai_chase,2,163,10
rk8wz4tI-,no_score,gvgai_chase,2,189,10
rk8wz4tI-,no_score,gvgai_chase,2,240,11
rk8wz4tI-,no_score,gvgai_chase,2,175,10
rk8wz4tI-,no_score,gvgai_chase,2,217,10
rk8wz4tI-,no_score,gvgai_chase,2,239,11
rk8wz4tI-,no_score,gvgai_chase,2,232,11
rk8wz4tI-,no_score,gvgai_chase,2,35,2
rk8wz4tI-,no_score,gvgai_chase,2,77,2
rk8wz4tI-,no_score,gvgai_chase,2,88,3
rk8wz4tI-,no_score,gvgai_chase,2,172,11
rk8wz4tI-,no_score,gvgai_chase,2,192,11
rk8wz4tI-,no_score,gvgai_chase,2,9,1
rk8wz4tI-,no_score,gvgai_chase,2,51,2
rk8wz4tI-,no_score,gvgai_chase,2,64,2
rk8wz4tI-,no_score,gvgai_chase,2,100,4
rk8wz4tI-,no_score,gvgai_chase,2,127,7
rk8wz4tI-,no_score,gvgai_chase,2,181,11
rk8wz4tI-,no_score,gvgai_chase,2,210,11
rk8wz4tI-,no_score,gvgai_chase,2,228,11
rk8wz4tI-,no_score,gvgai_chase,2,230,11
rk8wz4tI-,no_score,gvgai_chase,2,258,11
rk8wz4tI-,no_score,gvgai_chase,3,293,12
rk8wz4tI-,no_score,gvgai_chase,3,22,2
rk8wz4tI-,no_score,gvgai_chase,3,114,4
rk8wz4tI-,no_score,gvgai_chase,3,140,8
rk8wz4tI-,no_score,gvgai_chase,3,154,9
rk8wz4tI-,no_score,gvgai_chase,3,162,11
rk8wz4tI-,no_score,gvgai_chase,3,168,11
rk8wz4tI-,no_score,gvgai_chase,3,183,11
rk8wz4tI-,no_score,gvgai_chase,3,202,11
rk8wz4tI-,no_score,gvgai_chase,3,218,11
rk8wz4tI-,no_score,gvgai_chase,3,245,11
rk8wz4tI-,no_score,gvgai_chase,3,274,11
rk8wz4tI-,no_score,gvgai_chase,3,287,11
rk8wz4tI-,no_score,gvgai_chase,3,2,0
rk8wz4tI-,no_score,gvgai_chase,3,15,0
rk8wz4tI-,no_score,gvgai_chase,3,33,1
rk8wz4tI-,no_score,gvgai_chase,3,48,2
rk8wz4tI-,no_score,gvgai_chase,3,58,2
rk8wz4tI-,no_score,gvgai_chase,3,0,0
ryzqCaNqb,no_score,gvgai_chase,0,0,0
ryzqCaNqb,no_score,gvgai_chase,0,0,0
ryzqCaNqb,no_score,gvgai_chase,0,0,0
ryzqCaNqb,no_score,gvgai_chase,0,0,0
ryzqCaNqb,no_score,gvgai_chase,0,0,0
ryzqCaNqb,no_score,gvgai_chase,0,0,0
ryzqCaNqb,no_score,gvgai_chase,0,0,0
ryzqCaNqb,no_score,gvgai_chase,0,0,0
ryzqCaNqb,no_score,gvgai_chase,0,0,0
ryzqCaNqb,no_score,gvgai_chase,0,0,0
ryzqCaNqb,no_score,gvgai_chase,0,0,0
ryzqCaNqb,no_score,gvgai_chase,0,0,0
ryzqCaNqb,no_score,gvgai_chase,0,1,0
