STARTING!
step1
step2
step3
a
b
c
]0;IPython: eshnich/vgdl]0;IPython: eshnich/vgdladded self, <class 'ontology.Immovable'>
added self, <class 'ontology.Passive'>
added self, <class 'core.Resource'>
added parent, <class 'core.Resource'>
added self, <class 'ontology.ResourcePack'>
added self, <class 'ontology.Flicker'>
added self, <class 'ontology.Spreader'>
added self, <class 'ontology.SpriteProducer'>
added self, <class 'ontology.Portal'>
added self, <class 'ontology.SpawnPoint'>
added self, <class 'ontology.RandomNPC'>
added self, <class 'ontology.OrientedSprite'>
added self, <class 'ontology.Conveyor'>
added self, <class 'ontology.Missile'>
added self, <class 'ontology.OrientedFlicker'>
added self, <class 'ontology.Walker'>
added self, <class 'ontology.WalkJumper'>
added self, <class 'ontology.RandomInertial'>
added self, <class 'ontology.RandomMissile'>
added self, <class 'ontology.ErraticMissile'>
added self, <class 'ontology.Bomber'>
added self, <class 'ontology.Chaser'>
added self, <class 'ontology.Fleeing'>
added self, <class 'ontology.AStarChaser'>
added self, <class 'ontology.MovingAvatar'>
added self, <class 'ontology.HorizontalAvatar'>
added self, <class 'ontology.VerticalAvatar'>
added self, <class 'ontology.FlakAvatar'>
added self, <class 'ontology.OrientedAvatar'>
added parent, <class 'ontology.OrientedAvatar'>
added self, <class 'ontology.ShootAvatar'>
added parent, <class 'ontology.ShootAvatar'>
added self, <class 'ontology.AimedAvatar'>
added parent, <class 'ontology.AimedAvatar'>
added self, <class 'ontology.AimedFlakAvatar'>
<class 'ontology.OrientedAvatar'> already in tree.
added self, <class 'ontology.RotatingAvatar'>
added self, <class 'ontology.RotatingFlippingAvatar'>
added self, <class 'ontology.NoisyRotatingFlippingAvatar'>
<class 'ontology.ShootAvatar'> already in tree.
<class 'ontology.AimedAvatar'> already in tree.
<class 'ontology.AimedFlakAvatar'> already in tree.
added self, <class 'ontology.InertialAvatar'>
added self, <class 'ontology.MarioAvatar'>
step4
FINISHED IMPORTS
FINISHED SETTING VALUES
<module 'examples.continuousphysics.montezuma_3' from 'examples/continuousphysics/montezuma_3.pyc'>
max nodes 9223372036854775807
1
(13, 3)
2
(12, 3)
3
(12, 3)
4
(12, 3)
5
(12, 3)
6
(12, 3)
7
(12, 3)
8
(12, 3)
9
(12, 3)
10
(12, 3)
11
(12, 3)
12
(12, 3)
13
(12, 3)
14
(12, 3)
15
(12, 2)
16
(11, 2)
17
(11, 2)
18
(11, 2)
19
(11, 2)
20
(11, 2)
21
(11, 2)
22
(11, 2)
23
(11, 2)
24
(11, 2)
25
(10, 2)
26
(10, 2)
27
(10, 2)
28
(10, 3)
29
(10, 3)
30
(10, 3)
31
(10, 3)
32
(10, 3)
33
(10, 2)
34
(10, 2)
35
(10, 3)
36
(10, 3)
37
(10, 3)
38
(10, 3)
39
(10, 2)
40
(10, 2)
41
(9, 3)
42
(9, 3)
43
(9, 3)
44
(9, 3)
45
(9, 3)
46
(10, 3)
47
(9, 3)
48
(9, 3)
49
(9, 3)
50
(9, 3)
51
(9, 3)
52
(9, 3)
53
(9, 3)
54
(9, 2)
55
(9, 2)
56
(9, 1)
57
(9, 1)
58
(8, 1)
59
(8, 1)
60
(8, 1)
61
(8, 1)
62
(7, 1)
63
(7, 1)
64
(7, 1)
65
(7, 2)
66
(6, 2)
67
(6, 2)
68
(6, 2)
69
(6, 2)
70
(6, 2)
71
(6, 2)
72
(6, 2)
73
(6, 2)
74
(5, 2)
75
(5, 2)
76
(5, 2)
77
(5, 2)
78
(5, 2)
79
(5, 2)
80
(5, 2)
81
(5, 2)
82
(4, 2)
83
(4, 2)
84
(4, 2)
85
(4, 2)
86
(4, 2)
87
(4, 2)
88
(4, 2)
89
(4, 2)
90
(3, 2)
91
(3, 2)
92
(3, 2)
93
(3, 2)
94
(3, 2)
95
(3, 2)
96
(3, 2)
97
(3, 2)
98
(2, 2)
99
(2, 2)
100
(2, 2)
101
(2, 2)
102
(2, 2)
103
(2, 2)
104
(2, 2)
105
(2, 2)
106
(1, 2)
107
(1, 2)
108
(1, 2)
109
(1, 2)
110
(1, 2)
111
(1, 2)
112
(1, 2)
113
(1, 2)
114
(1, 2)
115
(1, 2)
116
(1, 2)
117
(1, 2)
118
(1, 2)
119
(1, 2)
120
(1, 2)
121
(1, 2)
122
(1, 2)
123
(1, 2)
124
(1, 2)
125
(2, 2)
126
(2, 2)
127
(1, 2)
128
(1, 2)
129
(1, 2)
130
(1, 2)
131
(1, 2)
132
(1, 2)
133
(1, 2)
134
(1, 2)
135
(1, 2)
136
(1, 2)
137
(1, 2)
138
(1, 2)
139
(1, 2)
140
(1, 2)
141
(1, 2)
142
(1, 2)
143
(1, 2)
144
(1, 2)
145
(1, 2)
146
(1, 2)
147
(1, 2)
148
(1, 2)
149
(1, 2)
150
(1, 2)
151
(1, 2)
152
(1, 2)
153
(1, 2)
154
(1, 2)
155
(1, 2)
156
(1, 2)
157
(1, 2)
158
(1, 2)
159
(1, 2)
160
(1, 2)
161
(1, 2)
162
(1, 2)
163
(1, 2)
164
(1, 2)
165
(1, 2)
166
(1, 2)
167
(1, 2)
168
(1, 2)
169
(1, 2)
170
(2, 2)
171
(2, 2)
172
(2, 2)
173
(2, 2)
174
(2, 2)
175
(2, 2)
176
(1, 2)
177
(1, 2)
178
(1, 2)
179
(2, 2)
180
(1, 2)
181
(1, 1)
182
(1, 1)
183
(1, 1)
184
(1, 1)
185
(1, 1)
186
(1, 1)
187
(1, 1)
188
(1, 1)
189
(1, 1)
190
(1, 1)
191
(1, 1)
192
(1, 1)
193
(1, 1)
194
(1, 1)
195
(1, 1)
196
(1, 2)
197
(1, 2)
198
(1, 2)
199
(1, 2)
200
(1, 2)
201
(1, 2)
202
(1, 2)
203
(1, 1)
204
(1, 1)
205
(1, 1)
206
(1, 1)
207
(1, 1)
208
(1, 2)
209
(1, 2)
210
(1, 2)
211
(1, 2)
212
(1, 2)
213
(1, 2)
214
(1, 2)
215
(1, 2)
216
(1, 1)
217
(1, 1)
218
(1, 1)
219
(1, 1)
220
(1, 1)
221
(1, 1)
222
(1, 1)
223
(1, 1)
224
(1, 1)
225
(1, 1)
226
(1, 1)
227
(1, 1)
228
(1, 1)
229
(1, 1)
230
(1, 1)
231
(1, 1)
232
(1, 2)
233
(1, 2)
234
(1, 1)
235
(1, 2)
236
(2, 2)
237
(2, 2)
238
(2, 2)
239
(1, 1)
240
(1, 1)
241
(1, 1)
242
(1, 1)
243
(1, 1)
244
(1, 1)
245
(1, 1)
246
(1, 1)
247
(1, 1)
248
(1, 1)
249
(1, 1)
250
(1, 1)
251
(1, 1)
252
(1, 1)
253
(1, 1)
254
(1, 2)
255
(1, 2)
256
(1, 2)
257
(1, 2)
258
(1, 2)
259
(1, 2)
260
(1, 2)
261
(2, 2)
262
(2, 2)
263
(2, 2)
264
(1, 2)
265
(1, 2)
266
(1, 2)
267
(1, 2)
268
(1, 2)
269
(1, 2)
270
(1, 2)
271
(1, 2)
272
(2, 2)
273
(2, 2)
274
(2, 2)
275
(1, 2)
276
(1, 2)
277
(1, 1)
278
(1, 1)
279
(1, 1)
280
(1, 1)
281
(1, 1)
282
(1, 1)
283
(1, 1)
284
(1, 1)
285
(1, 1)
286
(1, 1)
287
(2, 2)
288
(2, 2)
289
(1, 2)
290
(1, 2)
291
(1, 1)
292
(1, 1)
293
(1, 1)
294
(1, 1)
295
(1, 1)
296
(1, 1)
297
(1, 1)
298
(2, 2)
299
(2, 2)
300
(1, 2)
301
(1, 1)
302
(1, 1)
303
(1, 1)
304
(1, 1)
305
(1, 1)
306
(1, 1)
307
(1, 1)
308
(1, 1)
309
(1, 1)
310
(1, 1)
311
(1, 1)
312
(1, 1)
313
(1, 1)
314
(1, 1)
315
(1, 1)
316
(1, 1)
317
(1, 1)
318
(1, 2)
319
(1, 1)
320
(1, 1)
321
(1, 1)
322
(1, 1)
323
(1, 2)
324
(1, 2)
325
(1, 2)
326
(1, 2)
327
(1, 2)
328
(1, 2)
329
(1, 2)
330
(1, 2)
331
(1, 2)
332
(1, 2)
333
(1, 1)
334
(1, 1)
335
(1, 1)
336
(1, 1)
337
(1, 1)
338
(1, 1)
339
(1, 1)
340
(1, 1)
341
(1, 1)
342
(1, 1)
343
(1, 1)
344
(1, 1)
345
(1, 1)
346
(1, 2)
347
(1, 2)
348
(2, 2)
349
(2, 2)
350
(2, 2)
351
(2, 2)
352
(2, 2)
353
(1, 1)
354
(1, 1)
355
(1, 1)
356
(1, 1)
357
(1, 1)
358
(1, 1)
359
(1, 1)
360
(1, 1)
361
(1, 1)
362
(1, 1)
363
(1, 1)
364
(1, 1)
365
(1, 1)
366
(1, 2)
367
(1, 2)
368
(2, 2)
369
(2, 2)
370
(2, 2)
371
(1, 1)
372
(1, 2)
373
(1, 2)
374
(1, 1)
375
(1, 1)
376
(1, 1)
377
(1, 1)
378
(1, 1)
379
(2, 2)
380
(2, 2)
381
(2, 2)
382
(2, 2)
383
(2, 2)
384
(1, 1)
385
(1, 1)
386
(1, 1)
387
(1, 1)
388
(1, 1)
389
(1, 1)
390
(1, 1)
391
(1, 1)
392
(1, 1)
393
(1, 1)
394
(1, 1)
395
(2, 2)
396
(2, 2)
397
(2, 2)
398
(2, 2)
399
(1, 1)
400
(1, 1)
401
(2, 1)
402
(2, 1)
403
(2, 1)
404
(2, 2)
405
(1, 1)
406
(3, 2)
407
(3, 2)
408
(2, 2)
409
(2, 2)
410
(2, 2)
411
(2, 1)
412
(1, 1)
413
(1, 1)
414
(1, 1)
415
(1, 1)
416
(1, 1)
417
(1, 1)
418
(1, 1)
419
(1, 1)
420
(1, 1)
421
(1, 1)
422
(3, 2)
423
(2, 2)
424
(2, 2)
425
(2, 2)
426
(2, 1)
427
(1, 1)
428
(1, 1)
429
(1, 1)
430
(1, 1)
431
(2, 2)
432
(2, 2)
433
(2, 2)
434
(2, 2)
435
(2, 2)
436
(2, 2)
437
(2, 2)
438
(2, 2)
439
(3, 2)
440
(3, 2)
441
(3, 2)
442
(3, 2)
443
(2, 2)
444
(2, 2)
445
(2, 1)
446
(2, 1)
447
(3, 2)
448
(3, 2)
449
(3, 2)
450
(3, 2)
451
(2, 2)
452
(2, 2)
453
(2, 1)
454
(2, 1)
455
(3, 2)
456
(3, 2)
457
(2, 2)
458
(2, 1)
459
(2, 1)
460
(2, 1)
461
(3, 2)
462
(2, 2)
463
(2, 2)
464
(2, 2)
465
(3, 2)
466
(2, 2)
467
(3, 2)
468
(3, 2)
469
(3, 2)
470
(3, 2)
471
(2, 2)
472
(2, 1)
473
(2, 1)
474
(2, 1)
475
(3, 2)
476
(2, 1)
477
(2, 1)
478
(2, 1)
479
(2, 1)
480
(2, 1)
481
(2, 2)
482
(3, 2)
483
(3, 2)
484
(2, 2)
485
(3, 2)
486
(2, 2)
487
(2, 2)
488
(2, 1)
489
(2, 1)
490
(2, 1)
491
(2, 1)
492
(2, 1)
493
(3, 2)
494
(3, 2)
495
(3, 2)
496
(3, 2)
497
(3, 2)
498
(2, 1)
499
(2, 1)
500
(2, 1)
defaultdict(<function <lambda> at 0x2b941a211c80>, {(1, 2): 121, (12, 2): 1, (3, 2): 36, (9, 1): 2, (13, 3): 1, (9, 2): 2, (5, 2): 8, (11, 2): 9, (9, 3): 12, (7, 1): 3, (8, 1): 4, (2, 1): 28, (6, 2): 8, (7, 2): 1, (2, 2): 76, (4, 2): 8, (10, 3): 10, (1, 1): 150, (12, 3): 13, (10, 2): 7})
501
(2, 1)
502
(2, 1)
503
(3, 2)
504
(3, 2)
505
(3, 2)
506
(2, 1)
507
(3, 2)
508
(2, 1)
509
(2, 1)
510
(2, 2)
511
(2, 2)
512
(3, 2)
513
(2, 1)
514
(2, 1)
515
(3, 2)
516
(2, 1)
517
(2, 2)
518
(2, 1)
519
(3, 1)
520
(4, 2)
521
(4, 2)
522
(3, 2)
523
(3, 2)
524
(3, 2)
525
(3, 1)
526
(2, 1)
527
(2, 1)
528
(2, 1)
529
(2, 1)
530
(2, 1)
531
(4, 2)
532
(3, 2)
533
(3, 2)
534
(3, 2)
535
(3, 1)
536
(2, 1)
537
(2, 1)
538
(2, 1)
539
(2, 1)
540
(2, 1)
541
(2, 1)
542
(2, 1)
543
(2, 1)
544
(2, 1)
545
(2, 1)
546
(2, 1)
547
(2, 1)
548
(2, 1)
549
(2, 1)
550
(2, 1)
551
(2, 1)
552
(2, 1)
553
(2, 1)
554
(2, 1)
555
(2, 2)
556
(2, 2)
557
(2, 2)
558
(2, 2)
559
(2, 2)
560
(2, 2)
561
(2, 2)
562
(2, 2)
563
(2, 3)
564
(2, 3)
565
(2, 3)
566
(2, 3)
567
(2, 3)
568
(2, 3)
569
(2, 3)
570
(1, 3)
571
(1, 3)
572
(1, 3)
573
(1, 3)
574
(1, 3)
575
(1, 3)
576
(1, 3)
577
(1, 3)
578
(1, 3)
579
(1, 3)
580
(1, 3)
581
(1, 2)
582
(1, 3)
583
(1, 3)
584
(1, 3)
585
(1, 3)
586
(1, 2)
587
(1, 2)
588
(1, 2)
589
(1, 2)
590
(1, 2)
591
(2, 3)
592
(2, 3)
593
(1, 3)
594
(1, 3)
595
(1, 2)
596
(1, 2)
597
(1, 2)
598
(1, 2)
599
(1, 2)
600
(2, 3)
601
(2, 3)
602
(1, 3)
603
(1, 2)
604
(1, 2)
605
(1, 2)
606
(1, 2)
607
(2, 2)
608
(1, 2)
609
(2, 2)
610
(1, 2)
611
(1, 2)
612
(1, 2)
613
(2, 2)
614
(2, 2)
615
(1, 2)
616
(1, 2)
617
(2, 2)
618
(2, 2)
619
(2, 1)
620
(2, 1)
621
(2, 2)
622
(2, 1)
623
(2, 1)
624
(2, 1)
625
(2, 1)
626
(2, 1)
627
(2, 1)
628
(2, 1)
629
(2, 1)
630
(2, 1)
631
(2, 1)
632
(2, 1)
633
(2, 1)
634
(2, 1)
635
(2, 1)
636
(2, 1)
637
(2, 1)
638
(2, 1)
639
(2, 2)
640
(2, 2)
641
(2, 3)
642
(2, 1)
643
(2, 1)
644
(2, 1)
645
(2, 1)
646
(2, 1)
647
(2, 1)
648
(2, 1)
649
(2, 2)
650
(2, 2)
651
(2, 3)
652
(2, 3)
653
(2, 3)
654
(2, 3)
655
(2, 3)
656
(1, 2)
657
(1, 2)
658
(2, 2)
659
(1, 2)
660
(2, 3)
661
(2, 3)
662
(2, 3)
663
(2, 2)
664
(1, 2)
665
(2, 2)
666
(2, 1)
667
(2, 3)
668
(2, 3)
669
(2, 3)
670
(2, 3)
671
(2, 2)
672
(2, 2)
673
(2, 2)
674
(2, 3)
675
(2, 3)
676
(2, 3)
677
(2, 3)
678
(3, 3)
679
(3, 3)
680
(2, 3)
681
(2, 2)
682
(2, 2)
683
(2, 1)
684
(3, 3)
685
(2, 3)
686
(2, 2)
687
(2, 2)
688
(2, 1)
689
(2, 1)
690
(2, 1)
691
(2, 1)
692
(2, 1)
693
(2, 1)
694
(2, 1)
695
(2, 1)
696
(2, 1)
697
(2, 2)
698
(2, 2)
699
(2, 2)
700
(2, 2)
701
(2, 2)
702
(2, 2)
703
(3, 3)
704
(3, 3)
705
(3, 3)
706
(3, 3)
707
(2, 3)
708
(2, 2)
709
(2, 2)
710
(2, 1)
711
(2, 2)
712
(2, 2)
713
(2, 1)
714
(2, 1)
715
(3, 3)
716
(3, 3)
717
(3, 3)
718
(3, 3)
719
(2, 2)
720
(2, 2)
721
(2, 1)
722
(2, 1)
723
(3, 2)
724
(3, 2)
725
(2, 2)
726
(2, 1)
727
(2, 1)
728
(2, 1)
729
(3, 2)
730
(3, 2)
731
(3, 3)
732
(3, 3)
733
(3, 3)
734
(3, 3)
735
(3, 3)
736
(3, 3)
737
(2, 2)
738
(2, 2)
739
(2, 1)
740
(2, 1)
741
(3, 2)
742
(2, 2)
743
(2, 1)
744
(2, 1)
745
(2, 1)
746
(3, 3)
747
(3, 3)
748
(3, 2)
749
(3, 2)
750
(2, 1)
751
(2, 1)
752
(2, 1)
753
(2, 1)
754
(3, 3)
755
(3, 3)
756
(3, 3)
757
(3, 3)
758
(3, 2)
759
(3, 2)
760
(2, 1)
761
(2, 1)
762
(2, 1)
763
(2, 1)
764
(2, 1)
765
(3, 2)
766
(3, 2)
767
(2, 1)
768
(2, 1)
769
(2, 1)
770
(2, 1)
771
(3, 3)
772
(3, 3)
773
(3, 3)
774
(3, 3)
775
(2, 2)
776
(2, 2)
777
(2, 2)
778
(2, 2)
779
(4, 3)
780
(4, 3)
781
(3, 3)
782
(3, 2)
783
(3, 2)
784
(3, 1)
785
(2, 1)
786
(2, 1)
787
(2, 1)
788
(2, 1)
789
(2, 1)
790
(4, 3)
791
(3, 3)
792
(3, 2)
793
(3, 2)
794
(3, 1)
795
(2, 1)
796
(2, 1)
797
(2, 1)
798
(2, 1)
799
(2, 1)
800
(3, 2)
801
(3, 2)
802
(3, 2)
803
(3, 2)
804
(3, 2)
805
(3, 2)
806
(2, 1)
807
(4, 3)
808
(4, 3)
809
(4, 3)
810
(4, 3)
811
(3, 3)
812
(3, 2)
813
(3, 2)
814
(3, 1)
815
(2, 1)
816
(2, 1)
817
(2, 1)
818
(2, 1)
819
(2, 1)
820
(3, 2)
821
(3, 2)
822
(3, 1)
823
(3, 1)
824
(2, 1)
825
(2, 1)
826
(2, 1)
827
(2, 1)
828
(2, 1)
829
(4, 3)
830
(4, 3)
831
(4, 3)
832
(4, 3)
833
(3, 2)
834
(3, 2)
835
(3, 1)
836
(3, 1)
837
(2, 1)
838
(2, 1)
839
(2, 1)
840
(2, 1)
841
(2, 1)
842
(4, 2)
843
(4, 2)
844
(3, 2)
845
(3, 1)
846
(3, 1)
847
(3, 1)
848
(4, 2)
849
(4, 2)
850
(4, 3)
851
(4, 3)
852
(4, 3)
853
(4, 3)
854
(4, 3)
855
(4, 3)
856
(3, 2)
857
(3, 2)
858
(3, 1)
859
(3, 1)
860
(4, 2)
861
(3, 2)
862
(3, 1)
863
(3, 1)
864
(3, 1)
865
(4, 3)
866
(4, 3)
867
(4, 2)
868
(4, 2)
869
(3, 1)
870
(3, 1)
871
(3, 1)
872
(3, 1)
873
(4, 3)
874
(4, 3)
875
(4, 3)
876
(4, 3)
877
(4, 2)
878
(4, 2)
879
(3, 1)
880
(3, 1)
881
(3, 1)
882
(3, 1)
883
(3, 1)
884
(4, 2)
885
(4, 2)
886
(3, 1)
887
(3, 1)
888
(3, 1)
889
(3, 1)
890
(4, 3)
891
(4, 3)
892
(4, 3)
893
(4, 3)
894
(3, 2)
895
(3, 2)
896
(3, 2)
897
(5, 3)
898
(5, 3)
899
(4, 3)
900
(4, 2)
901
(4, 2)
902
(4, 1)
903
(3, 1)
904
(3, 1)
905
(3, 1)
906
(3, 1)
907
(3, 1)
908
(5, 3)
909
(4, 3)
910
(4, 2)
911
(4, 2)
912
(4, 1)
913
(3, 1)
914
(3, 1)
915
(3, 1)
916
(3, 1)
917
(3, 1)
918
(3, 2)
919
(4, 2)
920
(4, 2)
921
(4, 2)
922
(4, 2)
923
(4, 2)
924
(4, 2)
925
(4, 2)
926
(3, 1)
927
(3, 1)
928
(3, 1)
929
(4, 2)
930
(5, 3)
931
(5, 3)
932
(3, 1)
933
(4, 2)
934
(5, 3)
935
(5, 3)
936
(5, 3)
937
(4, 3)
938
(4, 2)
939
(4, 2)
940
(4, 1)
941
(4, 1)
942
(3, 1)
943
(3, 1)
944
(3, 1)
945
(3, 1)
946
(3, 1)
947
(5, 3)
948
(5, 3)
949
(5, 3)
950
(4, 2)
951
(4, 2)
952
(4, 1)
953
(4, 1)
954
(3, 1)
955
(3, 1)
956
(3, 1)
957
(3, 1)
958
(3, 1)
959
(5, 3)
960
(5, 3)
961
(5, 3)
962
(4, 2)
963
(4, 2)
964
(4, 2)
965
(4, 2)
966
(3, 1)
967
(3, 1)
968
(3, 1)
969
(5, 2)
970
(4, 2)
971
(3, 1)
972
(5, 2)
973
(5, 2)
974
(5, 2)
975
(3, 1)
976
(3, 1)
977
(3, 1)
978
(5, 2)
979
(5, 2)
980
(3, 1)
981
(3, 1)
982
(3, 1)
983
(3, 1)
984
(4, 1)
985
(4, 1)
986
(3, 1)
987
(3, 1)
988
(3, 1)
989
(3, 1)
990
(3, 1)
991
(3, 1)
992
(3, 1)
993
(3, 2)
994
(3, 2)
995
(3, 1)
996
(3, 1)
997
(3, 1)
998
(3, 1)
999
(3, 1)
1000
(3, 1)
defaultdict(<function <lambda> at 0x2b941a211c80>, {(1, 3): 18, (9, 1): 2, (11, 2): 9, (2, 1): 150, (6, 2): 8, (10, 3): 10, (7, 2): 1, (1, 2): 146, (12, 2): 1, (3, 3): 30, (13, 3): 1, (8, 1): 4, (2, 2): 128, (4, 1): 8, (1, 1): 150, (12, 3): 13, (3, 2): 85, (7, 1): 3, (9, 3): 12, (2, 3): 31, (4, 2): 44, (5, 3): 14, (9, 2): 2, (3, 1): 79, (4, 3): 30, (5, 2): 14, (10, 2): 7})
1001
(3, 1)
1002
(3, 2)
1003
(3, 2)
1004
(3, 1)
1005
(3, 1)
1006
(3, 1)
1007
(3, 1)
1008
(3, 1)
1009
(3, 1)
1010
(3, 1)
1011
(3, 2)
1012
(3, 2)
1013
(4, 1)
1014
(4, 1)
1015
(3, 1)
1016
(3, 1)
1017
(3, 1)
1018
(3, 1)
1019
(4, 1)
1020
(3, 1)
1021
(3, 1)
1022
(3, 1)
1023
(3, 1)
1024
(3, 1)
1025
(3, 1)
1026
(3, 1)
1027
(3, 1)
1028
(3, 2)
1029
(3, 2)
1030
(3, 3)
1031
(3, 1)
1032
(3, 1)
1033
(3, 1)
1034
(3, 1)
1035
(3, 1)
1036
(3, 1)
1037
(3, 1)
1038
(3, 2)
1039
(3, 2)
1040
(3, 3)
1041
(4, 2)
1042
(4, 1)
1043
(5, 2)
1044
(5, 2)
1045
(5, 2)
1046
(5, 2)
1047
(4, 1)
1048
(4, 1)
1049
(4, 1)
1050
(4, 1)
1051
(4, 1)
1052
(5, 2)
1053
(5, 2)
1054
(4, 1)
1055
(5, 2)
1056
(5, 2)
1057
(4, 1)
1058
(4, 1)
1059
(4, 1)
1060
(4, 1)
1061
(4, 1)
1062
(4, 1)
1063
(4, 1)
1064
(4, 1)
1065
(4, 2)
1066
(4, 2)
1067
(4, 3)
1068
(4, 1)
1069
(4, 1)
1070
(4, 1)
1071
(4, 1)
1072
(4, 1)
1073
(4, 1)
1074
(4, 1)
1075
(4, 2)
1076
(4, 2)
1077
(4, 3)
1078
(4, 1)
1079
(4, 1)
1080
(4, 1)
1081
(4, 1)
1082
(4, 1)
1083
(4, 1)
1084
(4, 1)
1085
(4, 1)
1086
(4, 1)
1087
(4, 1)
1088
(4, 1)
1089
(4, 2)
1090
(4, 2)
1091
(4, 3)
1092
(5, 2)
1093
(5, 1)
1094
(5, 1)
1095
(5, 1)
1096
(3, 1)
1097
(3, 2)
1098
(3, 2)
1099
(3, 2)
1100
(3, 2)
1101
(3, 2)
1102
(5, 1)
1103
(3, 2)
1104
(3, 1)
1105
(4, 2)
1106
(4, 2)
1107
(4, 2)
1108
(4, 2)
1109
(3, 2)
1110
(3, 2)
1111
(3, 1)
1112
(3, 1)
1113
(4, 2)
1114
(4, 2)
1115
(4, 2)
1116
(4, 2)
1117
(3, 2)
1118
(3, 2)
1119
(3, 1)
1120
(3, 1)
1121
(4, 2)
1122
(4, 2)
1123
(3, 2)
1124
(3, 1)
1125
(3, 1)
1126
(3, 1)
1127
(4, 2)
1128
(4, 1)
1129
(4, 1)
1130
(4, 1)
1131
(3, 2)
1132
(5, 1)
1133
(4, 2)
1134
(2, 2)
1135
(4, 2)
1136
(4, 2)
1137
(4, 2)
1138
(4, 2)
1139
(3, 2)
1140
(3, 1)
1141
(3, 1)
1142
(3, 1)
1143
(4, 2)
1144
(4, 1)
1145
(4, 1)
1146
(4, 1)
1147
(3, 1)
1148
(3, 2)
1149
(5, 1)
1150
(5, 1)
1151
(5, 1)
1152
(4, 1)
1153
(4, 1)
1154
(4, 1)
1155
(4, 1)
1156
(4, 1)
1157
(4, 1)
1158
(4, 1)
1159
(4, 1)
1160
(4, 2)
1161
(4, 2)
1162
(4, 1)
1163
(4, 1)
1164
(4, 1)
1165
(4, 1)
1166
(4, 1)
1167
(4, 2)
1168
(4, 2)
1169
(4, 1)
1170
(4, 1)
1171
(4, 1)
1172
(4, 1)
1173
(4, 1)
1174
(4, 2)
1175
(4, 2)
1176
(3, 2)
1177
(3, 2)
1178
(4, 2)
1179
(3, 2)
1180
(3, 1)
1181
(3, 1)
1182
(3, 1)
1183
(4, 2)
1184
(3, 1)
1185
(3, 1)
1186
(3, 1)
1187
(3, 1)
1188
(3, 1)
1189
(3, 1)
1190
(3, 1)
1191
(3, 1)
1192
(3, 2)
1193
(3, 2)
1194
(3, 2)
1195
(3, 2)
1196
(3, 2)
1197
(3, 2)
1198
(3, 2)
1199
(3, 2)
1200
(3, 1)
1201
(3, 1)
1202
(3, 1)
1203
(3, 1)
1204
(3, 1)
1205
(3, 1)
1206
(3, 1)
1207
(3, 1)
1208
(3, 2)
1209
(3, 2)
1210
(3, 2)
1211
(3, 1)
1212
(3, 1)
1213
(3, 1)
1214
(3, 1)
1215
(3, 1)
1216
(3, 1)
1217
(3, 1)
1218
(3, 1)
1219
(3, 2)
1220
(5, 2)
1221
(5, 2)
1222
(4, 2)
1223
(4, 2)
1224
(4, 2)
1225
(4, 2)
1226
(4, 2)
1227
(3, 1)
1228
(3, 1)
1229
(3, 1)
1230
(3, 1)
1231
(4, 2)
1232
(4, 2)
1233
(4, 2)
1234
(3, 2)
1235
(4, 2)
1236
(4, 2)
1237
(2, 2)
1238
(5, 1)
1239
(5, 1)
1240
(5, 1)
1241
(4, 2)
1242
(5, 1)
1243
(5, 2)
1244
(5, 2)
1245
(4, 2)
1246
(5, 2)
1247
(5, 2)
1248
(4, 2)
1249
(4, 2)
1250
(4, 2)
1251
(4, 1)
1252
(5, 2)
1253
(4, 2)
1254
(4, 2)
1255
(4, 2)
1256
(4, 1)
1257
(3, 2)
1258
(5, 1)
1259
(5, 1)
1260
(4, 2)
1261
(5, 1)
1262
(5, 1)
1263
(5, 1)
1264
(4, 2)
1265
(4, 2)
1266
(2, 2)
1267
(3, 2)
1268
(4, 2)
1269
(4, 2)
1270
(4, 2)
1271
(4, 2)
1272
(4, 2)
1273
(5, 2)
1274
(5, 2)
1275
(5, 2)
1276
(5, 2)
1277
(4, 2)
1278
(4, 2)
1279
(4, 1)
1280
(4, 1)
1281
(5, 2)
1282
(5, 2)
1283
(5, 2)
1284
(5, 2)
1285
(4, 2)
1286
(4, 2)
1287
(4, 1)
1288
(4, 1)
1289
(5, 2)
1290
(5, 2)
1291
(4, 2)
1292
(4, 1)
1293
(4, 1)
1294
(4, 1)
1295
(5, 2)
1296
(5, 1)
1297
(5, 1)
1298
(5, 1)
1299
(4, 2)
1300
(3, 2)
1301
(5, 2)
1302
(5, 2)
1303
(5, 2)
1304
(5, 2)
1305
(5, 2)
1306
(5, 1)
1307
(5, 1)
1308
(5, 1)
1309
(5, 1)
1310
(5, 1)
1311
(5, 1)
1312
(5, 1)
1313
(5, 1)
1314
(5, 2)
1315
(5, 2)
1316
(5, 1)
1317
(5, 1)
1318
(5, 1)
1319
(5, 1)
1320
(5, 1)
1321
(5, 2)
1322
(5, 2)
1323
(5, 1)
1324
(5, 1)
1325
(5, 1)
1326
(5, 1)
1327
(5, 1)
1328
(5, 2)
1329
(5, 2)
1330
(3, 2)
1331
(4, 2)
1332
(5, 1)
1333
(4, 2)
1334
(6, 1)
1335
(6, 1)
1336
(5, 2)
1337
(5, 2)
1338
(4, 1)
1339
(4, 1)
1340
(5, 1)
1341
(4, 2)
1342
(4, 2)
1343
(5, 2)
1344
(5, 2)
1345
(5, 2)
1346
(5, 2)
1347
(5, 2)
1348
(5, 2)
1349
(4, 1)
1350
(4, 1)
1351
(4, 1)
1352
(4, 1)
1353
(4, 1)
1354
(5, 2)
1355
(5, 2)
1356
(5, 2)
1357
(5, 2)
1358
(4, 2)
1359
(5, 1)
1360
(5, 1)
1361
(6, 1)
1362
(4, 2)
1363
(6, 2)
1364
(6, 2)
1365
(5, 2)
1366
(5, 2)
1367
(5, 2)
1368
(5, 1)
1369
(4, 1)
1370
(4, 1)
1371
(4, 1)
1372
(4, 1)
1373
(4, 1)
1374
(6, 2)
1375
(5, 2)
1376
(5, 2)
1377
(5, 2)
1378
(5, 1)
1379
(4, 1)
1380
(4, 1)
1381
(4, 1)
1382
(4, 1)
1383
(4, 1)
1384
(6, 1)
1385
(6, 1)
1386
(5, 2)
1387
(4, 1)
1388
(5, 2)
1389
(5, 2)
1390
(5, 2)
1391
(5, 2)
1392
(5, 2)
1393
(4, 2)
1394
(5, 2)
1395
(5, 1)
1396
(5, 1)
1397
(3, 2)
1398
(3, 2)
1399
(4, 1)
1400
(4, 1)
1401
(5, 1)
1402
(5, 1)
1403
(6, 2)
1404
(6, 2)
1405
(6, 2)
1406
(6, 2)
1407
(5, 2)
1408
(5, 2)
1409
(5, 1)
1410
(5, 1)
1411
(4, 1)
1412
(4, 1)
1413
(4, 1)
1414
(4, 1)
1415
(4, 1)
1416
(6, 2)
1417
(6, 2)
1418
(6, 2)
1419
(6, 2)
1420
(5, 2)
1421
(5, 2)
1422
(5, 1)
1423
(5, 1)
1424
(4, 1)
1425
(4, 1)
1426
(4, 1)
1427
(4, 1)
1428
(4, 1)
1429
(6, 2)
1430
(6, 2)
1431
(5, 2)
1432
(5, 1)
1433
(5, 1)
1434
(5, 1)
1435
(4, 1)
1436
(4, 1)
1437
(4, 1)
1438
(4, 1)
1439
(4, 1)
1440
(4, 1)
1441
(6, 2)
1442
(6, 1)
1443
(4, 1)
1444
(5, 2)
1445
(6, 2)
1446
(6, 2)
1447
(6, 2)
1448
(6, 2)
1449
(5, 1)
1450
(5, 1)
1451
(5, 1)
1452
(4, 1)
1453
(4, 1)
1454
(4, 2)
1455
(5, 2)
1456
(4, 1)
1457
(4, 1)
1458
(4, 1)
1459
(4, 1)
1460
(4, 1)
1461
(4, 1)
1462
(4, 1)
1463
(4, 1)
1464
(4, 1)
1465
(4, 2)
1466
(4, 2)
1467
(4, 2)
1468
(4, 2)
1469
(4, 2)
1470
(4, 2)
1471
(4, 2)
1472
(4, 2)
1473
(4, 3)
1474
(4, 1)
1475
(4, 1)
1476
(4, 1)
1477
(4, 1)
1478
(4, 1)
1479
(4, 1)
1480
(4, 1)
1481
(4, 1)
1482
(4, 2)
1483
(4, 2)
1484
(4, 2)
1485
(5, 2)
1486
(5, 2)
1487
(5, 2)
1488
(5, 2)
1489
(5, 2)
1490
(5, 2)
1491
(5, 1)
1492
(5, 1)
1493
(6, 1)
1494
(6, 1)
1495
(6, 1)
1496
(6, 1)
1497
(4, 2)
1498
(6, 2)
1499
(5, 1)
1500
(5, 1)
defaultdict(<function <lambda> at 0x2b941a211c80>, {(1, 3): 18, (9, 1): 2, (11, 2): 9, (2, 1): 150, (6, 2): 27, (5, 1): 62, (10, 3): 10, (7, 2): 1, (1, 2): 146, (12, 2): 1, (3, 3): 32, (13, 3): 1, (8, 1): 4, (2, 2): 131, (4, 1): 133, (1, 1): 150, (12, 3): 13, (3, 2): 129, (7, 1): 3, (9, 3): 12, (2, 3): 31, (4, 2): 128, (5, 3): 14, (9, 2): 2, (6, 1): 10, (3, 1): 150, (4, 3): 34, (5, 2): 90, (10, 2): 7})
1501
(5, 1)
1502
(5, 1)
1503
(5, 1)
1504
(4, 1)
1505
(6, 2)
1506
(6, 2)
1507
(6, 2)
1508
(6, 2)
1509
(6, 2)
1510
(6, 2)
1511
(5, 1)
1512
(5, 1)
1513
(5, 1)
1514
(5, 1)
1515
(5, 1)
1516
(4, 1)
1517
(4, 1)
1518
(4, 1)
1519
(4, 1)
1520
(3, 2)
1521
(3, 2)
1522
(3, 2)
1523
(3, 2)
1524
(3, 2)
1525
(3, 2)
1526
(3, 2)
1527
(2, 2)
1528
(2, 2)
1529
(2, 2)
1530
(2, 2)
1531
(2, 2)
1532
(2, 2)
1533
(2, 2)
1534
(2, 2)
1535
(1, 2)
1536
(1, 2)
1537
(1, 2)
1538
(1, 2)
1539
(1, 2)
1540
(2, 2)
1541
(2, 2)
1542
(2, 2)
1543
(2, 2)
1544
(2, 2)
1545
(2, 2)
1546
(2, 2)
1547
(2, 2)
1548
(2, 2)
1549
(2, 2)
1550
(2, 2)
1551
(2, 2)
1552
(2, 2)
1553
(3, 2)
1554
(3, 2)
1555
(3, 2)
1556
(3, 2)
1557
(3, 2)
1558
(3, 2)
1559
(3, 2)
1560
(3, 2)
1561
(3, 2)
1562
(3, 2)
1563
(3, 2)
1564
(3, 2)
1565
(3, 2)
1566
(3, 2)
1567
(6, 2)
1568
(6, 2)
1569
(5, 1)
1570
(5, 1)
1571
(5, 1)
1572
(5, 1)
1573
(4, 1)
1574
(4, 1)
1575
(4, 1)
1576
(4, 1)
1577
(4, 1)
1578
(4, 1)
1579
(6, 2)
1580
(6, 2)
1581
(6, 2)
1582
(6, 2)
1583
(6, 1)
1584
(4, 1)
1585
(4, 2)
1586
(6, 1)
1587
(6, 1)
1588
(6, 2)
1589
(7, 2)
1590
(7, 2)
1591
(6, 2)
1592
(6, 2)
1593
(6, 2)
1594
(6, 1)
1595
(5, 1)
1596
(5, 1)
1597
(5, 1)
1598
(5, 1)
1599
(5, 1)
1600
(4, 1)
1601
(4, 1)
1602
(4, 1)
1603
(4, 2)
1604
(7, 2)
1605
(6, 2)
1606
(6, 2)
1607
(6, 2)
1608
(6, 1)
1609
(5, 1)
1610
(5, 1)
1611
(5, 1)
1612
(5, 1)
1613
(5, 1)
1614
(4, 1)
1615
(4, 1)
1616
(7, 2)
1617
(6, 2)
1618
(6, 2)
1619
(6, 2)
1620
(6, 1)
1621
(5, 1)
1622
(5, 1)
1623
(5, 1)
1624
(5, 1)
1625
(5, 1)
1626
(5, 1)
1627
(6, 2)
1628
(5, 1)
1629
(5, 1)
1630
(6, 1)
1631
(6, 2)
1632
(5, 2)
1633
(5, 1)
1634
(6, 2)
1635
(5, 1)
1636
(6, 2)
1637
(6, 2)
1638
(6, 1)
1639
(6, 1)
1640
(4, 2)
1641
(5, 2)
1642
(6, 1)
1643
(7, 2)
1644
(7, 2)
1645
(7, 2)
1646
(7, 2)
1647
(6, 2)
1648
(6, 2)
1649
(6, 1)
1650
(6, 1)
1651
(5, 1)
1652
(5, 1)
1653
(5, 1)
1654
(5, 1)
1655
(5, 1)
1656
(7, 2)
1657
(7, 2)
1658
(7, 2)
1659
(7, 2)
1660
(6, 2)
1661
(6, 2)
1662
(6, 1)
1663
(6, 1)
1664
(5, 1)
1665
(5, 1)
1666
(5, 1)
1667
(5, 1)
1668
(5, 1)
1669
(7, 2)
1670
(7, 2)
1671
(6, 2)
1672
(6, 2)
1673
(6, 1)
1674
(6, 1)
1675
(5, 1)
1676
(5, 1)
1677
(5, 1)
1678
(5, 1)
1679
(5, 1)
1680
(7, 2)
1681
(6, 2)
1682
(7, 2)
1683
(6, 1)
1684
(6, 1)
1685
(6, 1)
1686
(5, 1)
1687
(5, 1)
1688
(5, 1)
1689
(5, 1)
1690
(5, 1)
1691
(5, 1)
1692
(7, 2)
1693
(6, 1)
1694
(6, 1)
1695
(5, 1)
1696
(6, 1)
1697
(7, 2)
1698
(7, 2)
1699
(5, 1)
1700
(5, 1)
1701
(5, 1)
1702
(7, 2)
1703
(7, 2)
1704
(7, 2)
1705
(6, 2)
1706
(6, 1)
1707
(6, 1)
1708
(6, 1)
1709
(5, 1)
1710
(5, 1)
1711
(5, 1)
1712
(5, 1)
1713
(5, 1)
1714
(7, 2)
1715
(7, 2)
1716
(7, 2)
1717
(7, 2)
1718
(7, 2)
1719
(6, 2)
1720
(6, 1)
1721
(6, 1)
1722
(7, 2)
1723
(6, 1)
1724
(6, 1)
1725
(6, 1)
1726
(6, 1)
1727
(6, 1)
1728
(6, 1)
1729
(6, 2)
1730
(7, 1)
1731
(5, 1)
1732
(6, 2)
1733
(7, 2)
1734
(7, 2)
1735
(7, 2)
1736
(7, 2)
1737
(6, 1)
1738
(6, 1)
1739
(7, 2)
1740
(7, 2)
1741
(7, 2)
1742
(7, 2)
1743
(7, 3)
1744
(5, 1)
1745
(5, 1)
1746
(5, 1)
1747
(6, 1)
1748
(6, 1)
1749
(6, 1)
1750
(6, 1)
1751
(6, 1)
1752
(6, 1)
1753
(6, 1)
1754
(6, 1)
1755
(6, 2)
1756
(6, 2)
1757
(6, 2)
1758
(6, 2)
1759
(6, 2)
1760
(6, 2)
1761
(6, 2)
1762
(6, 2)
1763
(6, 3)
1764
(6, 3)
1765
(6, 3)
1766
(6, 3)
1767
(6, 3)
1768
(5, 3)
1769
(5, 3)
1770
(5, 3)
1771
(5, 3)
1772
(5, 3)
1773
(5, 3)
1774
(5, 2)
1775
(4, 2)
1776
(5, 3)
1777
(5, 3)
1778
(5, 2)
1779
(5, 2)
1780
(5, 3)
1781
(5, 3)
1782
(5, 3)
1783
(5, 2)
1784
(5, 2)
1785
(5, 2)
1786
(5, 3)
1787
(5, 2)
1788
(5, 3)
1789
(5, 3)
1790
(5, 2)
1791
(5, 1)
1792
(5, 3)
1793
(5, 2)
1794
(5, 2)
1795
(5, 2)
1796
(5, 2)
1797
(5, 2)
1798
(6, 3)
1799
(6, 3)
1800
(6, 3)
1801
(6, 3)
1802
(5, 3)
1803
(5, 3)
1804
(5, 2)
1805
(5, 2)
1806
(5, 1)
1807
(5, 1)
1808
(6, 3)
1809
(6, 3)
1810
(5, 2)
1811
(5, 2)
1812
(5, 1)
1813
(5, 1)
1814
(6, 3)
1815
(6, 3)
1816
(5, 2)
1817
(6, 2)
1818
(6, 2)
1819
(5, 2)
1820
(5, 2)
1821
(6, 2)
1822
(5, 1)
1823
(6, 3)
1824
(6, 3)
1825
(6, 3)
1826
(6, 3)
1827
(6, 3)
1828
(6, 3)
1829
(6, 2)
1830
(5, 2)
1831
(5, 1)
1832
(5, 1)
1833
(5, 1)
1834
(6, 3)
1835
(6, 3)
1836
(6, 2)
1837
(6, 3)
1838
(6, 2)
1839
(6, 2)
1840
(6, 2)
1841
(5, 1)
1842
(6, 2)
1843
(6, 2)
1844
(6, 2)
1845
(6, 2)
1846
(5, 1)
1847
(6, 2)
1848
(6, 2)
1849
(6, 2)
1850
(6, 2)
1851
(6, 2)
1852
(5, 1)
1853
(5, 1)
1854
(5, 1)
1855
(5, 1)
1856
(5, 1)
1857
(5, 1)
1858
(5, 1)
1859
(5, 1)
1860
(5, 1)
1861
(5, 1)
1862
(5, 1)
1863
(6, 2)
1864
(6, 1)
1865
(6, 3)
1866
(6, 3)
1867
(6, 3)
1868
(6, 1)
1869
(6, 3)
1870
(6, 3)
1871
(6, 3)
1872
(6, 2)
1873
(6, 2)
1874
(6, 2)
1875
(6, 1)
1876
(6, 1)
1877
(6, 2)
1878
(6, 2)
1879
(6, 2)
1880
(7, 3)
1881
(6, 1)
1882
(6, 1)
1883
(6, 1)
1884
(6, 1)
1885
(6, 1)
1886
(7, 3)
1887
(6, 3)
1888
(6, 2)
1889
(6, 2)
1890
(6, 1)
1891
(7, 3)
1892
(6, 3)
1893
(6, 2)
1894
(6, 2)
1895
(6, 1)
1896
(7, 3)
1897
(6, 3)
1898
(6, 2)
1899
(6, 2)
1900
(6, 2)
1901
(6, 1)
1902
(6, 1)
1903
(6, 2)
1904
(6, 1)
1905
(6, 1)
1906
(6, 1)
1907
(6, 1)
1908
(6, 1)
1909
(6, 1)
1910
(6, 1)
1911
(6, 1)
1912
(6, 2)
1913
(6, 2)
1914
(6, 2)
1915
(6, 1)
1916
(6, 1)
1917
(6, 1)
1918
(6, 1)
1919
(6, 1)
1920
(6, 1)
1921
(6, 1)
1922
(7, 2)
1923
(7, 2)
1924
(7, 2)
1925
(7, 2)
1926
(6, 1)
1927
(6, 1)
1928
(7, 3)
1929
(7, 3)
1930
(7, 3)
1931
(6, 1)
1932
(6, 1)
1933
(6, 1)
1934
(6, 1)
1935
(6, 1)
1936
(6, 1)
1937
(6, 1)
1938
(6, 1)
1939
(6, 1)
1940
(6, 1)
1941
(6, 2)
1942
(7, 3)
1943
(7, 3)
1944
(7, 3)
1945
(7, 3)
1946
(7, 3)
1947
(7, 3)
1948
(7, 3)
1949
(7, 3)
1950
(7, 2)
1951
(7, 2)
1952
(6, 1)
1953
(6, 1)
1954
(7, 2)
1955
(7, 2)
1956
(7, 2)
1957
(6, 2)
1958
(6, 2)
1959
(6, 2)
1960
(7, 1)
1961
(7, 1)
1962
(6, 2)
1963
(6, 2)
1964
(6, 2)
1965
(7, 2)
1966
(6, 2)
1967
(7, 2)
1968
(7, 2)
1969
(6, 1)
1970
(6, 1)
1971
(6, 1)
1972
(6, 1)
1973
(7, 2)
1974
(7, 2)
1975
(7, 2)
1976
(7, 2)
1977
(6, 1)
1978
(6, 1)
1979
(6, 1)
1980
(6, 1)
1981
(6, 1)
1982
(7, 2)
1983
(7, 2)
1984
(7, 2)
1985
(7, 2)
1986
(5, 2)
1987
(7, 2)
1988
(7, 2)
1989
(7, 2)
1990
(7, 2)
1991
(7, 2)
1992
(7, 2)
1993
(7, 2)
1994
(7, 2)
1995
(7, 2)
1996
(7, 2)
1997
(4, 2)
1998
(4, 2)
1999
(7, 2)
2000
(6, 1)
defaultdict(<function <lambda> at 0x2b941a211c80>, {(7, 3): 16, (1, 3): 18, (9, 1): 2, (11, 2): 9, (2, 1): 150, (6, 2): 116, (5, 1): 150, (10, 3): 10, (7, 2): 68, (1, 2): 151, (12, 2): 1, (3, 3): 32, (13, 3): 1, (8, 1): 4, (6, 3): 31, (2, 2): 152, (4, 1): 150, (1, 1): 150, (12, 3): 13, (3, 2): 150, (7, 1): 6, (9, 3): 12, (2, 3): 31, (4, 2): 134, (5, 3): 31, (9, 2): 2, (6, 1): 105, (3, 1): 150, (4, 3): 34, (5, 2): 114, (10, 2): 7})
2001
(6, 1)
2002
(6, 1)
2003
(6, 1)
2004
(5, 2)
2005
(7, 2)
2006
(7, 1)
2007
(7, 1)
2008
(7, 1)
2009
(7, 1)
2010
(7, 2)
2011
(7, 2)
2012
(6, 1)
2013
(6, 1)
2014
(6, 1)
2015
(6, 1)
2016
(6, 1)
2017
(6, 1)
2018
(6, 1)
2019
(7, 2)
2020
(8, 3)
2021
(8, 3)
2022
(8, 3)
2023
(8, 3)
2024
(8, 3)
2025
(8, 2)
2026
(8, 2)
2027
(8, 2)
2028
(7, 1)
2029
(8, 2)
2030
(6, 1)
2031
(6, 1)
2032
(6, 1)
2033
(6, 1)
2034
(6, 1)
2035
(6, 1)
2036
(6, 1)
2037
(6, 1)
2038
(6, 2)
2039
(6, 2)
2040
(6, 3)
2041
(6, 1)
2042
(6, 1)
2043
(6, 1)
2044
(6, 1)
2045
(6, 1)
2046
(6, 2)
2047
(6, 2)
2048
(6, 3)
2049
(6, 1)
2050
(6, 1)
2051
(6, 1)
2052
(6, 1)
2053
(6, 1)
2054
(6, 2)
2055
(6, 2)
2056
(6, 3)
2057
(8, 2)
2058
(7, 2)
2059
(7, 2)
2060
(7, 2)
2061
(7, 1)
2062
(6, 1)
2063
(6, 1)
2064
(6, 1)
2065
(6, 1)
2066
(6, 1)
2067
(8, 2)
2068
(7, 2)
2069
(8, 2)
2070
(7, 2)
2071
(8, 2)
2072
(8, 3)
2073
(8, 3)
2074
(8, 3)
2075
(7, 2)
2076
(7, 2)
2077
(7, 2)
2078
(7, 1)
2079
(7, 1)
2080
(7, 1)
2081
(7, 2)
2082
(7, 2)
2083
(7, 2)
2084
(7, 2)
2085
(6, 1)
2086
(6, 1)
2087
(7, 2)
2088
(7, 2)
2089
(7, 2)
2090
(5, 2)
2091
(7, 2)
2092
(7, 2)
2093
(8, 3)
2094
(8, 3)
2095
(8, 3)
2096
(8, 3)
2097
(8, 3)
2098
(8, 3)
2099
(8, 3)
2100
(5, 2)
2101
(6, 1)
2102
(6, 1)
2103
(6, 1)
2104
(7, 2)
2105
(7, 2)
2106
(7, 2)
2107
(7, 1)
2108
(7, 1)
2109
(7, 1)
2110
(7, 1)
2111
(7, 1)
2112
(7, 1)
2113
(7, 1)
2114
(8, 2)
2115
(8, 2)
2116
(8, 2)
2117
(8, 2)
2118
(7, 2)
2119
(5, 2)
2120
(7, 1)
2121
(7, 1)
2122
(7, 1)
2123
(8, 3)
2124
(8, 3)
2125
(8, 3)
2126
(8, 3)
2127
(7, 1)
2128
(7, 1)
2129
(8, 2)
2130
(8, 3)
2131
(7, 1)
2132
(7, 1)
2133
(7, 1)
2134
(7, 1)
2135
(7, 1)
2136
(7, 1)
2137
(7, 1)
2138
(7, 1)
2139
(7, 1)
2140
(7, 1)
2141
(7, 1)
2142
(7, 1)
2143
(7, 2)
2144
(7, 2)
2145
(7, 2)
2146
(7, 2)
2147
(7, 2)
2148
(7, 2)
2149
(7, 2)
2150
(7, 2)
2151
(7, 1)
2152
(7, 1)
2153
(7, 1)
2154
(7, 1)
2155
(7, 1)
2156
(7, 1)
2157
(7, 2)
2158
(7, 2)
2159
(7, 2)
2160
(7, 1)
2161
(7, 1)
2162
(7, 1)
2163
(7, 1)
2164
(7, 1)
2165
(7, 1)
2166
(7, 2)
2167
(6, 1)
2168
(6, 1)
2169
(6, 1)
2170
(8, 3)
2171
(8, 3)
2172
(8, 3)
2173
(8, 3)
2174
(8, 3)
2175
(8, 3)
2176
(8, 3)
2177
(8, 3)
2178
(7, 2)
2179
(7, 2)
2180
(7, 2)
2181
(8, 2)
2182
(8, 2)
2183
(8, 2)
2184
(8, 2)
2185
(7, 1)
2186
(7, 1)
2187
(7, 1)
2188
(7, 1)
2189
(7, 1)
2190
(8, 2)
2191
(8, 2)
2192
(8, 3)
2193
(8, 3)
2194
(8, 3)
2195
(8, 3)
2196
(8, 3)
2197
(7, 1)
2198
(6, 1)
2199
(6, 1)
2200
(6, 1)
2201
(7, 2)
2202
(7, 1)
2203
(7, 1)
2204
(7, 1)
2205
(7, 1)
2206
(7, 1)
2207
(7, 1)
2208
(7, 1)
2209
(7, 1)
2210
(7, 1)
2211
(8, 2)
2212
(8, 2)
2213
(8, 2)
2214
(8, 2)
2215
(8, 1)
2216
(6, 1)
2217
(6, 1)
2218
(8, 3)
2219
(7, 1)
2220
(7, 1)
2221
(7, 1)
2222
(7, 1)
2223
(7, 1)
2224
(8, 3)
2225
(8, 3)
2226
(8, 3)
2227
(8, 3)
2228
(8, 3)
2229
(8, 3)
2230
(8, 3)
2231
(7, 1)
2232
(7, 1)
2233
(7, 1)
2234
(8, 1)
2235
(7, 1)
2236
(7, 1)
2237
(7, 1)
2238
(7, 1)
2239
(8, 3)
2240
(8, 3)
2241
(8, 3)
2242
(8, 3)
2243
(8, 3)
2244
(8, 3)
2245
(8, 3)
2246
(8, 2)
2247
(8, 2)
2248
(8, 2)
2249
(7, 1)
2250
(7, 1)
2251
(7, 1)
2252
(7, 1)
2253
(7, 1)
2254
(7, 1)
2255
(7, 2)
2256
(7, 2)
2257
(7, 2)
2258
(7, 2)
2259
(7, 2)
2260
(7, 2)
2261
(7, 2)
2262
(7, 2)
2263
(7, 3)
2264
(7, 1)
2265
(7, 1)
2266
(7, 1)
2267
(7, 1)
2268
(7, 1)
2269
(7, 1)
2270
(7, 2)
2271
(7, 2)
2272
(7, 2)
2273
(7, 1)
2274
(7, 1)
2275
(7, 1)
2276
(7, 1)
2277
(7, 1)
2278
(7, 2)
2279
(7, 2)
2280
(7, 2)
2281
(7, 1)
2282
(7, 1)
2283
(7, 1)
2284
(7, 1)
2285
(8, 2)
2286
(8, 2)
2287
(8, 2)
2288
(8, 2)
2289
(8, 3)
2290
(8, 3)
2291
(8, 3)
2292
(8, 3)
2293
(7, 1)
2294
(7, 1)
2295
(7, 1)
2296
(7, 1)
2297
(7, 1)
2298
(7, 1)
2299
(8, 2)
2300
(7, 1)
2301
(7, 1)
2302
(7, 1)
2303
(8, 1)
2304
(8, 1)
2305
(8, 1)
2306
(7, 1)
2307
(8, 1)
2308
(8, 1)
2309
(7, 1)
2310
(7, 1)
2311
(8, 3)
2312
(8, 3)
2313
(8, 3)
2314
(8, 3)
2315
(8, 3)
2316
(8, 3)
2317
(8, 3)
2318
(7, 1)
2319
(7, 1)
2320
(7, 1)
2321
(7, 1)
2322
(7, 1)
2323
(7, 1)
2324
(8, 3)
2325
(8, 3)
2326
(8, 3)
2327
(8, 3)
2328
(8, 3)
2329
(8, 3)
2330
(8, 3)
2331
(8, 3)
2332
(8, 3)
2333
(8, 3)
2334
(8, 3)
2335
(8, 3)
2336
(8, 3)
2337
(8, 1)
2338
(7, 1)
2339
(7, 1)
2340
(7, 1)
2341
(7, 1)
2342
(7, 1)
2343
(7, 1)
2344
(7, 2)
2345
(7, 2)
2346
(7, 2)
2347
(7, 2)
2348
(7, 2)
2349
(7, 2)
2350
(7, 2)
2351
(7, 2)
2352
(7, 3)
2353
(7, 3)
2354
(7, 3)
2355
(7, 3)
2356
(7, 3)
2357
(7, 3)
2358
(7, 3)
2359
(7, 3)
2360
(7, 3)
2361
(7, 2)
2362
(7, 2)
2363
(7, 2)
2364
(7, 2)
2365
(7, 3)
2366
(7, 3)
2367
(7, 2)
2368
(7, 3)
2369
(7, 3)
2370
(7, 3)
2371
(8, 3)
2372
(8, 3)
2373
(8, 3)
2374
(7, 3)
2375
(7, 3)
2376
(8, 3)
2377
(8, 3)
2378
(7, 3)
2379
(8, 3)
2380
(7, 3)
2381
(8, 3)
2382
(8, 3)
2383
(7, 2)
2384
(7, 2)
2385
(8, 3)
2386
(8, 3)
2387
(7, 2)
2388
(8, 3)
2389
(8, 3)
2390
(8, 3)
2391
(8, 3)
2392
(8, 3)
2393
(7, 1)
2394
(7, 1)
2395
(7, 1)
2396
(7, 1)
2397
(7, 1)
2398
(7, 1)
2399
(7, 2)
2400
(7, 2)
2401
(7, 2)
2402
(7, 1)
2403
(7, 1)
2404
(7, 1)
2405
(7, 1)
2406
(7, 1)
2407
(7, 1)
2408
(7, 2)
2409
(7, 1)
2410
(7, 1)
2411
(8, 1)
2412
(7, 1)
2413
(7, 1)
2414
(7, 1)
2415
(7, 1)
2416
(8, 2)
2417
(8, 2)
2418
(8, 2)
2419
(8, 2)
2420
(8, 3)
2421
(8, 3)
2422
(8, 3)
2423
(8, 3)
2424
(8, 3)
2425
(8, 3)
2426
(8, 3)
2427
(7, 1)
2428
(7, 1)
2429
(7, 1)
2430
(8, 3)
2431
(8, 3)
2432
(8, 3)
2433
(8, 3)
2434
(8, 3)
2435
(8, 3)
2436
(8, 1)
2437
(8, 1)
2438
(7, 1)
2439
(7, 1)
2440
(7, 1)
2441
(8, 3)
2442
(8, 3)
2443
(8, 3)
2444
(8, 3)
2445
(8, 3)
2446
(7, 2)
2447
(7, 2)
2448
(8, 2)
2449
(8, 2)
2450
(8, 2)
2451
(8, 1)
2452
(8, 1)
2453
(8, 1)
2454
(8, 1)
2455
(8, 1)
2456
(7, 2)
2457
(8, 1)
2458
(8, 1)
2459
(8, 3)
2460
(8, 3)
2461
(8, 3)
2462
(7, 1)
2463
(7, 1)
2464
(7, 1)
2465
(8, 3)
2466
(8, 3)
2467
(8, 3)
2468
(8, 3)
2469
(8, 3)
2470
(8, 3)
2471
(8, 3)
2472
(8, 3)
2473
(8, 3)
2474
(8, 3)
2475
(8, 3)
2476
(8, 3)
2477
(8, 3)
2478
(8, 3)
2479
(8, 3)
2480
(8, 3)
2481
(8, 3)
2482
(8, 3)
2483
(8, 3)
2484
(8, 3)
2485
(8, 3)
2486
(8, 1)
2487
(8, 3)
2488
(8, 3)
2489
(8, 3)
2490
(8, 3)
2491
(8, 3)
2492
(8, 3)
2493
(8, 3)
2494
(8, 1)
2495
(8, 1)
2496
(8, 1)
2497
(8, 1)
2498
(8, 1)
2499
(8, 1)
2500
(8, 1)
defaultdict(<function <lambda> at 0x2b941a211c80>, {(7, 3): 35, (1, 3): 18, (9, 1): 2, (11, 2): 9, (2, 1): 150, (6, 2): 122, (5, 1): 150, (10, 3): 10, (7, 2): 146, (1, 2): 151, (12, 2): 1, (3, 3): 32, (13, 3): 1, (8, 1): 30, (6, 3): 34, (2, 2): 152, (4, 1): 150, (1, 1): 150, (12, 3): 13, (3, 2): 150, (8, 2): 38, (7, 1): 150, (9, 3): 12, (2, 3): 31, (4, 2): 134, (5, 3): 31, (8, 3): 136, (9, 2): 2, (6, 1): 151, (3, 1): 150, (4, 3): 34, (5, 2): 118, (10, 2): 7})
2501
(8, 1)
2502
(8, 1)
2503
(8, 1)
2504
(8, 1)
2505
(8, 1)
2506
(8, 2)
2507
(8, 2)
2508
(8, 4)
2509
(8, 4)
2510
(8, 4)
2511
(8, 4)
2512
(8, 4)
2513
(8, 4)
2514
(8, 4)
2515
(8, 2)
2516
(8, 2)
2517
(8, 2)
2518
(8, 1)
2519
(8, 1)
2520
(8, 1)
2521
(8, 1)
2522
(8, 1)
2523
(8, 2)
2524
(8, 1)
2525
(8, 2)
2526
(8, 2)
2527
(8, 3)
2528
(9, 2)
2529
(9, 3)
2530
(9, 2)
2531
(9, 3)
2532
(9, 2)
2533
(9, 3)
2534
(9, 2)
2535
(9, 2)
2536
(9, 2)
2537
(8, 2)
2538
(8, 2)
2539
(8, 2)
2540
(8, 1)
2541
(8, 1)
2542
(8, 1)
2543
(8, 3)
2544
(8, 3)
2545
(8, 3)
2546
(8, 3)
2547
(8, 3)
2548
(8, 3)
2549
(8, 3)
2550
(8, 1)
2551
(8, 1)
2552
(8, 1)
2553
(8, 1)
2554
(8, 3)
2555
(8, 3)
2556
(8, 3)
2557
(8, 3)
2558
(8, 3)
2559
(8, 3)
2560
(8, 3)
2561
(8, 2)
2562
(8, 1)
2563
(8, 1)
2564
(8, 1)
2565
(8, 1)
2566
(8, 3)
2567
(8, 3)
2568
(8, 3)
2569
(8, 1)
2570
(8, 1)
2571
(8, 1)
2572
(8, 1)
2573
(8, 1)
2574
(8, 1)
2575
(8, 2)
2576
(8, 2)
2577
(8, 1)
2578
(8, 1)
2579
(8, 1)
2580
(8, 1)
2581
(8, 1)
2582
(8, 1)
2583
(8, 2)
2584
(8, 2)
2585
(8, 1)
2586
(8, 1)
2587
(8, 1)
2588
(8, 1)
2589
(8, 1)
2590
(8, 1)
2591
(8, 2)
2592
(8, 2)
2593
(8, 1)
2594
(8, 1)
2595
(8, 1)
2596
(8, 1)
2597
(8, 1)
2598
(8, 1)
2599
(8, 2)
2600
(8, 2)
2601
(8, 2)
2602
(8, 4)
2603
(8, 4)
2604
(8, 4)
2605
(8, 4)
2606
(8, 1)
2607
(8, 1)
2608
(8, 1)
2609
(8, 1)
2610
(8, 1)
2611
(8, 4)
2612
(8, 4)
2613
(8, 4)
2614
(8, 4)
2615
(8, 4)
2616
(8, 4)
2617
(8, 4)
2618
(8, 1)
2619
(8, 2)
2620
(8, 2)
2621
(8, 2)
2622
(8, 2)
2623
(8, 2)
2624
(8, 1)
2625
(9, 1)
2626
(9, 1)
2627
(9, 1)
2628
(9, 1)
2629
(9, 1)
2630
(8, 1)
2631
(8, 1)
2632
(8, 1)
2633
(9, 1)
2634
(8, 4)
2635
(8, 4)
2636
(8, 4)
2637
(9, 1)
2638
(9, 1)
2639
(8, 1)
2640
(9, 2)
2641
(9, 2)
2642
(9, 3)
2643
(8, 1)
2644
(8, 1)
2645
(8, 1)
2646
(8, 4)
2647
(8, 4)
2648
(8, 4)
2649
(8, 4)
2650
(8, 4)
2651
(8, 4)
2652
(8, 4)
2653
(8, 1)
2654
(9, 1)
2655
(9, 1)
2656
(8, 2)
2657
(8, 2)
2658
(8, 2)
2659
(9, 3)
2660
(9, 3)
2661
(9, 3)
2662
(8, 1)
2663
(8, 1)
2664
(8, 1)
2665
(9, 1)
2666
(9, 1)
2667
(9, 1)
2668
(9, 1)
2669
(9, 1)
2670
(8, 1)
2671
(8, 1)
2672
(9, 1)
2673
(9, 1)
2674
(9, 1)
2675
(8, 5)
2676
(8, 5)
2677
(8, 5)
2678
(8, 1)
2679
(8, 1)
2680
(8, 1)
2681
(8, 1)
2682
(8, 5)
2683
(8, 5)
2684
(8, 5)
2685
(8, 5)
2686
(8, 1)
2687
(8, 4)
2688
(8, 4)
2689
(8, 4)
2690
(8, 4)
2691
(8, 4)
2692
(8, 4)
2693
(8, 4)
2694
(9, 1)
2695
(9, 1)
2696
(9, 1)
2697
(9, 1)
2698
(9, 1)
2699
(9, 1)
2700
(10, 1)
2701
(10, 1)
2702
(9, 1)
2703
(9, 1)
2704
(9, 1)
2705
(9, 1)
2706
(9, 1)
2707
(9, 1)
2708
(9, 2)
2709
(8, 5)
2710
(8, 5)
2711
(8, 5)
2712
(8, 5)
2713
(8, 5)
2714
(8, 5)
2715
(8, 5)
2716
(9, 1)
2717
(10, 2)
2718
(10, 2)
2719
(10, 2)
2720
(10, 3)
2721
(10, 2)
2722
(10, 2)
2723
(9, 1)
2724
(9, 1)
2725
(10, 2)
2726
(10, 2)
2727
(10, 3)
2728
(9, 1)
2729
(10, 2)
2730
(10, 2)
2731
(9, 1)
2732
(9, 1)
2733
(10, 1)
2734
(10, 3)
2735
(9, 1)
2736
(9, 1)
2737
(9, 1)
2738
(10, 1)
2739
(8, 5)
2740
(8, 5)
2741
(8, 5)
2742
(8, 5)
2743
(8, 5)
2744
(8, 5)
2745
(8, 5)
2746
(8, 5)
2747
(8, 5)
2748
(8, 5)
2749
(8, 5)
2750
(8, 5)
2751
(8, 5)
2752
(8, 5)
2753
(10, 1)
2754
(10, 2)
2755
(11, 2)
2756
(9, 1)
2757
(11, 2)
2758
(11, 2)
2759
(11, 2)
2760
(10, 2)
2761
(11, 2)
2762
(9, 4)
2763
(9, 4)
2764
(9, 4)
2765
(10, 1)
2766
(10, 1)
2767
(10, 1)
2768
(9, 1)
2769
(9, 1)
2770
(9, 1)
2771
(10, 1)
2772
(9, 1)
2773
(10, 1)
2774
(8, 5)
2775
(8, 5)
2776
(8, 5)
2777
(8, 5)
2778
(8, 5)
2779
(8, 5)
2780
(8, 5)
2781
(10, 1)
2782
(10, 1)
2783
(10, 1)
2784
(10, 3)
2785
(10, 2)
2786
(11, 2)
2787
(9, 1)
2788
(9, 1)
2789
(9, 1)
2790
(11, 2)
2791
(11, 2)
2792
(9, 1)
2793
(10, 1)
2794
(10, 1)
2795
(10, 1)
2796
(9, 1)
2797
(10, 1)
2798
(10, 1)
2799
(10, 1)
2800
(8, 5)
2801
(8, 5)
2802
(8, 5)
2803
(8, 5)
2804
(8, 5)
2805
(8, 5)
2806
(8, 5)
2807
(8, 6)
2808
(8, 6)
2809
(8, 6)
2810
(8, 6)
2811
(8, 6)
2812
(8, 6)
2813
(8, 6)
2814
(10, 3)
2815
(10, 2)
2816
(10, 2)
2817
(9, 3)
2818
(10, 3)
2819
(9, 2)
2820
(9, 2)
2821
(9, 1)
2822
(9, 1)
2823
(8, 1)
2824
(8, 1)
2825
(8, 1)
2826
(8, 1)
2827
(10, 3)
2828
(10, 2)
2829
(10, 2)
2830
(9, 3)
2831
(10, 3)
2832
(9, 2)
2833
(9, 2)
2834
(9, 1)
2835
(9, 1)
2836
(8, 1)
2837
(8, 1)
2838
(8, 1)
2839
(8, 1)
2840
(10, 3)
2841
(10, 2)
2842
(9, 1)
2843
(9, 1)
2844
(9, 1)
2845
(11, 2)
2846
(11, 2)
2847
(11, 2)
2848
(10, 4)
2849
(10, 3)
2850
(11, 2)
2851
(11, 2)
2852
(11, 2)
2853
(10, 2)
2854
(10, 3)
2855
(10, 2)
2856
(10, 2)
2857
(10, 3)
2858
(10, 2)
2859
(10, 3)
2860
(10, 2)
2861
(9, 2)
2862
(9, 1)
2863
(9, 1)
2864
(9, 1)
2865
(8, 1)
2866
(8, 1)
2867
(8, 1)
2868
(8, 1)
2869
(10, 2)
2870
(10, 3)
2871
(11, 2)
2872
(11, 2)
2873
(11, 2)
2874
(10, 2)
2875
(9, 1)
2876
(9, 3)
2877
(9, 3)
2878
(9, 3)
2879
(11, 2)
2880
(9, 3)
2881
(9, 3)
2882
(9, 3)
2883
(9, 3)
2884
(11, 2)
2885
(10, 3)
2886
(10, 3)
2887
(10, 3)
2888
(10, 3)
2889
(10, 3)
2890
(10, 3)
2891
(10, 3)
2892
(9, 1)
2893
(10, 2)
2894
(9, 2)
2895
(9, 1)
2896
(9, 1)
2897
(9, 1)
2898
(8, 1)
2899
(8, 1)
2900
(8, 1)
2901
(8, 1)
2902
(10, 1)
2903
(10, 1)
2904
(10, 1)
2905
(10, 2)
2906
(10, 2)
2907
(8, 6)
2908
(8, 6)
2909
(8, 6)
2910
(8, 6)
2911
(8, 6)
2912
(8, 6)
2913
(8, 6)
2914
(10, 4)
2915
(10, 2)
2916
(10, 2)
2917
(10, 1)
2918
(10, 1)
2919
(10, 1)
2920
(10, 3)
2921
(10, 3)
2922
(10, 3)
2923
(10, 3)
2924
(10, 3)
2925
(10, 3)
2926
(10, 3)
2927
(10, 3)
2928
(10, 3)
2929
(10, 3)
2930
(10, 3)
2931
(10, 3)
2932
(10, 3)
2933
(10, 3)
2934
(10, 2)
2935
(10, 2)
2936
(9, 3)
2937
(11, 2)
2938
(9, 3)
2939
(9, 3)
2940
(10, 2)
2941
(9, 1)
2942
(9, 1)
2943
(9, 1)
2944
(9, 1)
2945
(8, 1)
2946
(8, 1)
2947
(8, 1)
2948
(8, 1)
2949
(11, 2)
2950
(10, 2)
2951
(9, 1)
2952
(9, 1)
2953
(9, 1)
2954
(9, 1)
2955
(8, 1)
2956
(8, 1)
2957
(8, 1)
2958
(8, 1)
2959
(9, 3)
2960
(9, 3)
2961
(9, 3)
2962
(9, 3)
2963
(10, 1)
2964
(10, 4)
2965
(10, 4)
2966
(10, 4)
2967
(10, 1)
2968
(10, 1)
2969
(10, 1)
2970
(10, 2)
2971
(10, 2)
2972
(10, 2)
2973
(10, 1)
2974
(10, 2)
2975
(10, 2)
2976
(10, 2)
2977
(10, 2)
2978
(10, 3)
2979
(10, 3)
2980
(10, 3)
2981
(10, 3)
2982
(10, 3)
2983
(10, 3)
2984
(10, 3)
2985
(11, 2)
2986
(11, 2)
2987
(11, 2)
2988
(8, 6)
2989
(8, 6)
2990
(8, 6)
2991
(8, 6)
2992
(8, 6)
2993
(8, 6)
2994
(8, 6)
2995
(10, 2)
2996
(11, 3)
2997
(11, 3)
2998
(11, 3)
2999
(10, 2)
3000
(10, 1)
defaultdict(<function <lambda> at 0x2b941a211c80>, {(7, 3): 35, (1, 3): 18, (9, 1): 74, (11, 2): 33, (2, 1): 150, (6, 2): 122, (9, 4): 3, (5, 1): 150, (10, 3): 52, (7, 2): 146, (10, 4): 5, (1, 2): 151, (12, 2): 1, (3, 3): 32, (13, 3): 1, (8, 1): 125, (8, 5): 42, (6, 3): 34, (2, 2): 152, (8, 6): 21, (4, 1): 150, (1, 1): 150, (12, 3): 13, (3, 2): 150, (8, 2): 67, (7, 1): 150, (9, 3): 35, (2, 3): 31, (10, 1): 31, (4, 2): 134, (5, 3): 31, (8, 3): 154, (9, 2): 17, (6, 1): 151, (3, 1): 150, (11, 3): 3, (4, 3): 34, (8, 4): 35, (5, 2): 118, (10, 2): 49})
3001
(9, 1)
3002
(9, 1)
3003
(9, 1)
3004
(9, 1)
3005
(8, 1)
3006
(8, 1)
3007
(8, 1)
3008
(11, 3)
3009
(11, 3)
3010
(10, 3)
3011
(10, 3)
3012
(10, 3)
3013
(11, 3)
3014
(10, 2)
3015
(10, 1)
3016
(9, 1)
3017
(9, 1)
3018
(9, 1)
3019
(9, 1)
3020
(8, 1)
3021
(8, 1)
3022
(8, 1)
3023
(10, 3)
3024
(10, 3)
3025
(10, 3)
3026
(11, 3)
3027
(10, 3)
3028
(11, 3)
3029
(10, 1)
3030
(8, 7)
3031
(8, 7)
3032
(8, 7)
3033
(12, 3)
3034
(10, 1)
3035
(10, 1)
3036
(10, 1)
3037
(8, 7)
3038
(8, 7)
3039
(8, 7)
3040
(8, 7)
3041
(10, 2)
3042
(12, 3)
3043
(12, 3)
3044
(9, 4)
3045
(9, 4)
3046
(9, 4)
3047
(9, 4)
3048
(9, 4)
3049
(9, 4)
3050
(9, 4)
3051
(12, 3)
3052
(12, 3)
3053
(10, 1)
3054
(12, 3)
3055
(10, 1)
3056
(10, 1)
3057
(10, 1)
3058
(10, 2)
3059
(10, 2)
3060
(11, 2)
3061
(10, 3)
3062
(10, 3)
3063
(10, 3)
3064
(12, 2)
3065
(11, 2)
3066
(11, 2)
3067
(11, 2)
3068
(11, 2)
3069
(11, 2)
3070
(11, 2)
3071
(11, 2)
3072
(11, 2)
3073
(11, 2)
3074
(11, 2)
3075
(11, 2)
3076
(11, 2)
3077
(11, 2)
3078
(11, 2)
3079
(11, 2)
3080
(11, 2)
3081
(11, 2)
3082
(11, 2)
3083
(11, 2)
3084
(11, 2)
3085
(11, 2)
3086
(11, 2)
3087
(11, 2)
3088
(11, 2)
3089
(11, 2)
3090
(11, 2)
3091
(11, 1)
3092
(10, 1)
3093
(10, 1)
3094
(10, 1)
3095
(10, 1)
3096
(9, 1)
3097
(9, 1)
3098
(9, 1)
3099
(9, 1)
3100
(8, 2)
3101
(8, 2)
3102
(8, 2)
3103
(10, 2)
3104
(10, 1)
3105
(10, 1)
3106
(9, 1)
3107
(9, 1)
3108
(9, 1)
3109
(9, 1)
3110
(8, 1)
3111
(8, 1)
3112
(8, 1)
3113
(8, 2)
3114
(7, 2)
3115
(7, 2)
3116
(10, 3)
3117
(10, 3)
3118
(10, 3)
3119
(10, 3)
3120
(10, 1)
3121
(10, 1)
3122
(12, 2)
3123
(12, 2)
3124
(12, 2)
3125
(12, 2)
3126
(12, 2)
3127
(12, 2)
3128
(11, 2)
3129
(11, 2)
3130
(11, 2)
3131
(11, 2)
3132
(11, 2)
3133
(11, 1)
3134
(10, 1)
3135
(10, 1)
3136
(10, 1)
3137
(10, 1)
3138
(9, 1)
3139
(9, 1)
3140
(9, 1)
3141
(9, 1)
3142
(8, 2)
3143
(8, 2)
3144
(8, 2)
3145
(10, 4)
3146
(10, 1)
3147
(10, 1)
3148
(10, 1)
3149
(10, 1)
3150
(10, 1)
3151
(10, 1)
3152
(10, 1)
3153
(10, 1)
3154
(10, 2)
3155
(10, 2)
3156
(10, 3)
3157
(10, 3)
3158
(10, 4)
3159
(10, 1)
3160
(10, 1)
3161
(10, 1)
3162
(10, 1)
3163
(10, 1)
3164
(10, 1)
3165
(10, 1)
3166
(10, 1)
3167
(10, 2)
3168
(10, 2)
3169
(10, 3)
3170
(10, 3)
3171
(10, 4)
3172
(10, 2)
3173
(11, 3)
3174
(12, 2)
3175
(12, 2)
3176
(11, 3)
3177
(11, 3)
3178
(12, 2)
3179
(12, 2)
3180
(11, 2)
3181
(11, 2)
3182
(11, 2)
3183
(11, 2)
3184
(11, 2)
3185
(11, 1)
3186
(10, 1)
3187
(10, 1)
3188
(10, 1)
3189
(10, 1)
3190
(9, 1)
3191
(9, 1)
3192
(9, 1)
3193
(9, 1)
3194
(8, 2)
3195
(8, 2)
3196
(8, 2)
3197
(10, 1)
3198
(12, 2)
3199
(12, 2)
3200
(12, 2)
3201
(10, 1)
3202
(12, 3)
3203
(12, 3)
3204
(12, 3)
3205
(12, 3)
3206
(12, 3)
3207
(12, 3)
3208
(12, 3)
3209
(11, 2)
3210
(12, 2)
3211
(11, 2)
3212
(11, 2)
3213
(11, 2)
3214
(11, 2)
3215
(11, 2)
3216
(11, 2)
3217
(11, 2)
3218
(11, 2)
3219
(11, 2)
3220
(11, 2)
3221
(11, 2)
3222
(11, 2)
3223
(11, 2)
3224
(11, 1)
3225
(10, 1)
3226
(10, 1)
3227
(10, 1)
3228
(10, 1)
3229
(9, 1)
3230
(9, 1)
3231
(9, 1)
3232
(9, 1)
3233
(8, 2)
3234
(8, 2)
3235
(8, 2)
3236
(12, 2)
3237
(11, 2)
3238
(11, 2)
3239
(11, 2)
3240
(11, 2)
3241
(11, 2)
3242
(11, 1)
3243
(10, 1)
3244
(10, 1)
3245
(10, 1)
3246
(10, 1)
3247
(9, 1)
3248
(9, 1)
3249
(9, 1)
3250
(9, 1)
3251
(8, 2)
3252
(8, 2)
3253
(8, 2)
3254
(12, 2)
3255
(11, 2)
3256
(11, 2)
3257
(11, 2)
3258
(11, 2)
3259
(11, 2)
3260
(11, 1)
3261
(10, 1)
3262
(10, 1)
3263
(10, 1)
3264
(10, 1)
3265
(9, 1)
3266
(9, 1)
3267
(9, 1)
3268
(9, 1)
3269
(8, 2)
3270
(8, 2)
3271
(8, 2)
3272
(12, 2)
3273
(12, 2)
3274
(12, 2)
3275
(11, 2)
3276
(11, 2)
3277
(11, 2)
3278
(10, 4)
3279
(10, 4)
3280
(10, 4)
3281
(12, 2)
3282
(12, 2)
3283
(12, 2)
3284
(10, 4)
3285
(10, 4)
3286
(10, 4)
3287
(10, 4)
3288
(12, 3)
3289
(12, 3)
3290
(12, 3)
3291
(12, 3)
3292
(12, 3)
3293
(12, 3)
3294
(12, 2)
3295
(8, 7)
3296
(8, 7)
3297
(8, 7)
3298
(10, 4)
3299
(12, 3)
3300
(12, 2)
3301
(12, 3)
3302
(12, 3)
3303
(8, 7)
3304
(8, 7)
3305
(8, 7)
3306
(8, 7)
3307
(10, 1)
3308
(12, 3)
3309
(12, 3)
3310
(12, 3)
3311
(12, 3)
3312
(10, 1)
3313
(10, 1)
3314
(10, 1)
3315
(10, 1)
3316
(10, 1)
3317
(10, 1)
3318
(10, 1)
3319
(12, 3)
3320
(12, 3)
3321
(10, 1)
3322
(12, 2)
3323
(12, 2)
3324
(11, 2)
3325
(12, 3)
3326
(12, 3)
3327
(12, 2)
3328
(12, 3)
3329
(12, 3)
3330
(12, 3)
3331
(12, 3)
3332
(10, 2)
3333
(10, 1)
3334
(10, 1)
3335
(10, 1)
3336
(9, 1)
3337
(9, 1)
3338
(9, 1)
3339
(9, 1)
3340
(8, 1)
3341
(8, 1)
3342
(8, 2)
3343
(8, 2)
3344
(12, 3)
3345
(12, 2)
3346
(11, 2)
3347
(12, 2)
3348
(12, 2)
3349
(12, 2)
3350
(12, 2)
3351
(12, 2)
3352
(12, 2)
3353
(12, 2)
3354
(12, 2)
3355
(12, 2)
3356
(12, 2)
3357
(9, 4)
3358
(9, 4)
3359
(9, 4)
3360
(11, 1)
3361
(12, 2)
3362
(12, 2)
3363
(11, 2)
3364
(12, 2)
3365
(11, 2)
3366
(11, 2)
3367
(11, 1)
3368
(11, 1)
3369
(10, 1)
3370
(10, 1)
3371
(10, 1)
3372
(10, 1)
3373
(9, 1)
3374
(9, 1)
3375
(9, 1)
3376
(9, 2)
3377
(8, 2)
3378
(8, 2)
3379
(12, 2)
3380
(12, 2)
3381
(11, 2)
3382
(12, 2)
3383
(11, 2)
3384
(11, 2)
3385
(11, 1)
3386
(11, 1)
3387
(10, 1)
3388
(10, 1)
3389
(10, 1)
3390
(10, 1)
3391
(9, 1)
3392
(9, 1)
3393
(9, 1)
3394
(9, 2)
3395
(8, 2)
3396
(8, 2)
3397
(12, 3)
3398
(12, 3)
3399
(12, 3)
3400
(12, 3)
3401
(12, 3)
3402
(12, 3)
3403
(12, 3)
3404
(12, 2)
3405
(12, 2)
3406
(10, 4)
3407
(10, 4)
3408
(10, 4)
3409
(12, 2)
3410
(12, 2)
3411
(11, 2)
3412
(12, 2)
3413
(11, 2)
3414
(11, 2)
3415
(11, 1)
3416
(11, 1)
3417
(10, 1)
3418
(10, 1)
3419
(10, 1)
3420
(10, 1)
3421
(9, 1)
3422
(9, 1)
3423
(9, 1)
3424
(9, 2)
3425
(8, 2)
3426
(8, 2)
3427
(12, 2)
3428
(12, 2)
3429
(11, 2)
3430
(12, 2)
3431
(11, 2)
3432
(11, 2)
3433
(11, 1)
3434
(11, 1)
3435
(10, 1)
3436
(10, 1)
3437
(10, 1)
3438
(10, 1)
3439
(9, 1)
3440
(9, 1)
3441
(9, 1)
3442
(9, 2)
3443
(8, 2)
3444
(8, 2)
3445
(12, 2)
3446
(12, 2)
3447
(11, 2)
3448
(12, 2)
3449
(11, 2)
3450
(11, 2)
3451
(11, 1)
3452
(11, 1)
3453
(10, 1)
3454
(10, 1)
3455
(10, 1)
3456
(10, 1)
3457
(9, 1)
3458
(9, 1)
3459
(9, 1)
3460
(9, 2)
3461
(8, 2)
3462
(8, 2)
3463
(12, 2)
3464
(10, 4)
3465
(10, 4)
3466
(10, 4)
3467
(12, 2)
3468
(10, 4)
3469
(12, 2)
3470
(12, 2)
3471
(12, 3)
3472
(12, 3)
3473
(12, 3)
3474
(12, 3)
3475
(12, 2)
3476
(12, 2)
3477
(12, 2)
3478
(12, 2)
3479
(11, 2)
3480
(11, 2)
3481
(11, 2)
3482
(12, 2)
3483
(12, 3)
3484
(12, 2)
3485
(12, 3)
3486
(12, 2)
3487
(12, 3)
3488
(12, 2)
3489
(12, 3)
3490
(12, 3)
3491
(12, 3)
3492
(12, 3)
3493
(12, 2)
3494
(12, 2)
3495
(12, 2)
3496
(12, 2)
3497
(12, 2)
3498
(12, 3)
3499
(12, 3)
3500
(12, 3)
defaultdict(<function <lambda> at 0x2b941a211c80>, {(7, 3): 35, (1, 3): 18, (9, 1): 129, (11, 2): 117, (2, 1): 150, (6, 2): 122, (9, 4): 13, (5, 1): 150, (10, 3): 70, (7, 2): 148, (10, 4): 23, (1, 2): 151, (12, 2): 74, (8, 7): 14, (3, 3): 32, (13, 3): 1, (8, 1): 136, (8, 5): 42, (6, 3): 34, (11, 1): 17, (2, 2): 152, (8, 6): 21, (4, 1): 150, (1, 1): 150, (12, 3): 69, (3, 2): 150, (8, 2): 98, (7, 1): 150, (9, 3): 35, (2, 3): 31, (10, 1): 118, (4, 2): 134, (5, 3): 31, (8, 3): 154, (9, 2): 22, (6, 1): 151, (3, 1): 150, (11, 3): 11, (4, 3): 34, (8, 4): 35, (5, 2): 118, (10, 2): 60})
3501
(12, 3)
3502
(12, 3)
3503
(12, 3)
3504
(12, 3)
3505
(12, 2)
3506
(12, 2)
3507
(10, 5)
3508
(10, 5)
3509
(8, 7)
3510
(8, 7)
3511
(8, 7)
3512
(12, 3)
3513
(12, 2)
3514
(12, 3)
3515
(12, 2)
3516
(8, 7)
3517
(8, 7)
3518
(8, 7)
3519
(8, 7)
3520
(12, 2)
3521
(12, 2)
3522
(12, 2)
3523
(12, 3)
3524
(12, 3)
3525
(12, 3)
3526
(12, 3)
3527
(12, 3)
3528
(12, 2)
3529
(11, 2)
3530
(11, 2)
3531
(11, 2)
3532
(11, 2)
3533
(11, 2)
3534
(11, 2)
3535
(11, 2)
3536
(11, 2)
3537
(11, 2)
3538
(11, 2)
3539
(11, 2)
3540
(11, 1)
3541
(10, 1)
3542
(10, 1)
3543
(10, 1)
3544
(10, 1)
3545
(9, 1)
3546
(9, 1)
3547
(9, 1)
3548
(9, 1)
3549
(8, 2)
3550
(8, 2)
3551
(8, 2)
3552
(12, 3)
3553
(12, 2)
3554
(12, 3)
3555
(12, 3)
3556
(12, 3)
3557
(12, 3)
3558
(12, 2)
3559
(11, 2)
3560
(11, 2)
3561
(11, 2)
3562
(11, 2)
3563
(11, 2)
3564
(11, 1)
3565
(10, 1)
3566
(10, 1)
3567
(10, 1)
3568
(10, 1)
3569
(12, 3)
3570
(12, 3)
3571
(12, 3)
3572
(12, 3)
3573
(12, 3)
3574
(12, 3)
3575
(12, 2)
3576
(12, 2)
3577
(11, 2)
3578
(11, 2)
3579
(11, 2)
3580
(11, 2)
3581
(11, 2)
3582
(11, 1)
3583
(10, 1)
3584
(10, 1)
3585
(10, 1)
3586
(10, 1)
3587
(12, 2)
3588
(12, 3)
3589
(12, 2)
3590
(12, 2)
3591
(11, 2)
3592
(11, 2)
3593
(11, 2)
3594
(11, 2)
3595
(11, 2)
3596
(11, 2)
3597
(11, 2)
3598
(11, 2)
3599
(11, 2)
3600
(11, 2)
3601
(11, 2)
3602
(11, 2)
3603
(11, 2)
3604
(11, 2)
3605
(12, 2)
3606
(12, 2)
3607
(12, 2)
3608
(12, 2)
3609
(12, 2)
3610
(12, 2)
3611
(12, 2)
3612
(12, 2)
3613
(12, 2)
3614
(12, 2)
3615
(12, 2)
3616
(12, 3)
3617
(12, 2)
3618
(12, 2)
3619
(12, 2)
3620
(12, 2)
3621
(12, 2)
3622
(12, 2)
3623
(12, 2)
3624
(12, 2)
3625
(12, 2)
3626
(12, 2)
3627
(12, 3)
3628
(12, 3)
3629
(12, 3)
3630
(12, 3)
3631
(12, 3)
3632
(12, 3)
3633
(12, 3)
3634
(12, 2)
3635
(12, 2)
3636
(12, 2)
3637
(12, 2)
3638
(12, 2)
3639
(12, 2)
3640
(12, 3)
3641
(12, 2)
3642
(12, 2)
3643
(12, 2)
3644
(12, 2)
3645
(12, 2)
3646
(12, 3)
3647
(12, 3)
3648
(12, 2)
3649
(12, 3)
3650
(12, 3)
3651
(12, 2)
3652
(12, 2)
3653
(12, 3)
3654
(12, 2)
3655
(12, 3)
3656
(12, 2)
3657
(12, 3)
3658
(12, 3)
3659
(12, 3)
3660
(12, 3)
3661
(12, 3)
3662
(12, 3)
3663
(12, 2)
3664
(12, 2)
3665
(12, 2)
3666
(12, 2)
3667
(12, 2)
3668
(12, 2)
3669
(12, 2)
3670
(12, 2)
3671
(12, 2)
3672
(12, 2)
3673
(12, 3)
3674
(12, 2)
3675
(12, 3)
3676
(12, 2)
3677
(12, 2)
3678
(12, 2)
3679
(12, 2)
3680
(12, 2)
3681
(12, 2)
3682
(12, 2)
3683
(12, 2)
3684
(12, 2)
3685
(12, 2)
3686
(12, 2)
3687
(12, 2)
3688
(12, 2)
3689
(12, 2)
3690
(12, 3)
3691
(12, 3)
3692
(12, 3)
3693
(12, 3)
3694
(12, 3)
3695
(12, 3)
3696
(12, 3)
3697
(10, 4)
3698
(10, 4)
3699
(10, 4)
3700
(10, 4)
3701
(10, 4)
3702
(10, 4)
3703
(10, 4)
3704
(10, 5)
3705
(10, 5)
3706
(10, 5)
3707
(12, 3)
3708
(12, 3)
3709
(12, 3)
3710
(12, 3)
3711
(11, 1)
3712
(8, 7)
3713
(8, 7)
3714
(8, 7)
3715
(12, 3)
3716
(12, 3)
3717
(12, 3)
3718
(12, 3)
3719
(11, 1)
3720
(12, 3)
3721
(12, 3)
3722
(12, 3)
3723
(12, 3)
3724
(12, 3)
3725
(12, 3)
3726
(12, 3)
3727
(12, 3)
3728
(12, 3)
3729
(12, 3)
3730
(12, 3)
3731
(12, 3)
3732
(12, 3)
3733
(12, 3)
3734
(12, 3)
3735
(12, 3)
3736
(12, 3)
3737
(12, 3)
3738
(12, 3)
3739
(12, 1)
3740
(12, 1)
3741
(12, 3)
3742
(12, 3)
3743
(10, 4)
3744
(10, 4)
3745
(10, 4)
3746
(10, 4)
3747
(10, 4)
3748
(10, 4)
3749
(10, 4)
3750
(9, 5)
3751
(9, 5)
3752
(9, 5)
3753
(9, 5)
3754
(9, 5)
3755
(9, 5)
3756
(12, 1)
3757
(12, 1)
3758
(12, 1)
3759
(12, 1)
3760
(12, 1)
3761
(12, 1)
3762
(11, 1)
3763
(8, 7)
3764
(8, 7)
3765
(8, 7)
3766
(11, 1)
3767
(12, 1)
3768
(12, 1)
3769
(10, 5)
3770
(10, 5)
3771
(10, 5)
3772
(10, 5)
3773
(10, 5)
3774
(10, 5)
3775
(10, 5)
3776
(11, 1)
3777
(12, 1)
3778
(12, 1)
3779
(12, 1)
3780
(12, 1)
3781
(12, 1)
3782
(12, 1)
3783
(12, 1)
3784
(10, 5)
3785
(10, 5)
3786
(12, 1)
3787
(12, 1)
3788
(10, 5)
3789
(10, 5)
3790
(10, 5)
3791
(10, 5)
3792
(10, 5)
3793
(11, 1)
3794
(8, 7)
3795
(8, 7)
3796
(8, 7)
3797
(8, 7)
3798
(8, 7)
3799
(8, 7)
3800
(8, 7)
3801
(12, 1)
3802
(9, 5)
3803
(9, 5)
3804
(9, 5)
3805
(12, 1)
3806
(9, 5)
3807
(9, 5)
3808
(9, 5)
3809
(9, 5)
3810
(12, 1)
3811
(13, 1)
3812
(13, 2)
3813
(13, 2)
3814
(13, 2)
3815
(12, 1)
3816
(12, 1)
3817
(12, 1)
3818
(12, 1)
3819
(12, 1)
3820
(12, 1)
3821
(12, 1)
3822
(12, 1)
3823
(12, 1)
3824
(12, 1)
3825
(12, 1)
3826
(12, 1)
3827
(12, 1)
3828
(12, 1)
3829
(12, 1)
3830
(12, 1)
3831
(12, 1)
3832
(12, 1)
3833
(12, 1)
3834
(12, 1)
3835
(12, 1)
3836
(12, 1)
3837
(8, 8)
3838
(8, 8)
3839
(8, 8)
3840
(8, 8)
3841
(8, 8)
3842
(8, 8)
3843
(8, 8)
3844
(12, 1)
3845
(12, 1)
3846
(10, 5)
3847
(10, 5)
3848
(10, 5)
3849
(12, 1)
3850
(12, 1)
3851
(10, 5)
3852
(10, 5)
3853
(10, 5)
3854
(10, 5)
3855
(14, 3)
3856
(12, 1)
3857
(12, 1)
3858
(12, 1)
3859
(12, 1)
3860
(12, 1)
3861
(12, 1)
3862
(12, 1)
3863
(12, 1)
3864
(12, 1)
3865
(12, 1)
3866
(12, 1)
3867
(12, 1)
3868
(10, 6)
3869
(10, 6)
3870
(10, 6)
3871
(12, 1)
3872
(12, 1)
3873
(12, 1)
3874
(12, 1)
3875
(12, 1)
3876
(12, 1)
3877
(12, 1)
3878
(12, 1)
3879
(12, 1)
3880
(12, 1)
3881
(12, 1)
3882
(12, 1)
3883
(12, 1)
3884
(12, 1)
3885
(12, 1)
3886
(12, 1)
3887
(12, 1)
3888
(12, 1)
3889
(12, 1)
3890
(12, 1)
3891
(12, 1)
3892
(12, 1)
3893
(12, 1)
3894
(12, 1)
3895
(12, 1)
3896
(12, 1)
3897
(12, 1)
3898
(12, 1)
3899
(12, 1)
3900
(12, 1)
3901
(12, 1)
3902
(12, 1)
3903
(12, 1)
3904
(10, 5)
3905
(10, 5)
3906
(10, 5)
3907
(10, 5)
3908
(10, 5)
3909
(10, 5)
3910
(10, 5)
3911
(8, 8)
3912
(8, 8)
3913
(8, 8)
3914
(8, 8)
3915
(8, 8)
3916
(8, 8)
3917
(8, 8)
3918
(12, 1)
3919
(13, 3)
3920
(13, 3)
3921
(12, 1)
3922
(13, 1)
3923
(13, 1)
3924
(13, 1)
3925
(13, 2)
3926
(14, 2)
3927
(14, 3)
3928
(9, 6)
3929
(9, 6)
3930
(9, 6)
3931
(9, 6)
3932
(9, 6)
3933
(9, 6)
3934
(10, 6)
3935
(13, 3)
3936
(13, 3)
3937
(13, 3)
3938
(13, 3)
3939
(13, 3)
3940
(13, 3)
3941
(13, 3)
3942
(13, 3)
3943
(13, 3)
3944
(13, 3)
3945
(13, 3)
3946
(13, 3)
3947
(13, 2)
3948
(13, 2)
3949
(13, 3)
3950
(13, 3)
3951
(13, 3)
3952
(13, 3)
3953
(13, 3)
3954
(13, 3)
3955
(13, 3)
3956
(13, 2)
3957
(13, 2)
3958
(13, 3)
3959
(13, 3)
3960
(13, 3)
3961
(13, 2)
3962
(12, 1)
3963
(12, 1)
3964
(12, 1)
3965
(12, 1)
3966
(11, 1)
3967
(11, 1)
3968
(11, 1)
3969
(11, 1)
3970
(10, 1)
3971
(10, 2)
3972
(10, 2)
3973
(10, 3)
3974
(9, 3)
3975
(9, 4)
3976
(9, 4)
3977
(9, 5)
3978
(8, 5)
3979
(8, 6)
3980
(13, 2)
3981
(14, 3)
3982
(14, 3)
3983
(13, 3)
3984
(13, 3)
3985
(13, 2)
3986
(13, 2)
3987
(13, 2)
3988
(13, 1)
3989
(12, 1)
3990
(12, 1)
3991
(12, 1)
3992
(12, 1)
3993
(11, 1)
3994
(11, 1)
3995
(11, 1)
3996
(11, 1)
3997
(10, 2)
3998
(10, 2)
3999
(10, 3)
4000
(10, 3)
defaultdict(<function <lambda> at 0x2b941a211c80>, {(7, 3): 35, (1, 3): 18, (12, 1): 103, (9, 1): 133, (11, 2): 152, (10, 6): 4, (2, 1): 150, (6, 2): 122, (9, 4): 15, (5, 1): 150, (10, 3): 73, (7, 2): 148, (10, 4): 37, (1, 2): 151, (12, 2): 151, (8, 7): 34, (3, 3): 32, (13, 3): 27, (8, 1): 136, (8, 5): 43, (6, 3): 34, (11, 1): 34, (2, 2): 152, (8, 6): 22, (4, 1): 150, (1, 1): 150, (12, 3): 151, (3, 2): 150, (13, 2): 13, (8, 2): 101, (7, 1): 150, (9, 3): 36, (10, 5): 33, (2, 3): 31, (10, 1): 131, (4, 2): 134, (14, 2): 1, (9, 6): 6, (5, 3): 31, (13, 1): 5, (8, 3): 154, (9, 2): 22, (6, 1): 151, (3, 1): 150, (11, 3): 11, (8, 8): 14, (4, 3): 34, (14, 3): 4, (9, 5): 14, (8, 4): 35, (5, 2): 118, (10, 2): 64})
4001
(9, 4)
4002
(9, 4)
4003
(9, 5)
4004
(9, 5)
4005
(8, 6)
4006
(13, 2)
4007
(13, 1)
4008
(12, 1)
4009
(12, 1)
4010
(12, 1)
4011
(12, 1)
4012
(11, 1)
4013
(11, 1)
4014
(11, 1)
4015
(11, 1)
4016
(10, 2)
4017
(10, 2)
4018
(10, 3)
4019
(10, 3)
4020
(9, 4)
4021
(9, 4)
4022
(9, 5)
4023
(9, 5)
4024
(8, 6)
4025
(13, 2)
4026
(14, 3)
4027
(14, 3)
4028
(13, 1)
4029
(12, 1)
4030
(12, 1)
4031
(12, 1)
4032
(12, 1)
4033
(11, 1)
4034
(11, 1)
4035
(11, 1)
4036
(11, 1)
4037
(10, 1)
4038
(10, 1)
4039
(10, 2)
4040
(10, 2)
4041
(9, 3)
4042
(9, 3)
4043
(9, 4)
4044
(9, 4)
4045
(8, 5)
4046
(8, 6)
4047
(8, 7)
4048
(14, 3)
4049
(12, 1)
4050
(12, 1)
4051
(12, 1)
4052
(12, 1)
4053
(11, 1)
4054
(11, 1)
4055
(11, 1)
4056
(11, 1)
4057
(10, 1)
4058
(10, 1)
4059
(10, 1)
4060
(10, 2)
4061
(9, 2)
4062
(9, 3)
4063
(9, 3)
4064
(9, 4)
4065
(8, 4)
4066
(8, 5)
4067
(8, 6)
4068
(8, 7)
4069
(14, 3)
4070
(14, 3)
4071
(14, 3)
4072
(14, 3)
4073
(14, 3)
4074
(14, 3)
4075
(14, 3)
4076
(14, 3)
4077
(14, 3)
4078
(14, 3)
4079
(14, 3)
4080
(14, 3)
4081
(14, 3)
4082
(14, 3)
4083
(13, 2)
4084
(14, 3)
4085
(13, 2)
4086
(14, 3)
4087
(14, 3)
4088
(14, 3)
4089
(14, 3)
4090
(14, 3)
4091
(14, 3)
4092
(14, 3)
4093
(14, 3)
4094
(14, 3)
4095
(14, 3)
4096
(14, 3)
4097
(13, 2)
4098
(13, 2)
4099
(14, 2)
4100
(14, 3)
4101
(14, 3)
4102
(13, 2)
4103
(14, 2)
4104
(13, 2)
4105
(13, 2)
4106
(14, 3)
4107
(13, 1)
4108
(12, 1)
4109
(12, 1)
4110
(12, 1)
4111
(12, 1)
4112
(11, 1)
4113
(11, 1)
4114
(11, 1)
4115
(11, 1)
4116
(10, 1)
4117
(10, 1)
4118
(10, 2)
4119
(10, 2)
4120
(9, 3)
4121
(9, 3)
4122
(9, 4)
4123
(9, 4)
4124
(8, 5)
4125
(8, 6)
4126
(8, 7)
4127
(13, 2)
4128
(14, 2)
4129
(14, 3)
4130
(13, 2)
4131
(14, 3)
4132
(12, 1)
4133
(12, 1)
4134
(12, 1)
4135
(12, 1)
4136
(11, 1)
4137
(11, 1)
4138
(11, 1)
4139
(11, 1)
4140
(10, 1)
4141
(10, 1)
4142
(10, 1)
4143
(10, 2)
4144
(9, 2)
4145
(9, 3)
4146
(9, 3)
4147
(9, 4)
4148
(8, 4)
4149
(8, 5)
4150
(8, 6)
4151
(8, 7)
4152
(8, 8)
4153
(8, 8)
4154
(8, 8)
4155
(13, 2)
4156
(14, 3)
4157
(8, 8)
4158
(8, 8)
4159
(8, 8)
4160
(8, 8)
4161
(14, 3)
4162
(14, 3)
4163
(14, 3)
4164
(14, 3)
4165
(14, 3)
4166
(14, 3)
4167
(14, 3)
4168
(10, 6)
4169
(10, 6)
4170
(10, 6)
4171
(14, 2)
4172
(10, 6)
4173
(10, 6)
4174
(10, 6)
4175
(10, 6)
4176
(8, 7)
4177
(14, 3)
4178
(14, 3)
4179
(14, 3)
4180
(8, 8)
4181
(14, 3)
4182
(14, 3)
4183
(14, 3)
4184
(14, 3)
4185
(14, 3)
4186
(14, 3)
4187
(14, 3)
4188
(13, 2)
4189
(13, 2)
4190
(8, 7)
4191
(13, 2)
4192
(7, 8)
4193
(14, 2)
4194
(14, 3)
4195
(14, 2)
4196
(13, 2)
4197
(14, 2)
4198
(14, 2)
4199
(14, 2)
4200
(13, 2)
4201
(14, 2)
4202
(14, 3)
4203
(14, 3)
4204
(14, 3)
4205
(14, 3)
4206
(14, 3)
4207
(14, 3)
4208
(14, 3)
4209
(14, 2)
4210
(13, 2)
4211
(14, 3)
4212
(14, 3)
4213
(14, 3)
4214
(14, 3)
4215
(14, 3)
4216
(14, 3)
4217
(14, 3)
4218
(10, 6)
4219
(10, 6)
4220
(10, 6)
4221
(13, 2)
4222
(10, 6)
4223
(10, 6)
4224
(10, 6)
4225
(10, 6)
4226
(8, 9)
4227
(8, 9)
4228
(8, 9)
4229
(13, 1)
4230
(13, 1)
4231
(13, 1)
4232
(8, 9)
4233
(14, 3)
4234
(14, 1)
4235
(14, 1)
4236
(14, 1)
4237
(14, 3)
4238
(14, 3)
4239
(14, 3)
4240
(14, 3)
4241
(14, 3)
4242
(14, 3)
4243
(13, 1)
4244
(7, 8)
4245
(14, 2)
4246
(14, 3)
4247
(14, 3)
4248
(14, 3)
4249
(14, 3)
4250
(14, 3)
4251
(14, 3)
4252
(14, 3)
4253
(13, 1)
4254
(13, 1)
4255
(13, 1)
4256
(14, 2)
4257
(14, 1)
4258
(14, 1)
4259
(13, 2)
4260
(14, 1)
4261
(14, 1)
4262
(14, 3)
4263
(14, 3)
4264
(14, 3)
4265
(14, 3)
4266
(14, 3)
4267
(14, 3)
4268
(14, 3)
4269
(13, 1)
4270
(13, 1)
4271
(14, 2)
4272
(13, 1)
4273
(13, 1)
4274
(13, 1)
4275
(14, 2)
4276
(14, 2)
4277
(8, 9)
4278
(8, 9)
4279
(8, 9)
4280
(8, 9)
4281
(8, 9)
4282
(8, 9)
4283
(8, 9)
4284
(14, 1)
4285
(14, 1)
4286
(13, 2)
4287
(14, 1)
4288
(14, 1)
4289
(13, 1)
4290
(13, 1)
4291
(13, 1)
4292
(13, 1)
4293
(13, 1)
4294
(13, 1)
4295
(13, 1)
4296
(13, 1)
4297
(13, 1)
4298
(13, 1)
4299
(13, 1)
4300
(13, 1)
4301
(13, 2)
4302
(13, 2)
4303
(13, 3)
4304
(13, 1)
4305
(13, 1)
4306
(13, 1)
4307
(13, 1)
4308
(13, 1)
4309
(13, 1)
4310
(13, 1)
4311
(13, 2)
4312
(13, 2)
4313
(13, 3)
4314
(13, 1)
4315
(13, 1)
4316
(13, 1)
4317
(13, 1)
4318
(13, 1)
4319
(13, 1)
4320
(13, 1)
4321
(13, 2)
4322
(13, 2)
4323
(13, 3)
4324
(14, 1)
4325
(14, 1)
4326
(14, 3)
4327
(14, 3)
4328
(14, 3)
4329
(14, 3)
4330
(14, 3)
4331
(14, 3)
4332
(14, 3)
4333
(14, 4)
4334
(14, 4)
4335
(14, 4)
4336
(14, 1)
4337
(14, 1)
4338
(14, 1)
4339
(14, 1)
4340
(14, 1)
4341
(14, 1)
4342
(14, 1)
4343
(14, 2)
4344
(14, 2)
4345
(14, 3)
4346
(14, 3)
4347
(14, 4)
4348
(14, 1)
4349
(14, 1)
4350
(14, 1)
4351
(14, 1)
4352
(14, 1)
4353
(14, 1)
4354
(14, 1)
4355
(14, 2)
4356
(14, 2)
4357
(14, 3)
4358
(14, 3)
4359
(14, 4)
4360
(14, 4)
4361
(14, 4)
4362
(14, 4)
4363
(14, 4)
4364
(14, 1)
4365
(13, 1)
4366
(13, 1)
4367
(14, 1)
4368
(14, 1)
4369
(14, 1)
4370
(14, 1)
4371
(14, 1)
4372
(14, 1)
4373
(14, 1)
4374
(14, 1)
4375
(14, 2)
4376
(14, 2)
4377
(13, 1)
4378
(13, 1)
4379
(13, 1)
4380
(13, 1)
4381
(13, 1)
4382
(13, 1)
4383
(13, 1)
4384
(13, 2)
4385
(13, 2)
4386
(13, 3)
4387
(13, 1)
4388
(13, 1)
4389
(13, 1)
4390
(13, 1)
4391
(13, 1)
4392
(13, 1)
4393
(13, 1)
4394
(13, 2)
4395
(13, 2)
4396
(13, 3)
4397
(13, 1)
4398
(13, 1)
4399
(13, 1)
4400
(13, 1)
4401
(13, 1)
4402
(13, 1)
4403
(13, 1)
4404
(13, 2)
4405
(13, 2)
4406
(13, 3)
4407
(14, 4)
4408
(14, 4)
4409
(14, 4)
4410
(14, 4)
4411
(7, 9)
4412
(14, 1)
4413
(14, 4)
4414
(14, 4)
4415
(14, 4)
4416
(14, 4)
4417
(15, 1)
4418
(14, 4)
4419
(14, 4)
4420
(14, 4)
4421
(14, 4)
4422
(14, 1)
4423
(14, 1)
4424
(8, 9)
4425
(8, 9)
4426
(8, 9)
4427
(8, 9)
4428
(8, 9)
4429
(8, 9)
4430
(8, 9)
4431
(14, 1)
4432
(14, 1)
4433
(14, 4)
4434
(14, 4)
4435
(14, 4)
4436
(14, 4)
4437
(14, 4)
4438
(14, 4)
4439
(14, 4)
4440
(14, 4)
4441
(14, 4)
4442
(14, 4)
4443
(14, 4)
4444
(14, 1)
4445
(14, 4)
4446
(14, 4)
4447
(14, 4)
4448
(14, 4)
4449
(7, 9)
4450
(15, 1)
4451
(14, 1)
4452
(14, 1)
4453
(14, 1)
4454
(15, 1)
4455
(8, 10)
4456
(8, 10)
4457
(8, 10)
4458
(8, 10)
4459
(8, 10)
4460
(8, 10)
4461
(8, 10)
4462
(14, 4)
4463
(14, 4)
4464
(14, 4)
4465
(14, 4)
4466
(14, 4)
4467
(14, 4)
4468
(14, 4)
4469
(14, 1)
4470
(15, 1)
4471
(15, 1)
4472
(14, 1)
4473
(14, 1)
4474
(14, 4)
4475
(14, 4)
4476
(14, 4)
4477
(14, 4)
4478
(14, 4)
4479
(14, 4)
4480
(14, 4)
4481
(14, 1)
4482
(14, 5)
4483
(14, 5)
4484
(14, 5)
4485
(14, 5)
4486
(14, 1)
4487
(15, 1)
4488
(8, 10)
4489
(8, 10)
4490
(8, 10)
4491
(8, 10)
4492
(8, 10)
4493
(8, 10)
4494
(8, 10)
4495
(15, 1)
4496
(14, 5)
4497
(14, 5)
4498
(14, 5)
4499
(14, 5)
4500
(14, 5)
defaultdict(<function <lambda> at 0x2b941a211c80>, {(7, 3): 35, (1, 3): 18, (12, 1): 123, (9, 1): 133, (14, 4): 50, (11, 2): 152, (10, 6): 18, (2, 1): 150, (15, 1): 7, (8, 9): 18, (6, 2): 122, (9, 4): 25, (5, 1): 150, (10, 3): 75, (7, 2): 148, (10, 4): 37, (1, 2): 151, (12, 2): 151, (8, 7): 40, (3, 3): 32, (14, 5): 9, (13, 3): 33, (8, 1): 136, (8, 5): 47, (8, 10): 14, (6, 3): 34, (14, 1): 50, (11, 1): 54, (2, 2): 152, (8, 6): 28, (7, 9): 2, (4, 1): 150, (1, 1): 150, (12, 3): 151, (3, 2): 150, (13, 2): 46, (8, 2): 101, (7, 1): 150, (9, 3): 44, (10, 5): 33, (2, 3): 31, (10, 1): 141, (4, 2): 134, (14, 2): 23, (9, 6): 6, (5, 3): 31, (13, 1): 69, (8, 3): 154, (9, 2): 24, (7, 8): 2, (6, 1): 151, (3, 1): 150, (11, 3): 11, (8, 8): 22, (4, 3): 34, (14, 3): 103, (9, 5): 18, (8, 4): 37, (5, 2): 118, (10, 2): 72})
4501
(14, 5)
4502
(14, 5)
4503
(14, 1)
4504
(14, 1)
4505
(15, 1)
4506
(15, 1)
4507
(14, 5)
4508
(14, 5)
4509
(14, 1)
4510
(15, 1)
4511
(15, 1)
4512
(15, 1)
4513
(16, 1)
4514
(16, 1)
4515
(16, 2)
4516
(16, 2)
4517
(17, 3)
4518
(17, 3)
4519
(17, 3)
4520
(17, 3)
4521
(17, 3)
4522
(17, 3)
4523
(17, 3)
4524
(16, 3)
4525
(16, 3)
4526
(16, 3)
4527
(16, 3)
4528
(16, 3)
4529
(16, 3)
4530
(16, 3)
4531
(16, 3)
4532
(16, 3)
4533
(16, 3)
4534
(16, 3)
4535
(15, 3)
4536
(15, 3)
4537
(15, 3)
4538
(15, 3)
4539
(15, 3)
4540
(16, 3)
4541
(15, 3)
4542
(15, 3)
4543
(15, 3)
4544
(15, 3)
4545
(15, 3)
4546
(15, 3)
4547
(15, 3)
4548
(15, 2)
4549
(15, 2)
4550
(15, 1)
4551
(14, 1)
4552
(14, 1)
4553
(14, 1)
4554
(14, 1)
4555
(13, 1)
4556
(13, 1)
4557
(13, 1)
4558
(13, 1)
4559
(13, 2)
4560
(15, 3)
4561
(15, 3)
4562
(15, 3)
4563
(15, 3)
4564
(15, 3)
4565
(15, 3)
4566
(15, 3)
4567
(16, 3)
4568
(15, 3)
4569
(15, 3)
4570
(15, 3)
4571
(15, 2)
4572
(15, 2)
4573
(15, 1)
4574
(14, 1)
4575
(14, 1)
4576
(14, 1)
4577
(14, 1)
4578
(13, 1)
4579
(13, 1)
4580
(13, 1)
4581
(13, 1)
4582
(13, 2)
4583
(16, 3)
4584
(15, 3)
4585
(15, 3)
4586
(15, 3)
4587
(15, 2)
4588
(15, 2)
4589
(15, 1)
4590
(14, 1)
4591
(14, 1)
4592
(14, 1)
4593
(14, 1)
4594
(13, 1)
4595
(13, 1)
4596
(13, 1)
4597
(13, 1)
4598
(13, 2)
4599
(16, 3)
4600
(16, 3)
4601
(16, 3)
4602
(16, 3)
4603
(16, 3)
4604
(16, 3)
4605
(16, 3)
4606
(16, 3)
4607
(15, 3)
4608
(16, 3)
4609
(16, 3)
4610
(15, 2)
4611
(16, 3)
4612
(16, 3)
4613
(16, 3)
4614
(16, 3)
4615
(15, 3)
4616
(16, 3)
4617
(16, 3)
4618
(15, 2)
4619
(15, 2)
4620
(15, 1)
4621
(15, 1)
4622
(14, 1)
4623
(14, 1)
4624
(14, 1)
4625
(14, 1)
4626
(13, 1)
4627
(13, 1)
4628
(13, 1)
4629
(13, 2)
4630
(13, 2)
4631
(15, 2)
4632
(15, 1)
4633
(15, 1)
4634
(14, 1)
4635
(14, 1)
4636
(14, 1)
4637
(14, 1)
4638
(13, 1)
4639
(13, 1)
4640
(13, 1)
4641
(13, 2)
4642
(13, 2)
4643
(16, 3)
4644
(15, 2)
4645
(15, 1)
4646
(15, 1)
4647
(14, 1)
4648
(14, 1)
4649
(14, 1)
4650
(14, 1)
4651
(13, 1)
4652
(13, 1)
4653
(13, 1)
4654
(13, 2)
4655
(13, 2)
4656
(16, 2)
4657
(16, 3)
4658
(16, 3)
4659
(16, 3)
4660
(16, 2)
4661
(15, 2)
4662
(15, 1)
4663
(15, 1)
4664
(15, 1)
4665
(14, 1)
4666
(14, 1)
4667
(14, 1)
4668
(14, 1)
4669
(13, 1)
4670
(13, 1)
4671
(13, 2)
4672
(13, 2)
4673
(13, 3)
4674
(16, 3)
4675
(16, 3)
4676
(16, 2)
4677
(15, 2)
4678
(15, 1)
4679
(15, 1)
4680
(15, 1)
4681
(14, 1)
4682
(14, 1)
4683
(14, 1)
4684
(14, 1)
4685
(13, 1)
4686
(13, 1)
4687
(13, 2)
4688
(13, 2)
4689
(13, 3)
4690
(16, 2)
4691
(16, 3)
4692
(16, 3)
4693
(16, 3)
4694
(16, 3)
4695
(16, 3)
4696
(16, 2)
4697
(16, 3)
4698
(16, 2)
4699
(16, 2)
4700
(15, 2)
4701
(15, 3)
4702
(15, 3)
4703
(15, 3)
4704
(16, 2)
4705
(15, 3)
4706
(15, 3)
4707
(15, 3)
4708
(15, 3)
4709
(15, 1)
4710
(15, 3)
4711
(15, 3)
4712
(15, 3)
4713
(15, 3)
4714
(15, 3)
4715
(15, 3)
4716
(15, 3)
4717
(15, 1)
4718
(15, 1)
4719
(15, 1)
4720
(14, 1)
4721
(14, 1)
4722
(14, 1)
4723
(14, 1)
4724
(14, 1)
4725
(13, 2)
4726
(13, 2)
4727
(13, 3)
4728
(16, 2)
4729
(16, 2)
4730
(16, 2)
4731
(17, 3)
4732
(17, 3)
4733
(16, 2)
4734
(16, 2)
4735
(17, 3)
4736
(16, 3)
4737
(16, 3)
4738
(16, 2)
4739
(17, 3)
4740
(16, 2)
4741
(16, 2)
4742
(16, 2)
4743
(16, 2)
4744
(16, 2)
4745
(16, 2)
4746
(16, 2)
4747
(15, 3)
4748
(15, 3)
4749
(15, 3)
4750
(15, 3)
4751
(15, 3)
4752
(15, 3)
4753
(15, 3)
4754
(15, 2)
4755
(15, 1)
4756
(15, 1)
4757
(15, 1)
4758
(14, 1)
4759
(14, 1)
4760
(14, 1)
4761
(14, 1)
4762
(13, 1)
4763
(13, 1)
4764
(13, 2)
4765
(13, 2)
4766
(13, 3)
4767
(16, 1)
4768
(16, 3)
4769
(16, 3)
4770
(16, 3)
4771
(16, 2)
4772
(16, 1)
4773
(16, 3)
4774
(16, 3)
4775
(16, 3)
4776
(16, 3)
4777
(15, 1)
4778
(15, 1)
4779
(15, 1)
4780
(15, 1)
4781
(14, 1)
4782
(14, 1)
4783
(14, 1)
4784
(14, 1)
4785
(14, 2)
4786
(13, 2)
4787
(16, 2)
4788
(16, 2)
4789
(16, 2)
4790
(16, 2)
4791
(16, 2)
4792
(15, 3)
4793
(15, 3)
4794
(15, 3)
4795
(15, 3)
4796
(15, 3)
4797
(15, 3)
4798
(15, 3)
4799
(16, 2)
4800
(16, 2)
4801
(16, 2)
4802
(16, 2)
4803
(17, 2)
4804
(16, 1)
4805
(17, 2)
4806
(16, 1)
4807
(16, 1)
4808
(16, 2)
4809
(16, 2)
4810
(16, 2)
4811
(16, 2)
4812
(16, 1)
4813
(15, 1)
4814
(16, 3)
4815
(16, 3)
4816
(16, 3)
4817
(16, 2)
4818
(15, 1)
4819
(15, 1)
4820
(15, 1)
4821
(15, 1)
4822
(14, 1)
4823
(14, 1)
4824
(14, 1)
4825
(14, 1)
4826
(14, 1)
4827
(13, 2)
4828
(13, 2)
4829
(13, 3)
4830
(15, 1)
4831
(15, 1)
4832
(15, 1)
4833
(14, 1)
4834
(14, 1)
4835
(14, 1)
4836
(14, 1)
4837
(16, 1)
4838
(16, 1)
4839
(16, 1)
4840
(16, 1)
4841
(15, 3)
4842
(15, 3)
4843
(15, 3)
4844
(15, 3)
4845
(15, 3)
4846
(15, 3)
4847
(15, 3)
4848
(16, 1)
4849
(17, 2)
4850
(17, 2)
4851
(16, 1)
4852
(16, 1)
4853
(16, 1)
4854
(16, 2)
4855
(16, 1)
4856
(16, 1)
4857
(16, 1)
4858
(15, 1)
4859
(15, 1)
4860
(15, 1)
4861
(15, 1)
4862
(14, 1)
4863
(14, 1)
4864
(14, 1)
4865
(14, 1)
4866
(15, 1)
4867
(15, 1)
4868
(15, 1)
4869
(15, 1)
4870
(14, 1)
4871
(14, 1)
4872
(14, 1)
4873
(14, 1)
4874
(15, 1)
4875
(15, 1)
4876
(15, 1)
4877
(15, 1)
4878
(14, 1)
4879
(14, 1)
4880
(14, 1)
4881
(14, 1)
4882
(16, 1)
4883
(15, 4)
4884
(15, 4)
4885
(15, 4)
4886
(16, 1)
4887
(15, 4)
4888
(15, 4)
4889
(15, 4)
4890
(15, 4)
4891
(16, 1)
4892
(16, 2)
4893
(16, 1)
4894
(16, 1)
4895
(16, 2)
4896
(16, 1)
4897
(15, 1)
4898
(15, 1)
4899
(15, 1)
4900
(15, 1)
4901
(14, 1)
4902
(14, 1)
4903
(14, 1)
4904
(14, 1)
4905
(14, 2)
4906
(13, 2)
4907
(16, 1)
4908
(16, 1)
4909
(17, 2)
4910
(16, 3)
4911
(16, 3)
4912
(16, 3)
4913
(16, 3)
4914
(16, 1)
4915
(16, 1)
4916
(16, 1)
4917
(16, 1)
4918
(16, 1)
4919
(16, 1)
4920
(16, 1)
4921
(16, 2)
4922
(16, 2)
4923
(16, 1)
4924
(16, 1)
4925
(16, 1)
4926
(16, 1)
4927
(16, 1)
4928
(16, 1)
4929
(16, 1)
4930
(16, 2)
4931
(16, 2)
4932
(16, 1)
4933
(16, 1)
4934
(16, 1)
4935
(16, 1)
4936
(16, 1)
4937
(16, 1)
4938
(16, 1)
4939
(16, 1)
4940
(16, 1)
4941
(16, 1)
4942
(16, 1)
4943
(16, 2)
4944
(16, 2)
4945
(17, 2)
4946
(15, 4)
4947
(15, 4)
4948
(15, 4)
4949
(15, 4)
4950
(15, 4)
4951
(15, 4)
4952
(15, 4)
4953
(17, 1)
4954
(16, 2)
4955
(16, 1)
4956
(16, 2)
4957
(16, 1)
4958
(16, 1)
4959
(15, 1)
4960
(15, 1)
4961
(15, 1)
4962
(15, 1)
4963
(14, 1)
4964
(14, 1)
4965
(14, 1)
4966
(14, 2)
4967
(14, 2)
4968
(16, 1)
4969
(16, 1)
4970
(16, 1)
4971
(16, 1)
4972
(16, 1)
4973
(16, 1)
4974
(16, 1)
4975
(16, 1)
4976
(16, 1)
4977
(16, 2)
4978
(16, 2)
4979
(16, 1)
4980
(16, 1)
4981
(16, 1)
4982
(16, 1)
4983
(16, 1)
4984
(16, 2)
4985
(16, 2)
4986
(16, 1)
4987
(16, 1)
4988
(16, 1)
4989
(16, 1)
4990
(16, 1)
4991
(16, 2)
4992
(16, 2)
4993
(17, 2)
4994
(15, 4)
4995
(15, 4)
4996
(15, 4)
4997
(15, 4)
4998
(15, 4)
4999
(15, 4)
5000
(15, 4)
defaultdict(<function <lambda> at 0x2b941a211c80>, {(7, 3): 35, (1, 3): 18, (12, 1): 123, (9, 1): 133, (14, 4): 50, (11, 2): 152, (10, 6): 18, (17, 3): 11, (16, 2): 55, (2, 1): 150, (15, 1): 66, (8, 9): 18, (6, 2): 122, (9, 4): 25, (17, 2): 7, (5, 1): 150, (10, 3): 75, (7, 2): 148, (10, 4): 37, (1, 2): 151, (12, 2): 151, (8, 7): 40, (3, 3): 32, (14, 5): 13, (13, 3): 38, (8, 1): 136, (8, 5): 47, (16, 3): 58, (8, 10): 14, (6, 3): 34, (14, 1): 126, (11, 1): 54, (2, 2): 152, (15, 4): 21, (8, 6): 28, (7, 9): 2, (4, 1): 150, (1, 1): 150, (12, 3): 151, (3, 2): 150, (13, 2): 67, (8, 2): 101, (7, 1): 150, (15, 3): 62, (9, 3): 44, (10, 5): 33, (17, 1): 1, (2, 3): 31, (10, 1): 141, (4, 2): 134, (14, 2): 27, (9, 6): 6, (5, 3): 31, (13, 1): 96, (8, 3): 154, (15, 2): 15, (9, 2): 24, (7, 8): 2, (6, 1): 151, (3, 1): 150, (11, 3): 11, (16, 1): 74, (8, 8): 22, (4, 3): 34, (14, 3): 103, (9, 5): 18, (8, 4): 37, (5, 2): 118, (10, 2): 72})
5001
(16, 1)
5002
(16, 4)
5003
(16, 4)
5004
(16, 4)
5005
(16, 4)
5006
(16, 4)
5007
(16, 4)
5008
(16, 4)
5009
(17, 1)
5010
(17, 3)
5011
(17, 3)
5012
(17, 3)
5013
(17, 3)
5014
(17, 2)
5015
(17, 2)
5016
(16, 2)
5017
(16, 1)
5018
(16, 1)
5019
(16, 1)
5020
(15, 1)
5021
(15, 1)
5022
(15, 1)
5023
(15, 1)
5024
(14, 1)
5025
(14, 1)
5026
(14, 2)
5027
(14, 2)
5028
(16, 2)
5029
(16, 1)
5030
(16, 1)
5031
(16, 1)
5032
(15, 1)
5033
(15, 1)
5034
(15, 1)
5035
(15, 1)
5036
(14, 1)
5037
(14, 1)
5038
(14, 2)
5039
(14, 2)
5040
(16, 2)
5041
(17, 3)
5042
(17, 3)
5043
(17, 2)
5044
(16, 1)
5045
(16, 1)
5046
(16, 1)
5047
(15, 1)
5048
(15, 1)
5049
(15, 1)
5050
(15, 1)
5051
(14, 1)
5052
(14, 1)
5053
(14, 1)
5054
(14, 1)
5055
(17, 1)
5056
(16, 1)
5057
(16, 1)
5058
(17, 3)
5059
(17, 3)
5060
(17, 3)
5061
(17, 3)
5062
(17, 2)
5063
(17, 2)
5064
(17, 2)
5065
(16, 1)
5066
(16, 1)
5067
(16, 1)
5068
(16, 1)
5069
(15, 1)
5070
(15, 1)
5071
(15, 1)
5072
(15, 1)
5073
(15, 1)
5074
(14, 2)
5075
(14, 2)
5076
(14, 3)
5077
(14, 3)
5078
(14, 3)
5079
(14, 4)
5080
(14, 4)
5081
(14, 5)
5082
(17, 2)
5083
(16, 1)
5084
(16, 1)
5085
(16, 1)
5086
(16, 1)
5087
(15, 1)
5088
(15, 1)
5089
(15, 1)
5090
(15, 1)
5091
(15, 1)
5092
(14, 2)
5093
(14, 2)
5094
(14, 3)
5095
(14, 3)
5096
(17, 2)
5097
(17, 3)
5098
(17, 3)
5099
(16, 1)
5100
(16, 1)
5101
(16, 1)
5102
(16, 1)
5103
(15, 1)
5104
(15, 1)
5105
(15, 1)
5106
(15, 1)
5107
(14, 1)
5108
(14, 1)
5109
(14, 1)
5110
(14, 2)
5111
(17, 3)
5112
(16, 1)
5113
(16, 1)
5114
(16, 1)
5115
(16, 1)
5116
(16, 1)
5117
(16, 2)
5118
(16, 2)
5119
(16, 3)
5120
(14, 6)
5121
(15, 4)
5122
(15, 4)
5123
(15, 4)
5124
(15, 4)
5125
(15, 4)
5126
(15, 4)
5127
(15, 4)
5128
(17, 1)
5129
(16, 1)
5130
(16, 1)
5131
(16, 2)
5132
(16, 2)
5133
(17, 3)
5134
(17, 2)
5135
(18, 3)
5136
(18, 3)
5137
(17, 3)
5138
(17, 3)
5139
(17, 3)
5140
(17, 2)
5141
(18, 3)
5142
(18, 3)
5143
(17, 3)
5144
(17, 2)
5145
(17, 2)
5146
(17, 1)
5147
(16, 1)
5148
(16, 1)
5149
(16, 1)
5150
(16, 1)
5151
(15, 1)
5152
(15, 1)
5153
(15, 1)
5154
(15, 1)
5155
(15, 2)
5156
(14, 2)
5157
(14, 3)
5158
(14, 3)
5159
(14, 4)
5160
(13, 4)
5161
(13, 5)
5162
(13, 5)
5163
(17, 2)
5164
(17, 1)
5165
(16, 1)
5166
(16, 1)
5167
(16, 1)
5168
(16, 1)
5169
(15, 1)
5170
(15, 1)
5171
(15, 1)
5172
(15, 1)
5173
(15, 2)
5174
(14, 2)
5175
(14, 3)
5176
(14, 3)
5177
(14, 4)
5178
(13, 4)
5179
(13, 5)
5180
(13, 5)
5181
(13, 6)
5182
(18, 3)
5183
(18, 3)
5184
(18, 3)
5185
(18, 3)
5186
(17, 3)
5187
(17, 2)
5188
(17, 2)
5189
(17, 2)
5190
(17, 1)
5191
(17, 1)
5192
(16, 1)
5193
(16, 1)
5194
(16, 1)
5195
(16, 1)
5196
(15, 1)
5197
(15, 1)
5198
(15, 1)
5199
(15, 2)
5200
(15, 2)
5201
(14, 3)
5202
(14, 3)
5203
(14, 4)
5204
(14, 4)
5205
(13, 5)
5206
(13, 5)
5207
(17, 2)
5208
(17, 1)
5209
(17, 1)
5210
(16, 1)
5211
(16, 1)
5212
(16, 1)
5213
(16, 1)
5214
(15, 1)
5215
(15, 1)
5216
(15, 1)
5217
(15, 2)
5218
(15, 2)
5219
(14, 3)
5220
(14, 3)
5221
(14, 4)
5222
(14, 4)
5223
(13, 5)
5224
(13, 5)
5225
(18, 3)
5226
(18, 3)
5227
(18, 3)
5228
(17, 2)
5229
(17, 2)
5230
(17, 1)
5231
(17, 1)
5232
(16, 1)
5233
(16, 1)
5234
(16, 1)
5235
(16, 1)
5236
(15, 1)
5237
(15, 1)
5238
(15, 1)
5239
(15, 2)
5240
(15, 2)
5241
(14, 3)
5242
(14, 3)
5243
(14, 4)
5244
(14, 4)
5245
(13, 5)
5246
(13, 5)
5247
(18, 2)
5248
(18, 2)
5249
(15, 1)
5250
(15, 1)
5251
(14, 5)
5252
(14, 5)
5253
(14, 5)
5254
(14, 5)
5255
(14, 5)
5256
(14, 5)
5257
(14, 5)
5258
(17, 2)
5259
(17, 2)
5260
(13, 6)
5261
(13, 6)
5262
(18, 3)
5263
(18, 3)
5264
(18, 3)
5265
(18, 3)
5266
(18, 3)
5267
(17, 2)
5268
(18, 2)
5269
(18, 2)
5270
(17, 2)
5271
(17, 1)
5272
(17, 1)
5273
(17, 1)
5274
(16, 1)
5275
(16, 1)
5276
(16, 1)
5277
(16, 1)
5278
(15, 1)
5279
(15, 1)
5280
(15, 2)
5281
(15, 2)
5282
(15, 3)
5283
(14, 3)
5284
(14, 4)
5285
(14, 4)
5286
(17, 2)
5287
(17, 1)
5288
(17, 1)
5289
(17, 1)
5290
(16, 1)
5291
(16, 1)
5292
(16, 1)
5293
(16, 1)
5294
(15, 1)
5295
(15, 1)
5296
(15, 2)
5297
(15, 2)
5298
(15, 3)
5299
(14, 3)
5300
(14, 4)
5301
(14, 4)
5302
(17, 2)
5303
(18, 3)
5304
(18, 3)
5305
(18, 2)
5306
(17, 2)
5307
(17, 1)
5308
(17, 1)
5309
(17, 1)
5310
(16, 1)
5311
(16, 1)
5312
(16, 1)
5313
(16, 1)
5314
(15, 1)
5315
(15, 1)
5316
(15, 2)
5317
(15, 2)
5318
(15, 3)
5319
(14, 3)
5320
(14, 4)
5321
(14, 4)
5322
(18, 3)
5323
(17, 1)
5324
(17, 1)
5325
(17, 1)
5326
(16, 1)
5327
(16, 1)
5328
(16, 1)
5329
(16, 1)
5330
(15, 1)
5331
(15, 1)
5332
(15, 1)
5333
(15, 1)
5334
(15, 2)
5335
(14, 2)
5336
(14, 3)
5337
(14, 3)
5338
(14, 4)
5339
(13, 4)
5340
(13, 5)
5341
(13, 6)
5342
(17, 2)
5343
(17, 2)
5344
(18, 3)
5345
(18, 3)
5346
(18, 3)
5347
(18, 3)
5348
(18, 2)
5349
(18, 2)
5350
(18, 3)
5351
(18, 3)
5352
(18, 3)
5353
(18, 3)
5354
(18, 2)
5355
(17, 1)
5356
(17, 1)
5357
(17, 1)
5358
(17, 1)
5359
(16, 1)
5360
(16, 1)
5361
(16, 1)
5362
(16, 1)
5363
(16, 1)
5364
(15, 2)
5365
(15, 2)
5366
(15, 3)
5367
(15, 3)
5368
(14, 4)
5369
(14, 4)
5370
(18, 2)
5371
(17, 1)
5372
(19, 3)
5373
(19, 3)
5374
(15, 1)
5375
(19, 3)
5376
(19, 3)
5377
(19, 3)
5378
(17, 2)
5379
(19, 3)
5380
(18, 3)
5381
(19, 3)
5382
(18, 3)
5383
(19, 3)
5384
(18, 3)
5385
(19, 3)
5386
(19, 3)
5387
(19, 3)
5388
(18, 2)
5389
(18, 2)
5390
(18, 2)
5391
(18, 2)
5392
(17, 2)
5393
(15, 1)
5394
(8, 10)
5395
(8, 10)
5396
(8, 10)
5397
(8, 10)
5398
(8, 10)
5399
(8, 10)
5400
(8, 10)
5401
(15, 5)
5402
(17, 1)
5403
(15, 1)
5404
(16, 1)
5405
(16, 2)
5406
(16, 2)
5407
(16, 3)
5408
(14, 5)
5409
(14, 5)
5410
(14, 5)
5411
(14, 5)
5412
(14, 5)
5413
(14, 5)
5414
(14, 5)
5415
(16, 4)
5416
(16, 4)
5417
(16, 4)
5418
(18, 2)
5419
(16, 4)
5420
(16, 4)
5421
(16, 4)
5422
(16, 4)
5423
(18, 2)
5424
(18, 2)
5425
(15, 5)
5426
(15, 5)
5427
(15, 5)
5428
(15, 5)
5429
(15, 5)
5430
(15, 5)
5431
(15, 5)
5432
(18, 2)
5433
(18, 2)
5434
(18, 2)
5435
(18, 2)
5436
(18, 2)
5437
(17, 1)
5438
(17, 1)
5439
(17, 1)
5440
(17, 1)
5441
(16, 1)
5442
(16, 1)
5443
(16, 1)
5444
(18, 2)
5445
(18, 2)
5446
(17, 2)
5447
(17, 2)
5448
(17, 2)
5449
(13, 6)
5450
(13, 6)
5451
(18, 2)
5452
(18, 2)
5453
(18, 1)
5454
(18, 1)
5455
(18, 1)
5456
(17, 1)
5457
(17, 1)
5458
(17, 1)
5459
(17, 1)
5460
(17, 1)
5461
(17, 1)
5462
(17, 1)
5463
(17, 1)
5464
(17, 1)
5465
(17, 1)
5466
(17, 1)
5467
(17, 1)
5468
(17, 2)
5469
(17, 2)
5470
(18, 2)
5471
(19, 3)
5472
(19, 3)
5473
(19, 3)
5474
(18, 2)
5475
(19, 3)
5476
(19, 3)
5477
(19, 3)
5478
(19, 3)
5479
(19, 3)
5480
(19, 3)
5481
(19, 3)
5482
(18, 2)
5483
(18, 2)
5484
(18, 2)
5485
(19, 2)
5486
(14, 5)
5487
(14, 5)
5488
(14, 5)
5489
(14, 5)
5490
(14, 5)
5491
(14, 5)
5492
(14, 5)
5493
(18, 1)
5494
(18, 2)
5495
(19, 2)
5496
(18, 2)
5497
(15, 5)
5498
(15, 5)
5499
(15, 5)
5500
(15, 5)
defaultdict(<function <lambda> at 0x2b941a211c80>, {(7, 3): 35, (13, 4): 3, (1, 3): 18, (12, 1): 123, (9, 1): 133, (14, 4): 69, (11, 2): 152, (10, 6): 18, (17, 3): 30, (16, 2): 64, (2, 1): 150, (15, 1): 124, (8, 9): 18, (6, 2): 122, (9, 4): 25, (17, 2): 42, (5, 1): 150, (15, 5): 12, (10, 3): 75, (7, 2): 148, (10, 4): 37, (1, 2): 151, (12, 2): 151, (8, 7): 40, (3, 3): 32, (14, 5): 35, (13, 3): 38, (8, 1): 136, (8, 5): 47, (16, 3): 60, (16, 4): 14, (8, 10): 21, (6, 3): 34, (14, 1): 137, (11, 1): 54, (19, 3): 21, (18, 2): 32, (2, 2): 152, (15, 4): 28, (8, 6): 28, (7, 9): 2, (4, 1): 150, (1, 1): 150, (12, 3): 151, (3, 2): 150, (13, 2): 67, (8, 2): 101, (7, 1): 150, (15, 3): 67, (9, 3): 44, (10, 5): 33, (17, 1): 46, (13, 6): 6, (19, 2): 2, (2, 3): 31, (10, 1): 141, (4, 2): 134, (14, 2): 39, (9, 6): 6, (5, 3): 31, (13, 1): 96, (8, 3): 154, (18, 3): 30, (15, 2): 32, (9, 2): 24, (7, 8): 2, (6, 1): 151, (3, 1): 150, (18, 1): 4, (11, 3): 11, (14, 6): 1, (16, 1): 150, (8, 8): 22, (4, 3): 34, (13, 5): 11, (14, 3): 123, (9, 5): 18, (8, 4): 37, (5, 2): 118, (10, 2): 72})
5501
(15, 5)
5502
(15, 5)
5503
(15, 5)
5504
(18, 2)
5505
(18, 2)
5506
(18, 2)
5507
(18, 2)
5508
(18, 2)
5509
(18, 2)
5510
(18, 1)
5511
(19, 2)
5512
(19, 2)
5513
(19, 2)
5514
(19, 2)
5515
(19, 2)
5516
(19, 2)
5517
(18, 2)
5518
(18, 2)
5519
(19, 2)
5520
(18, 1)
5521
(18, 1)
5522
(18, 1)
5523
(14, 6)
5524
(14, 6)
5525
(14, 6)
5526
(18, 2)
5527
(17, 1)
5528
(18, 1)
5529
(17, 1)
5530
(17, 1)
5531
(17, 1)
5532
(17, 1)
5533
(18, 1)
5534
(17, 1)
5535
(17, 1)
5536
(17, 1)
5537
(17, 1)
5538
(18, 1)
5539
(17, 1)
5540
(17, 1)
5541
(17, 1)
5542
(17, 1)
5543
(14, 5)
5544
(14, 5)
5545
(14, 5)
5546
(14, 5)
5547
(14, 5)
5548
(18, 2)
5549
(18, 2)
5550
(18, 1)
5551
(19, 3)
5552
(19, 3)
5553
(18, 1)
5554
(18, 1)
5555
(19, 2)
5556
(19, 2)
5557
(19, 2)
5558
(18, 2)
5559
(19, 3)
5560
(19, 3)
5561
(19, 3)
5562
(19, 3)
5563
(18, 1)
5564
(17, 1)
5565
(16, 5)
5566
(16, 5)
5567
(16, 5)
5568
(16, 5)
5569
(16, 5)
5570
(16, 5)
5571
(16, 5)
5572
(18, 1)
5573
(18, 1)
5574
(18, 1)
5575
(18, 1)
5576
(18, 1)
5577
(18, 1)
5578
(14, 5)
5579
(14, 5)
5580
(14, 5)
5581
(14, 5)
5582
(14, 5)
5583
(14, 5)
5584
(14, 5)
5585
(15, 5)
5586
(15, 5)
5587
(15, 5)
5588
(15, 5)
5589
(15, 5)
5590
(15, 5)
5591
(15, 5)
5592
(18, 1)
5593
(18, 1)
5594
(18, 1)
5595
(19, 2)
5596
(19, 2)
5597
(18, 1)
5598
(18, 1)
5599
(18, 1)
5600
(18, 1)
5601
(18, 1)
5602
(18, 1)
5603
(18, 1)
5604
(18, 2)
5605
(18, 2)
5606
(18, 1)
5607
(18, 1)
5608
(18, 1)
5609
(18, 1)
5610
(18, 1)
5611
(18, 1)
5612
(18, 1)
5613
(18, 2)
5614
(18, 2)
5615
(18, 1)
5616
(18, 1)
5617
(18, 1)
5618
(18, 1)
5619
(18, 1)
5620
(18, 1)
5621
(18, 1)
5622
(18, 2)
5623
(18, 2)
5624
(15, 5)
5625
(15, 5)
5626
(19, 2)
5627
(19, 2)
5628
(19, 2)
5629
(17, 1)
5630
(19, 2)
5631
(19, 2)
5632
(19, 2)
5633
(19, 3)
5634
(18, 1)
5635
(19, 3)
5636
(19, 3)
5637
(18, 1)
5638
(19, 2)
5639
(19, 2)
5640
(19, 2)
5641
(18, 1)
5642
(18, 1)
5643
(19, 3)
5644
(19, 3)
5645
(19, 3)
5646
(19, 3)
5647
(19, 3)
5648
(19, 3)
5649
(17, 1)
5650
(18, 1)
5651
(18, 1)
5652
(18, 1)
5653
(17, 1)
5654
(17, 1)
5655
(17, 1)
5656
(17, 1)
5657
(17, 1)
5658
(17, 1)
5659
(17, 1)
5660
(17, 2)
5661
(17, 2)
5662
(17, 3)
5663
(17, 1)
5664
(17, 1)
5665
(17, 1)
5666
(17, 1)
5667
(17, 1)
5668
(17, 1)
5669
(17, 1)
5670
(17, 2)
5671
(17, 2)
5672
(17, 3)
5673
(19, 2)
5674
(18, 1)
5675
(18, 1)
5676
(19, 2)
5677
(19, 2)
5678
(15, 5)
5679
(15, 5)
5680
(15, 5)
5681
(15, 5)
5682
(15, 5)
5683
(15, 5)
5684
(15, 5)
5685
(14, 6)
5686
(14, 6)
5687
(18, 1)
5688
(14, 6)
5689
(18, 1)
5690
(18, 1)
5691
(18, 1)
5692
(18, 1)
5693
(18, 1)
5694
(14, 6)
5695
(14, 6)
5696
(14, 6)
5697
(14, 6)
5698
(19, 2)
5699
(19, 2)
5700
(19, 2)
5701
(18, 1)
5702
(18, 1)
5703
(18, 1)
5704
(18, 1)
5705
(18, 1)
5706
(18, 1)
5707
(18, 1)
5708
(18, 2)
5709
(18, 2)
5710
(18, 3)
5711
(18, 1)
5712
(18, 1)
5713
(18, 1)
5714
(18, 1)
5715
(18, 1)
5716
(18, 1)
5717
(18, 1)
5718
(18, 2)
5719
(18, 2)
5720
(18, 3)
5721
(18, 1)
5722
(18, 1)
5723
(18, 1)
5724
(18, 1)
5725
(18, 1)
5726
(18, 1)
5727
(18, 1)
5728
(18, 2)
5729
(18, 2)
5730
(18, 3)
5731
(20, 3)
5732
(20, 3)
5733
(20, 3)
5734
(19, 2)
5735
(19, 2)
5736
(18, 1)
5737
(18, 1)
5738
(19, 1)
5739
(19, 1)
5740
(19, 1)
5741
(19, 1)
5742
(19, 1)
5743
(18, 1)
5744
(18, 1)
5745
(20, 3)
5746
(19, 3)
5747
(20, 3)
5748
(19, 3)
5749
(20, 3)
5750
(19, 3)
5751
(15, 5)
5752
(18, 1)
5753
(18, 1)
5754
(19, 2)
5755
(18, 1)
5756
(18, 1)
5757
(18, 1)
5758
(18, 1)
5759
(18, 1)
5760
(18, 1)
5761
(18, 1)
5762
(18, 2)
5763
(18, 2)
5764
(18, 3)
5765
(18, 1)
5766
(18, 1)
5767
(18, 1)
5768
(18, 1)
5769
(18, 1)
5770
(18, 2)
5771
(18, 2)
5772
(18, 3)
5773
(14, 6)
5774
(14, 6)
5775
(14, 6)
5776
(14, 6)
5777
(14, 6)
5778
(14, 6)
5779
(14, 6)
5780
(19, 1)
5781
(19, 2)
5782
(19, 2)
5783
(19, 2)
5784
(19, 2)
5785
(16, 5)
5786
(16, 5)
5787
(16, 5)
5788
(16, 5)
5789
(16, 5)
5790
(16, 5)
5791
(16, 5)
5792
(18, 1)
5793
(18, 1)
5794
(19, 2)
5795
(19, 2)
5796
(19, 2)
5797
(19, 2)
5798
(19, 2)
5799
(20, 3)
5800
(20, 3)
5801
(20, 3)
5802
(20, 2)
5803
(20, 2)
5804
(20, 2)
5805
(19, 1)
5806
(19, 1)
5807
(19, 1)
5808
(20, 3)
5809
(20, 3)
5810
(19, 2)
5811
(20, 3)
5812
(20, 3)
5813
(20, 3)
5814
(20, 3)
5815
(14, 6)
5816
(14, 6)
5817
(14, 6)
5818
(14, 6)
5819
(14, 6)
5820
(14, 6)
5821
(14, 6)
5822
(15, 6)
5823
(15, 6)
5824
(15, 6)
5825
(15, 6)
5826
(15, 6)
5827
(15, 6)
5828
(15, 6)
5829
(18, 1)
5830
(18, 1)
5831
(19, 1)
5832
(19, 1)
5833
(19, 1)
5834
(20, 2)
5835
(20, 2)
5836
(20, 2)
5837
(19, 1)
5838
(19, 1)
5839
(18, 1)
5840
(18, 1)
5841
(18, 1)
5842
(20, 2)
5843
(20, 2)
5844
(19, 2)
5845
(19, 2)
5846
(19, 2)
5847
(20, 3)
5848
(20, 3)
5849
(20, 3)
5850
(20, 2)
5851
(20, 2)
5852
(20, 2)
5853
(18, 1)
5854
(18, 1)
5855
(18, 1)
5856
(19, 1)
5857
(18, 1)
5858
(18, 1)
5859
(18, 1)
5860
(18, 1)
5861
(18, 1)
5862
(18, 2)
5863
(18, 2)
5864
(18, 1)
5865
(18, 1)
5866
(18, 1)
5867
(18, 1)
5868
(18, 1)
5869
(18, 2)
5870
(18, 2)
5871
(18, 1)
5872
(18, 1)
5873
(18, 1)
5874
(18, 1)
5875
(18, 1)
5876
(18, 2)
5877
(18, 2)
5878
(20, 3)
5879
(20, 3)
5880
(20, 3)
5881
(15, 6)
5882
(15, 6)
5883
(15, 6)
5884
(15, 6)
5885
(15, 6)
5886
(15, 6)
5887
(15, 6)
5888
(20, 2)
5889
(19, 1)
5890
(19, 1)
5891
(20, 1)
5892
(20, 1)
5893
(20, 1)
5894
(19, 1)
5895
(19, 1)
5896
(20, 2)
5897
(20, 2)
5898
(20, 2)
5899
(20, 2)
5900
(20, 2)
5901
(20, 2)
5902
(20, 2)
5903
(20, 2)
5904
(20, 2)
5905
(20, 2)
5906
(20, 3)
5907
(20, 3)
5908
(20, 3)
5909
(20, 2)
5910
(20, 2)
5911
(20, 2)
5912
(19, 1)
5913
(19, 1)
5914
(19, 1)
5915
(19, 1)
5916
(19, 1)
5917
(19, 1)
5918
(19, 1)
5919
(19, 1)
5920
(19, 1)
5921
(19, 2)
5922
(19, 2)
5923
(19, 1)
5924
(19, 1)
5925
(19, 1)
5926
(19, 1)
5927
(19, 1)
5928
(19, 2)
5929
(19, 2)
5930
(19, 1)
5931
(19, 1)
5932
(19, 1)
5933
(19, 1)
5934
(19, 1)
5935
(19, 2)
5936
(19, 2)
5937
(20, 1)
5938
(20, 1)
5939
(20, 1)
5940
(20, 3)
5941
(20, 3)
5942
(20, 3)
5943
(20, 3)
5944
(16, 6)
5945
(16, 6)
5946
(16, 6)
5947
(16, 6)
5948
(16, 6)
5949
(16, 6)
5950
(20, 1)
5951
(20, 1)
5952
(20, 2)
5953
(20, 2)
5954
(20, 2)
5955
(21, 3)
5956
(21, 3)
5957
(21, 3)
5958
(20, 2)
5959
(20, 2)
5960
(20, 2)
5961
(19, 1)
5962
(20, 1)
5963
(20, 1)
5964
(20, 1)
5965
(20, 1)
5966
(20, 1)
5967
(20, 1)
5968
(21, 3)
5969
(20, 3)
5970
(21, 3)
5971
(20, 3)
5972
(21, 3)
5973
(20, 3)
5974
(15, 7)
5975
(15, 7)
5976
(15, 7)
5977
(15, 7)
5978
(15, 7)
5979
(15, 7)
5980
(15, 7)
5981
(15, 6)
5982
(20, 1)
5983
(20, 1)
5984
(20, 1)
5985
(20, 1)
5986
(20, 1)
5987
(20, 1)
5988
(20, 1)
5989
(20, 2)
5990
(20, 2)
5991
(20, 2)
5992
(19, 1)
5993
(20, 2)
5994
(20, 2)
5995
(20, 2)
5996
(21, 3)
5997
(21, 3)
5998
(21, 3)
5999
(21, 2)
6000
(21, 2)
defaultdict(<function <lambda> at 0x2b941a211c80>, {(7, 3): 35, (12, 1): 123, (16, 6): 6, (14, 4): 69, (13, 4): 3, (15, 1): 124, (8, 5): 47, (16, 3): 60, (17, 2): 46, (14, 1): 137, (19, 3): 39, (15, 4): 28, (1, 1): 150, (3, 2): 150, (8, 2): 101, (9, 3): 44, (14, 2): 39, (3, 1): 150, (7, 8): 2, (20, 3): 31, (21, 2): 2, (2, 1): 150, (8, 9): 18, (9, 4): 25, (5, 1): 150, (10, 3): 75, (7, 2): 148, (12, 2): 151, (14, 5): 47, (13, 3): 38, (7, 1): 150, (2, 2): 152, (8, 6): 28, (4, 1): 150, (10, 4): 37, (16, 4): 14, (17, 1): 76, (14, 6): 25, (13, 6): 6, (19, 2): 51, (15, 7): 7, (8, 3): 154, (9, 2): 24, (6, 1): 151, (11, 3): 11, (16, 1): 150, (14, 3): 123, (19, 1): 40, (1, 3): 18, (6, 2): 122, (18, 1): 124, (8, 10): 21, (12, 3): 151, (13, 2): 67, (18, 2): 66, (15, 3): 67, (20, 1): 21, (2, 3): 31, (8, 7): 40, (4, 2): 134, (9, 6): 6, (5, 3): 31, (10, 5): 33, (16, 5): 14, (13, 5): 11, (15, 6): 15, (8, 4): 37, (9, 1): 133, (11, 2): 152, (10, 6): 18, (16, 2): 64, (17, 3): 32, (15, 5): 32, (1, 2): 151, (3, 3): 32, (8, 1): 136, (6, 3): 34, (11, 1): 54, (10, 1): 141, (7, 9): 2, (13, 1): 96, (18, 3): 35, (15, 2): 32, (20, 2): 37, (21, 3): 9, (8, 8): 22, (4, 3): 34, (9, 5): 18, (5, 2): 118, (10, 2): 72})
6001
(21, 2)
6002
(20, 1)
6003
(20, 1)
6004
(20, 1)
6005
(20, 1)
6006
(20, 1)
6007
(21, 3)
6008
(21, 3)
6009
(21, 3)
6010
(21, 3)
6011
(21, 3)
6012
(21, 3)
6013
(15, 7)
6014
(15, 7)
6015
(15, 7)
6016
(15, 7)
6017
(15, 7)
6018
(15, 7)
6019
(15, 7)
6020
(20, 1)
6021
(20, 1)
6022
(20, 1)
6023
(19, 1)
6024
(20, 1)
6025
(20, 1)
6026
(20, 1)
6027
(20, 1)
6028
(20, 1)
6029
(20, 1)
6030
(21, 2)
6031
(21, 2)
6032
(21, 2)
6033
(19, 1)
6034
(20, 1)
6035
(20, 1)
6036
(19, 1)
6037
(21, 2)
6038
(21, 2)
6039
(21, 2)
6040
(20, 2)
6041
(20, 2)
6042
(20, 2)
6043
(21, 3)
6044
(21, 3)
6045
(21, 3)
6046
(19, 1)
6047
(19, 1)
6048
(21, 2)
6049
(21, 2)
6050
(21, 2)
6051
(19, 1)
6052
(19, 1)
6053
(19, 1)
6054
(19, 1)
6055
(19, 1)
6056
(19, 2)
6057
(19, 2)
6058
(19, 1)
6059
(19, 1)
6060
(19, 1)
6061
(19, 1)
6062
(19, 1)
6063
(19, 2)
6064
(19, 2)
6065
(20, 1)
6066
(19, 1)
6067
(19, 1)
6068
(19, 1)
6069
(19, 1)
6070
(19, 1)
6071
(19, 2)
6072
(19, 2)
6073
(21, 3)
6074
(21, 3)
6075
(21, 3)
6076
(16, 7)
6077
(16, 7)
6078
(16, 7)
6079
(16, 7)
6080
(16, 7)
6081
(16, 7)
6082
(16, 7)
6083
(20, 1)
6084
(20, 1)
6085
(20, 1)
6086
(20, 1)
6087
(20, 1)
6088
(20, 1)
6089
(20, 1)
6090
(20, 1)
6091
(20, 1)
6092
(20, 1)
6093
(21, 1)
6094
(21, 1)
6095
(21, 1)
6096
(20, 1)
6097
(20, 1)
6098
(21, 2)
6099
(21, 2)
6100
(21, 2)
6101
(21, 2)
6102
(21, 2)
6103
(21, 2)
6104
(21, 2)
6105
(21, 2)
6106
(21, 2)
6107
(20, 1)
6108
(20, 1)
6109
(20, 1)
6110
(21, 3)
6111
(21, 3)
6112
(21, 3)
6113
(20, 1)
6114
(20, 1)
6115
(21, 2)
6116
(21, 2)
6117
(21, 2)
6118
(21, 1)
6119
(20, 1)
6120
(20, 1)
6121
(20, 1)
6122
(20, 1)
6123
(20, 1)
6124
(20, 2)
6125
(20, 2)
6126
(20, 1)
6127
(20, 1)
6128
(20, 1)
6129
(20, 1)
6130
(20, 1)
6131
(20, 2)
6132
(20, 2)
6133
(20, 1)
6134
(20, 1)
6135
(20, 1)
6136
(20, 1)
6137
(20, 1)
6138
(20, 1)
6139
(20, 2)
6140
(20, 2)
6141
(20, 1)
6142
(20, 1)
6143
(20, 1)
6144
(21, 3)
6145
(21, 3)
6146
(21, 3)
6147
(21, 1)
6148
(21, 1)
6149
(21, 1)
6150
(15, 7)
6151
(15, 7)
6152
(15, 7)
6153
(15, 7)
6154
(15, 7)
6155
(15, 7)
6156
(15, 7)
6157
(21, 1)
6158
(21, 1)
6159
(21, 1)
6160
(21, 1)
6161
(21, 1)
6162
(21, 1)
6163
(21, 1)
6164
(21, 1)
6165
(21, 1)
6166
(21, 1)
6167
(21, 1)
6168
(21, 1)
6169
(21, 2)
6170
(21, 2)
6171
(21, 2)
6172
(21, 1)
6173
(21, 1)
6174
(21, 1)
6175
(21, 2)
6176
(22, 2)
6177
(22, 3)
6178
(22, 3)
6179
(21, 2)
6180
(22, 2)
6181
(22, 3)
6182
(22, 3)
6183
(21, 2)
6184
(22, 2)
6185
(22, 3)
6186
(22, 3)
6187
(22, 3)
6188
(21, 1)
6189
(22, 3)
6190
(21, 1)
6191
(21, 1)
6192
(20, 1)
6193
(20, 1)
6194
(21, 2)
6195
(21, 2)
6196
(21, 2)
6197
(21, 1)
6198
(21, 1)
6199
(21, 1)
6200
(21, 1)
6201
(21, 1)
6202
(21, 1)
6203
(22, 3)
6204
(21, 3)
6205
(22, 3)
6206
(21, 3)
6207
(22, 3)
6208
(21, 3)
6209
(22, 3)
6210
(21, 1)
6211
(21, 1)
6212
(15, 7)
6213
(15, 7)
6214
(15, 7)
6215
(15, 7)
6216
(15, 7)
6217
(15, 7)
6218
(15, 7)
6219
(21, 1)
6220
(21, 1)
6221
(21, 1)
6222
(21, 1)
6223
(21, 1)
6224
(22, 3)
6225
(22, 3)
6226
(22, 3)
6227
(21, 1)
6228
(21, 1)
6229
(21, 2)
6230
(21, 2)
6231
(21, 2)
6232
(15, 7)
6233
(21, 1)
6234
(21, 1)
6235
(21, 1)
6236
(20, 1)
6237
(20, 1)
6238
(21, 2)
6239
(21, 2)
6240
(21, 2)
6241
(21, 1)
6242
(21, 1)
6243
(21, 1)
6244
(22, 2)
6245
(22, 2)
6246
(22, 3)
6247
(22, 2)
6248
(22, 2)
6249
(22, 3)
6250
(22, 2)
6251
(22, 2)
6252
(22, 3)
6253
(22, 3)
6254
(21, 1)
6255
(21, 1)
6256
(21, 1)
6257
(21, 1)
6258
(21, 1)
6259
(21, 1)
6260
(21, 1)
6261
(21, 1)
6262
(22, 2)
6263
(22, 2)
6264
(22, 2)
6265
(21, 1)
6266
(21, 1)
6267
(21, 1)
6268
(22, 3)
6269
(22, 3)
6270
(22, 3)
6271
(22, 3)
6272
(22, 3)
6273
(22, 3)
6274
(22, 3)
6275
(22, 3)
6276
(21, 1)
6277
(16, 7)
6278
(16, 7)
6279
(16, 7)
6280
(16, 7)
6281
(16, 7)
6282
(16, 7)
6283
(16, 7)
6284
(20, 1)
6285
(20, 1)
6286
(21, 1)
6287
(21, 1)
6288
(21, 1)
6289
(21, 1)
6290
(21, 1)
6291
(21, 1)
6292
(21, 1)
6293
(21, 1)
6294
(21, 1)
6295
(22, 2)
6296
(22, 2)
6297
(22, 2)
6298
(21, 1)
6299
(21, 1)
6300
(21, 1)
6301
(21, 1)
6302
(20, 1)
6303
(20, 1)
6304
(20, 1)
6305
(22, 2)
6306
(22, 2)
6307
(22, 2)
6308
(21, 2)
6309
(22, 1)
6310
(22, 1)
6311
(22, 1)
6312
(22, 1)
6313
(22, 1)
6314
(22, 2)
6315
(22, 2)
6316
(22, 3)
6317
(22, 3)
6318
(22, 2)
6319
(22, 2)
6320
(22, 3)
6321
(22, 3)
6322
(22, 2)
6323
(22, 2)
6324
(22, 3)
6325
(22, 3)
6326
(22, 2)
6327
(22, 2)
6328
(22, 3)
6329
(22, 3)
6330
(22, 3)
6331
(21, 1)
6332
(20, 1)
6333
(20, 1)
6334
(20, 1)
6335
(20, 1)
6336
(21, 1)
6337
(21, 1)
6338
(20, 1)
6339
(20, 1)
6340
(20, 1)
6341
(20, 1)
6342
(20, 1)
6343
(20, 2)
6344
(20, 2)
6345
(20, 1)
6346
(20, 1)
6347
(20, 1)
6348
(20, 1)
6349
(20, 1)
6350
(20, 2)
6351
(20, 2)
6352
(20, 1)
6353
(20, 1)
6354
(20, 1)
6355
(20, 1)
6356
(20, 1)
6357
(20, 2)
6358
(20, 2)
6359
(20, 1)
6360
(22, 3)
6361
(22, 3)
6362
(22, 3)
6363
(22, 3)
6364
(22, 3)
6365
(21, 1)
6366
(22, 2)
6367
(21, 1)
6368
(21, 1)
6369
(21, 1)
6370
(21, 1)
6371
(21, 1)
6372
(21, 1)
6373
(21, 1)
6374
(23, 3)
6375
(23, 3)
6376
(23, 3)
6377
(22, 1)
6378
(22, 1)
6379
(22, 1)
6380
(22, 2)
6381
(23, 3)
6382
(23, 3)
6383
(23, 3)
6384
(15, 8)
6385
(15, 8)
6386
(15, 8)
6387
(15, 8)
6388
(15, 8)
6389
(15, 8)
6390
(15, 8)
6391
(22, 1)
6392
(21, 1)
6393
(22, 2)
6394
(22, 2)
6395
(22, 2)
6396
(22, 2)
6397
(22, 2)
6398
(22, 2)
6399
(22, 2)
6400
(22, 1)
6401
(22, 2)
6402
(22, 1)
6403
(22, 2)
6404
(22, 2)
6405
(22, 2)
6406
(22, 2)
6407
(22, 3)
6408
(22, 3)
6409
(21, 1)
6410
(21, 1)
6411
(22, 2)
6412
(21, 1)
6413
(22, 1)
6414
(22, 1)
6415
(22, 1)
6416
(21, 1)
6417
(21, 1)
6418
(21, 1)
6419
(21, 1)
6420
(21, 1)
6421
(21, 1)
6422
(21, 2)
6423
(21, 2)
6424
(22, 3)
6425
(22, 3)
6426
(22, 3)
6427
(22, 3)
6428
(22, 3)
6429
(22, 1)
6430
(22, 1)
6431
(22, 2)
6432
(22, 1)
6433
(22, 1)
6434
(22, 1)
6435
(22, 1)
6436
(22, 1)
6437
(22, 2)
6438
(22, 1)
6439
(22, 1)
6440
(22, 2)
6441
(22, 1)
6442
(22, 1)
6443
(22, 1)
6444
(15, 8)
6445
(15, 8)
6446
(15, 8)
6447
(15, 8)
6448
(15, 8)
6449
(15, 8)
6450
(15, 8)
6451
(22, 1)
6452
(22, 1)
6453
(21, 1)
6454
(21, 1)
6455
(22, 1)
6456
(22, 1)
6457
(22, 1)
6458
(23, 3)
6459
(23, 3)
6460
(23, 3)
6461
(23, 3)
6462
(23, 3)
6463
(22, 2)
6464
(23, 2)
6465
(23, 2)
6466
(22, 2)
6467
(23, 2)
6468
(22, 2)
6469
(22, 1)
6470
(22, 1)
6471
(22, 2)
6472
(22, 2)
6473
(22, 2)
6474
(21, 1)
6475
(22, 1)
6476
(22, 1)
6477
(22, 1)
6478
(22, 1)
6479
(22, 1)
6480
(23, 3)
6481
(22, 3)
6482
(23, 3)
6483
(22, 3)
6484
(23, 3)
6485
(22, 3)
6486
(23, 3)
6487
(22, 2)
6488
(22, 2)
6489
(23, 2)
6490
(23, 2)
6491
(23, 3)
6492
(22, 2)
6493
(23, 3)
6494
(22, 2)
6495
(23, 3)
6496
(22, 2)
6497
(22, 2)
6498
(23, 3)
6499
(22, 1)
6500
(22, 1)
defaultdict(<function <lambda> at 0x2b941a211c80>, {(7, 3): 35, (12, 1): 123, (16, 6): 6, (14, 4): 69, (13, 4): 3, (15, 1): 124, (8, 5): 47, (16, 3): 60, (17, 2): 46, (14, 1): 137, (19, 3): 39, (15, 4): 28, (1, 1): 150, (22, 3): 51, (3, 2): 150, (8, 2): 101, (9, 3): 44, (14, 2): 39, (3, 1): 150, (7, 8): 2, (20, 3): 31, (21, 2): 42, (2, 1): 150, (8, 9): 18, (23, 3): 19, (9, 4): 25, (5, 1): 150, (10, 3): 75, (7, 2): 148, (12, 2): 151, (14, 5): 47, (13, 3): 38, (7, 1): 150, (2, 2): 152, (8, 6): 28, (4, 1): 150, (10, 4): 37, (16, 4): 14, (17, 1): 76, (14, 6): 25, (13, 6): 6, (19, 2): 57, (15, 7): 29, (8, 3): 154, (9, 2): 24, (6, 1): 151, (11, 3): 11, (16, 1): 150, (14, 3): 123, (19, 1): 60, (1, 3): 18, (6, 2): 122, (18, 1): 124, (21, 1): 95, (8, 10): 21, (23, 2): 5, (12, 3): 151, (13, 2): 67, (18, 2): 66, (15, 3): 67, (20, 1): 103, (2, 3): 31, (8, 7): 40, (4, 2): 134, (9, 6): 6, (5, 3): 31, (10, 5): 33, (16, 5): 14, (13, 5): 11, (15, 6): 15, (22, 1): 40, (8, 4): 37, (9, 1): 133, (11, 2): 152, (10, 6): 18, (16, 2): 64, (17, 3): 32, (15, 8): 14, (15, 5): 32, (1, 2): 151, (22, 2): 56, (3, 3): 32, (8, 1): 136, (6, 3): 34, (11, 1): 54, (16, 7): 14, (10, 1): 141, (7, 9): 2, (13, 1): 96, (18, 3): 35, (15, 2): 32, (20, 2): 52, (21, 3): 30, (8, 8): 22, (4, 3): 34, (9, 5): 18, (5, 2): 118, (10, 2): 72})
6501
(22, 1)
6502
(22, 1)
6503
(22, 1)
6504
(22, 1)
6505
(22, 1)
6506
(22, 1)
6507
(22, 1)
6508
(22, 1)
6509
(22, 1)
6510
(22, 2)
6511
(22, 2)
6512
(22, 2)
6513
(22, 2)
6514
(22, 1)
6515
(22, 1)
6516
(22, 2)
6517
(22, 2)
6518
(22, 2)
6519
(22, 2)
6520
(22, 1)
6521
(22, 1)
6522
(22, 1)
6523
(16, 8)
6524
(16, 8)
6525
(16, 8)
6526
(16, 8)
6527
(16, 8)
6528
(16, 8)
6529
(16, 8)
6530
(21, 1)
6531
(21, 1)
6532
(21, 1)
6533
(21, 1)
6534
(20, 1)
6535
(20, 1)
6536
(20, 1)
6537
(20, 1)
6538
(20, 2)
6539
(19, 2)
6540
(19, 3)
6541
(19, 3)
6542
(19, 3)
6543
(19, 3)
6544
(19, 3)
6545
(19, 3)
6546
(19, 3)
6547
(18, 3)
6548
(18, 3)
6549
(18, 3)
6550
(18, 3)
6551
(18, 3)
6552
(18, 3)
6553
(18, 3)
6554
(18, 3)
6555
(17, 3)
6556
(17, 3)
6557
(17, 3)
6558
(17, 3)
6559
(17, 3)
6560
(17, 3)
6561
(17, 3)
6562
(17, 3)
6563
(16, 3)
6564
(16, 3)
6565
(16, 3)
6566
(16, 3)
6567
(16, 3)
6568
(16, 3)
6569
(16, 3)
6570
(16, 3)
6571
(16, 3)
6572
(15, 3)
6573
(15, 3)
6574
(15, 3)
6575
(15, 3)
6576
(16, 3)
6577
(15, 2)
6578
(15, 2)
6579
(15, 1)
6580
(15, 1)
6581
(14, 1)
6582
(14, 1)
6583
(14, 1)
6584
(14, 1)
6585
(13, 1)
6586
(13, 1)
6587
(13, 1)
6588
(13, 2)
6589
(16, 3)
6590
(16, 3)
6591
(15, 3)
6592
(16, 3)
6593
(15, 2)
6594
(15, 2)
6595
(15, 1)
6596
(15, 1)
6597
(14, 1)
6598
(14, 1)
6599
(14, 1)
6600
(14, 1)
6601
(13, 1)
6602
(13, 1)
6603
(13, 1)
6604
(13, 2)
6605
(16, 3)
6606
(16, 3)
6607
(16, 3)
6608
(16, 3)
6609
(16, 3)
6610
(16, 3)
6611
(15, 3)
6612
(15, 2)
6613
(15, 2)
6614
(15, 1)
6615
(15, 1)
6616
(14, 1)
6617
(14, 1)
6618
(14, 1)
6619
(14, 1)
6620
(13, 1)
6621
(13, 1)
6622
(13, 1)
6623
(13, 2)
6624
(16, 3)
6625
(16, 3)
6626
(15, 3)
6627
(15, 3)
6628
(15, 3)
6629
(15, 3)
6630
(15, 3)
6631
(15, 3)
6632
(15, 3)
6633
(16, 3)
6634
(16, 3)
6635
(16, 3)
6636
(16, 3)
6637
(16, 3)
6638
(16, 2)
6639
(16, 2)
6640
(16, 3)
6641
(16, 3)
6642
(16, 3)
6643
(16, 3)
6644
(16, 3)
6645
(16, 3)
6646
(16, 2)
6647
(16, 3)
6648
(16, 3)
6649
(16, 3)
6650
(16, 3)
6651
(16, 3)
6652
(16, 3)
6653
(15, 2)
6654
(15, 2)
6655
(15, 1)
6656
(15, 1)
6657
(15, 1)
6658
(14, 1)
6659
(16, 2)
6660
(16, 2)
6661
(15, 1)
6662
(15, 1)
6663
(15, 1)
6664
(15, 1)
6665
(15, 1)
6666
(15, 1)
6667
(15, 2)
6668
(16, 3)
6669
(16, 3)
6670
(16, 3)
6671
(16, 2)
6672
(16, 3)
6673
(16, 3)
6674
(16, 3)
6675
(16, 3)
6676
(16, 3)
6677
(16, 3)
6678
(16, 3)
6679
(16, 3)
6680
(16, 3)
6681
(16, 3)
6682
(15, 3)
6683
(15, 3)
6684
(15, 3)
6685
(15, 3)
6686
(15, 3)
6687
(15, 3)
6688
(15, 3)
6689
(16, 3)
6690
(16, 2)
6691
(16, 2)
6692
(16, 3)
6693
(17, 3)
6694
(16, 3)
6695
(17, 3)
6696
(16, 2)
6697
(16, 2)
6698
(16, 2)
6699
(16, 2)
6700
(16, 2)
6701
(15, 1)
6702
(15, 1)
6703
(15, 1)
6704
(15, 1)
6705
(15, 1)
6706
(15, 1)
6707
(15, 1)
6708
(15, 1)
6709
(16, 3)
6710
(16, 3)
6711
(16, 3)
6712
(16, 3)
6713
(16, 3)
6714
(16, 3)
6715
(16, 3)
6716
(16, 2)
6717
(15, 1)
6718
(15, 1)
6719
(15, 1)
6720
(16, 2)
6721
(16, 2)
6722
(16, 2)
6723
(16, 2)
6724
(17, 3)
6725
(17, 3)
6726
(17, 3)
6727
(16, 2)
6728
(16, 2)
6729
(16, 2)
6730
(16, 2)
6731
(16, 2)
6732
(17, 3)
6733
(16, 2)
6734
(16, 2)
6735
(16, 2)
6736
(16, 2)
6737
(16, 2)
6738
(17, 2)
6739
(17, 3)
6740
(17, 3)
6741
(17, 3)
6742
(17, 2)
6743
(17, 3)
6744
(16, 2)
6745
(16, 3)
6746
(16, 3)
6747
(16, 3)
6748
(16, 3)
6749
(16, 3)
6750
(16, 3)
6751
(16, 3)
6752
(15, 3)
6753
(15, 3)
6754
(15, 3)
6755
(15, 3)
6756
(15, 3)
6757
(15, 3)
6758
(15, 3)
6759
(17, 2)
6760
(16, 2)
6761
(16, 2)
6762
(16, 2)
6763
(17, 2)
6764
(16, 2)
6765
(17, 3)
6766
(17, 3)
6767
(17, 3)
6768
(17, 2)
6769
(17, 3)
6770
(16, 2)
6771
(16, 2)
6772
(17, 2)
6773
(17, 2)
6774
(16, 3)
6775
(16, 3)
6776
(16, 3)
6777
(16, 3)
6778
(16, 3)
6779
(16, 3)
6780
(16, 3)
6781
(17, 2)
6782
(17, 2)
6783
(17, 2)
6784
(17, 2)
6785
(18, 3)
6786
(17, 3)
6787
(17, 3)
6788
(17, 2)
6789
(18, 3)
6790
(16, 2)
6791
(16, 2)
6792
(16, 2)
6793
(17, 2)
6794
(17, 2)
6795
(17, 2)
6796
(17, 2)
6797
(17, 2)
6798
(17, 2)
6799
(18, 3)
6800
(18, 3)
6801
(18, 3)
6802
(18, 3)
6803
(18, 3)
6804
(18, 3)
6805
(17, 2)
6806
(17, 2)
6807
(17, 2)
6808
(17, 2)
6809
(17, 2)
6810
(18, 3)
6811
(18, 3)
6812
(17, 1)
6813
(17, 1)
6814
(16, 3)
6815
(16, 3)
6816
(16, 3)
6817
(16, 3)
6818
(16, 3)
6819
(16, 3)
6820
(16, 3)
6821
(16, 2)
6822
(15, 4)
6823
(15, 4)
6824
(15, 4)
6825
(17, 2)
6826
(17, 2)
6827
(17, 2)
6828
(15, 4)
6829
(15, 4)
6830
(15, 4)
6831
(18, 2)
6832
(18, 3)
6833
(18, 3)
6834
(18, 2)
6835
(18, 3)
6836
(17, 2)
6837
(17, 2)
6838
(17, 2)
6839
(17, 2)
6840
(17, 2)
6841
(17, 2)
6842
(17, 1)
6843
(17, 1)
6844
(17, 1)
6845
(17, 1)
6846
(17, 1)
6847
(17, 1)
6848
(16, 3)
6849
(16, 3)
6850
(16, 3)
6851
(16, 3)
6852
(16, 3)
6853
(16, 3)
6854
(16, 3)
6855
(18, 2)
6856
(17, 1)
6857
(17, 2)
6858
(17, 2)
6859
(18, 3)
6860
(18, 3)
6861
(18, 3)
6862
(18, 2)
6863
(18, 2)
6864
(18, 2)
6865
(17, 2)
6866
(17, 2)
6867
(18, 2)
6868
(18, 2)
6869
(18, 3)
6870
(17, 1)
6871
(17, 1)
6872
(17, 1)
6873
(17, 1)
6874
(17, 1)
6875
(17, 1)
6876
(18, 2)
6877
(18, 2)
6878
(18, 2)
6879
(18, 2)
6880
(17, 2)
6881
(18, 2)
6882
(19, 3)
6883
(18, 3)
6884
(18, 3)
6885
(18, 2)
6886
(19, 3)
6887
(17, 2)
6888
(18, 2)
6889
(17, 1)
6890
(17, 1)
6891
(17, 1)
6892
(17, 2)
6893
(17, 1)
6894
(17, 1)
6895
(17, 1)
6896
(17, 1)
6897
(17, 1)
6898
(17, 1)
6899
(17, 1)
6900
(17, 1)
6901
(17, 1)
6902
(18, 2)
6903
(17, 1)
6904
(17, 1)
6905
(18, 2)
6906
(16, 4)
6907
(16, 4)
6908
(16, 4)
6909
(17, 1)
6910
(16, 4)
6911
(16, 4)
6912
(16, 4)
6913
(16, 4)
6914
(18, 2)
6915
(18, 2)
6916
(18, 2)
6917
(18, 2)
6918
(17, 2)
6919
(17, 2)
6920
(17, 2)
6921
(18, 2)
6922
(18, 2)
6923
(18, 1)
6924
(18, 1)
6925
(18, 1)
6926
(17, 1)
6927
(17, 1)
6928
(17, 1)
6929
(17, 1)
6930
(17, 1)
6931
(17, 1)
6932
(17, 1)
6933
(17, 1)
6934
(17, 1)
6935
(17, 1)
6936
(17, 1)
6937
(17, 1)
6938
(17, 1)
6939
(17, 1)
6940
(15, 4)
6941
(15, 4)
6942
(15, 4)
6943
(19, 3)
6944
(19, 3)
6945
(18, 2)
6946
(17, 1)
6947
(18, 2)
6948
(18, 2)
6949
(18, 2)
6950
(19, 3)
6951
(19, 3)
6952
(19, 3)
6953
(18, 2)
6954
(18, 2)
6955
(18, 2)
6956
(17, 1)
6957
(17, 1)
6958
(16, 4)
6959
(16, 4)
6960
(16, 4)
6961
(17, 1)
6962
(17, 1)
6963
(17, 1)
6964
(17, 1)
6965
(16, 4)
6966
(16, 4)
6967
(16, 4)
6968
(16, 4)
6969
(18, 2)
6970
(17, 1)
6971
(17, 1)
6972
(17, 1)
6973
(19, 3)
6974
(18, 1)
6975
(18, 2)
6976
(19, 3)
6977
(19, 3)
6978
(19, 3)
6979
(19, 3)
6980
(19, 2)
6981
(17, 1)
6982
(18, 2)
6983
(17, 1)
6984
(17, 1)
6985
(17, 1)
6986
(18, 1)
6987
(17, 1)
6988
(18, 1)
6989
(17, 1)
6990
(17, 1)
6991
(17, 1)
6992
(17, 1)
6993
(18, 1)
6994
(17, 1)
6995
(17, 1)
6996
(17, 1)
6997
(17, 1)
6998
(18, 1)
6999
(17, 1)
7000
(17, 1)
defaultdict(<function <lambda> at 0x2b941a211c80>, {(7, 3): 35, (12, 1): 123, (16, 6): 6, (14, 4): 69, (13, 4): 3, (15, 1): 150, (8, 5): 47, (16, 3): 149, (17, 2): 88, (14, 1): 150, (19, 3): 58, (15, 4): 37, (1, 1): 150, (22, 3): 51, (3, 2): 150, (8, 2): 101, (9, 3): 44, (14, 2): 39, (3, 1): 150, (7, 8): 2, (20, 3): 31, (21, 2): 42, (2, 1): 150, (8, 9): 18, (23, 3): 19, (9, 4): 25, (5, 1): 150, (10, 3): 75, (7, 2): 148, (12, 2): 151, (14, 5): 47, (13, 3): 38, (7, 1): 150, (2, 2): 152, (8, 6): 28, (4, 1): 150, (10, 4): 37, (16, 4): 28, (17, 1): 145, (14, 6): 25, (13, 6): 6, (19, 2): 59, (15, 7): 29, (8, 3): 154, (9, 2): 24, (6, 1): 151, (11, 3): 11, (16, 1): 150, (14, 3): 123, (19, 1): 60, (1, 3): 18, (6, 2): 122, (18, 1): 132, (21, 1): 99, (8, 10): 21, (23, 2): 5, (12, 3): 151, (13, 2): 70, (18, 2): 99, (15, 3): 94, (20, 1): 107, (2, 3): 31, (8, 7): 40, (4, 2): 134, (9, 6): 6, (5, 3): 31, (10, 5): 33, (16, 5): 14, (16, 8): 7, (13, 5): 11, (15, 6): 15, (22, 1): 54, (8, 4): 37, (9, 1): 133, (11, 2): 152, (10, 6): 18, (16, 2): 103, (17, 3): 56, (15, 8): 14, (15, 5): 32, (1, 2): 151, (22, 2): 64, (3, 3): 32, (8, 1): 136, (6, 3): 34, (11, 1): 54, (16, 7): 14, (10, 1): 141, (7, 9): 2, (13, 1): 105, (18, 3): 62, (15, 2): 41, (20, 2): 53, (21, 3): 30, (8, 8): 22, (4, 3): 34, (9, 5): 18, (5, 2): 118, (10, 2): 72})
7001
(17, 1)
7002
(17, 1)
7003
(17, 1)
7004
(19, 2)
7005
(18, 2)
7006
(18, 2)
7007
(17, 1)
7008
(19, 2)
7009
(17, 1)
7010
(19, 2)
7011
(18, 1)
7012
(18, 1)
7013
(16, 4)
7014
(16, 4)
7015
(16, 4)
7016
(16, 4)
7017
(16, 4)
7018
(16, 4)
7019
(16, 4)
7020
(19, 2)
7021
(19, 2)
7022
(19, 3)
7023
(19, 3)
7024
(19, 3)
7025
(18, 2)
7026
(18, 2)
7027
(18, 2)
7028
(19, 3)
7029
(19, 3)
7030
(19, 3)
7031
(19, 3)
7032
(19, 3)
7033
(19, 2)
7034
(18, 1)
7035
(18, 1)
7036
(18, 1)
7037
(18, 1)
7038
(19, 2)
7039
(19, 2)
7040
(15, 5)
7041
(15, 5)
7042
(15, 5)
7043
(15, 5)
7044
(15, 5)
7045
(15, 5)
7046
(15, 5)
7047
(19, 2)
7048
(19, 2)
7049
(19, 2)
7050
(19, 2)
7051
(19, 2)
7052
(18, 1)
7053
(18, 1)
7054
(18, 1)
7055
(18, 1)
7056
(18, 1)
7057
(18, 1)
7058
(18, 1)
7059
(18, 1)
7060
(18, 1)
7061
(18, 1)
7062
(18, 1)
7063
(18, 1)
7064
(16, 4)
7065
(16, 4)
7066
(16, 4)
7067
(16, 4)
7068
(19, 2)
7069
(20, 3)
7070
(20, 3)
7071
(20, 3)
7072
(19, 2)
7073
(19, 2)
7074
(20, 3)
7075
(20, 3)
7076
(20, 3)
7077
(19, 2)
7078
(19, 1)
7079
(16, 5)
7080
(16, 5)
7081
(16, 5)
7082
(16, 5)
7083
(16, 5)
7084
(16, 5)
7085
(16, 5)
7086
(19, 2)
7087
(19, 2)
7088
(19, 2)
7089
(19, 2)
7090
(19, 2)
7091
(20, 3)
7092
(20, 3)
7093
(20, 3)
7094
(20, 2)
7095
(20, 2)
7096
(20, 2)
7097
(19, 1)
7098
(20, 3)
7099
(20, 3)
7100
(19, 2)
7101
(20, 3)
7102
(20, 3)
7103
(19, 2)
7104
(19, 2)
7105
(19, 1)
7106
(19, 2)
7107
(19, 2)
7108
(19, 2)
7109
(19, 2)
7110
(19, 2)
7111
(19, 1)
7112
(20, 2)
7113
(20, 2)
7114
(20, 2)
7115
(19, 1)
7116
(19, 1)
7117
(19, 1)
7118
(19, 1)
7119
(19, 1)
7120
(19, 1)
7121
(15, 5)
7122
(15, 5)
7123
(15, 5)
7124
(15, 5)
7125
(20, 2)
7126
(20, 3)
7127
(20, 3)
7128
(20, 2)
7129
(20, 2)
7130
(20, 2)
7131
(19, 1)
7132
(19, 1)
7133
(19, 1)
7134
(19, 1)
7135
(19, 1)
7136
(20, 3)
7137
(20, 3)
7138
(20, 3)
7139
(20, 3)
7140
(20, 3)
7141
(20, 3)
7142
(16, 5)
7143
(16, 5)
7144
(16, 5)
7145
(16, 5)
7146
(16, 5)
7147
(16, 5)
7148
(16, 5)
7149
(19, 1)
7150
(20, 2)
7151
(19, 1)
7152
(19, 1)
7153
(20, 2)
7154
(20, 2)
7155
(20, 2)
7156
(20, 2)
7157
(20, 2)
7158
(20, 2)
7159
(19, 1)
7160
(20, 2)
7161
(19, 1)
7162
(20, 3)
7163
(20, 3)
7164
(20, 3)
7165
(20, 3)
7166
(19, 1)
7167
(20, 2)
7168
(20, 2)
7169
(19, 1)
7170
(19, 1)
7171
(19, 1)
7172
(19, 1)
7173
(20, 3)
7174
(20, 3)
7175
(20, 3)
7176
(20, 3)
7177
(20, 1)
7178
(20, 1)
7179
(16, 5)
7180
(16, 5)
7181
(16, 5)
7182
(16, 5)
7183
(16, 5)
7184
(16, 5)
7185
(16, 5)
7186
(19, 1)
7187
(19, 1)
7188
(19, 1)
7189
(19, 1)
7190
(19, 1)
7191
(20, 1)
7192
(19, 1)
7193
(19, 1)
7194
(19, 1)
7195
(19, 1)
7196
(19, 1)
7197
(19, 2)
7198
(19, 2)
7199
(19, 3)
7200
(19, 1)
7201
(19, 1)
7202
(19, 1)
7203
(19, 1)
7204
(19, 1)
7205
(19, 2)
7206
(19, 2)
7207
(19, 3)
7208
(19, 1)
7209
(19, 1)
7210
(19, 1)
7211
(19, 1)
7212
(19, 1)
7213
(19, 2)
7214
(19, 2)
7215
(19, 1)
7216
(19, 1)
7217
(19, 1)
7218
(19, 1)
7219
(19, 1)
7220
(20, 2)
7221
(20, 2)
7222
(20, 2)
7223
(20, 2)
7224
(20, 2)
7225
(20, 2)
7226
(21, 3)
7227
(21, 3)
7228
(21, 3)
7229
(20, 2)
7230
(20, 2)
7231
(19, 1)
7232
(20, 1)
7233
(19, 1)
7234
(19, 1)
7235
(19, 1)
7236
(19, 1)
7237
(19, 1)
7238
(19, 2)
7239
(19, 2)
7240
(19, 3)
7241
(19, 1)
7242
(19, 1)
7243
(19, 1)
7244
(19, 1)
7245
(19, 1)
7246
(19, 2)
7247
(19, 2)
7248
(19, 3)
7249
(21, 3)
7250
(21, 3)
7251
(21, 3)
7252
(20, 1)
7253
(20, 2)
7254
(20, 2)
7255
(19, 1)
7256
(19, 1)
7257
(19, 1)
7258
(15, 6)
7259
(15, 6)
7260
(15, 6)
7261
(15, 6)
7262
(15, 6)
7263
(15, 6)
7264
(15, 6)
7265
(20, 1)
7266
(20, 2)
7267
(20, 2)
7268
(20, 2)
7269
(16, 5)
7270
(16, 5)
7271
(16, 5)
7272
(16, 5)
7273
(16, 5)
7274
(16, 5)
7275
(16, 5)
7276
(20, 1)
7277
(20, 1)
7278
(20, 1)
7279
(20, 1)
7280
(20, 1)
7281
(19, 1)
7282
(19, 1)
7283
(19, 1)
7284
(20, 1)
7285
(20, 1)
7286
(20, 2)
7287
(20, 2)
7288
(21, 3)
7289
(21, 3)
7290
(21, 3)
7291
(21, 2)
7292
(21, 2)
7293
(21, 2)
7294
(19, 1)
7295
(19, 1)
7296
(19, 1)
7297
(19, 1)
7298
(19, 1)
7299
(19, 1)
7300
(19, 1)
7301
(19, 1)
7302
(19, 2)
7303
(19, 2)
7304
(19, 3)
7305
(19, 1)
7306
(19, 1)
7307
(19, 1)
7308
(19, 1)
7309
(19, 1)
7310
(19, 2)
7311
(19, 2)
7312
(19, 3)
7313
(19, 1)
7314
(19, 1)
7315
(19, 1)
7316
(19, 1)
7317
(19, 1)
7318
(19, 2)
7319
(19, 2)
7320
(20, 1)
7321
(21, 3)
7322
(21, 3)
7323
(20, 2)
7324
(21, 3)
7325
(21, 3)
7326
(21, 3)
7327
(21, 3)
7328
(21, 3)
7329
(21, 3)
7330
(20, 1)
7331
(20, 1)
7332
(20, 1)
7333
(21, 2)
7334
(21, 2)
7335
(21, 2)
7336
(16, 6)
7337
(16, 6)
7338
(16, 6)
7339
(16, 6)
7340
(16, 6)
7341
(16, 6)
7342
(16, 6)
7343
(21, 2)
7344
(21, 2)
7345
(20, 1)
7346
(20, 1)
7347
(20, 1)
7348
(21, 3)
7349
(21, 3)
7350
(21, 3)
7351
(21, 2)
7352
(21, 2)
7353
(21, 2)
7354
(20, 1)
7355
(20, 1)
7356
(20, 1)
7357
(21, 3)
7358
(21, 3)
7359
(21, 3)
7360
(21, 1)
7361
(21, 1)
7362
(21, 1)
7363
(21, 1)
7364
(20, 1)
7365
(20, 1)
7366
(20, 1)
7367
(20, 1)
7368
(20, 2)
7369
(19, 2)
7370
(21, 1)
7371
(21, 1)
7372
(21, 1)
7373
(21, 1)
7374
(20, 1)
7375
(20, 1)
7376
(20, 1)
7377
(20, 1)
7378
(20, 2)
7379
(19, 2)
7380
(21, 1)
7381
(20, 1)
7382
(20, 1)
7383
(21, 2)
7384
(21, 2)
7385
(22, 1)
7386
(22, 1)
7387
(22, 1)
7388
(22, 1)
7389
(23, 2)
7390
(22, 1)
7391
(22, 1)
7392
(22, 1)
7393
(22, 1)
7394
(22, 1)
7395
(21, 1)
7396
(21, 1)
7397
(23, 2)
7398
(23, 2)
7399
(22, 1)
7400
(22, 1)
7401
(23, 2)
7402
(23, 2)
7403
(21, 2)
7404
(21, 2)
7405
(21, 2)
7406
(21, 2)
7407
(22, 2)
7408
(22, 1)
7409
(22, 1)
7410
(21, 2)
7411
(22, 1)
7412
(22, 1)
7413
(22, 1)
7414
(21, 2)
7415
(21, 2)
7416
(23, 2)
7417
(23, 2)
7418
(22, 1)
7419
(21, 3)
7420
(21, 3)
7421
(22, 1)
7422
(22, 1)
7423
(22, 1)
7424
(22, 1)
7425
(21, 2)
7426
(21, 2)
7427
(21, 2)
7428
(21, 1)
7429
(21, 1)
7430
(21, 1)
7431
(21, 3)
7432
(21, 3)
7433
(21, 3)
7434
(21, 3)
7435
(16, 6)
7436
(16, 6)
7437
(16, 6)
7438
(16, 6)
7439
(16, 6)
7440
(16, 6)
7441
(16, 6)
7442
(15, 7)
7443
(15, 7)
7444
(15, 7)
7445
(15, 7)
7446
(15, 7)
7447
(15, 7)
7448
(15, 7)
7449
(22, 1)
7450
(22, 1)
7451
(22, 1)
7452
(22, 1)
7453
(22, 1)
7454
(22, 1)
7455
(21, 1)
7456
(23, 2)
7457
(21, 1)
7458
(21, 1)
7459
(21, 1)
7460
(23, 1)
7461
(22, 2)
7462
(23, 1)
7463
(22, 2)
7464
(23, 1)
7465
(20, 1)
7466
(22, 1)
7467
(22, 1)
7468
(23, 2)
7469
(22, 1)
7470
(22, 1)
7471
(21, 1)
7472
(21, 1)
7473
(23, 2)
7474
(23, 2)
7475
(23, 2)
7476
(23, 2)
7477
(23, 2)
7478
(23, 2)
7479
(23, 2)
7480
(23, 2)
7481
(23, 2)
7482
(23, 2)
7483
(23, 2)
7484
(23, 2)
7485
(22, 1)
7486
(22, 1)
7487
(22, 1)
7488
(21, 2)
7489
(21, 2)
7490
(21, 2)
7491
(21, 2)
7492
(22, 1)
7493
(22, 1)
7494
(22, 1)
7495
(22, 1)
7496
(22, 1)
7497
(15, 9)
7498
(15, 9)
7499
(15, 9)
7500
(22, 1)
defaultdict(<function <lambda> at 0x2b941a211c80>, {(7, 3): 35, (12, 1): 123, (16, 6): 20, (14, 4): 69, (13, 4): 3, (15, 1): 150, (8, 5): 47, (16, 3): 149, (17, 2): 88, (14, 1): 150, (19, 3): 72, (15, 4): 37, (1, 1): 150, (22, 3): 51, (3, 2): 150, (8, 2): 101, (9, 3): 44, (14, 2): 39, (3, 1): 150, (7, 8): 2, (20, 3): 60, (21, 2): 69, (2, 1): 150, (8, 9): 18, (23, 3): 19, (9, 4): 25, (5, 1): 150, (10, 3): 75, (7, 2): 148, (12, 2): 151, (14, 5): 47, (13, 3): 38, (7, 1): 150, (2, 2): 152, (8, 6): 28, (4, 1): 150, (10, 4): 37, (16, 4): 39, (17, 1): 150, (14, 6): 25, (13, 6): 6, (19, 2): 107, (15, 7): 36, (8, 3): 154, (9, 2): 24, (6, 1): 151, (11, 3): 11, (16, 1): 150, (15, 9): 3, (14, 3): 123, (19, 1): 145, (1, 3): 18, (6, 2): 122, (18, 1): 150, (21, 1): 119, (8, 10): 21, (23, 2): 26, (12, 3): 151, (13, 2): 70, (18, 2): 104, (15, 3): 94, (20, 1): 141, (2, 3): 31, (8, 7): 40, (23, 1): 3, (4, 2): 134, (9, 6): 6, (5, 3): 31, (10, 5): 33, (16, 5): 42, (16, 8): 7, (13, 5): 11, (15, 6): 22, (22, 1): 94, (8, 4): 37, (9, 1): 133, (11, 2): 152, (10, 6): 18, (16, 2): 103, (17, 3): 56, (15, 8): 14, (15, 5): 43, (1, 2): 151, (22, 2): 67, (3, 3): 32, (8, 1): 136, (6, 3): 34, (11, 1): 54, (16, 7): 14, (10, 1): 141, (7, 9): 2, (13, 1): 105, (18, 3): 62, (15, 2): 41, (20, 2): 91, (21, 3): 59, (8, 8): 22, (4, 3): 34, (9, 5): 18, (5, 2): 118, (10, 2): 72})
7501
(22, 1)
7502
(15, 9)
7503
(15, 9)
7504
(15, 9)
7505
(22, 3)
7506
(22, 3)
7507
(22, 3)
7508
(22, 1)
7509
(22, 1)
7510
(22, 3)
7511
(21, 2)
7512
(21, 2)
7513
(21, 2)
7514
(21, 1)
7515
(21, 1)
7516
(21, 1)
7517
(21, 1)
7518
(21, 1)
7519
(22, 3)
7520
(22, 3)
7521
(22, 3)
7522
(21, 1)
7523
(21, 1)
7524
(22, 1)
7525
(22, 1)
7526
(23, 1)
7527
(23, 1)
7528
(21, 1)
7529
(21, 1)
7530
(21, 1)
7531
(23, 2)
7532
(23, 1)
7533
(23, 2)
7534
(23, 2)
7535
(23, 2)
7536
(23, 2)
7537
(23, 2)
7538
(23, 2)
7539
(23, 2)
7540
(23, 2)
7541
(23, 2)
7542
(23, 2)
7543
(23, 2)
7544
(22, 2)
7545
(22, 2)
7546
(22, 2)
7547
(22, 2)
7548
(22, 2)
7549
(22, 2)
7550
(22, 2)
7551
(22, 2)
7552
(21, 2)
7553
(21, 2)
7554
(21, 2)
7555
(21, 2)
7556
(21, 2)
7557
(21, 2)
7558
(21, 2)
7559
(21, 2)
7560
(20, 2)
7561
(20, 2)
7562
(20, 2)
7563
(20, 2)
7564
(20, 2)
7565
(20, 2)
7566
(20, 2)
7567
(20, 2)
7568
(19, 2)
7569
(19, 2)
7570
(19, 2)
7571
(19, 2)
7572
(19, 2)
7573
(19, 2)
7574
(19, 2)
7575
(19, 2)
7576
(18, 2)
7577
(18, 2)
7578
(18, 2)
7579
(18, 2)
7580
(18, 2)
7581
(18, 2)
7582
(18, 2)
7583
(18, 2)
7584
(17, 2)
7585
(17, 2)
7586
(17, 2)
7587
(17, 2)
7588
(17, 2)
7589
(17, 2)
7590
(17, 2)
7591
(17, 2)
7592
(16, 2)
7593
(16, 2)
7594
(16, 2)
7595
(16, 2)
7596
(16, 2)
7597
(16, 3)
7598
(16, 2)
7599
(16, 2)
7600
(15, 3)
7601
(15, 3)
7602
(15, 3)
7603
(15, 3)
7604
(16, 2)
7605
(15, 2)
7606
(15, 3)
7607
(15, 3)
7608
(15, 3)
7609
(15, 3)
7610
(15, 3)
7611
(15, 3)
7612
(15, 3)
7613
(15, 3)
7614
(15, 3)
7615
(15, 3)
7616
(15, 3)
7617
(15, 3)
7618
(15, 2)
7619
(15, 2)
7620
(15, 3)
7621
(15, 3)
7622
(15, 3)
7623
(15, 3)
7624
(15, 3)
7625
(15, 3)
7626
(15, 3)
7627
(16, 2)
7628
(15, 2)
7629
(15, 3)
7630
(15, 3)
7631
(15, 2)
7632
(15, 2)
7633
(16, 2)
7634
(15, 2)
7635
(15, 3)
7636
(15, 3)
7637
(15, 2)
7638
(15, 2)
7639
(16, 2)
7640
(15, 3)
7641
(15, 3)
7642
(15, 3)
7643
(15, 3)
7644
(15, 3)
7645
(15, 3)
7646
(15, 3)
7647
(15, 2)
7648
(15, 2)
7649
(16, 2)
7650
(16, 2)
7651
(16, 2)
7652
(15, 3)
7653
(16, 2)
7654
(15, 2)
7655
(15, 2)
7656
(16, 2)
7657
(16, 2)
7658
(16, 2)
7659
(15, 3)
7660
(16, 2)
7661
(15, 2)
7662
(15, 2)
7663
(16, 2)
7664
(16, 2)
7665
(16, 2)
7666
(16, 2)
7667
(16, 2)
7668
(16, 2)
7669
(16, 2)
7670
(16, 2)
7671
(16, 2)
7672
(15, 2)
7673
(16, 2)
7674
(16, 2)
7675
(16, 2)
7676
(15, 2)
7677
(15, 3)
7678
(15, 3)
7679
(15, 3)
7680
(15, 3)
7681
(15, 3)
7682
(15, 3)
7683
(15, 3)
7684
(15, 3)
7685
(15, 3)
7686
(15, 3)
7687
(15, 3)
7688
(15, 3)
7689
(15, 3)
7690
(16, 2)
7691
(16, 2)
7692
(16, 2)
7693
(15, 2)
7694
(16, 2)
7695
(16, 2)
7696
(16, 2)
7697
(16, 2)
7698
(16, 2)
7699
(16, 2)
7700
(16, 2)
7701
(16, 2)
7702
(16, 2)
7703
(16, 2)
7704
(16, 2)
7705
(16, 2)
7706
(17, 2)
7707
(17, 2)
7708
(16, 2)
7709
(17, 2)
7710
(15, 3)
7711
(15, 3)
7712
(15, 3)
7713
(15, 3)
7714
(15, 3)
7715
(15, 3)
7716
(15, 3)
7717
(15, 4)
7718
(15, 4)
7719
(15, 4)
7720
(15, 4)
7721
(15, 4)
7722
(15, 4)
7723
(15, 4)
7724
(17, 2)
7725
(17, 2)
7726
(17, 2)
7727
(17, 2)
7728
(17, 2)
7729
(17, 2)
7730
(17, 2)
7731
(17, 2)
7732
(17, 2)
7733
(17, 2)
7734
(17, 2)
7735
(17, 2)
7736
(17, 2)
7737
(15, 4)
7738
(15, 4)
7739
(15, 4)
7740
(15, 4)
7741
(15, 4)
7742
(15, 4)
7743
(15, 4)
7744
(17, 2)
7745
(17, 2)
7746
(17, 2)
7747
(17, 2)
7748
(17, 2)
7749
(17, 2)
7750
(17, 2)
7751
(17, 2)
7752
(17, 2)
7753
(17, 2)
7754
(17, 2)
7755
(17, 2)
7756
(15, 4)
7757
(15, 4)
7758
(15, 4)
7759
(15, 4)
7760
(15, 4)
7761
(15, 4)
7762
(15, 4)
7763
(17, 2)
7764
(17, 2)
7765
(17, 2)
7766
(17, 2)
7767
(17, 2)
7768
(17, 2)
7769
(17, 2)
7770
(17, 2)
7771
(18, 2)
7772
(18, 2)
7773
(18, 2)
7774
(18, 2)
7775
(18, 2)
7776
(18, 2)
7777
(17, 2)
7778
(17, 2)
7779
(17, 2)
7780
(18, 2)
7781
(17, 2)
7782
(18, 2)
7783
(18, 2)
7784
(18, 2)
7785
(15, 4)
7786
(15, 4)
7787
(15, 4)
7788
(15, 4)
7789
(17, 2)
7790
(17, 2)
7791
(17, 2)
7792
(17, 2)
7793
(17, 2)
7794
(17, 2)
7795
(17, 2)
7796
(17, 2)
7797
(15, 5)
7798
(15, 5)
7799
(15, 5)
7800
(15, 5)
7801
(15, 5)
7802
(15, 5)
7803
(15, 5)
7804
(17, 2)
7805
(17, 2)
7806
(18, 2)
7807
(18, 2)
7808
(17, 2)
7809
(17, 2)
7810
(17, 2)
7811
(18, 2)
7812
(18, 2)
7813
(18, 2)
7814
(18, 2)
7815
(18, 2)
7816
(17, 2)
7817
(18, 2)
7818
(18, 2)
7819
(18, 2)
7820
(18, 2)
7821
(18, 2)
7822
(18, 2)
7823
(18, 2)
7824
(18, 2)
7825
(15, 5)
7826
(15, 5)
7827
(15, 5)
7828
(15, 5)
7829
(15, 5)
7830
(15, 5)
7831
(15, 5)
7832
(18, 2)
7833
(18, 2)
7834
(18, 2)
7835
(18, 2)
7836
(18, 2)
7837
(18, 2)
7838
(18, 2)
7839
(18, 2)
7840
(18, 2)
7841
(18, 2)
7842
(18, 2)
7843
(18, 2)
7844
(18, 2)
7845
(15, 5)
7846
(15, 5)
7847
(15, 5)
7848
(15, 5)
7849
(15, 5)
7850
(15, 5)
7851
(15, 5)
7852
(19, 2)
7853
(19, 2)
7854
(19, 2)
7855
(19, 2)
7856
(19, 2)
7857
(19, 2)
7858
(19, 2)
7859
(19, 2)
7860
(19, 2)
7861
(19, 2)
7862
(19, 2)
7863
(19, 2)
7864
(19, 2)
7865
(19, 2)
7866
(19, 2)
7867
(19, 2)
7868
(19, 2)
7869
(15, 5)
7870
(15, 5)
7871
(15, 5)
7872
(15, 5)
7873
(15, 5)
7874
(15, 5)
7875
(19, 2)
7876
(19, 2)
7877
(19, 2)
7878
(19, 2)
7879
(19, 2)
7880
(19, 2)
7881
(19, 2)
7882
(19, 2)
7883
(19, 2)
7884
(19, 2)
7885
(19, 2)
7886
(19, 2)
7887
(20, 2)
7888
(19, 2)
7889
(19, 2)
7890
(19, 2)
7891
(20, 2)
7892
(19, 2)
7893
(19, 2)
7894
(19, 2)
7895
(19, 2)
7896
(20, 2)
7897
(20, 2)
7898
(20, 2)
7899
(20, 2)
7900
(20, 2)
7901
(20, 2)
7902
(20, 2)
7903
(20, 2)
7904
(20, 2)
7905
(20, 2)
7906
(20, 2)
7907
(20, 2)
7908
(15, 6)
7909
(15, 6)
7910
(15, 6)
7911
(15, 6)
7912
(15, 6)
7913
(15, 6)
7914
(15, 6)
7915
(20, 2)
7916
(20, 2)
7917
(20, 2)
7918
(20, 2)
7919
(20, 2)
7920
(20, 2)
7921
(20, 2)
7922
(20, 2)
7923
(20, 2)
7924
(20, 2)
7925
(20, 2)
7926
(20, 2)
7927
(20, 2)
7928
(20, 2)
7929
(20, 2)
7930
(20, 2)
7931
(20, 2)
7932
(20, 2)
7933
(20, 2)
7934
(20, 2)
7935
(20, 2)
7936
(20, 2)
7937
(20, 2)
7938
(20, 2)
7939
(20, 2)
7940
(20, 2)
7941
(21, 2)
7942
(20, 2)
7943
(20, 2)
7944
(20, 2)
7945
(21, 2)
7946
(20, 2)
7947
(20, 2)
7948
(20, 2)
7949
(20, 2)
7950
(21, 2)
7951
(20, 2)
7952
(20, 2)
7953
(19, 1)
7954
(19, 1)
7955
(19, 1)
7956
(19, 1)
7957
(19, 1)
7958
(15, 6)
7959
(15, 6)
7960
(15, 6)
7961
(15, 6)
7962
(15, 6)
7963
(15, 6)
7964
(20, 2)
7965
(20, 2)
7966
(21, 2)
7967
(21, 2)
7968
(21, 2)
7969
(21, 2)
7970
(21, 2)
7971
(21, 2)
7972
(21, 2)
7973
(20, 1)
7974
(20, 1)
7975
(21, 2)
7976
(21, 2)
7977
(21, 2)
7978
(21, 2)
7979
(21, 2)
7980
(21, 2)
7981
(21, 2)
7982
(21, 2)
7983
(21, 2)
7984
(21, 2)
7985
(21, 2)
7986
(21, 2)
7987
(21, 2)
7988
(21, 2)
7989
(21, 2)
7990
(21, 2)
7991
(21, 2)
7992
(21, 2)
7993
(21, 2)
7994
(21, 2)
7995
(21, 2)
7996
(21, 2)
7997
(21, 2)
7998
(21, 2)
7999
(21, 2)
8000
(21, 2)
defaultdict(<function <lambda> at 0x2b941a211c80>, {(7, 3): 35, (12, 1): 123, (16, 6): 20, (14, 4): 69, (13, 4): 3, (15, 1): 150, (8, 5): 47, (16, 3): 150, (17, 2): 150, (14, 1): 150, (19, 3): 72, (15, 4): 62, (1, 1): 150, (22, 3): 58, (3, 2): 150, (8, 2): 101, (9, 3): 44, (14, 2): 39, (3, 1): 150, (7, 8): 2, (20, 3): 60, (21, 2): 116, (2, 1): 150, (8, 9): 18, (23, 3): 19, (9, 4): 25, (5, 1): 150, (10, 3): 75, (7, 2): 148, (12, 2): 151, (14, 5): 47, (13, 3): 38, (7, 1): 150, (2, 2): 152, (8, 6): 28, (4, 1): 150, (10, 4): 37, (16, 4): 39, (17, 1): 150, (14, 6): 25, (13, 6): 6, (19, 2): 151, (15, 7): 36, (8, 3): 154, (9, 2): 24, (6, 1): 151, (11, 3): 11, (16, 1): 150, (15, 9): 6, (14, 3): 123, (19, 1): 150, (1, 3): 18, (6, 2): 122, (18, 1): 150, (21, 1): 129, (8, 10): 21, (23, 2): 38, (12, 3): 151, (13, 2): 70, (18, 2): 150, (15, 3): 150, (20, 1): 143, (2, 3): 31, (8, 7): 40, (23, 1): 6, (4, 2): 134, (9, 6): 6, (5, 3): 31, (10, 5): 33, (16, 5): 42, (16, 8): 7, (13, 5): 11, (15, 6): 35, (22, 1): 99, (8, 4): 37, (9, 1): 133, (11, 2): 152, (10, 6): 18, (16, 2): 150, (17, 3): 56, (15, 8): 14, (15, 5): 70, (1, 2): 151, (22, 2): 75, (3, 3): 32, (8, 1): 136, (6, 3): 34, (11, 1): 54, (16, 7): 14, (10, 1): 141, (7, 9): 2, (13, 1): 105, (18, 3): 62, (15, 2): 59, (20, 2): 150, (21, 3): 59, (8, 8): 22, (4, 3): 34, (9, 5): 18, (5, 2): 118, (10, 2): 72})
8001
(22, 2)
8002
(21, 2)
8003
(21, 2)
8004
(22, 2)
8005
(21, 2)
8006
(15, 7)
8007
(15, 7)
8008
(15, 7)
8009
(21, 2)
8010
(21, 2)
8011
(15, 7)
8012
(15, 7)
8013
(15, 7)
8014
(15, 7)
8015
(21, 2)
8016
(21, 2)
8017
(20, 1)
8018
(20, 1)
8019
(20, 1)
8020
(20, 1)
8021
(20, 1)
8022
(20, 1)
8023
(20, 1)
8024
(21, 2)
8025
(21, 2)
8026
(21, 2)
8027
(21, 2)
8028
(22, 2)
8029
(22, 2)
8030
(22, 2)
8031
(21, 2)
8032
(22, 2)
8033
(22, 2)
8034
(22, 2)
8035
(21, 2)
8036
(21, 2)
8037
(21, 2)
8038
(21, 2)
8039
(22, 2)
8040
(21, 1)
8041
(21, 1)
8042
(21, 2)
8043
(21, 2)
8044
(21, 2)
8045
(22, 2)
8046
(22, 2)
8047
(22, 2)
8048
(22, 2)
8049
(22, 2)
8050
(21, 2)
8051
(21, 2)
8052
(21, 2)
8053
(21, 2)
8054
(21, 2)
8055
(21, 2)
8056
(21, 1)
8057
(21, 1)
8058
(21, 1)
8059
(21, 1)
8060
(21, 1)
8061
(21, 1)
8062
(22, 2)
8063
(21, 2)
8064
(21, 2)
8065
(15, 7)
8066
(15, 7)
8067
(15, 7)
8068
(15, 7)
8069
(15, 7)
8070
(15, 7)
8071
(15, 7)
8072
(22, 2)
8073
(22, 2)
8074
(22, 2)
8075
(22, 2)
8076
(22, 2)
8077
(21, 2)
8078
(21, 2)
8079
(22, 2)
8080
(22, 2)
8081
(22, 2)
8082
(22, 2)
8083
(22, 2)
8084
(22, 2)
8085
(22, 2)
8086
(21, 1)
8087
(21, 1)
8088
(21, 1)
8089
(21, 1)
8090
(21, 1)
8091
(21, 1)
8092
(22, 2)
8093
(22, 2)
8094
(22, 2)
8095
(21, 2)
8096
(21, 2)
8097
(21, 2)
8098
(21, 2)
8099
(22, 2)
8100
(22, 2)
8101
(21, 1)
8102
(21, 1)
8103
(21, 1)
8104
(21, 1)
8105
(22, 2)
8106
(21, 1)
8107
(21, 1)
8108
(21, 1)
8109
(22, 2)
8110
(22, 2)
8111
(21, 2)
8112
(21, 2)
8113
(21, 2)
8114
(22, 2)
8115
(22, 2)
8116
(22, 1)
8117
(22, 2)
8118
(22, 2)
8119
(22, 2)
8120
(22, 2)
8121
(22, 2)
8122
(22, 2)
8123
(22, 2)
8124
(22, 2)
8125
(15, 7)
8126
(15, 7)
8127
(15, 7)
8128
(15, 7)
8129
(15, 7)
8130
(15, 7)
8131
(15, 7)
8132
(22, 2)
8133
(23, 2)
8134
(22, 2)
8135
(23, 2)
8136
(22, 2)
8137
(22, 2)
8138
(23, 2)
8139
(22, 2)
8140
(22, 2)
8141
(22, 1)
8142
(22, 1)
8143
(22, 1)
8144
(23, 2)
8145
(22, 1)
8146
(22, 1)
8147
(22, 1)
8148
(22, 1)
8149
(22, 1)
8150
(22, 1)
8151
(22, 1)
8152
(22, 1)
8153
(22, 1)
8154
(22, 1)
8155
(22, 2)
8156
(22, 2)
8157
(22, 1)
8158
(22, 1)
8159
(22, 1)
8160
(22, 1)
8161
(22, 1)
8162
(22, 2)
8163
(22, 2)
8164
(22, 1)
8165
(22, 1)
8166
(22, 1)
8167
(22, 1)
8168
(22, 1)
8169
(22, 2)
8170
(22, 2)
8171
(22, 1)
8172
(16, 7)
8173
(16, 7)
8174
(16, 7)
8175
(16, 7)
8176
(16, 7)
8177
(16, 7)
8178
(16, 7)
8179
(23, 1)
8180
(22, 2)
8181
(22, 2)
8182
(23, 1)
8183
(23, 1)
8184
(23, 1)
8185
(22, 2)
8186
(23, 1)
8187
(22, 2)
8188
(15, 9)
8189
(15, 9)
8190
(15, 9)
8191
(15, 9)
8192
(15, 9)
8193
(15, 9)
8194
(15, 9)
8195
(23, 1)
8196
(23, 1)
8197
(23, 1)
8198
(22, 3)
8199
(23, 1)
8200
(23, 1)
8201
(22, 1)
8202
(22, 1)
8203
(23, 1)
8204
(23, 1)
8205
(23, 1)
8206
(22, 2)
8207
(22, 2)
8208
(15, 7)
8209
(15, 7)
8210
(15, 7)
8211
(15, 7)
8212
(15, 7)
8213
(15, 7)
8214
(15, 7)
8215
(23, 2)
8216
(23, 1)
8217
(23, 1)
8218
(23, 2)
8219
(23, 2)
8220
(23, 2)
8221
(23, 2)
8222
(23, 2)
8223
(23, 2)
8224
(23, 2)
8225
(23, 2)
8226
(23, 2)
8227
(23, 2)
8228
(23, 2)
8229
(23, 2)
8230
(23, 2)
8231
(22, 2)
8232
(22, 2)
8233
(22, 2)
8234
(22, 2)
8235
(22, 2)
8236
(22, 2)
8237
(22, 2)
8238
(22, 2)
8239
(22, 2)
8240
(22, 2)
8241
(22, 2)
8242
(22, 2)
8243
(23, 2)
8244
(23, 2)
8245
(23, 2)
8246
(22, 3)
8247
(22, 3)
8248
(23, 1)
8249
(23, 1)
8250
(23, 2)
8251
(23, 2)
8252
(23, 2)
8253
(23, 2)
8254
(22, 3)
8255
(22, 3)
8256
(23, 1)
8257
(23, 1)
8258
(23, 2)
8259
(23, 2)
8260
(23, 1)
8261
(23, 1)
8262
(23, 2)
8263
(22, 3)
8264
(22, 3)
8265
(22, 1)
8266
(23, 2)
8267
(23, 2)
8268
(23, 1)
8269
(23, 1)
8270
(22, 1)
8271
(22, 1)
8272
(22, 1)
8273
(23, 1)
8274
(23, 1)
8275
(23, 1)
8276
(23, 1)
8277
(23, 2)
8278
(23, 2)
8279
(23, 2)
8280
(23, 2)
8281
(23, 2)
8282
(23, 2)
8283
(23, 2)
8284
(23, 2)
8285
(23, 2)
8286
(23, 2)
8287
(23, 2)
8288
(23, 1)
8289
(23, 1)
8290
(23, 1)
8291
(23, 2)
8292
(23, 2)
8293
(23, 2)
8294
(23, 2)
8295
(23, 1)
8296
(23, 1)
8297
(23, 1)
8298
(23, 1)
8299
(23, 2)
8300
(23, 2)
8301
(23, 2)
8302
(23, 2)
8303
(23, 1)
8304
(23, 1)
8305
(23, 1)
8306
(23, 2)
8307
(23, 2)
8308
(22, 1)
8309
(22, 1)
8310
(16, 9)
8311
(16, 9)
8312
(16, 9)
8313
(22, 1)
8314
(22, 1)
8315
(16, 9)
8316
(16, 9)
8317
(16, 9)
8318
(16, 9)
8319
(23, 1)
8320
(23, 1)
8321
(23, 1)
8322
(23, 1)
8323
(23, 2)
8324
(23, 2)
8325
(23, 2)
8326
(23, 2)
8327
(23, 2)
8328
(23, 2)
8329
(23, 2)
8330
(23, 2)
8331
(23, 2)
8332
(23, 2)
8333
(23, 2)
8334
(23, 2)
8335
(23, 2)
8336
(23, 2)
8337
(23, 2)
8338
(23, 2)
8339
(23, 2)
8340
(23, 2)
8341
(23, 2)
8342
(23, 1)
8343
(23, 1)
8344
(23, 1)
8345
(23, 1)
8346
(23, 2)
8347
(23, 2)
8348
(23, 2)
8349
(23, 1)
8350
(23, 1)
8351
(23, 1)
8352
(23, 1)
8353
(23, 2)
8354
(23, 2)
8355
(22, 3)
8356
(22, 3)
8357
(16, 7)
8358
(16, 7)
8359
(16, 7)
8360
(22, 1)
8361
(16, 7)
8362
(16, 7)
8363
(16, 7)
8364
(22, 1)
8365
(23, 2)
8366
(22, 3)
8367
(22, 3)
8368
(22, 3)
8369
(22, 3)
8370
(22, 3)
8371
(22, 3)
8372
(22, 3)
8373
(22, 3)
8374
(22, 3)
8375
(23, 1)
8376
(23, 1)
8377
(23, 1)
8378
(23, 1)
8379
(23, 1)
8380
(23, 1)
8381
(23, 1)
8382
(22, 1)
8383
(23, 1)
8384
(23, 1)
8385
(15, 7)
8386
(15, 7)
8387
(15, 7)
8388
(23, 1)
8389
(15, 7)
8390
(15, 7)
8391
(15, 7)
8392
(15, 7)
8393
(23, 1)
8394
(23, 1)
8395
(23, 1)
8396
(23, 1)
8397
(23, 1)
8398
(22, 1)
8399
(22, 1)
8400
(22, 1)
8401
(22, 1)
8402
(23, 1)
8403
(23, 1)
8404
(23, 1)
8405
(23, 1)
8406
(23, 1)
8407
(23, 1)
8408
(23, 1)
8409
(23, 1)
8410
(23, 2)
8411
(23, 2)
8412
(23, 2)
8413
(23, 2)
8414
(23, 2)
8415
(23, 2)
8416
(23, 1)
8417
(23, 1)
8418
(23, 1)
8419
(23, 1)
8420
(23, 2)
8421
(23, 2)
8422
(23, 2)
8423
(23, 2)
8424
(23, 1)
8425
(23, 1)
8426
(23, 1)
8427
(23, 1)
8428
(23, 2)
8429
(23, 2)
8430
(23, 1)
8431
(22, 1)
8432
(22, 1)
8433
(22, 3)
8434
(22, 3)
8435
(22, 3)
8436
(23, 1)
8437
(15, 8)
8438
(15, 8)
8439
(15, 8)
8440
(22, 3)
8441
(22, 3)
8442
(22, 3)
8443
(15, 8)
8444
(15, 8)
8445
(15, 8)
8446
(15, 8)
8447
(23, 1)
8448
(22, 1)
8449
(22, 1)
8450
(22, 1)
8451
(22, 1)
8452
(23, 1)
8453
(23, 1)
8454
(23, 1)
8455
(23, 1)
8456
(22, 1)
8457
(22, 1)
8458
(22, 1)
8459
(22, 1)
8460
(23, 1)
8461
(23, 1)
8462
(16, 7)
8463
(16, 7)
8464
(16, 7)
8465
(16, 7)
8466
(16, 7)
8467
(16, 7)
8468
(16, 7)
8469
(23, 1)
8470
(23, 3)
8471
(23, 3)
8472
(23, 3)
8473
(15, 10)
8474
(15, 10)
8475
(15, 10)
8476
(15, 10)
8477
(15, 10)
8478
(15, 10)
8479
(15, 10)
8480
(23, 1)
8481
(23, 3)
8482
(23, 3)
8483
(23, 3)
8484
(23, 1)
8485
(23, 1)
8486
(23, 1)
8487
(23, 1)
8488
(23, 1)
8489
(23, 1)
8490
(23, 1)
8491
(23, 1)
8492
(23, 1)
8493
(23, 1)
8494
(23, 2)
8495
(23, 2)
8496
(23, 2)
8497
(23, 2)
8498
(23, 2)
8499
(23, 2)
8500
(15, 8)
defaultdict(<function <lambda> at 0x2b941a211c80>, {(7, 3): 35, (12, 1): 123, (16, 6): 20, (16, 9): 7, (14, 4): 69, (13, 4): 3, (15, 1): 150, (8, 5): 47, (16, 3): 150, (17, 2): 150, (14, 1): 150, (19, 3): 72, (15, 4): 62, (1, 1): 150, (22, 3): 82, (3, 2): 150, (8, 2): 101, (9, 3): 44, (14, 2): 39, (3, 1): 150, (7, 8): 2, (20, 3): 60, (21, 2): 152, (2, 1): 150, (8, 9): 18, (23, 3): 25, (9, 4): 25, (5, 1): 150, (10, 3): 75, (7, 2): 148, (12, 2): 151, (14, 5): 47, (13, 3): 38, (7, 1): 150, (2, 2): 152, (8, 6): 28, (4, 1): 150, (10, 4): 37, (16, 4): 39, (17, 1): 150, (15, 10): 7, (14, 6): 25, (13, 6): 6, (19, 2): 151, (15, 7): 71, (8, 3): 154, (9, 2): 24, (6, 1): 151, (11, 3): 11, (16, 1): 150, (15, 9): 13, (14, 3): 123, (19, 1): 150, (1, 3): 18, (6, 2): 122, (18, 1): 150, (21, 1): 150, (8, 10): 21, (23, 2): 132, (12, 3): 151, (13, 2): 70, (18, 2): 150, (15, 3): 150, (20, 1): 150, (2, 3): 31, (8, 7): 40, (23, 1): 107, (4, 2): 134, (9, 6): 6, (5, 3): 31, (10, 5): 33, (16, 5): 42, (16, 8): 7, (13, 5): 11, (15, 6): 35, (22, 1): 151, (8, 4): 37, (9, 1): 133, (11, 2): 152, (10, 6): 18, (16, 2): 150, (17, 3): 56, (15, 8): 22, (15, 5): 70, (1, 2): 151, (22, 2): 150, (3, 3): 32, (8, 1): 136, (6, 3): 34, (11, 1): 54, (16, 7): 34, (10, 1): 141, (7, 9): 2, (13, 1): 105, (18, 3): 62, (15, 2): 59, (20, 2): 150, (21, 3): 59, (8, 8): 22, (4, 3): 34, (9, 5): 18, (5, 2): 118, (10, 2): 72})
8501
(15, 8)
8502
(15, 8)
8503
(15, 8)
8504
(15, 8)
8505
(15, 8)
8506
(15, 8)
8507
(23, 1)
8508
(23, 1)
8509
(23, 1)
8510
(23, 1)
8511
(23, 1)
8512
(23, 1)
8513
(15, 10)
8514
(15, 10)
8515
(15, 10)
8516
(15, 10)
8517
(15, 10)
8518
(15, 10)
8519
(15, 10)
8520
(23, 3)
8521
(23, 3)
8522
(23, 3)
8523
(23, 2)
8524
(23, 2)
8525
(23, 1)
8526
(23, 1)
8527
(23, 1)
8528
(23, 1)
8529
(23, 1)
8530
(23, 1)
8531
(23, 1)
8532
(23, 2)
8533
(23, 2)
8534
(23, 2)
8535
(23, 2)
8536
(23, 1)
8537
(23, 1)
8538
(23, 1)
8539
(23, 1)
8540
(23, 2)
8541
(23, 2)
8542
(23, 3)
8543
(23, 3)
8544
(23, 3)
8545
(23, 3)
8546
(23, 3)
8547
(23, 3)
8548
(23, 3)
8549
(23, 3)
8550
(23, 3)
8551
(16, 7)
8552
(16, 7)
8553
(16, 7)
8554
(16, 7)
8555
(16, 7)
8556
(16, 7)
8557
(16, 7)
8558
(23, 1)
8559
(23, 1)
8560
(23, 1)
8561
(23, 1)
8562
(23, 1)
8563
(23, 3)
8564
(23, 3)
8565
(23, 3)
8566
(23, 1)
8567
(23, 1)
8568
(23, 1)
8569
(23, 1)
8570
(23, 1)
8571
(23, 1)
8572
(23, 1)
8573
(23, 1)
8574
(23, 1)
8575
(23, 2)
8576
(23, 2)
8577
(23, 2)
8578
(23, 2)
8579
(23, 2)
8580
(23, 2)
8581
(23, 2)
8582
(23, 2)
8583
(23, 3)
8584
(23, 3)
8585
(23, 3)
8586
(23, 3)
8587
(23, 3)
8588
(22, 3)
8589
(22, 3)
8590
(22, 3)
8591
(22, 3)
8592
(22, 3)
8593
(22, 3)
8594
(22, 3)
8595
(22, 3)
8596
(21, 3)
8597
(21, 3)
8598
(21, 3)
8599
(21, 3)
8600
(21, 3)
8601
(21, 3)
8602
(21, 3)
8603
(21, 3)
8604
(20, 3)
8605
(20, 3)
8606
(20, 3)
8607
(20, 3)
8608
(20, 3)
8609
(20, 3)
8610
(20, 3)
8611
(20, 3)
8612
(19, 3)
8613
(19, 3)
8614
(19, 3)
8615
(19, 3)
8616
(19, 3)
8617
(19, 3)
8618
(19, 3)
8619
(19, 3)
8620
(18, 3)
8621
(18, 3)
8622
(18, 3)
8623
(18, 3)
8624
(18, 3)
8625
(18, 3)
8626
(18, 3)
8627
(18, 3)
8628
(17, 3)
8629
(17, 3)
8630
(17, 3)
8631
(17, 3)
8632
(17, 3)
8633
(17, 3)
8634
(17, 3)
8635
(17, 3)
8636
(17, 3)
8637
(17, 3)
8638
(17, 3)
8639
(17, 3)
8640
(17, 3)
8641
(17, 3)
8642
(17, 3)
8643
(17, 3)
8644
(17, 3)
8645
(17, 3)
8646
(17, 3)
8647
(17, 3)
8648
(17, 3)
8649
(17, 3)
8650
(17, 3)
8651
(17, 3)
8652
(17, 3)
8653
(17, 3)
8654
(17, 3)
8655
(17, 3)
8656
(18, 3)
8657
(18, 3)
8658
(18, 3)
8659
(18, 3)
8660
(18, 3)
8661
(17, 3)
8662
(18, 3)
8663
(17, 3)
8664
(18, 3)
8665
(18, 3)
8666
(18, 3)
8667
(18, 3)
8668
(18, 3)
8669
(18, 3)
8670
(18, 3)
8671
(18, 3)
8672
(18, 3)
8673
(18, 3)
8674
(18, 3)
8675
(18, 3)
8676
(18, 3)
8677
(18, 3)
8678
(18, 3)
8679
(18, 3)
8680
(18, 3)
8681
(19, 3)
8682
(19, 3)
8683
(19, 3)
8684
(19, 3)
8685
(18, 3)
8686
(19, 3)
8687
(18, 3)
8688
(19, 3)
8689
(19, 3)
8690
(19, 3)
8691
(19, 3)
8692
(19, 3)
8693
(19, 3)
8694
(19, 3)
8695
(19, 3)
8696
(19, 3)
8697
(19, 3)
8698
(19, 3)
8699
(19, 3)
8700
(19, 3)
8701
(19, 3)
8702
(19, 3)
8703
(19, 3)
8704
(19, 3)
8705
(19, 3)
8706
(19, 3)
8707
(20, 3)
8708
(19, 3)
8709
(20, 3)
8710
(19, 3)
8711
(20, 3)
8712
(20, 3)
8713
(20, 3)
8714
(20, 3)
8715
(20, 3)
8716
(20, 3)
8717
(20, 3)
8718
(20, 3)
8719
(20, 3)
8720
(20, 3)
8721
(20, 3)
8722
(20, 3)
8723
(20, 3)
8724
(20, 3)
8725
(20, 3)
8726
(20, 3)
8727
(20, 3)
8728
(20, 3)
8729
(20, 3)
8730
(21, 3)
8731
(20, 3)
8732
(20, 3)
8733
(20, 3)
8734
(21, 3)
8735
(20, 3)
8736
(21, 3)
8737
(21, 3)
8738
(21, 3)
8739
(21, 3)
8740
(21, 3)
8741
(21, 3)
8742
(21, 3)
8743
(21, 3)
8744
(21, 3)
8745
(21, 3)
8746
(21, 3)
8747
(21, 3)
8748
(21, 3)
8749
(21, 3)
8750
(21, 3)
8751
(21, 3)
8752
(21, 3)
8753
(21, 3)
8754
(21, 3)
8755
(22, 3)
8756
(21, 3)
8757
(21, 3)
8758
(22, 3)
8759
(21, 3)
8760
(22, 3)
8761
(22, 3)
8762
(22, 3)
8763
(22, 3)
8764
(22, 3)
8765
(22, 3)
8766
(22, 3)
8767
(22, 3)
8768
(22, 3)
8769
(22, 3)
8770
(22, 3)
8771
(22, 3)
8772
(22, 3)
8773
(22, 3)
8774
(22, 3)
8775
(22, 3)
8776
(22, 3)
8777
(22, 3)
8778
(22, 3)
8779
(23, 3)
8780
(22, 3)
8781
(22, 3)
8782
(22, 3)
8783
(23, 2)
8784
(23, 2)
8785
(23, 1)
8786
(23, 1)
8787
(23, 1)
8788
(23, 1)
8789
(23, 1)
8790
(23, 1)
8791
(23, 1)
8792
(23, 1)
8793
(23, 1)
8794
(23, 1)
8795
(23, 1)
8796
(23, 1)
8797
(15, 8)
8798
(15, 8)
8799
(15, 8)
8800
(15, 8)
8801
(15, 8)
8802
(15, 8)
8803
(15, 8)
8804
(16, 10)
8805
(16, 10)
8806
(16, 10)
8807
(16, 10)
8808
(16, 10)
8809
(16, 10)
8810
(16, 10)
8811
(15, 9)
8812
(15, 9)
8813
(15, 9)
8814
(15, 9)
8815
(15, 9)
8816
(15, 9)
8817
(15, 9)
8818
(16, 8)
8819
(16, 8)
8820
(16, 8)
8821
(16, 8)
8822
(16, 8)
8823
(16, 8)
8824
(16, 8)
8825
(15, 9)
8826
(15, 9)
8827
(15, 9)
8828
(15, 9)
8829
(15, 9)
8830
(15, 9)
8831
(15, 9)
8832
(16, 8)
8833
(16, 8)
8834
(16, 8)
8835
(16, 8)
8836
(16, 8)
8837
(16, 8)
8838
(16, 8)
8839
(15, 9)
8840
(15, 9)
8841
(15, 9)
8842
(15, 9)
8843
(15, 9)
8844
(15, 9)
8845
(15, 9)
8846
(15, 10)
8847
(15, 10)
8848
(15, 10)
8849
(15, 10)
8850
(16, 9)
8851
(16, 9)
8852
(16, 9)
8853
(16, 9)
8854
(16, 9)
8855
(16, 9)
8856
(16, 9)
8857
(15, 10)
8858
(15, 10)
8859
(15, 10)
8860
(15, 10)
8861
(15, 10)
8862
(15, 10)
8863
(15, 10)
8864
(16, 9)
8865
(16, 9)
8866
(16, 9)
8867
(16, 9)
8868
(16, 9)
8869
(16, 9)
8870
(16, 9)
8871
(15, 10)
8872
(15, 10)
8873
(15, 10)
8874
(15, 10)
8875
(15, 10)
8876
(15, 10)
8877
(15, 10)
8878
(16, 10)
8879
(16, 10)
8880
(16, 10)
8881
(16, 10)
8882
(16, 10)
8883
(16, 10)
8884
(16, 10)
8885
(16, 10)
8886
(16, 10)
8887
(16, 10)
8888
(16, 10)
8889
(16, 10)
8890
(16, 10)
8891
(16, 10)
quitting, no novel node found
defaultdict(<function <lambda> at 0x2b941a211c80>, {(7, 3): 35, (12, 1): 123, (16, 6): 20, (16, 9): 21, (14, 4): 69, (13, 4): 3, (15, 1): 150, (8, 5): 47, (16, 3): 150, (17, 2): 150, (14, 1): 150, (19, 3): 106, (15, 4): 62, (1, 1): 150, (22, 3): 114, (3, 2): 150, (8, 2): 101, (9, 3): 44, (14, 2): 39, (3, 1): 150, (7, 8): 2, (20, 3): 93, (21, 2): 152, (2, 1): 150, (8, 9): 18, (23, 3): 46, (9, 4): 25, (5, 1): 150, (10, 3): 75, (7, 2): 148, (12, 2): 151, (16, 10): 21, (14, 5): 47, (13, 3): 38, (7, 1): 150, (2, 2): 152, (8, 6): 28, (4, 1): 150, (10, 4): 37, (16, 4): 39, (17, 1): 150, (15, 10): 32, (14, 6): 25, (13, 6): 6, (19, 2): 151, (15, 7): 71, (8, 3): 154, (9, 2): 24, (6, 1): 151, (11, 3): 11, (16, 1): 150, (15, 9): 34, (14, 3): 123, (19, 1): 150, (1, 3): 18, (6, 2): 122, (18, 1): 150, (21, 1): 150, (8, 10): 21, (23, 2): 150, (12, 3): 151, (13, 2): 70, (18, 2): 150, (15, 3): 150, (20, 1): 150, (2, 3): 31, (8, 7): 40, (23, 1): 150, (4, 2): 134, (9, 6): 6, (5, 3): 31, (10, 5): 33, (16, 5): 42, (16, 8): 21, (13, 5): 11, (15, 6): 35, (22, 1): 151, (8, 4): 37, (9, 1): 133, (11, 2): 152, (10, 6): 18, (16, 2): 150, (17, 3): 86, (15, 8): 35, (15, 5): 70, (1, 2): 151, (22, 2): 150, (3, 3): 32, (8, 1): 136, (6, 3): 34, (11, 1): 54, (16, 7): 41, (10, 1): 141, (7, 9): 2, (13, 1): 105, (18, 3): 95, (15, 2): 59, (20, 2): 150, (21, 3): 91, (8, 8): 22, (4, 3): 34, (9, 5): 18, (5, 2): 118, (10, 2): 72})
<__main__.Node instance at 0x2b9564fdd050>
197
8891
False
1003.77532506
