STARTING!
step1
step2
step3
a
b
c
]0;IPython: eshnich/vgdl]0;IPython: eshnich/vgdladded self, <class 'ontology.Immovable'>
added self, <class 'ontology.Passive'>
added self, <class 'core.Resource'>
added parent, <class 'core.Resource'>
added self, <class 'ontology.ResourcePack'>
added self, <class 'ontology.Flicker'>
added self, <class 'ontology.Spreader'>
added self, <class 'ontology.SpriteProducer'>
added self, <class 'ontology.Portal'>
added self, <class 'ontology.SpawnPoint'>
added self, <class 'ontology.RandomNPC'>
added self, <class 'ontology.OrientedSprite'>
added self, <class 'ontology.Conveyor'>
added self, <class 'ontology.Missile'>
added self, <class 'ontology.OrientedFlicker'>
added self, <class 'ontology.Walker'>
added self, <class 'ontology.WalkJumper'>
added self, <class 'ontology.RandomInertial'>
added self, <class 'ontology.RandomMissile'>
added self, <class 'ontology.ErraticMissile'>
added self, <class 'ontology.Bomber'>
added self, <class 'ontology.Chaser'>
added self, <class 'ontology.Fleeing'>
added self, <class 'ontology.AStarChaser'>
added self, <class 'ontology.MovingAvatar'>
added self, <class 'ontology.HorizontalAvatar'>
added self, <class 'ontology.VerticalAvatar'>
added self, <class 'ontology.FlakAvatar'>
added self, <class 'ontology.OrientedAvatar'>
added parent, <class 'ontology.OrientedAvatar'>
added self, <class 'ontology.ShootAvatar'>
added parent, <class 'ontology.ShootAvatar'>
added self, <class 'ontology.AimedAvatar'>
added parent, <class 'ontology.AimedAvatar'>
added self, <class 'ontology.AimedFlakAvatar'>
<class 'ontology.OrientedAvatar'> already in tree.
added self, <class 'ontology.RotatingAvatar'>
added self, <class 'ontology.RotatingFlippingAvatar'>
added self, <class 'ontology.NoisyRotatingFlippingAvatar'>
<class 'ontology.ShootAvatar'> already in tree.
<class 'ontology.AimedAvatar'> already in tree.
<class 'ontology.AimedFlakAvatar'> already in tree.
added self, <class 'ontology.InertialAvatar'>
added self, <class 'ontology.MarioAvatar'>
step4
FINISHED IMPORTS
FINISHED SETTING VALUES
<module 'examples.continuousphysics.montezuma_medium' from 'examples/continuousphysics/montezuma_medium.pyc'>
max nodes 9223372036854775807
1
(11, 3)
2
(10, 3)
3
(10, 3)
4
(10, 3)
5
(10, 3)
6
(10, 3)
7
(10, 3)
8
(10, 3)
9
(10, 3)
10
(10, 3)
11
(10, 3)
12
(10, 3)
13
(10, 2)
14
(10, 3)
15
(10, 3)
16
(10, 3)
17
(10, 3)
18
(9, 3)
19
(10, 3)
20
(10, 3)
21
(9, 3)
22
(9, 3)
23
(9, 3)
24
(9, 3)
25
(9, 3)
26
(9, 3)
27
(9, 3)
28
(9, 3)
29
(9, 3)
30
(9, 3)
31
(9, 3)
32
(9, 3)
33
(9, 3)
34
(9, 3)
35
(9, 3)
36
(9, 3)
37
(9, 3)
38
(9, 3)
39
(9, 3)
40
(9, 3)
41
(9, 3)
42
(9, 3)
43
(9, 3)
44
(9, 3)
45
(9, 3)
46
(9, 3)
47
(9, 3)
48
(9, 3)
49
(9, 3)
50
(9, 3)
51
(9, 3)
52
(9, 3)
53
(9, 2)
54
(9, 2)
55
(9, 3)
56
(9, 2)
57
(8, 2)
58
(8, 2)
59
(9, 3)
60
(8, 2)
61
(8, 2)
62
(8, 2)
63
(8, 2)
64
(8, 2)
65
(8, 2)
66
(8, 2)
67
(8, 2)
68
(8, 2)
69
(8, 2)
70
(8, 2)
71
(8, 2)
72
(8, 2)
73
(8, 2)
74
(8, 2)
75
(8, 2)
76
(8, 2)
77
(8, 2)
78
(8, 2)
79
(8, 2)
80
(8, 2)
81
(8, 2)
82
(8, 2)
83
(8, 2)
84
(8, 2)
85
(8, 2)
86
(8, 2)
87
(8, 2)
88
(8, 2)
89
(8, 2)
90
(8, 2)
91
(8, 2)
92
(8, 2)
93
(8, 2)
94
(8, 2)
95
(8, 2)
96
(7, 3)
97
(7, 3)
98
(7, 3)
99
(7, 3)
100
(7, 3)
101
(7, 3)
102
(7, 3)
103
(7, 3)
104
(7, 3)
105
(7, 3)
106
(7, 3)
107
(7, 3)
108
(7, 3)
109
(7, 3)
110
(7, 3)
111
(7, 3)
112
(7, 3)
113
(7, 3)
114
(7, 3)
115
(7, 3)
116
(7, 3)
117
(7, 3)
118
(7, 3)
119
(7, 3)
120
(7, 3)
121
(7, 3)
122
(7, 3)
123
(7, 3)
124
(7, 3)
125
(7, 3)
126
(7, 3)
127
(7, 3)
128
(7, 3)
129
(7, 3)
130
(7, 3)
131
(7, 3)
132
(7, 3)
133
(7, 3)
134
(7, 3)
135
(7, 3)
136
(7, 3)
137
(7, 3)
138
(7, 3)
139
(7, 3)
140
(6, 3)
141
(6, 3)
142
(6, 3)
143
(6, 3)
144
(6, 3)
145
(6, 3)
146
(6, 3)
147
(6, 3)
148
(6, 3)
149
(6, 3)
150
(6, 3)
151
(6, 3)
152
(6, 3)
153
(6, 3)
154
(6, 3)
155
(6, 3)
156
(6, 3)
157
(6, 3)
158
(6, 3)
159
(6, 3)
160
(6, 3)
161
(6, 3)
162
(6, 3)
163
(6, 3)
164
(6, 3)
165
(6, 3)
166
(6, 3)
167
(6, 3)
168
(6, 3)
169
(6, 3)
170
(6, 3)
171
(6, 3)
172
(6, 3)
173
(6, 3)
174
(6, 3)
175
(6, 3)
176
(6, 3)
177
(6, 3)
178
(6, 3)
179
(5, 3)
180
(6, 3)
181
(5, 3)
182
(5, 3)
183
(6, 3)
184
(5, 3)
185
(6, 3)
186
(6, 3)
187
(5, 3)
188
(6, 3)
189
(5, 3)
190
(5, 3)
191
(5, 3)
192
(5, 3)
193
(5, 3)
194
(5, 3)
195
(5, 3)
196
(5, 3)
197
(5, 3)
198
(5, 3)
199
(5, 3)
200
(5, 3)
201
(5, 3)
202
(5, 3)
203
(5, 3)
204
(5, 3)
205
(5, 3)
206
(5, 3)
207
(5, 3)
208
(5, 2)
209
(5, 2)
210
(5, 2)
211
(6, 3)
212
(6, 3)
213
(6, 3)
214
(5, 3)
215
(5, 3)
216
(6, 3)
217
(5, 3)
218
(6, 3)
219
(5, 3)
220
(5, 3)
221
(6, 3)
222
(5, 2)
223
(5, 2)
224
(5, 2)
225
(6, 3)
226
(5, 2)
227
(5, 2)
228
(5, 2)
229
(5, 2)
230
(5, 2)
231
(6, 3)
232
(6, 3)
233
(6, 3)
234
(6, 3)
235
(6, 3)
236
(6, 3)
237
(6, 3)
238
(6, 3)
239
(6, 3)
240
(6, 3)
241
(5, 2)
242
(5, 2)
243
(5, 2)
244
(6, 2)
245
(5, 2)
246
(5, 2)
247
(5, 3)
248
(5, 3)
249
(5, 3)
250
(5, 3)
251
(5, 3)
252
(5, 2)
253
(5, 2)
254
(5, 2)
255
(5, 2)
256
(4, 1)
257
(4, 1)
258
(4, 1)
259
(5, 2)
260
(4, 1)
261
(4, 1)
262
(4, 1)
263
(5, 2)
264
(4, 1)
265
(4, 1)
266
(4, 1)
267
(5, 2)
268
(4, 1)
269
(4, 1)
270
(4, 1)
271
(5, 2)
272
(4, 1)
273
(4, 1)
274
(4, 1)
275
(5, 2)
276
(3, 2)
277
(3, 2)
278
(3, 2)
279
(5, 2)
280
(3, 2)
281
(3, 2)
282
(3, 2)
283
(5, 2)
284
(3, 2)
285
(3, 2)
286
(3, 2)
287
(6, 2)
288
(3, 2)
289
(3, 2)
290
(3, 2)
291
(6, 2)
292
(3, 3)
293
(3, 3)
294
(3, 3)
295
(6, 2)
296
(3, 3)
297
(3, 3)
298
(6, 2)
299
(5, 2)
300
(3, 3)
301
(3, 3)
302
(5, 2)
303
(5, 1)
304
(5, 2)
305
(5, 2)
306
(5, 1)
307
(4, 1)
308
(5, 1)
309
(5, 1)
310
(4, 1)
311
(4, 1)
312
(4, 1)
313
(4, 1)
314
(4, 1)
315
(4, 1)
316
(4, 1)
317
(4, 1)
318
(4, 1)
319
(4, 1)
320
(4, 1)
321
(4, 1)
322
(4, 1)
323
(4, 2)
324
(4, 1)
325
(4, 1)
326
(4, 2)
327
(3, 2)
328
(4, 2)
329
(4, 2)
330
(3, 2)
331
(3, 2)
332
(3, 2)
333
(3, 2)
334
(3, 2)
335
(3, 2)
336
(3, 2)
337
(3, 2)
338
(3, 2)
339
(3, 3)
340
(3, 2)
341
(3, 2)
342
(3, 3)
343
(3, 3)
344
(3, 3)
345
(3, 3)
346
(3, 3)
347
(3, 3)
348
(3, 3)
349
(3, 3)
350
(3, 3)
351
(5, 3)
352
(3, 3)
353
(3, 3)
354
(5, 3)
355
(5, 3)
356
(5, 3)
357
(5, 3)
358
(6, 3)
359
(6, 3)
360
(6, 3)
361
(6, 3)
362
(6, 3)
363
(6, 3)
364
(6, 3)
365
(6, 2)
366
(6, 3)
367
(6, 3)
368
(6, 3)
369
(6, 2)
370
(6, 2)
371
(6, 2)
372
(6, 3)
373
(6, 2)
374
(6, 2)
375
(6, 2)
376
(6, 2)
377
(5, 2)
378
(5, 2)
379
(5, 2)
380
(6, 2)
381
(6, 2)
382
(5, 2)
383
(5, 2)
384
(5, 2)
385
(6, 2)
386
(5, 1)
387
(5, 1)
388
(5, 1)
389
(6, 2)
390
(5, 1)
391
(5, 1)
392
(5, 1)
393
(6, 2)
394
(5, 1)
395
(5, 1)
396
(5, 1)
397
(6, 2)
398
(4, 1)
399
(4, 1)
400
(4, 1)
401
(6, 2)
402
(4, 1)
403
(4, 1)
404
(4, 1)
405
(6, 2)
406
(4, 2)
407
(4, 2)
408
(4, 2)
409
(6, 2)
410
(4, 2)
411
(4, 2)
412
(4, 2)
413
(6, 2)
414
(4, 2)
415
(4, 2)
416
(4, 2)
417
(6, 3)
418
(3, 2)
419
(3, 2)
420
(3, 2)
421
(6, 3)
422
(3, 3)
423
(3, 3)
424
(3, 3)
425
(6, 2)
426
(3, 3)
427
(3, 3)
428
(3, 3)
429
(5, 3)
430
(3, 3)
431
(3, 3)
432
(3, 3)
433
(5, 3)
434
(3, 3)
435
(3, 3)
436
(5, 3)
437
(5, 3)
438
(3, 3)
439
(3, 3)
440
(5, 3)
441
(6, 2)
442
(3, 3)
443
(3, 3)
444
(3, 3)
445
(3, 3)
446
(3, 3)
447
(3, 3)
448
(3, 3)
449
(3, 3)
450
(3, 3)
451
(3, 3)
452
(3, 2)
453
(3, 2)
454
(3, 2)
455
(3, 2)
456
(3, 3)
457
(3, 3)
458
(3, 3)
459
(3, 3)
460
(3, 3)
461
(3, 3)
462
(3, 3)
463
(3, 3)
464
(3, 3)
465
(3, 3)
466
(3, 3)
467
(3, 2)
468
(3, 2)
469
(3, 2)
470
(3, 2)
471
(3, 2)
472
(3, 2)
473
(3, 2)
474
(4, 3)
475
(3, 2)
476
(3, 2)
477
(3, 2)
478
(4, 3)
479
(3, 1)
480
(3, 1)
481
(3, 1)
482
(4, 3)
483
(2, 1)
484
(2, 1)
485
(2, 1)
486
(4, 3)
487
(2, 1)
488
(2, 1)
489
(2, 1)
490
(4, 3)
491
(2, 1)
492
(2, 1)
493
(2, 1)
494
(3, 2)
495
(2, 1)
496
(2, 1)
497
(2, 1)
498
(3, 2)
499
(2, 1)
500
(2, 1)
defaultdict(<function <lambda> at 0x2ba04fa042a8>, {(7, 3): 44, (3, 2): 43, (4, 1): 37, (3, 1): 3, (8, 2): 38, (9, 2): 3, (5, 2): 37, (9, 3): 35, (11, 3): 1, (4, 2): 13, (6, 3): 74, (6, 2): 25, (2, 1): 14, (4, 3): 5, (5, 1): 13, (3, 3): 53, (5, 3): 44, (10, 3): 17, (10, 2): 1})
501
(2, 1)
502
(3, 2)
503
(2, 1)
504
(2, 1)
505
(2, 1)
506
(4, 3)
507
(1, 1)
508
(1, 1)
509
(1, 1)
510
(4, 3)
511
(1, 1)
512
(1, 1)
513
(1, 1)
514
(4, 3)
515
(1, 1)
516
(1, 1)
517
(4, 3)
518
(4, 3)
519
(4, 3)
520
(4, 3)
521
(4, 3)
522
(4, 3)
523
(4, 3)
524
(4, 3)
525
(4, 3)
526
(4, 3)
527
(4, 3)
528
(4, 3)
529
(4, 3)
530
(3, 2)
531
(4, 3)
532
(4, 3)
533
(4, 3)
534
(4, 2)
535
(4, 2)
536
(4, 2)
537
(4, 3)
538
(4, 3)
539
(4, 3)
540
(4, 3)
541
(4, 3)
542
(4, 3)
543
(4, 3)
544
(4, 3)
545
(4, 3)
546
(3, 1)
547
(4, 3)
548
(4, 3)
549
(4, 3)
550
(4, 3)
551
(4, 3)
552
(4, 3)
553
(4, 2)
554
(4, 2)
555
(4, 2)
556
(4, 3)
557
(4, 3)
558
(4, 3)
559
(4, 3)
560
(4, 3)
561
(3, 1)
562
(4, 3)
563
(4, 2)
564
(4, 2)
565
(4, 2)
566
(4, 3)
567
(3, 1)
568
(4, 3)
569
(4, 3)
570
(4, 3)
571
(4, 3)
572
(3, 1)
573
(4, 3)
574
(4, 2)
575
(4, 3)
576
(3, 1)
577
(4, 3)
578
(4, 3)
579
(4, 3)
580
(3, 1)
581
(4, 3)
582
(4, 3)
583
(4, 3)
584
(3, 1)
585
(4, 3)
586
(4, 3)
587
(4, 2)
588
(3, 1)
589
(4, 2)
590
(4, 2)
591
(4, 3)
592
(3, 1)
593
(4, 3)
594
(4, 3)
595
(4, 3)
596
(3, 2)
597
(4, 3)
598
(4, 3)
599
(4, 3)
600
(3, 2)
601
(4, 3)
602
(4, 3)
603
(4, 3)
604
(3, 2)
605
(4, 2)
606
(4, 2)
607
(4, 1)
608
(3, 3)
609
(4, 1)
610
(4, 1)
611
(4, 2)
612
(4, 2)
613
(4, 2)
614
(4, 3)
615
(4, 3)
616
(4, 3)
617
(4, 3)
618
(4, 3)
619
(4, 3)
620
(4, 3)
621
(4, 3)
622
(4, 1)
623
(4, 1)
624
(4, 1)
625
(4, 3)
626
(4, 3)
627
(4, 1)
628
(4, 1)
629
(4, 1)
630
(4, 4)
631
(4, 4)
632
(4, 4)
633
(4, 4)
634
(4, 4)
635
(4, 1)
636
(4, 1)
637
(4, 1)
638
(4, 2)
639
(4, 1)
640
(4, 1)
641
(4, 1)
642
(4, 2)
643
(4, 1)
644
(4, 1)
645
(4, 1)
646
(4, 3)
647
(4, 1)
648
(4, 1)
649
(4, 1)
650
(4, 3)
651
(4, 1)
652
(4, 1)
653
(4, 1)
654
(4, 1)
655
(4, 3)
656
(4, 1)
657
(4, 1)
658
(4, 2)
659
(4, 3)
660
(4, 2)
661
(4, 2)
662
(4, 2)
663
(4, 3)
664
(4, 2)
665
(4, 2)
666
(4, 2)
667
(4, 2)
668
(4, 2)
669
(4, 2)
670
(4, 3)
671
(4, 4)
672
(4, 3)
673
(4, 3)
674
(4, 3)
675
(4, 4)
676
(4, 3)
677
(4, 3)
678
(4, 3)
679
(4, 4)
680
(4, 3)
681
(4, 3)
682
(4, 4)
683
(4, 4)
684
(4, 4)
685
(4, 4)
686
(4, 4)
687
(4, 2)
688
(4, 2)
689
(4, 2)
690
(4, 4)
691
(4, 4)
692
(4, 4)
693
(4, 4)
694
(4, 4)
695
(4, 2)
696
(4, 4)
697
(4, 4)
698
(4, 4)
699
(4, 4)
700
(4, 4)
701
(4, 2)
702
(4, 2)
703
(4, 2)
704
(4, 2)
705
(4, 2)
706
(4, 5)
707
(4, 5)
708
(4, 5)
709
(4, 4)
710
(4, 4)
711
(4, 4)
712
(4, 2)
713
(4, 4)
714
(4, 4)
715
(4, 4)
716
(4, 4)
717
(4, 4)
718
(5, 2)
719
(4, 4)
720
(4, 4)
721
(4, 4)
722
(4, 4)
723
(4, 4)
724
(4, 1)
725
(4, 1)
726
(4, 1)
727
(6, 2)
728
(6, 2)
729
(6, 2)
730
(6, 2)
731
(5, 2)
732
(6, 2)
733
(6, 2)
734
(5, 2)
735
(5, 2)
736
(5, 2)
737
(5, 2)
738
(5, 1)
739
(5, 1)
740
(5, 1)
741
(5, 1)
742
(5, 1)
743
(5, 1)
744
(5, 1)
745
(5, 1)
746
(5, 1)
747
(5, 1)
748
(5, 1)
749
(5, 1)
750
(5, 1)
751
(5, 1)
752
(5, 1)
753
(5, 1)
754
(4, 1)
755
(4, 1)
756
(4, 1)
757
(4, 1)
758
(4, 2)
759
(4, 2)
760
(4, 2)
761
(4, 2)
762
(4, 2)
763
(4, 2)
764
(4, 2)
765
(4, 2)
766
(4, 2)
767
(4, 2)
768
(4, 2)
769
(4, 2)
770
(4, 2)
771
(4, 2)
772
(4, 2)
773
(4, 2)
774
(3, 3)
775
(3, 3)
776
(3, 3)
777
(3, 3)
778
(5, 3)
779
(5, 3)
780
(5, 3)
781
(6, 2)
782
(5, 2)
783
(6, 2)
784
(6, 3)
785
(6, 3)
786
(6, 2)
787
(6, 2)
788
(6, 2)
789
(6, 3)
790
(6, 3)
791
(6, 3)
792
(5, 1)
793
(6, 3)
794
(6, 3)
795
(5, 1)
796
(4, 4)
797
(4, 4)
798
(4, 4)
799
(6, 2)
800
(5, 1)
801
(4, 4)
802
(4, 4)
803
(6, 2)
804
(5, 1)
805
(6, 2)
806
(6, 2)
807
(6, 2)
808
(5, 1)
809
(6, 2)
810
(5, 1)
811
(5, 1)
812
(4, 1)
813
(5, 1)
814
(6, 2)
815
(6, 2)
816
(4, 1)
817
(6, 2)
818
(6, 2)
819
(6, 2)
820
(4, 1)
821
(6, 2)
822
(6, 2)
823
(6, 2)
824
(4, 1)
825
(6, 2)
826
(5, 1)
827
(5, 1)
828
(6, 2)
829
(5, 1)
830
(5, 1)
831
(5, 1)
832
(6, 2)
833
(5, 1)
834
(5, 1)
835
(5, 1)
836
(6, 2)
837
(5, 1)
838
(5, 1)
839
(5, 1)
840
(5, 1)
841
(5, 1)
842
(5, 1)
843
(5, 1)
844
(6, 2)
845
(5, 1)
846
(4, 2)
847
(4, 2)
848
(6, 2)
849
(4, 2)
850
(4, 2)
851
(4, 2)
852
(5, 1)
853
(4, 2)
854
(4, 2)
855
(4, 2)
856
(7, 3)
857
(4, 2)
858
(4, 2)
859
(4, 2)
860
(7, 3)
861
(4, 2)
862
(5, 3)
863
(5, 3)
864
(5, 3)
865
(5, 3)
866
(5, 3)
867
(7, 3)
868
(7, 3)
869
(6, 2)
870
(6, 2)
871
(6, 2)
872
(5, 1)
873
(6, 2)
874
(5, 1)
875
(5, 1)
876
(5, 1)
877
(4, 4)
878
(5, 3)
879
(4, 4)
880
(4, 4)
881
(5, 3)
882
(5, 3)
883
(5, 3)
884
(5, 3)
885
(4, 4)
886
(6, 2)
887
(6, 2)
888
(7, 3)
889
(4, 5)
890
(4, 5)
891
(4, 5)
892
(4, 5)
893
(4, 5)
894
(4, 5)
895
(4, 5)
896
(4, 5)
897
(6, 2)
898
(6, 2)
899
(6, 2)
900
(7, 2)
901
(7, 2)
902
(7, 2)
903
(6, 2)
904
(6, 2)
905
(6, 3)
906
(6, 3)
907
(6, 3)
908
(6, 2)
909
(6, 2)
910
(6, 2)
911
(5, 1)
912
(6, 2)
913
(7, 2)
914
(7, 2)
915
(5, 1)
916
(6, 1)
917
(7, 3)
918
(7, 3)
919
(7, 3)
920
(5, 1)
921
(5, 1)
922
(5, 1)
923
(5, 1)
924
(5, 1)
925
(5, 1)
926
(7, 2)
927
(6, 2)
928
(5, 1)
929
(7, 2)
930
(6, 2)
931
(6, 2)
932
(5, 1)
933
(6, 2)
934
(6, 2)
935
(4, 5)
936
(5, 2)
937
(4, 5)
938
(4, 5)
939
(4, 5)
940
(4, 2)
941
(4, 5)
942
(5, 1)
943
(5, 1)
944
(4, 2)
945
(5, 1)
946
(6, 1)
947
(6, 1)
948
(4, 2)
949
(6, 1)
950
(6, 2)
951
(6, 2)
952
(4, 3)
953
(5, 1)
954
(6, 1)
955
(6, 1)
956
(4, 3)
957
(5, 1)
958
(5, 1)
959
(5, 4)
960
(4, 3)
961
(5, 4)
962
(5, 4)
963
(5, 4)
964
(4, 3)
965
(5, 4)
966
(5, 2)
967
(5, 2)
968
(4, 4)
969
(5, 2)
970
(6, 2)
971
(6, 2)
972
(4, 4)
973
(6, 2)
974
(6, 2)
975
(6, 2)
976
(6, 2)
977
(7, 3)
978
(7, 3)
979
(6, 1)
980
(6, 2)
981
(6, 2)
982
(6, 2)
983
(6, 2)
984
(6, 2)
985
(6, 2)
986
(6, 2)
987
(6, 2)
988
(6, 3)
989
(6, 3)
990
(6, 3)
991
(6, 3)
992
(5, 4)
993
(5, 4)
994
(5, 4)
995
(5, 4)
996
(5, 4)
997
(7, 2)
998
(7, 2)
999
(7, 2)
1000
(7, 2)
defaultdict(<function <lambda> at 0x2ba04fa042a8>, {(7, 3): 54, (5, 4): 10, (2, 1): 18, (6, 2): 92, (5, 1): 74, (10, 3): 17, (7, 2): 11, (3, 3): 58, (4, 4): 47, (6, 3): 88, (4, 1): 75, (1, 1): 8, (3, 2): 48, (8, 2): 38, (4, 5): 16, (9, 3): 35, (4, 2): 84, (5, 3): 57, (9, 2): 3, (6, 1): 7, (3, 1): 12, (11, 3): 1, (4, 3): 98, (5, 2): 48, (10, 2): 1})
1001
(7, 3)
1002
(7, 3)
1003
(5, 1)
1004
(5, 1)
1005
(6, 1)
1006
(6, 1)
1007
(6, 1)
1008
(7, 2)
1009
(6, 1)
1010
(7, 2)
1011
(6, 1)
1012
(5, 1)
1013
(6, 1)
1014
(6, 1)
1015
(6, 4)
1016
(6, 4)
1017
(6, 4)
1018
(6, 4)
1019
(6, 4)
1020
(6, 2)
1021
(4, 5)
1022
(4, 5)
1023
(4, 5)
1024
(7, 2)
1025
(7, 2)
1026
(4, 5)
1027
(4, 5)
1028
(6, 1)
1029
(6, 1)
1030
(7, 2)
1031
(7, 2)
1032
(7, 2)
1033
(6, 2)
1034
(6, 1)
1035
(6, 1)
1036
(7, 2)
1037
(6, 2)
1038
(7, 2)
1039
(7, 2)
1040
(6, 2)
1041
(6, 2)
1042
(6, 2)
1043
(6, 2)
1044
(6, 2)
1045
(6, 3)
1046
(6, 2)
1047
(6, 2)
1048
(6, 1)
1049
(7, 2)
1050
(6, 1)
1051
(6, 1)
1052
(6, 1)
1053
(6, 1)
1054
(6, 1)
1055
(6, 1)
1056
(6, 1)
1057
(4, 5)
1058
(6, 1)
1059
(6, 1)
1060
(5, 1)
1061
(4, 5)
1062
(5, 1)
1063
(5, 1)
1064
(5, 1)
1065
(4, 5)
1066
(5, 1)
1067
(5, 1)
1068
(5, 2)
1069
(6, 1)
1070
(5, 2)
1071
(5, 2)
1072
(5, 2)
1073
(4, 5)
1074
(5, 2)
1075
(5, 2)
1076
(5, 2)
1077
(4, 5)
1078
(5, 2)
1079
(5, 2)
1080
(4, 2)
1081
(6, 1)
1082
(4, 2)
1083
(4, 2)
1084
(4, 3)
1085
(6, 1)
1086
(4, 3)
1087
(4, 3)
1088
(4, 3)
1089
(6, 1)
1090
(7, 2)
1091
(7, 2)
1092
(7, 3)
1093
(7, 3)
1094
(7, 3)
1095
(6, 1)
1096
(7, 2)
1097
(6, 1)
1098
(6, 1)
1099
(7, 2)
1100
(7, 2)
1101
(7, 2)
1102
(6, 1)
1103
(6, 1)
1104
(7, 3)
1105
(7, 3)
1106
(6, 1)
1107
(6, 1)
1108
(6, 1)
1109
(6, 1)
1110
(6, 1)
1111
(6, 1)
1112
(6, 1)
1113
(6, 1)
1114
(6, 1)
1115
(6, 1)
1116
(6, 1)
1117
(6, 1)
1118
(7, 2)
1119
(7, 2)
1120
(7, 2)
1121
(7, 2)
1122
(6, 1)
1123
(6, 1)
1124
(6, 1)
1125
(6, 1)
1126
(6, 1)
1127
(6, 1)
1128
(6, 1)
1129
(7, 2)
1130
(6, 1)
1131
(6, 1)
1132
(6, 1)
1133
(7, 2)
1134
(6, 1)
1135
(6, 1)
1136
(6, 1)
1137
(6, 1)
1138
(6, 1)
1139
(7, 2)
1140
(7, 2)
1141
(5, 4)
1142
(5, 4)
1143
(7, 2)
1144
(7, 2)
1145
(5, 4)
1146
(5, 4)
1147
(5, 4)
1148
(4, 6)
1149
(4, 6)
1150
(4, 6)
1151
(6, 1)
1152
(6, 1)
1153
(6, 1)
1154
(6, 1)
1155
(6, 1)
1156
(6, 1)
1157
(4, 5)
1158
(6, 1)
1159
(6, 1)
1160
(6, 1)
1161
(4, 5)
1162
(6, 1)
1163
(6, 1)
1164
(6, 1)
1165
(4, 5)
1166
(6, 1)
1167
(6, 1)
1168
(6, 1)
1169
(4, 5)
1170
(4, 5)
1171
(7, 2)
1172
(7, 2)
1173
(7, 2)
1174
(7, 2)
1175
(5, 4)
1176
(5, 4)
1177
(5, 4)
1178
(7, 2)
1179
(6, 1)
1180
(6, 1)
1181
(7, 2)
1182
(7, 2)
1183
(6, 1)
1184
(6, 1)
1185
(6, 1)
1186
(7, 3)
1187
(6, 1)
1188
(6, 1)
1189
(6, 1)
1190
(7, 3)
1191
(6, 1)
1192
(6, 1)
1193
(6, 1)
1194
(7, 3)
1195
(6, 1)
1196
(6, 1)
1197
(6, 1)
1198
(7, 3)
1199
(7, 3)
1200
(7, 3)
1201
(7, 3)
1202
(7, 3)
1203
(6, 1)
1204
(6, 1)
1205
(6, 1)
1206
(6, 4)
1207
(6, 4)
1208
(6, 4)
1209
(6, 4)
1210
(6, 4)
1211
(6, 1)
1212
(6, 1)
1213
(6, 1)
1214
(7, 2)
1215
(7, 2)
1216
(6, 1)
1217
(6, 1)
1218
(8, 3)
1219
(8, 3)
1220
(8, 3)
1221
(7, 2)
1222
(8, 3)
1223
(8, 3)
1224
(8, 3)
1225
(8, 3)
1226
(8, 3)
1227
(8, 3)
1228
(8, 3)
1229
(4, 5)
1230
(4, 5)
1231
(4, 5)
1232
(4, 5)
1233
(4, 5)
1234
(4, 5)
1235
(7, 2)
1236
(7, 2)
1237
(7, 2)
1238
(7, 2)
1239
(7, 2)
1240
(7, 2)
1241
(7, 2)
1242
(8, 3)
1243
(8, 3)
1244
(8, 3)
1245
(8, 3)
1246
(8, 3)
1247
(8, 3)
1248
(8, 3)
1249
(8, 3)
1250
(8, 3)
1251
(8, 3)
1252
(8, 3)
1253
(8, 3)
1254
(8, 3)
1255
(8, 3)
1256
(7, 2)
1257
(8, 3)
1258
(8, 3)
1259
(7, 2)
1260
(7, 2)
1261
(7, 2)
1262
(8, 2)
1263
(8, 2)
1264
(8, 2)
1265
(8, 3)
1266
(8, 3)
1267
(8, 3)
1268
(8, 3)
1269
(8, 3)
1270
(8, 3)
1271
(8, 3)
1272
(8, 3)
1273
(8, 3)
1274
(8, 3)
1275
(8, 3)
1276
(8, 3)
1277
(8, 3)
1278
(8, 3)
1279
(8, 3)
1280
(8, 3)
1281
(7, 1)
1282
(7, 1)
1283
(7, 1)
1284
(7, 1)
1285
(8, 3)
1286
(7, 2)
1287
(7, 2)
1288
(7, 2)
1289
(8, 3)
1290
(8, 3)
1291
(8, 2)
1292
(7, 2)
1293
(8, 3)
1294
(7, 2)
1295
(7, 2)
1296
(7, 1)
1297
(8, 3)
1298
(7, 1)
1299
(7, 1)
1300
(7, 1)
1301
(8, 3)
1302
(7, 1)
1303
(7, 1)
1304
(7, 1)
1305
(8, 3)
1306
(7, 1)
1307
(7, 1)
1308
(8, 3)
1309
(8, 3)
1310
(8, 2)
1311
(5, 4)
1312
(8, 3)
1313
(8, 2)
1314
(8, 2)
1315
(5, 4)
1316
(8, 2)
1317
(5, 4)
1318
(8, 2)
1319
(8, 2)
1320
(8, 2)
1321
(5, 4)
1322
(5, 4)
1323
(7, 2)
1324
(7, 2)
1325
(7, 2)
1326
(8, 2)
1327
(7, 1)
1328
(7, 2)
1329
(7, 1)
1330
(7, 2)
1331
(7, 1)
1332
(7, 1)
1333
(7, 1)
1334
(7, 1)
1335
(7, 1)
1336
(7, 1)
1337
(7, 1)
1338
(7, 1)
1339
(7, 1)
1340
(7, 1)
1341
(7, 1)
1342
(8, 2)
1343
(9, 3)
1344
(7, 1)
1345
(7, 1)
1346
(9, 3)
1347
(9, 3)
1348
(7, 1)
1349
(8, 2)
1350
(9, 3)
1351
(9, 3)
1352
(9, 3)
1353
(7, 2)
1354
(8, 3)
1355
(8, 3)
1356
(8, 3)
1357
(7, 1)
1358
(8, 3)
1359
(8, 3)
1360
(8, 2)
1361
(7, 1)
1362
(8, 2)
1363
(8, 2)
1364
(8, 2)
1365
(7, 1)
1366
(5, 4)
1367
(9, 3)
1368
(5, 4)
1369
(7, 1)
1370
(5, 4)
1371
(5, 4)
1372
(5, 4)
1373
(9, 3)
1374
(8, 2)
1375
(8, 2)
1376
(8, 2)
1377
(8, 2)
1378
(8, 2)
1379
(8, 2)
1380
(8, 2)
1381
(8, 2)
1382
(8, 2)
1383
(8, 2)
1384
(8, 2)
1385
(8, 2)
1386
(8, 2)
1387
(8, 2)
1388
(8, 2)
1389
(4, 6)
1390
(4, 6)
1391
(4, 6)
1392
(8, 2)
1393
(8, 2)
1394
(4, 6)
1395
(4, 6)
1396
(8, 2)
1397
(6, 4)
1398
(6, 4)
1399
(8, 2)
1400
(6, 4)
1401
(8, 2)
1402
(8, 2)
1403
(6, 4)
1404
(6, 4)
1405
(8, 2)
1406
(8, 2)
1407
(8, 2)
1408
(8, 2)
1409
(8, 2)
1410
(8, 2)
1411
(8, 2)
1412
(8, 2)
1413
(8, 2)
1414
(8, 2)
1415
(8, 2)
1416
(7, 1)
1417
(7, 1)
1418
(8, 2)
1419
(7, 1)
1420
(8, 2)
1421
(8, 2)
1422
(8, 2)
1423
(8, 2)
1424
(8, 2)
1425
(8, 2)
1426
(9, 3)
1427
(8, 2)
1428
(8, 2)
1429
(8, 2)
1430
(8, 2)
1431
(7, 1)
1432
(7, 1)
1433
(7, 1)
1434
(7, 1)
1435
(7, 1)
1436
(7, 1)
1437
(7, 1)
1438
(7, 1)
1439
(7, 1)
1440
(7, 1)
1441
(7, 1)
1442
(7, 1)
1443
(7, 1)
1444
(7, 1)
1445
(7, 1)
1446
(7, 1)
1447
(7, 1)
1448
(7, 1)
1449
(7, 1)
1450
(7, 1)
1451
(8, 2)
1452
(8, 2)
1453
(9, 3)
1454
(9, 3)
1455
(8, 3)
1456
(8, 3)
1457
(9, 3)
1458
(8, 1)
1459
(9, 3)
1460
(9, 3)
1461
(9, 3)
1462
(4, 7)
1463
(4, 7)
1464
(4, 7)
1465
(9, 2)
1466
(4, 6)
1467
(4, 6)
1468
(4, 6)
1469
(4, 6)
1470
(4, 6)
1471
(9, 2)
1472
(9, 2)
1473
(9, 3)
1474
(9, 2)
1475
(8, 1)
1476
(8, 1)
1477
(8, 1)
1478
(9, 2)
1479
(9, 2)
1480
(5, 5)
1481
(5, 5)
1482
(5, 5)
1483
(5, 5)
1484
(5, 5)
1485
(8, 1)
1486
(9, 2)
1487
(4, 6)
1488
(5, 5)
1489
(5, 5)
1490
(5, 5)
1491
(5, 5)
1492
(5, 5)
1493
(9, 2)
1494
(9, 2)
1495
(6, 5)
1496
(6, 5)
1497
(6, 5)
1498
(9, 2)
1499
(6, 5)
1500
(8, 1)
defaultdict(<function <lambda> at 0x2ba04fa042a8>, {(7, 3): 69, (4, 7): 3, (5, 4): 28, (2, 1): 18, (6, 2): 102, (5, 1): 83, (10, 3): 17, (7, 2): 71, (3, 3): 58, (8, 1): 6, (4, 4): 47, (6, 3): 89, (4, 1): 75, (1, 1): 8, (6, 4): 15, (3, 2): 48, (8, 2): 101, (7, 1): 56, (4, 5): 37, (9, 3): 51, (5, 5): 10, (4, 2): 87, (6, 5): 4, (5, 3): 57, (8, 3): 59, (4, 6): 14, (9, 2): 13, (6, 1): 101, (3, 1): 12, (11, 3): 1, (4, 3): 102, (5, 2): 57, (10, 2): 1})
1501
(8, 1)
1502
(8, 1)
1503
(9, 2)
1504
(8, 1)
1505
(4, 6)
1506
(4, 6)
1507
(4, 6)
1508
(4, 6)
1509
(4, 6)
1510
(9, 2)
1511
(9, 2)
1512
(9, 2)
1513
(9, 2)
1514
(9, 2)
1515
(8, 1)
1516
(8, 1)
1517
(8, 1)
1518
(8, 1)
1519
(9, 2)
1520
(9, 2)
1521
(9, 2)
1522
(4, 6)
1523
(4, 6)
1524
(4, 6)
1525
(4, 6)
1526
(4, 6)
1527
(8, 1)
1528
(8, 1)
1529
(8, 1)
1530
(8, 1)
1531
(9, 2)
1532
(9, 2)
1533
(9, 2)
1534
(9, 2)
1535
(9, 2)
1536
(4, 7)
1537
(9, 2)
1538
(9, 2)
1539
(9, 2)
1540
(4, 7)
1541
(4, 7)
1542
(5, 5)
1543
(5, 5)
1544
(5, 5)
1545
(5, 5)
1546
(5, 5)
1547
(9, 2)
1548
(8, 1)
1549
(8, 1)
1550
(9, 2)
1551
(9, 2)
1552
(9, 2)
1553
(9, 2)
1554
(8, 1)
1555
(8, 1)
1556
(5, 5)
1557
(5, 5)
1558
(5, 5)
1559
(9, 2)
1560
(5, 5)
1561
(5, 5)
1562
(8, 1)
1563
(8, 1)
1564
(8, 1)
1565
(9, 2)
1566
(8, 1)
1567
(8, 1)
1568
(9, 1)
1569
(9, 1)
1570
(9, 1)
1571
(9, 1)
1572
(9, 2)
1573
(9, 2)
1574
(9, 2)
1575
(9, 2)
1576
(9, 2)
1577
(9, 2)
1578
(9, 2)
1579
(9, 2)
1580
(9, 2)
1581
(9, 2)
1582
(6, 5)
1583
(9, 2)
1584
(9, 2)
1585
(9, 2)
1586
(6, 5)
1587
(9, 2)
1588
(9, 2)
1589
(9, 2)
1590
(9, 2)
1591
(9, 2)
1592
(9, 2)
1593
(9, 2)
1594
(9, 2)
1595
(9, 2)
1596
(9, 2)
1597
(9, 2)
1598
(9, 2)
1599
(9, 2)
1600
(9, 2)
1601
(9, 2)
1602
(9, 2)
1603
(9, 2)
1604
(9, 2)
1605
(9, 2)
1606
(9, 2)
1607
(9, 2)
1608
(9, 2)
1609
(9, 2)
1610
(9, 2)
1611
(9, 2)
1612
(9, 2)
1613
(9, 2)
1614
(9, 2)
1615
(9, 2)
1616
(9, 2)
1617
(9, 2)
1618
(9, 2)
1619
(9, 2)
1620
(9, 2)
1621
(9, 2)
1622
(9, 2)
1623
(9, 2)
1624
(9, 2)
1625
(9, 2)
1626
(9, 2)
1627
(9, 2)
1628
(9, 2)
1629
(9, 2)
1630
(9, 2)
1631
(9, 2)
1632
(9, 2)
1633
(9, 2)
1634
(9, 2)
1635
(9, 2)
1636
(9, 2)
1637
(9, 2)
1638
(9, 2)
1639
(9, 2)
1640
(9, 2)
1641
(9, 2)
1642
(9, 2)
1643
(9, 2)
1644
(9, 2)
1645
(9, 2)
1646
(9, 2)
1647
(9, 2)
1648
(9, 2)
1649
(9, 2)
1650
(9, 2)
1651
(9, 2)
1652
(6, 5)
1653
(6, 5)
1654
(6, 5)
1655
(9, 1)
1656
(9, 1)
1657
(9, 1)
1658
(9, 3)
1659
(9, 1)
1660
(9, 1)
1661
(9, 1)
1662
(9, 3)
1663
(9, 3)
1664
(9, 3)
1665
(9, 3)
1666
(9, 3)
1667
(9, 3)
1668
(9, 3)
1669
(9, 3)
1670
(9, 3)
1671
(9, 3)
1672
(9, 1)
1673
(9, 1)
1674
(9, 1)
1675
(4, 6)
1676
(4, 7)
1677
(4, 7)
1678
(4, 7)
1679
(4, 7)
1680
(4, 7)
1681
(9, 1)
1682
(9, 1)
1683
(9, 3)
1684
(9, 3)
1685
(9, 1)
1686
(9, 3)
1687
(9, 3)
1688
(9, 3)
1689
(9, 3)
1690
(9, 3)
1691
(9, 3)
1692
(9, 3)
1693
(9, 3)
1694
(9, 3)
1695
(9, 3)
1696
(9, 3)
1697
(9, 3)
1698
(9, 3)
1699
(4, 7)
1700
(4, 7)
1701
(4, 7)
1702
(4, 7)
1703
(4, 7)
1704
(9, 1)
1705
(9, 3)
1706
(9, 1)
1707
(5, 6)
1708
(9, 1)
1709
(5, 6)
1710
(5, 6)
1711
(5, 6)
1712
(9, 1)
1713
(5, 6)
1714
(9, 3)
1715
(5, 6)
1716
(9, 1)
1717
(5, 6)
1718
(5, 6)
1719
(5, 6)
1720
(9, 1)
1721
(5, 6)
1722
(9, 3)
1723
(9, 3)
1724
(9, 1)
1725
(9, 3)
1726
(9, 3)
1727
(9, 3)
1728
(9, 3)
1729
(9, 3)
1730
(9, 3)
1731
(9, 3)
1732
(9, 3)
1733
(9, 3)
1734
(9, 3)
1735
(9, 3)
1736
(9, 3)
1737
(6, 6)
1738
(6, 6)
1739
(6, 6)
1740
(6, 6)
1741
(6, 6)
1742
(10, 3)
1743
(10, 1)
1744
(10, 3)
1745
(4, 8)
1746
(4, 8)
1747
(4, 8)
1748
(10, 3)
1749
(10, 3)
1750
(10, 3)
1751
(10, 2)
1752
(10, 1)
1753
(9, 4)
1754
(9, 4)
1755
(9, 4)
1756
(9, 4)
1757
(9, 4)
1758
(9, 4)
1759
(9, 4)
1760
(9, 4)
1761
(9, 4)
1762
(9, 4)
1763
(9, 4)
1764
(9, 4)
1765
(9, 4)
1766
(9, 4)
1767
(9, 4)
1768
(4, 8)
1769
(4, 8)
1770
(4, 8)
1771
(4, 8)
1772
(4, 8)
1773
(10, 1)
1774
(10, 3)
1775
(10, 2)
1776
(10, 2)
1777
(10, 2)
1778
(10, 2)
1779
(10, 2)
1780
(10, 2)
1781
(4, 7)
1782
(10, 2)
1783
(10, 3)
1784
(10, 2)
1785
(10, 3)
1786
(11, 2)
1787
(10, 3)
1788
(10, 3)
1789
(10, 3)
1790
(11, 2)
1791
(10, 3)
1792
(10, 3)
1793
(10, 3)
1794
(11, 3)
1795
(10, 3)
1796
(10, 2)
1797
(10, 2)
1798
(11, 3)
1799
(10, 3)
1800
(4, 8)
1801
(4, 8)
1802
(4, 8)
1803
(4, 8)
1804
(4, 8)
1805
(10, 3)
1806
(10, 3)
1807
(9, 4)
1808
(9, 4)
1809
(10, 3)
1810
(10, 3)
1811
(10, 3)
1812
(10, 3)
1813
(10, 3)
1814
(10, 3)
1815
(10, 3)
1816
(10, 3)
1817
(10, 2)
1818
(10, 2)
1819
(10, 2)
1820
(10, 2)
1821
(10, 2)
1822
(10, 2)
1823
(10, 2)
1824
(10, 2)
1825
(9, 4)
1826
(9, 4)
1827
(9, 4)
1828
(9, 4)
1829
(9, 4)
1830
(9, 4)
1831
(9, 4)
1832
(9, 4)
1833
(9, 4)
1834
(9, 4)
1835
(9, 4)
1836
(9, 4)
1837
(9, 4)
1838
(9, 4)
1839
(9, 4)
1840
(9, 4)
1841
(9, 4)
1842
(9, 4)
1843
(9, 4)
1844
(10, 2)
1845
(10, 2)
1846
(10, 2)
1847
(10, 2)
1848
(10, 2)
1849
(10, 2)
1850
(10, 3)
1851
(10, 3)
1852
(10, 3)
1853
(10, 3)
1854
(10, 3)
1855
(10, 3)
1856
(10, 3)
1857
(10, 3)
1858
(10, 3)
1859
(10, 3)
1860
(10, 3)
1861
(10, 3)
1862
(5, 6)
1863
(5, 6)
1864
(5, 6)
1865
(11, 3)
1866
(10, 2)
1867
(10, 2)
1868
(5, 6)
1869
(5, 6)
1870
(10, 2)
1871
(11, 3)
1872
(10, 2)
1873
(11, 3)
1874
(10, 2)
1875
(10, 2)
1876
(10, 2)
1877
(10, 2)
1878
(10, 2)
1879
(10, 2)
1880
(9, 1)
1881
(9, 1)
1882
(11, 3)
1883
(11, 3)
1884
(9, 1)
1885
(9, 1)
1886
(11, 3)
1887
(11, 3)
1888
(9, 1)
1889
(9, 1)
1890
(11, 3)
1891
(11, 3)
1892
(9, 1)
1893
(9, 1)
1894
(11, 3)
1895
(11, 3)
1896
(9, 1)
1897
(9, 1)
1898
(11, 3)
1899
(11, 3)
1900
(8, 1)
1901
(8, 1)
1902
(11, 3)
1903
(11, 3)
1904
(8, 1)
1905
(8, 1)
1906
(11, 3)
1907
(11, 3)
1908
(8, 1)
1909
(8, 1)
1910
(10, 3)
1911
(11, 3)
1912
(8, 1)
1913
(8, 1)
1914
(10, 3)
1915
(10, 3)
1916
(10, 3)
1917
(10, 3)
1918
(10, 3)
1919
(10, 3)
1920
(10, 3)
1921
(10, 3)
1922
(10, 3)
1923
(10, 3)
1924
(10, 3)
1925
(10, 3)
1926
(10, 3)
1927
(10, 3)
1928
(10, 3)
1929
(10, 3)
1930
(10, 3)
1931
(10, 3)
1932
(10, 3)
1933
(10, 3)
1934
(10, 3)
1935
(10, 3)
1936
(10, 3)
1937
(10, 3)
1938
(10, 3)
1939
(10, 3)
1940
(10, 3)
1941
(10, 3)
1942
(10, 3)
1943
(10, 3)
1944
(10, 3)
1945
(10, 3)
1946
(10, 3)
1947
(10, 3)
1948
(10, 3)
1949
(10, 3)
1950
(9, 3)
1951
(10, 3)
1952
(9, 3)
1953
(9, 3)
1954
(9, 3)
1955
(9, 3)
1956
(9, 3)
1957
(9, 3)
1958
(9, 3)
1959
(9, 3)
1960
(9, 3)
1961
(9, 3)
1962
(9, 3)
1963
(9, 3)
1964
(9, 3)
1965
(9, 3)
1966
(10, 3)
1967
(10, 3)
1968
(10, 3)
1969
(10, 3)
1970
(10, 3)
1971
(10, 3)
1972
(10, 3)
1973
(10, 2)
1974
(10, 2)
1975
(10, 2)
1976
(10, 2)
1977
(10, 2)
1978
(10, 2)
1979
(10, 2)
1980
(10, 2)
1981
(10, 2)
1982
(10, 2)
1983
(10, 2)
1984
(10, 2)
1985
(10, 2)
1986
(10, 2)
1987
(10, 2)
1988
(10, 2)
1989
(11, 3)
1990
(11, 3)
1991
(11, 3)
1992
(11, 3)
1993
(10, 2)
1994
(10, 2)
1995
(10, 2)
1996
(10, 2)
1997
(10, 2)
1998
(11, 3)
1999
(11, 3)
2000
(11, 3)
defaultdict(<function <lambda> at 0x2ba04fa042a8>, {(7, 3): 69, (4, 7): 17, (9, 1): 33, (6, 6): 5, (5, 6): 15, (11, 2): 2, (5, 4): 28, (2, 1): 18, (6, 2): 102, (9, 4): 36, (5, 1): 83, (10, 3): 100, (7, 2): 71, (3, 3): 58, (8, 1): 34, (4, 4): 47, (6, 3): 89, (4, 1): 75, (1, 1): 8, (6, 4): 15, (3, 2): 48, (8, 2): 101, (7, 1): 56, (4, 5): 37, (9, 3): 108, (5, 5): 20, (10, 1): 3, (4, 2): 87, (6, 5): 9, (5, 3): 57, (8, 3): 59, (4, 6): 25, (9, 2): 115, (6, 1): 101, (3, 1): 12, (11, 3): 28, (4, 3): 102, (4, 8): 13, (5, 2): 57, (10, 2): 57})
2001
(10, 2)
2002
(10, 2)
2003
(10, 2)
2004
(11, 3)
2005
(11, 3)
2006
(11, 3)
2007
(10, 2)
2008
(11, 3)
2009
(11, 3)
2010
(10, 2)
2011
(11, 3)
2012
(11, 3)
2013
(11, 3)
2014
(10, 2)
2015
(11, 3)
2016
(10, 2)
2017
(10, 2)
2018
(10, 2)
2019
(10, 2)
2020
(10, 2)
2021
(10, 2)
2022
(10, 2)
2023
(11, 3)
2024
(11, 3)
2025
(11, 3)
2026
(11, 3)
2027
(10, 2)
2028
(10, 2)
2029
(10, 2)
2030
(10, 2)
2031
(10, 2)
2032
(10, 2)
2033
(10, 2)
2034
(10, 2)
2035
(10, 2)
2036
(10, 2)
2037
(5, 6)
2038
(5, 6)
2039
(5, 6)
2040
(10, 2)
2041
(10, 2)
2042
(10, 2)
2043
(5, 6)
2044
(5, 6)
2045
(11, 2)
2046
(10, 2)
2047
(10, 2)
2048
(10, 2)
2049
(10, 2)
2050
(10, 2)
2051
(10, 2)
2052
(10, 2)
2053
(10, 2)
2054
(10, 2)
2055
(10, 2)
2056
(10, 2)
2057
(10, 2)
2058
(10, 1)
2059
(10, 2)
2060
(10, 1)
2061
(10, 1)
2062
(9, 1)
2063
(10, 1)
2064
(9, 1)
2065
(9, 1)
2066
(9, 1)
2067
(9, 1)
2068
(9, 1)
2069
(9, 1)
2070
(9, 1)
2071
(9, 1)
2072
(9, 1)
2073
(9, 1)
2074
(9, 1)
2075
(9, 1)
2076
(9, 1)
2077
(9, 1)
2078
(11, 3)
2079
(9, 1)
2080
(11, 3)
2081
(10, 2)
2082
(11, 3)
2083
(11, 3)
2084
(11, 3)
2085
(11, 3)
2086
(11, 3)
2087
(11, 3)
2088
(11, 3)
2089
(11, 3)
2090
(11, 3)
2091
(10, 2)
2092
(10, 2)
2093
(10, 2)
2094
(10, 2)
2095
(10, 2)
2096
(10, 2)
2097
(11, 3)
2098
(11, 3)
2099
(11, 3)
2100
(9, 4)
2101
(9, 4)
2102
(9, 4)
2103
(9, 4)
2104
(9, 4)
2105
(9, 4)
2106
(9, 4)
2107
(9, 4)
2108
(9, 4)
2109
(9, 4)
2110
(9, 4)
2111
(9, 4)
2112
(9, 4)
2113
(9, 4)
2114
(9, 4)
2115
(6, 6)
2116
(6, 6)
2117
(6, 6)
2118
(11, 3)
2119
(11, 3)
2120
(11, 2)
2121
(11, 2)
2122
(11, 3)
2123
(11, 3)
2124
(11, 3)
2125
(11, 3)
2126
(11, 3)
2127
(11, 3)
2128
(11, 3)
2129
(11, 3)
2130
(11, 2)
2131
(11, 3)
2132
(11, 2)
2133
(11, 2)
2134
(11, 2)
2135
(11, 2)
2136
(11, 3)
2137
(11, 3)
2138
(11, 2)
2139
(11, 2)
2140
(11, 2)
2141
(11, 2)
2142
(11, 3)
2143
(11, 3)
2144
(11, 3)
2145
(11, 2)
2146
(11, 3)
2147
(11, 3)
2148
(11, 3)
2149
(11, 3)
2150
(11, 3)
2151
(11, 3)
2152
(11, 3)
2153
(11, 3)
2154
(11, 3)
2155
(11, 2)
2156
(11, 2)
2157
(11, 2)
2158
(11, 2)
2159
(11, 2)
2160
(11, 2)
2161
(11, 2)
2162
(11, 2)
2163
(11, 2)
2164
(11, 2)
2165
(11, 3)
2166
(11, 3)
2167
(11, 3)
2168
(11, 2)
2169
(11, 2)
2170
(11, 2)
2171
(11, 2)
2172
(11, 2)
2173
(11, 2)
2174
(11, 2)
2175
(11, 3)
2176
(11, 3)
2177
(11, 3)
2178
(11, 3)
2179
(11, 3)
2180
(11, 3)
2181
(11, 3)
2182
(11, 3)
2183
(11, 3)
2184
(11, 3)
2185
(11, 3)
2186
(11, 2)
2187
(11, 2)
2188
(11, 2)
2189
(11, 2)
2190
(11, 3)
2191
(11, 3)
2192
(11, 2)
2193
(11, 2)
2194
(11, 3)
2195
(11, 3)
2196
(11, 2)
2197
(11, 2)
2198
(11, 3)
2199
(11, 3)
2200
(11, 2)
2201
(10, 1)
2202
(11, 3)
2203
(11, 2)
2204
(11, 2)
2205
(10, 1)
2206
(11, 2)
2207
(11, 2)
2208
(10, 1)
2209
(10, 1)
2210
(11, 2)
2211
(10, 1)
2212
(10, 1)
2213
(10, 1)
2214
(11, 2)
2215
(10, 1)
2216
(10, 1)
2217
(10, 1)
2218
(11, 2)
2219
(10, 1)
2220
(10, 1)
2221
(9, 1)
2222
(11, 2)
2223
(10, 1)
2224
(10, 1)
2225
(9, 1)
2226
(11, 2)
2227
(10, 1)
2228
(9, 1)
2229
(9, 1)
2230
(12, 3)
2231
(9, 1)
2232
(9, 1)
2233
(9, 1)
2234
(12, 3)
2235
(9, 1)
2236
(9, 1)
2237
(12, 3)
2238
(12, 3)
2239
(9, 1)
2240
(9, 1)
2241
(12, 3)
2242
(11, 2)
2243
(9, 1)
2244
(12, 3)
2245
(12, 3)
2246
(11, 2)
2247
(12, 3)
2248
(9, 5)
2249
(9, 5)
2250
(11, 2)
2251
(12, 3)
2252
(8, 5)
2253
(8, 5)
2254
(9, 5)
2255
(12, 3)
2256
(8, 4)
2257
(8, 4)
2258
(8, 5)
2259
(8, 5)
2260
(8, 4)
2261
(8, 4)
2262
(8, 4)
2263
(8, 5)
2264
(8, 4)
2265
(8, 4)
2266
(8, 4)
2267
(8, 4)
2268
(8, 4)
2269
(8, 4)
2270
(8, 4)
2271
(8, 4)
2272
(8, 4)
2273
(8, 4)
2274
(8, 4)
2275
(8, 4)
2276
(8, 4)
2277
(8, 4)
2278
(8, 4)
2279
(8, 4)
2280
(8, 3)
2281
(8, 3)
2282
(8, 3)
2283
(8, 3)
2284
(8, 3)
2285
(8, 3)
2286
(8, 3)
2287
(8, 3)
2288
(8, 3)
2289
(8, 3)
2290
(8, 3)
2291
(8, 3)
2292
(8, 3)
2293
(8, 3)
2294
(8, 3)
2295
(8, 3)
2296
(8, 3)
2297
(8, 3)
2298
(8, 3)
2299
(8, 3)
2300
(8, 3)
2301
(8, 3)
2302
(8, 3)
2303
(8, 3)
2304
(8, 3)
2305
(8, 3)
2306
(8, 3)
2307
(8, 3)
2308
(8, 3)
2309
(8, 3)
2310
(8, 3)
2311
(8, 3)
2312
(8, 3)
2313
(8, 3)
2314
(8, 3)
2315
(8, 3)
2316
(8, 3)
2317
(8, 3)
2318
(8, 4)
2319
(8, 4)
2320
(8, 4)
2321
(8, 4)
2322
(8, 4)
2323
(8, 4)
2324
(8, 4)
2325
(8, 4)
2326
(8, 4)
2327
(8, 4)
2328
(8, 4)
2329
(8, 4)
2330
(8, 4)
2331
(8, 4)
2332
(8, 4)
2333
(8, 4)
2334
(8, 4)
2335
(8, 4)
2336
(8, 4)
2337
(8, 4)
2338
(8, 4)
2339
(8, 4)
2340
(8, 4)
2341
(8, 3)
2342
(8, 3)
2343
(8, 3)
2344
(8, 3)
2345
(8, 3)
2346
(8, 3)
2347
(8, 3)
2348
(8, 3)
2349
(8, 3)
2350
(8, 4)
2351
(8, 4)
2352
(8, 4)
2353
(8, 4)
2354
(8, 4)
2355
(8, 4)
2356
(8, 4)
2357
(8, 4)
2358
(8, 4)
2359
(8, 5)
2360
(8, 5)
2361
(8, 5)
2362
(8, 5)
2363
(8, 5)
2364
(8, 5)
2365
(8, 5)
2366
(8, 5)
2367
(8, 4)
2368
(8, 4)
2369
(8, 4)
2370
(8, 5)
2371
(8, 4)
2372
(8, 4)
2373
(8, 4)
2374
(8, 4)
2375
(8, 4)
2376
(8, 4)
2377
(8, 4)
2378
(8, 4)
2379
(8, 4)
2380
(8, 4)
2381
(8, 4)
2382
(8, 4)
2383
(8, 4)
2384
(8, 4)
2385
(8, 4)
2386
(8, 4)
2387
(8, 4)
2388
(8, 4)
2389
(8, 4)
2390
(8, 4)
2391
(8, 4)
2392
(8, 4)
2393
(8, 4)
2394
(8, 4)
2395
(8, 4)
2396
(8, 4)
2397
(8, 4)
2398
(8, 5)
2399
(8, 5)
2400
(8, 5)
2401
(8, 5)
2402
(8, 4)
2403
(8, 5)
2404
(8, 5)
2405
(8, 5)
2406
(8, 4)
2407
(8, 4)
2408
(8, 4)
2409
(8, 4)
2410
(8, 4)
2411
(8, 4)
2412
(8, 4)
2413
(8, 4)
2414
(8, 4)
2415
(8, 4)
2416
(8, 4)
2417
(8, 4)
2418
(8, 4)
2419
(8, 4)
2420
(8, 4)
2421
(8, 4)
2422
(8, 4)
2423
(8, 4)
2424
(8, 4)
2425
(8, 5)
2426
(8, 5)
2427
(8, 5)
2428
(8, 5)
2429
(8, 5)
2430
(8, 5)
2431
(8, 5)
2432
(8, 5)
2433
(7, 5)
2434
(7, 5)
2435
(7, 5)
2436
(7, 5)
2437
(8, 5)
2438
(8, 5)
2439
(8, 5)
2440
(7, 5)
2441
(8, 5)
2442
(7, 5)
2443
(8, 5)
2444
(7, 5)
2445
(7, 5)
2446
(7, 5)
2447
(7, 5)
2448
(7, 5)
2449
(7, 5)
2450
(7, 5)
2451
(7, 5)
2452
(7, 5)
2453
(7, 5)
2454
(7, 5)
2455
(8, 5)
2456
(8, 5)
2457
(8, 5)
2458
(8, 5)
2459
(8, 5)
2460
(8, 5)
2461
(8, 5)
2462
(8, 5)
2463
(8, 5)
2464
(7, 5)
2465
(8, 5)
2466
(8, 5)
2467
(8, 5)
2468
(7, 5)
2469
(7, 5)
2470
(7, 5)
2471
(7, 5)
2472
(8, 5)
2473
(8, 5)
2474
(8, 5)
2475
(8, 5)
2476
(8, 5)
2477
(7, 5)
2478
(7, 5)
2479
(7, 5)
2480
(7, 5)
2481
(7, 5)
2482
(7, 5)
2483
(7, 5)
2484
(7, 5)
2485
(8, 5)
2486
(8, 5)
2487
(8, 5)
2488
(8, 5)
2489
(8, 5)
2490
(8, 5)
2491
(8, 5)
2492
(8, 5)
2493
(8, 5)
2494
(8, 5)
2495
(8, 5)
2496
(8, 5)
2497
(8, 5)
2498
(8, 5)
2499
(8, 5)
2500
(8, 5)
defaultdict(<function <lambda> at 0x2ba04fa042a8>, {(7, 3): 69, (4, 7): 17, (8, 4): 103, (9, 1): 61, (6, 6): 8, (5, 6): 20, (11, 2): 53, (5, 4): 28, (2, 1): 18, (6, 2): 102, (9, 4): 51, (5, 1): 83, (10, 3): 100, (7, 2): 71, (3, 3): 58, (8, 1): 34, (8, 5): 67, (4, 4): 47, (6, 3): 89, (4, 1): 75, (1, 1): 8, (12, 3): 10, (6, 4): 15, (3, 2): 48, (8, 2): 101, (7, 1): 56, (4, 5): 37, (9, 3): 108, (5, 5): 20, (7, 5): 30, (10, 1): 22, (4, 2): 87, (6, 5): 9, (5, 3): 57, (8, 3): 106, (4, 6): 25, (9, 2): 115, (6, 1): 101, (3, 1): 12, (11, 3): 101, (4, 3): 102, (9, 5): 3, (4, 8): 13, (5, 2): 57, (10, 2): 103})
2501
(8, 5)
2502
(8, 5)
2503
(8, 5)
2504
(7, 5)
2505
(7, 5)
2506
(7, 5)
2507
(8, 5)
2508
(8, 5)
2509
(7, 5)
2510
(7, 5)
2511
(7, 5)
2512
(7, 5)
2513
(7, 5)
2514
(7, 5)
2515
(8, 5)
2516
(7, 5)
2517
(7, 5)
2518
(7, 5)
2519
(7, 5)
2520
(8, 5)
2521
(8, 5)
2522
(8, 5)
2523
(8, 5)
2524
(8, 5)
2525
(8, 5)
2526
(8, 5)
2527
(8, 5)
2528
(8, 5)
2529
(8, 5)
2530
(8, 5)
2531
(7, 5)
2532
(8, 5)
2533
(8, 5)
2534
(8, 5)
2535
(7, 5)
2536
(8, 5)
2537
(8, 5)
2538
(8, 5)
2539
(7, 5)
2540
(7, 5)
2541
(7, 5)
2542
(7, 5)
2543
(7, 5)
2544
(7, 5)
2545
(7, 5)
2546
(7, 5)
2547
(7, 5)
2548
(7, 5)
2549
(7, 5)
2550
(7, 5)
2551
(7, 5)
2552
(7, 5)
2553
(7, 5)
2554
(7, 5)
2555
(6, 5)
2556
(7, 5)
2557
(7, 5)
2558
(7, 5)
2559
(7, 5)
2560
(7, 5)
2561
(7, 5)
2562
(7, 5)
2563
(7, 5)
2564
(6, 5)
2565
(8, 5)
2566
(8, 5)
2567
(8, 5)
2568
(7, 5)
2569
(7, 5)
2570
(7, 5)
2571
(7, 5)
2572
(7, 5)
2573
(8, 5)
2574
(8, 5)
2575
(8, 5)
2576
(7, 5)
2577
(7, 5)
2578
(7, 5)
2579
(7, 5)
2580
(7, 5)
2581
(7, 5)
2582
(7, 5)
2583
(7, 5)
2584
(7, 5)
2585
(7, 5)
2586
(7, 5)
2587
(7, 5)
2588
(7, 5)
2589
(7, 5)
2590
(7, 5)
2591
(7, 5)
2592
(7, 5)
2593
(7, 5)
2594
(7, 5)
2595
(7, 5)
2596
(7, 5)
2597
(7, 5)
2598
(6, 6)
2599
(8, 5)
2600
(8, 5)
2601
(8, 5)
2602
(8, 5)
2603
(7, 5)
2604
(7, 5)
2605
(8, 5)
2606
(7, 5)
2607
(7, 5)
2608
(8, 5)
2609
(8, 5)
2610
(7, 5)
2611
(7, 5)
2612
(7, 5)
2613
(7, 5)
2614
(6, 6)
2615
(8, 5)
2616
(8, 5)
2617
(8, 5)
2618
(6, 6)
2619
(9, 5)
2620
(9, 5)
2621
(9, 5)
2622
(6, 6)
2623
(9, 5)
2624
(9, 5)
2625
(12, 3)
2626
(5, 6)
2627
(12, 3)
2628
(12, 3)
2629
(9, 5)
2630
(5, 6)
2631
(9, 5)
2632
(11, 2)
2633
(9, 4)
2634
(5, 6)
2635
(9, 4)
2636
(9, 5)
2637
(9, 4)
2638
(5, 6)
2639
(9, 4)
2640
(9, 4)
2641
(9, 4)
2642
(9, 4)
2643
(9, 4)
2644
(9, 4)
2645
(9, 4)
2646
(9, 4)
2647
(9, 4)
2648
(9, 4)
2649
(9, 4)
2650
(9, 4)
2651
(9, 4)
2652
(9, 4)
2653
(9, 4)
2654
(9, 4)
2655
(9, 4)
2656
(9, 4)
2657
(9, 4)
2658
(9, 4)
2659
(9, 4)
2660
(9, 4)
2661
(9, 4)
2662
(9, 4)
2663
(9, 4)
2664
(9, 4)
2665
(5, 6)
2666
(9, 5)
2667
(9, 5)
2668
(9, 5)
2669
(5, 6)
2670
(9, 5)
2671
(9, 5)
2672
(9, 5)
2673
(5, 6)
2674
(5, 7)
2675
(9, 5)
2676
(5, 7)
2677
(5, 6)
2678
(5, 7)
2679
(5, 7)
2680
(5, 7)
2681
(5, 6)
2682
(5, 7)
2683
(5, 7)
2684
(5, 7)
2685
(6, 5)
2686
(5, 7)
2687
(5, 6)
2688
(5, 6)
2689
(6, 5)
2690
(5, 6)
2691
(5, 6)
2692
(5, 6)
2693
(6, 5)
2694
(5, 6)
2695
(5, 6)
2696
(5, 6)
2697
(6, 5)
2698
(5, 6)
2699
(5, 6)
2700
(5, 6)
2701
(6, 5)
2702
(6, 5)
2703
(5, 6)
2704
(6, 5)
2705
(6, 5)
2706
(6, 5)
2707
(6, 5)
2708
(6, 5)
2709
(5, 7)
2710
(6, 5)
2711
(6, 5)
2712
(6, 5)
2713
(5, 7)
2714
(6, 5)
2715
(6, 5)
2716
(6, 5)
2717
(6, 5)
2718
(6, 5)
2719
(6, 5)
2720
(6, 5)
2721
(5, 7)
2722
(6, 5)
2723
(6, 5)
2724
(6, 5)
2725
(5, 7)
2726
(5, 7)
2727
(6, 5)
2728
(5, 7)
2729
(5, 7)
2730
(5, 7)
2731
(5, 7)
2732
(5, 6)
2733
(5, 6)
2734
(5, 6)
2735
(5, 6)
2736
(5, 6)
2737
(5, 6)
2738
(5, 6)
2739
(5, 6)
2740
(6, 6)
2741
(5, 6)
2742
(4, 6)
2743
(5, 6)
2744
(6, 5)
2745
(5, 5)
2746
(4, 5)
2747
(5, 5)
2748
(6, 5)
2749
(5, 5)
2750
(4, 5)
2751
(5, 5)
2752
(6, 5)
2753
(5, 5)
2754
(4, 5)
2755
(5, 5)
2756
(6, 5)
2757
(5, 5)
2758
(4, 5)
2759
(5, 5)
2760
(5, 7)
2761
(5, 5)
2762
(3, 5)
2763
(5, 5)
2764
(5, 6)
2765
(5, 5)
2766
(3, 5)
2767
(5, 5)
2768
(5, 6)
2769
(5, 5)
2770
(3, 5)
2771
(5, 5)
2772
(5, 6)
2773
(5, 5)
2774
(3, 5)
2775
(5, 5)
2776
(5, 6)
2777
(5, 5)
2778
(3, 5)
2779
(5, 5)
2780
(5, 5)
2781
(5, 6)
2782
(3, 6)
2783
(5, 6)
2784
(4, 5)
2785
(5, 6)
2786
(2, 6)
2787
(5, 6)
2788
(4, 5)
2789
(5, 6)
2790
(2, 6)
2791
(5, 6)
2792
(4, 5)
2793
(5, 7)
2794
(2, 7)
2795
(5, 7)
2796
(4, 5)
2797
(5, 7)
2798
(2, 7)
2799
(5, 7)
2800
(4, 5)
2801
(5, 6)
2802
(2, 7)
2803
(5, 6)
2804
(4, 6)
2805
(4, 6)
2806
(2, 7)
2807
(5, 6)
2808
(4, 6)
2809
(4, 6)
2810
(2, 7)
2811
(5, 6)
2812
(4, 6)
2813
(4, 5)
2814
(2, 6)
2815
(2, 7)
2816
(2, 7)
2817
(2, 7)
2818
(2, 6)
2819
(1, 6)
2820
(2, 6)
2821
(2, 6)
2822
(2, 7)
2823
(1, 6)
2824
(2, 6)
2825
(2, 5)
2826
(1, 6)
2827
(1, 6)
2828
(2, 6)
2829
(2, 5)
2830
(1, 6)
2831
(1, 6)
2832
(2, 5)
2833
(2, 5)
2834
(1, 6)
2835
(1, 5)
2836
(2, 5)
2837
(2, 5)
2838
(1, 5)
2839
(1, 5)
2840
(2, 5)
2841
(2, 5)
2842
(1, 5)
2843
(1, 5)
2844
(2, 5)
2845
(2, 5)
2846
(1, 5)
2847
(2, 5)
2848
(1, 5)
2849
(2, 5)
2850
(1, 5)
2851
(2, 5)
2852
(1, 5)
2853
(2, 5)
2854
(1, 5)
2855
(2, 5)
2856
(1, 6)
2857
(2, 5)
2858
(1, 5)
2859
(2, 5)
2860
(1, 6)
2861
(2, 6)
2862
(1, 5)
2863
(2, 5)
2864
(1, 6)
2865
(2, 6)
2866
(1, 5)
2867
(2, 6)
2868
(1, 6)
2869
(2, 6)
2870
(1, 5)
2871
(2, 6)
2872
(1, 6)
2873
(2, 7)
2874
(1, 6)
2875
(2, 6)
2876
(1, 6)
2877
(2, 7)
2878
(1, 6)
2879
(2, 7)
2880
(1, 6)
2881
(2, 7)
2882
(1, 6)
2883
(1, 7)
2884
(1, 6)
2885
(2, 7)
2886
(1, 6)
2887
(1, 6)
2888
(1, 6)
2889
(2, 6)
2890
(1, 7)
2891
(1, 6)
2892
(1, 6)
2893
(2, 6)
2894
(1, 6)
2895
(1, 6)
2896
(1, 6)
2897
(2, 6)
2898
(1, 6)
2899
(1, 6)
2900
(1, 6)
2901
(2, 5)
2902
(1, 6)
2903
(1, 6)
2904
(1, 6)
2905
(2, 5)
2906
(1, 6)
2907
(1, 7)
2908
(1, 6)
2909
(2, 5)
2910
(1, 6)
2911
(1, 7)
2912
(1, 6)
2913
(2, 5)
2914
(1, 6)
2915
(1, 7)
2916
(1, 6)
2917
(2, 5)
2918
(1, 6)
2919
(1, 7)
2920
(1, 6)
2921
(2, 5)
2922
(1, 6)
2923
(1, 6)
2924
(2, 5)
2925
(1, 7)
2926
(1, 6)
2927
(1, 7)
2928
(2, 5)
2929
(1, 6)
2930
(1, 7)
2931
(1, 6)
2932
(1, 7)
2933
(1, 6)
2934
(1, 6)
2935
(1, 7)
2936
(1, 6)
2937
(1, 6)
2938
(1, 6)
2939
(1, 6)
2940
(1, 6)
2941
(1, 5)
2942
(1, 6)
2943
(1, 6)
2944
(1, 6)
2945
(1, 5)
2946
(1, 5)
2947
(1, 6)
2948
(2, 6)
2949
(1, 5)
2950
(1, 5)
2951
(2, 6)
2952
(2, 5)
2953
(1, 5)
2954
(1, 5)
2955
(2, 5)
2956
(2, 5)
2957
(1, 5)
2958
(1, 5)
2959
(2, 5)
2960
(2, 5)
2961
(1, 5)
2962
(1, 5)
2963
(2, 5)
2964
(1, 7)
2965
(1, 5)
2966
(1, 5)
2967
(1, 7)
2968
(1, 6)
2969
(1, 5)
2970
(1, 5)
2971
(1, 6)
2972
(1, 6)
2973
(1, 5)
2974
(1, 5)
2975
(1, 6)
2976
(1, 6)
2977
(1, 6)
2978
(1, 5)
2979
(1, 6)
2980
(1, 5)
2981
(1, 6)
2982
(1, 6)
2983
(1, 5)
2984
(1, 5)
2985
(1, 6)
2986
(1, 7)
2987
(1, 5)
2988
(1, 5)
2989
(1, 7)
2990
(1, 7)
2991
(1, 5)
2992
(1, 5)
2993
(1, 7)
2994
(1, 7)
2995
(1, 5)
2996
(1, 5)
2997
(1, 7)
2998
(1, 6)
2999
(1, 5)
3000
(1, 5)
defaultdict(<function <lambda> at 0x2ba04fa042a8>, {(7, 3): 69, (4, 7): 17, (8, 4): 103, (9, 1): 61, (6, 6): 13, (5, 6): 65, (11, 2): 54, (5, 4): 28, (2, 1): 18, (6, 2): 102, (1, 6): 67, (9, 4): 80, (5, 1): 83, (2, 5): 32, (10, 3): 100, (7, 2): 71, (3, 3): 58, (8, 1): 34, (8, 5): 106, (4, 4): 47, (6, 3): 89, (1, 5): 43, (3, 6): 1, (5, 7): 23, (3, 5): 5, (4, 1): 75, (1, 1): 8, (12, 3): 13, (6, 4): 15, (3, 2): 48, (2, 6): 19, (8, 2): 101, (7, 1): 56, (4, 5): 47, (9, 3): 108, (5, 5): 39, (7, 5): 104, (10, 1): 22, (4, 2): 87, (6, 5): 40, (5, 3): 57, (2, 7): 14, (8, 3): 106, (4, 6): 31, (9, 2): 115, (6, 1): 101, (3, 1): 12, (11, 3): 101, (4, 3): 102, (1, 7): 19, (9, 5): 18, (4, 8): 13, (5, 2): 57, (10, 2): 103})
3001
(1, 6)
3002
(1, 6)
3003
(1, 5)
3004
(1, 5)
3005
(2, 5)
3006
(1, 5)
3007
(1, 6)
3008
(1, 5)
3009
(2, 5)
3010
(1, 5)
3011
(1, 5)
3012
(1, 5)
3013
(1, 7)
3014
(1, 5)
3015
(1, 5)
3016
(1, 6)
3017
(1, 6)
3018
(1, 6)
3019
(1, 5)
3020
(1, 6)
3021
(1, 6)
3022
(1, 6)
3023
(1, 5)
3024
(1, 6)
3025
(2, 6)
3026
(1, 6)
3027
(1, 5)
3028
(1, 7)
3029
(2, 6)
3030
(1, 7)
3031
(1, 5)
3032
(1, 7)
3033
(2, 5)
3034
(1, 7)
3035
(1, 5)
3036
(1, 7)
3037
(1, 6)
3038
(1, 7)
3039
(1, 5)
3040
(1, 6)
3041
(1, 6)
3042
(1, 6)
3043
(1, 5)
3044
(1, 6)
3045
(2, 6)
3046
(1, 6)
3047
(1, 6)
3048
(1, 6)
3049
(2, 5)
3050
(1, 6)
3051
(1, 6)
3052
(1, 6)
3053
(2, 5)
3054
(1, 6)
3055
(1, 6)
3056
(2, 5)
3057
(1, 6)
3058
(1, 6)
3059
(1, 7)
3060
(2, 5)
3061
(1, 6)
3062
(1, 6)
3063
(1, 7)
3064
(2, 5)
3065
(1, 6)
3066
(1, 6)
3067
(1, 6)
3068
(2, 5)
3069
(1, 6)
3070
(1, 6)
3071
(1, 6)
3072
(3, 5)
3073
(2, 5)
3074
(1, 7)
3075
(2, 6)
3076
(3, 5)
3077
(2, 5)
3078
(1, 6)
3079
(2, 5)
3080
(1, 7)
3081
(1, 7)
3082
(1, 6)
3083
(2, 5)
3084
(1, 6)
3085
(1, 6)
3086
(1, 6)
3087
(2, 5)
3088
(2, 6)
3089
(2, 6)
3090
(1, 5)
3091
(2, 5)
3092
(2, 6)
3093
(2, 6)
3094
(1, 5)
3095
(2, 5)
3096
(2, 6)
3097
(2, 6)
3098
(1, 5)
3099
(3, 5)
3100
(2, 5)
3101
(2, 5)
3102
(1, 5)
3103
(1, 7)
3104
(2, 5)
3105
(2, 5)
3106
(1, 5)
3107
(1, 7)
3108
(1, 6)
3109
(2, 5)
3110
(1, 5)
3111
(1, 6)
3112
(2, 6)
3113
(1, 7)
3114
(1, 5)
3115
(1, 6)
3116
(2, 6)
3117
(1, 7)
3118
(1, 5)
3119
(1, 6)
3120
(2, 5)
3121
(1, 6)
3122
(1, 5)
3123
(1, 6)
3124
(2, 5)
3125
(2, 6)
3126
(1, 6)
3127
(1, 6)
3128
(2, 5)
3129
(2, 6)
3130
(1, 6)
3131
(1, 6)
3132
(2, 5)
3133
(2, 6)
3134
(1, 7)
3135
(2, 5)
3136
(3, 5)
3137
(2, 5)
3138
(1, 7)
3139
(3, 5)
3140
(3, 5)
3141
(2, 5)
3142
(1, 7)
3143
(1, 7)
3144
(2, 5)
3145
(2, 5)
3146
(2, 6)
3147
(2, 6)
3148
(1, 7)
3149
(1, 7)
3150
(2, 6)
3151
(2, 6)
3152
(1, 7)
3153
(1, 7)
3154
(2, 6)
3155
(2, 6)
3156
(2, 6)
3157
(1, 7)
3158
(2, 6)
3159
(2, 6)
3160
(2, 6)
3161
(1, 7)
3162
(2, 5)
3163
(2, 5)
3164
(2, 6)
3165
(1, 7)
3166
(1, 7)
3167
(2, 5)
3168
(2, 5)
3169
(2, 5)
3170
(3, 5)
3171
(3, 5)
3172
(2, 5)
3173
(2, 5)
3174
(2, 7)
3175
(2, 7)
3176
(3, 5)
3177
(2, 7)
3178
(2, 6)
3179
(3, 5)
3180
(2, 6)
3181
(2, 6)
3182
(2, 6)
3183
(3, 5)
3184
(2, 6)
3185
(2, 6)
3186
(2, 6)
3187
(2, 7)
3188
(2, 6)
3189
(2, 6)
3190
(2, 6)
3191
(3, 5)
3192
(2, 6)
3193
(2, 6)
3194
(2, 7)
3195
(2, 7)
3196
(2, 7)
3197
(2, 7)
3198
(1, 7)
3199
(1, 7)
3200
(2, 6)
3201
(2, 6)
3202
(1, 7)
3203
(1, 7)
3204
(2, 6)
3205
(2, 6)
3206
(2, 6)
3207
(1, 7)
3208
(2, 6)
3209
(2, 6)
3210
(2, 6)
3211
(2, 7)
3212
(2, 5)
3213
(2, 5)
3214
(2, 6)
3215
(2, 7)
3216
(2, 5)
3217
(2, 5)
3218
(2, 5)
3219
(2, 7)
3220
(2, 5)
3221
(2, 5)
3222
(3, 5)
3223
(2, 7)
3224
(2, 5)
3225
(2, 5)
3226
(3, 5)
3227
(3, 5)
3228
(2, 5)
3229
(3, 5)
3230
(2, 5)
3231
(3, 5)
3232
(2, 5)
3233
(3, 5)
3234
(2, 5)
3235
(3, 5)
3236
(3, 5)
3237
(2, 5)
3238
(2, 5)
3239
(3, 5)
3240
(3, 5)
3241
(2, 5)
3242
(2, 5)
3243
(3, 5)
3244
(3, 5)
3245
(2, 5)
3246
(2, 5)
3247
(3, 6)
3248
(3, 5)
3249
(2, 6)
3250
(2, 6)
3251
(3, 5)
3252
(3, 5)
3253
(2, 6)
3254
(2, 6)
3255
(3, 5)
3256
(3, 5)
3257
(2, 6)
3258
(2, 6)
3259
(3, 6)
3260
(3, 5)
3261
(3, 5)
3262
(2, 7)
3263
(2, 7)
3264
(2, 7)
3265
(2, 7)
3266
(2, 6)
3267
(2, 6)
3268
(2, 6)
3269
(2, 6)
3270
(2, 6)
3271
(2, 6)
3272
(2, 6)
3273
(2, 6)
3274
(2, 6)
3275
(2, 6)
3276
(2, 6)
3277
(2, 6)
3278
(3, 6)
3279
(3, 6)
3280
(3, 6)
3281
(3, 6)
3282
(3, 6)
3283
(2, 7)
3284
(2, 7)
3285
(2, 7)
3286
(2, 7)
3287
(2, 7)
3288
(2, 6)
3289
(2, 6)
3290
(2, 7)
3291
(2, 7)
3292
(2, 6)
3293
(2, 6)
3294
(2, 7)
3295
(2, 7)
3296
(2, 6)
3297
(2, 6)
3298
(2, 7)
3299
(2, 7)
3300
(2, 5)
3301
(2, 5)
3302
(2, 7)
3303
(3, 5)
3304
(2, 5)
3305
(2, 5)
3306
(3, 5)
3307
(3, 5)
3308
(2, 5)
3309
(2, 5)
3310
(3, 5)
3311
(3, 5)
3312
(2, 5)
3313
(2, 5)
3314
(3, 5)
3315
(3, 5)
3316
(2, 5)
3317
(2, 5)
3318
(3, 5)
3319
(3, 5)
3320
(2, 5)
3321
(2, 5)
3322
(3, 5)
3323
(3, 5)
3324
(2, 5)
3325
(2, 5)
3326
(3, 5)
3327
(3, 5)
3328
(2, 5)
3329
(2, 5)
3330
(3, 5)
3331
(3, 5)
3332
(2, 5)
3333
(2, 5)
3334
(3, 5)
3335
(3, 6)
3336
(2, 6)
3337
(2, 6)
3338
(3, 5)
3339
(3, 6)
3340
(2, 6)
3341
(2, 6)
3342
(3, 5)
3343
(3, 5)
3344
(2, 6)
3345
(2, 6)
3346
(3, 6)
3347
(2, 7)
3348
(2, 7)
3349
(2, 7)
3350
(2, 7)
3351
(2, 6)
3352
(2, 6)
3353
(2, 6)
3354
(2, 6)
3355
(2, 6)
3356
(2, 6)
3357
(2, 6)
3358
(2, 6)
3359
(3, 6)
3360
(3, 6)
3361
(3, 6)
3362
(3, 6)
3363
(3, 6)
3364
(3, 6)
3365
(3, 6)
3366
(3, 6)
3367
(2, 7)
3368
(2, 7)
3369
(2, 7)
3370
(2, 7)
3371
(2, 7)
3372
(2, 6)
3373
(2, 7)
3374
(2, 6)
3375
(2, 6)
3376
(2, 6)
3377
(2, 7)
3378
(2, 6)
3379
(2, 6)
3380
(3, 6)
3381
(2, 6)
3382
(2, 6)
3383
(2, 6)
3384
(3, 5)
3385
(2, 7)
3386
(2, 5)
3387
(2, 5)
3388
(3, 5)
3389
(2, 6)
3390
(2, 5)
3391
(2, 5)
3392
(3, 5)
3393
(2, 6)
3394
(2, 5)
3395
(2, 5)
3396
(2, 7)
3397
(3, 6)
3398
(2, 5)
3399
(2, 5)
3400
(2, 7)
3401
(3, 5)
3402
(2, 5)
3403
(2, 5)
3404
(2, 6)
3405
(3, 5)
3406
(2, 5)
3407
(2, 5)
3408
(2, 6)
3409
(3, 5)
3410
(2, 5)
3411
(2, 5)
3412
(3, 6)
3413
(2, 7)
3414
(2, 5)
3415
(2, 5)
3416
(3, 5)
3417
(2, 7)
3418
(2, 5)
3419
(2, 5)
3420
(3, 5)
3421
(3, 5)
3422
(3, 5)
3423
(3, 5)
3424
(3, 5)
3425
(3, 5)
3426
(3, 5)
3427
(3, 5)
3428
(3, 5)
3429
(3, 5)
3430
(3, 5)
3431
(3, 5)
3432
(3, 5)
3433
(3, 5)
3434
(3, 5)
3435
(3, 6)
3436
(3, 5)
3437
(3, 5)
3438
(3, 5)
3439
(1, 6)
3440
(3, 6)
3441
(3, 5)
3442
(3, 5)
3443
(1, 6)
3444
(3, 5)
3445
(3, 5)
3446
(3, 5)
3447
(1, 6)
3448
(3, 5)
3449
(3, 5)
3450
(3, 5)
3451
(1, 5)
3452
(2, 7)
3453
(2, 7)
3454
(2, 7)
3455
(1, 5)
3456
(2, 7)
3457
(3, 5)
3458
(2, 7)
3459
(1, 5)
3460
(2, 7)
3461
(2, 7)
3462
(2, 7)
3463
(1, 5)
3464
(2, 7)
3465
(2, 7)
3466
(2, 7)
3467
(1, 5)
3468
(2, 7)
3469
(2, 7)
3470
(3, 5)
3471
(1, 5)
3472
(1, 7)
3473
(2, 7)
3474
(2, 7)
3475
(1, 5)
3476
(1, 6)
3477
(1, 7)
3478
(1, 7)
3479
(1, 5)
3480
(1, 6)
3481
(1, 6)
3482
(1, 6)
3483
(1, 5)
3484
(1, 6)
3485
(1, 6)
3486
(1, 6)
3487
(1, 7)
3488
(1, 6)
3489
(1, 6)
3490
(1, 6)
3491
(1, 6)
3492
(1, 6)
3493
(1, 5)
3494
(1, 5)
3495
(1, 6)
3496
(1, 5)
3497
(1, 5)
3498
(1, 5)
3499
(1, 6)
3500
(1, 5)
defaultdict(<function <lambda> at 0x2ba04fa042a8>, {(7, 3): 69, (4, 7): 17, (8, 4): 103, (9, 1): 61, (6, 6): 13, (5, 6): 65, (11, 2): 54, (5, 4): 28, (2, 1): 18, (6, 2): 102, (1, 6): 133, (9, 4): 80, (5, 1): 83, (2, 5): 124, (10, 3): 100, (7, 2): 71, (3, 3): 58, (8, 1): 34, (8, 5): 106, (4, 4): 47, (6, 3): 89, (1, 5): 83, (3, 6): 24, (5, 7): 23, (3, 5): 90, (4, 1): 75, (1, 1): 8, (12, 3): 13, (6, 4): 15, (3, 2): 48, (2, 6): 117, (8, 2): 101, (7, 1): 56, (4, 5): 47, (9, 3): 108, (5, 5): 39, (7, 5): 104, (10, 1): 22, (4, 2): 87, (6, 5): 40, (5, 3): 57, (2, 7): 73, (8, 3): 106, (4, 6): 31, (9, 2): 115, (6, 1): 101, (3, 1): 12, (11, 3): 101, (4, 3): 102, (1, 7): 56, (9, 5): 18, (4, 8): 13, (5, 2): 57, (10, 2): 103})
3501
(1, 5)
3502
(1, 5)
3503
(1, 6)
3504
(1, 5)
3505
(1, 5)
3506
(1, 5)
3507
(1, 6)
3508
(1, 7)
3509
(1, 5)
3510
(1, 5)
3511
(1, 6)
3512
(1, 7)
3513
(1, 5)
3514
(1, 5)
3515
(1, 6)
3516
(1, 6)
3517
(1, 5)
3518
(1, 5)
3519
(1, 6)
3520
(1, 6)
3521
(1, 5)
3522
(1, 5)
3523
(1, 6)
3524
(1, 6)
3525
(1, 5)
3526
(1, 5)
3527
(1, 6)
3528
(1, 6)
3529
(1, 7)
3530
(1, 7)
3531
(1, 6)
3532
(1, 6)
3533
(1, 6)
3534
(1, 6)
3535
(1, 6)
3536
(1, 6)
3537
(1, 6)
3538
(1, 6)
3539
(1, 6)
3540
(1, 6)
3541
(1, 6)
3542
(1, 6)
3543
(1, 6)
3544
(1, 6)
3545
(1, 7)
3546
(1, 7)
3547
(1, 6)
3548
(1, 6)
3549
(1, 7)
3550
(1, 7)
3551
(1, 6)
3552
(1, 6)
3553
(1, 6)
3554
(1, 6)
3555
(1, 6)
3556
(1, 6)
3557
(1, 6)
3558
(1, 6)
3559
(1, 6)
3560
(1, 6)
3561
(1, 6)
3562
(1, 6)
3563
(1, 7)
3564
(1, 6)
3565
(1, 5)
3566
(1, 5)
3567
(1, 7)
3568
(1, 6)
3569
(2, 5)
3570
(1, 7)
3571
(1, 7)
3572
(1, 7)
3573
(2, 5)
3574
(1, 6)
3575
(1, 7)
3576
(1, 7)
3577
(1, 6)
3578
(1, 6)
3579
(1, 6)
3580
(1, 6)
3581
(1, 7)
3582
(1, 6)
3583
(1, 6)
3584
(1, 6)
3585
(1, 6)
3586
(1, 7)
3587
(1, 7)
3588
(1, 6)
3589
(1, 6)
3590
(1, 6)
3591
(1, 7)
3592
(2, 6)
3593
(1, 6)
3594
(2, 6)
3595
(1, 6)
3596
(2, 5)
3597
(2, 6)
3598
(2, 5)
3599
(1, 6)
3600
(2, 5)
3601
(2, 5)
3602
(2, 5)
3603
(2, 6)
3604
(2, 5)
3605
(2, 5)
3606
(2, 5)
3607
(2, 6)
3608
(2, 5)
3609
(2, 5)
3610
(2, 5)
3611
(2, 5)
3612
(1, 7)
3613
(2, 5)
3614
(1, 7)
3615
(2, 5)
3616
(1, 7)
3617
(2, 5)
3618
(1, 7)
3619
(2, 5)
3620
(1, 6)
3621
(1, 7)
3622
(1, 6)
3623
(2, 5)
3624
(1, 6)
3625
(1, 6)
3626
(2, 6)
3627
(1, 7)
3628
(1, 6)
3629
(2, 6)
3630
(2, 6)
3631
(1, 6)
3632
(1, 7)
3633
(2, 6)
3634
(2, 6)
3635
(1, 6)
3636
(1, 6)
3637
(2, 6)
3638
(1, 7)
3639
(2, 5)
3640
(2, 5)
3641
(1, 6)
3642
(1, 7)
3643
(2, 5)
3644
(2, 5)
3645
(1, 7)
3646
(1, 7)
3647
(2, 5)
3648
(2, 5)
3649
(1, 6)
3650
(2, 5)
3651
(3, 5)
3652
(3, 5)
3653
(2, 6)
3654
(2, 5)
3655
(3, 5)
3656
(1, 7)
3657
(2, 6)
3658
(1, 7)
3659
(3, 5)
3660
(2, 6)
3661
(2, 5)
3662
(2, 6)
3663
(1, 7)
3664
(2, 6)
3665
(2, 5)
3666
(2, 6)
3667
(1, 7)
3668
(2, 6)
3669
(2, 5)
3670
(2, 6)
3671
(2, 6)
3672
(2, 6)
3673
(2, 5)
3674
(2, 6)
3675
(2, 6)
3676
(2, 5)
3677
(3, 5)
3678
(2, 5)
3679
(2, 6)
3680
(2, 5)
3681
(3, 5)
3682
(2, 5)
3683
(2, 5)
3684
(3, 5)
3685
(3, 5)
3686
(3, 5)
3687
(2, 5)
3688
(1, 7)
3689
(1, 7)
3690
(1, 7)
3691
(3, 5)
3692
(2, 6)
3693
(3, 5)
3694
(3, 5)
3695
(3, 5)
3696
(2, 7)
3697
(2, 7)
3698
(2, 7)
3699
(3, 5)
3700
(2, 6)
3701
(2, 6)
3702
(2, 6)
3703
(3, 5)
3704
(2, 6)
3705
(2, 6)
3706
(2, 6)
3707
(3, 5)
3708
(2, 6)
3709
(2, 6)
3710
(2, 6)
3711
(2, 7)
3712
(2, 6)
3713
(2, 6)
3714
(2, 6)
3715
(2, 7)
3716
(3, 5)
3717
(3, 5)
3718
(3, 5)
3719
(2, 7)
3720
(3, 5)
3721
(3, 5)
3722
(3, 5)
3723
(2, 6)
3724
(3, 5)
3725
(3, 5)
3726
(3, 5)
3727
(2, 6)
3728
(2, 7)
3729
(2, 7)
3730
(2, 7)
3731
(2, 6)
3732
(3, 5)
3733
(3, 6)
3734
(3, 5)
3735
(2, 5)
3736
(3, 5)
3737
(3, 5)
3738
(3, 5)
3739
(3, 5)
3740
(3, 5)
3741
(3, 6)
3742
(3, 5)
3743
(3, 5)
3744
(3, 5)
3745
(3, 6)
3746
(3, 5)
3747
(3, 5)
3748
(3, 5)
3749
(3, 5)
3750
(3, 5)
3751
(3, 5)
3752
(3, 5)
3753
(3, 5)
3754
(3, 5)
3755
(3, 5)
3756
(3, 5)
3757
(3, 5)
3758
(3, 5)
3759
(3, 5)
3760
(3, 5)
3761
(3, 6)
3762
(3, 6)
3763
(3, 6)
3764
(3, 5)
3765
(3, 5)
3766
(3, 5)
3767
(4, 5)
3768
(3, 6)
3769
(3, 6)
3770
(3, 6)
3771
(3, 6)
3772
(3, 6)
3773
(3, 6)
3774
(3, 6)
3775
(3, 5)
3776
(3, 6)
3777
(3, 6)
3778
(4, 5)
3779
(4, 5)
3780
(4, 5)
3781
(3, 6)
3782
(3, 6)
3783
(2, 7)
3784
(2, 7)
3785
(2, 7)
3786
(2, 7)
3787
(3, 6)
3788
(3, 6)
3789
(3, 6)
3790
(3, 6)
3791
(3, 6)
3792
(3, 6)
3793
(3, 6)
3794
(3, 6)
3795
(3, 6)
3796
(3, 6)
3797
(3, 6)
3798
(3, 6)
3799
(3, 6)
3800
(3, 6)
3801
(3, 6)
3802
(3, 6)
3803
(2, 7)
3804
(3, 6)
3805
(4, 5)
3806
(3, 6)
3807
(4, 5)
3808
(2, 7)
3809
(2, 7)
3810
(2, 7)
3811
(2, 7)
3812
(2, 7)
3813
(2, 7)
3814
(3, 5)
3815
(3, 5)
3816
(3, 5)
3817
(3, 5)
3818
(3, 5)
3819
(3, 6)
3820
(3, 6)
3821
(3, 6)
3822
(3, 6)
3823
(3, 6)
3824
(3, 6)
3825
(3, 6)
3826
(4, 5)
3827
(4, 5)
3828
(3, 6)
3829
(3, 5)
3830
(3, 5)
3831
(4, 6)
3832
(4, 5)
3833
(4, 5)
3834
(4, 5)
3835
(3, 6)
3836
(3, 6)
3837
(3, 6)
3838
(3, 6)
3839
(3, 7)
3840
(3, 7)
3841
(3, 7)
3842
(3, 7)
3843
(3, 6)
3844
(3, 6)
3845
(3, 6)
3846
(3, 6)
3847
(3, 6)
3848
(3, 6)
3849
(3, 6)
3850
(3, 6)
3851
(3, 6)
3852
(3, 6)
3853
(3, 6)
3854
(3, 6)
3855
(3, 6)
3856
(3, 6)
3857
(3, 6)
3858
(3, 6)
3859
(3, 7)
3860
(3, 7)
3861
(3, 7)
3862
(3, 7)
3863
(3, 6)
3864
(3, 6)
3865
(3, 6)
3866
(3, 6)
3867
(3, 6)
3868
(3, 6)
3869
(3, 6)
3870
(3, 6)
3871
(3, 6)
3872
(3, 6)
3873
(3, 6)
3874
(3, 6)
3875
(3, 6)
3876
(3, 6)
3877
(3, 6)
3878
(3, 6)
3879
(3, 6)
3880
(3, 6)
3881
(3, 6)
3882
(3, 6)
3883
(3, 6)
3884
(3, 6)
3885
(3, 6)
3886
(3, 6)
3887
(3, 6)
3888
(3, 6)
3889
(3, 6)
3890
(3, 6)
3891
(3, 6)
3892
(3, 6)
3893
(3, 7)
3894
(3, 6)
3895
(3, 6)
3896
(3, 6)
3897
(3, 6)
3898
(3, 7)
3899
(3, 7)
3900
(3, 7)
3901
(4, 6)
3902
(4, 5)
3903
(4, 5)
3904
(4, 5)
3905
(4, 5)
3906
(3, 7)
3907
(3, 7)
3908
(3, 7)
3909
(3, 6)
3910
(3, 7)
3911
(4, 5)
3912
(4, 5)
3913
(4, 5)
3914
(4, 5)
3915
(4, 6)
3916
(4, 6)
3917
(4, 6)
3918
(4, 6)
3919
(4, 5)
3920
(3, 6)
3921
(4, 6)
3922
(4, 6)
3923
(4, 5)
3924
(4, 5)
3925
(4, 5)
3926
(3, 6)
3927
(4, 6)
3928
(4, 6)
3929
(4, 6)
3930
(3, 7)
3931
(3, 7)
3932
(3, 7)
3933
(4, 6)
3934
(4, 6)
3935
(3, 7)
3936
(3, 7)
3937
(3, 7)
3938
(3, 6)
3939
(3, 7)
3940
(3, 7)
3941
(4, 5)
3942
(4, 5)
3943
(4, 5)
3944
(2, 6)
3945
(3, 7)
3946
(3, 7)
3947
(3, 7)
3948
(2, 6)
3949
(4, 5)
3950
(4, 5)
3951
(3, 7)
3952
(3, 6)
3953
(3, 7)
3954
(3, 7)
3955
(3, 7)
3956
(3, 6)
3957
(4, 5)
3958
(4, 5)
3959
(4, 5)
3960
(3, 5)
3961
(3, 7)
3962
(3, 7)
3963
(3, 7)
3964
(3, 5)
3965
(3, 7)
3966
(3, 7)
3967
(4, 6)
3968
(3, 5)
3969
(4, 6)
3970
(4, 6)
3971
(4, 6)
3972
(2, 7)
3973
(2, 7)
3974
(2, 7)
3975
(4, 6)
3976
(2, 7)
3977
(2, 6)
3978
(2, 7)
3979
(2, 7)
3980
(2, 6)
3981
(2, 6)
3982
(2, 6)
3983
(2, 6)
3984
(1, 6)
3985
(2, 6)
3986
(1, 6)
3987
(1, 6)
3988
(1, 6)
3989
(2, 5)
3990
(2, 6)
3991
(2, 7)
3992
(2, 7)
3993
(2, 5)
3994
(2, 6)
3995
(2, 6)
3996
(2, 5)
3997
(2, 6)
3998
(3, 6)
3999
(2, 6)
4000
(2, 5)
defaultdict(<function <lambda> at 0x2ba04fa042a8>, {(7, 3): 69, (4, 7): 17, (8, 4): 103, (9, 1): 61, (6, 6): 13, (5, 6): 65, (11, 2): 54, (5, 4): 28, (2, 1): 18, (6, 2): 102, (1, 6): 203, (9, 4): 80, (3, 7): 36, (5, 1): 83, (2, 5): 166, (10, 3): 100, (7, 2): 71, (3, 3): 58, (8, 1): 34, (8, 5): 106, (4, 4): 47, (6, 3): 89, (1, 5): 100, (3, 6): 128, (5, 7): 23, (3, 5): 154, (4, 1): 75, (1, 1): 8, (12, 3): 13, (6, 4): 15, (3, 2): 48, (2, 6): 170, (8, 2): 101, (7, 1): 56, (4, 5): 78, (9, 3): 108, (5, 5): 39, (7, 5): 104, (10, 1): 22, (4, 2): 87, (6, 5): 40, (5, 3): 57, (2, 7): 101, (8, 3): 106, (4, 6): 49, (9, 2): 115, (6, 1): 101, (3, 1): 12, (11, 3): 101, (4, 3): 102, (1, 7): 93, (9, 5): 18, (4, 8): 13, (5, 2): 57, (10, 2): 103})
4001
(2, 6)
4002
(3, 5)
4003
(2, 6)
4004
(2, 5)
4005
(2, 6)
4006
(3, 5)
4007
(2, 5)
4008
(2, 5)
4009
(2, 5)
4010
(3, 5)
4011
(2, 5)
4012
(2, 5)
4013
(2, 5)
4014
(3, 5)
4015
(2, 5)
4016
(2, 5)
4017
(2, 5)
4018
(3, 5)
4019
(2, 5)
4020
(2, 5)
4021
(2, 5)
4022
(4, 5)
4023
(2, 5)
4024
(2, 6)
4025
(2, 5)
4026
(4, 6)
4027
(2, 5)
4028
(2, 6)
4029
(2, 5)
4030
(4, 6)
4031
(2, 5)
4032
(2, 6)
4033
(2, 5)
4034
(4, 6)
4035
(2, 5)
4036
(2, 7)
4037
(2, 5)
4038
(3, 6)
4039
(2, 5)
4040
(4, 5)
4041
(2, 5)
4042
(3, 7)
4043
(2, 6)
4044
(4, 6)
4045
(2, 6)
4046
(4, 6)
4047
(2, 6)
4048
(4, 6)
4049
(2, 6)
4050
(3, 5)
4051
(2, 6)
4052
(3, 7)
4053
(2, 6)
4054
(3, 7)
4055
(2, 7)
4056
(3, 7)
4057
(2, 7)
4058
(3, 7)
4059
(3, 7)
4060
(2, 7)
4061
(2, 7)
4062
(4, 6)
4063
(3, 7)
4064
(2, 6)
4065
(2, 6)
4066
(2, 7)
4067
(2, 7)
4068
(3, 6)
4069
(3, 6)
4070
(2, 7)
4071
(2, 6)
4072
(3, 6)
4073
(3, 6)
4074
(2, 7)
4075
(2, 6)
4076
(3, 6)
4077
(3, 6)
4078
(2, 6)
4079
(2, 6)
4080
(3, 5)
4081
(3, 5)
4082
(3, 6)
4083
(2, 5)
4084
(3, 5)
4085
(3, 5)
4086
(3, 6)
4087
(2, 5)
4088
(3, 5)
4089
(3, 5)
4090
(3, 5)
4091
(2, 5)
4092
(2, 7)
4093
(2, 7)
4094
(3, 5)
4095
(2, 5)
4096
(2, 6)
4097
(3, 7)
4098
(3, 5)
4099
(2, 5)
4100
(2, 6)
4101
(3, 7)
4102
(3, 5)
4103
(2, 5)
4104
(2, 6)
4105
(3, 7)
4106
(4, 5)
4107
(2, 5)
4108
(2, 5)
4109
(3, 7)
4110
(4, 5)
4111
(2, 5)
4112
(2, 5)
4113
(3, 7)
4114
(4, 5)
4115
(2, 5)
4116
(2, 5)
4117
(4, 5)
4118
(4, 5)
4119
(2, 6)
4120
(3, 6)
4121
(4, 5)
4122
(4, 6)
4123
(2, 6)
4124
(4, 5)
4125
(4, 5)
4126
(3, 7)
4127
(2, 6)
4128
(3, 7)
4129
(3, 7)
4130
(4, 5)
4131
(2, 7)
4132
(4, 5)
4133
(2, 7)
4134
(4, 5)
4135
(4, 5)
4136
(4, 5)
4137
(3, 6)
4138
(2, 7)
4139
(2, 7)
4140
(4, 6)
4141
(3, 6)
4142
(2, 6)
4143
(2, 6)
4144
(2, 7)
4145
(3, 6)
4146
(2, 6)
4147
(2, 6)
4148
(2, 6)
4149
(3, 6)
4150
(2, 6)
4151
(2, 6)
4152
(2, 6)
4153
(2, 7)
4154
(3, 5)
4155
(2, 7)
4156
(4, 6)
4157
(4, 6)
4158
(3, 5)
4159
(3, 7)
4160
(3, 7)
4161
(3, 7)
4162
(4, 5)
4163
(3, 7)
4164
(3, 7)
4165
(3, 7)
4166
(4, 6)
4167
(3, 7)
4168
(3, 7)
4169
(3, 7)
4170
(3, 7)
4171
(3, 7)
4172
(3, 7)
4173
(3, 7)
4174
(3, 7)
4175
(3, 7)
4176
(3, 7)
4177
(3, 7)
4178
(4, 5)
4179
(4, 6)
4180
(3, 7)
4181
(3, 7)
4182
(3, 7)
4183
(4, 5)
4184
(3, 7)
4185
(3, 7)
4186
(3, 7)
4187
(3, 7)
4188
(3, 7)
4189
(3, 7)
4190
(3, 7)
4191
(3, 7)
4192
(3, 7)
4193
(3, 7)
4194
(3, 7)
4195
(3, 7)
4196
(3, 7)
4197
(3, 7)
4198
(3, 7)
4199
(3, 7)
4200
(3, 7)
4201
(3, 7)
4202
(3, 7)
4203
(3, 7)
4204
(3, 7)
4205
(3, 7)
4206
(3, 7)
4207
(3, 7)
4208
(3, 7)
4209
(3, 7)
4210
(3, 7)
4211
(3, 7)
4212
(3, 7)
4213
(3, 7)
4214
(3, 7)
4215
(4, 5)
4216
(3, 7)
4217
(4, 6)
4218
(4, 6)
4219
(3, 7)
4220
(3, 6)
4221
(3, 7)
4222
(3, 7)
4223
(3, 6)
4224
(3, 6)
4225
(2, 7)
4226
(3, 6)
4227
(3, 6)
4228
(3, 6)
4229
(2, 7)
4230
(3, 6)
4231
(3, 6)
4232
(3, 6)
4233
(3, 6)
4234
(3, 6)
4235
(3, 6)
4236
(3, 6)
4237
(3, 6)
4238
(3, 5)
4239
(3, 6)
4240
(3, 6)
4241
(4, 5)
4242
(3, 5)
4243
(3, 5)
4244
(3, 6)
4245
(4, 5)
4246
(3, 5)
4247
(3, 5)
4248
(3, 5)
4249
(4, 5)
4250
(3, 5)
4251
(3, 5)
4252
(3, 5)
4253
(3, 6)
4254
(3, 5)
4255
(3, 5)
4256
(3, 5)
4257
(3, 6)
4258
(3, 5)
4259
(3, 5)
4260
(3, 5)
4261
(3, 6)
4262
(3, 5)
4263
(3, 5)
4264
(3, 5)
4265
(3, 6)
4266
(3, 5)
4267
(3, 5)
4268
(3, 5)
4269
(3, 5)
4270
(3, 5)
4271
(3, 5)
4272
(3, 5)
4273
(4, 5)
4274
(3, 5)
4275
(3, 5)
4276
(3, 5)
4277
(4, 5)
4278
(3, 5)
4279
(3, 5)
4280
(3, 5)
4281
(4, 5)
4282
(3, 5)
4283
(3, 6)
4284
(3, 6)
4285
(3, 6)
4286
(3, 6)
4287
(3, 6)
4288
(4, 5)
4289
(3, 7)
4290
(3, 6)
4291
(3, 7)
4292
(3, 7)
4293
(3, 7)
4294
(3, 6)
4295
(3, 7)
4296
(3, 7)
4297
(3, 6)
4298
(3, 6)
4299
(3, 6)
4300
(3, 6)
4301
(3, 6)
4302
(4, 5)
4303
(3, 6)
4304
(3, 6)
4305
(3, 6)
4306
(3, 6)
4307
(3, 6)
4308
(3, 6)
4309
(4, 5)
4310
(3, 6)
4311
(3, 6)
4312
(3, 6)
4313
(3, 6)
4314
(3, 6)
4315
(3, 6)
4316
(3, 6)
4317
(3, 6)
4318
(3, 6)
4319
(3, 6)
4320
(3, 6)
4321
(3, 6)
4322
(3, 6)
4323
(3, 6)
4324
(4, 5)
4325
(3, 7)
4326
(3, 7)
4327
(3, 7)
4328
(4, 5)
4329
(3, 7)
4330
(3, 7)
4331
(3, 7)
4332
(3, 7)
4333
(3, 6)
4334
(3, 6)
4335
(3, 6)
4336
(3, 6)
4337
(3, 6)
4338
(3, 6)
4339
(3, 6)
4340
(3, 6)
4341
(3, 6)
4342
(3, 6)
4343
(3, 6)
4344
(2, 7)
4345
(3, 7)
4346
(3, 7)
4347
(3, 7)
4348
(3, 7)
4349
(3, 7)
4350
(3, 7)
4351
(3, 7)
4352
(3, 7)
4353
(3, 7)
4354
(3, 7)
4355
(3, 7)
4356
(3, 7)
4357
(3, 7)
4358
(4, 6)
4359
(3, 7)
4360
(3, 7)
4361
(3, 7)
4362
(4, 5)
4363
(4, 5)
4364
(4, 5)
4365
(4, 5)
4366
(4, 6)
4367
(4, 5)
4368
(4, 5)
4369
(3, 7)
4370
(4, 5)
4371
(4, 5)
4372
(4, 5)
4373
(3, 7)
4374
(3, 7)
4375
(3, 7)
4376
(4, 6)
4377
(3, 7)
4378
(4, 6)
4379
(4, 5)
4380
(3, 7)
4381
(3, 7)
4382
(3, 7)
4383
(3, 7)
4384
(3, 7)
4385
(3, 7)
4386
(3, 7)
4387
(3, 7)
4388
(3, 7)
4389
(3, 7)
4390
(3, 7)
4391
(3, 7)
4392
(3, 7)
4393
(3, 7)
4394
(3, 7)
4395
(3, 7)
4396
(4, 6)
4397
(3, 7)
4398
(4, 6)
4399
(4, 6)
4400
(4, 6)
4401
(3, 7)
4402
(4, 6)
4403
(3, 7)
4404
(4, 6)
4405
(3, 7)
4406
(3, 7)
4407
(3, 7)
4408
(4, 6)
4409
(3, 7)
4410
(4, 6)
4411
(3, 7)
4412
(3, 7)
4413
(4, 7)
4414
(3, 7)
4415
(3, 7)
4416
(3, 7)
4417
(3, 7)
4418
(3, 7)
4419
(3, 7)
4420
(3, 7)
4421
(3, 7)
4422
(3, 7)
4423
(3, 7)
4424
(3, 7)
4425
(3, 7)
4426
(3, 7)
4427
(3, 7)
4428
(3, 7)
4429
(3, 7)
4430
(3, 7)
4431
(3, 7)
4432
(3, 7)
4433
(3, 7)
4434
(3, 7)
4435
(3, 7)
4436
(3, 7)
4437
(3, 7)
4438
(3, 7)
4439
(3, 7)
4440
(3, 7)
4441
(3, 7)
4442
(3, 7)
4443
(3, 7)
4444
(3, 7)
4445
(3, 7)
4446
(3, 7)
4447
(3, 7)
4448
(3, 7)
4449
(3, 7)
4450
(3, 7)
4451
(3, 7)
4452
(3, 7)
4453
(3, 7)
4454
(3, 7)
4455
(3, 7)
4456
(3, 7)
4457
(3, 7)
4458
(3, 7)
4459
(3, 7)
4460
(4, 6)
4461
(4, 7)
4462
(4, 7)
4463
(4, 5)
4464
(4, 6)
4465
(4, 7)
4466
(4, 6)
4467
(4, 7)
4468
(4, 6)
4469
(4, 7)
4470
(4, 6)
4471
(4, 7)
4472
(4, 6)
4473
(4, 7)
4474
(4, 6)
4475
(4, 6)
4476
(5, 5)
4477
(4, 5)
4478
(4, 6)
4479
(3, 7)
4480
(5, 5)
4481
(4, 5)
4482
(5, 5)
4483
(4, 7)
4484
(5, 5)
4485
(4, 7)
4486
(5, 5)
4487
(4, 6)
4488
(5, 5)
4489
(4, 6)
4490
(5, 5)
4491
(4, 6)
4492
(5, 5)
4493
(4, 6)
4494
(5, 5)
4495
(4, 6)
4496
(4, 7)
4497
(4, 6)
4498
(4, 6)
4499
(4, 6)
4500
(4, 6)
defaultdict(<function <lambda> at 0x2ba04fa042a8>, {(7, 3): 69, (4, 7): 28, (8, 4): 103, (9, 1): 61, (6, 6): 13, (5, 6): 65, (11, 2): 54, (5, 4): 28, (2, 1): 18, (6, 2): 102, (1, 6): 203, (9, 4): 80, (3, 7): 212, (5, 1): 83, (2, 5): 201, (10, 3): 100, (7, 2): 71, (3, 3): 58, (8, 1): 34, (8, 5): 106, (4, 4): 47, (6, 3): 89, (1, 5): 100, (3, 6): 206, (5, 7): 23, (3, 5): 204, (4, 1): 75, (1, 1): 8, (12, 3): 13, (6, 4): 15, (3, 2): 48, (2, 6): 202, (8, 2): 101, (7, 1): 56, (4, 5): 121, (9, 3): 108, (5, 5): 48, (7, 5): 104, (10, 1): 22, (4, 2): 87, (6, 5): 40, (5, 3): 57, (2, 7): 122, (8, 3): 106, (4, 6): 94, (9, 2): 115, (6, 1): 101, (3, 1): 12, (11, 3): 101, (4, 3): 102, (1, 7): 93, (9, 5): 18, (4, 8): 13, (5, 2): 57, (10, 2): 103})
4501
(4, 6)
4502
(4, 6)
4503
(5, 5)
4504
(4, 7)
4505
(5, 5)
4506
(4, 6)
4507
(5, 5)
4508
(4, 6)
4509
(5, 5)
4510
(4, 6)
4511
(5, 5)
4512
(4, 7)
4513
(5, 5)
4514
(4, 7)
4515
(5, 5)
4516
(4, 7)
4517
(5, 5)
4518
(4, 7)
4519
(4, 7)
4520
(4, 7)
4521
(4, 7)
4522
(4, 5)
4523
(4, 6)
4524
(4, 6)
4525
(4, 6)
4526
(4, 6)
4527
(4, 7)
4528
(4, 6)
4529
(4, 7)
4530
(4, 7)
4531
(4, 7)
4532
(4, 7)
4533
(4, 7)
4534
(4, 6)
4535
(4, 6)
4536
(5, 5)
4537
(4, 7)
4538
(4, 7)
4539
(4, 7)
4540
(4, 7)
4541
(4, 7)
4542
(4, 6)
4543
(4, 7)
4544
(4, 7)
4545
(4, 7)
4546
(4, 7)
4547
(4, 7)
4548
(4, 7)
4549
(4, 7)
4550
(4, 6)
4551
(4, 6)
4552
(4, 6)
4553
(5, 5)
4554
(4, 6)
4555
(4, 7)
4556
(4, 7)
4557
(4, 7)
4558
(4, 7)
4559
(4, 7)
4560
(5, 5)
4561
(5, 5)
4562
(4, 6)
4563
(4, 6)
4564
(4, 7)
4565
(4, 7)
4566
(4, 7)
4567
(4, 7)
4568
(4, 6)
4569
(4, 7)
4570
(4, 7)
4571
(4, 7)
4572
(4, 7)
4573
(4, 7)
4574
(4, 7)
4575
(4, 6)
4576
(4, 6)
4577
(4, 7)
4578
(4, 7)
4579
(4, 7)
4580
(4, 7)
4581
(4, 7)
4582
(5, 6)
4583
(5, 6)
4584
(5, 6)
4585
(5, 6)
4586
(4, 7)
4587
(4, 7)
4588
(5, 6)
4589
(5, 6)
4590
(5, 6)
4591
(4, 7)
4592
(5, 6)
4593
(5, 6)
4594
(5, 6)
4595
(4, 6)
4596
(4, 6)
4597
(4, 7)
4598
(4, 7)
4599
(4, 7)
4600
(4, 7)
4601
(4, 7)
4602
(4, 7)
4603
(4, 7)
4604
(4, 6)
4605
(4, 6)
4606
(4, 7)
4607
(5, 6)
4608
(5, 6)
4609
(4, 7)
4610
(4, 8)
4611
(4, 8)
4612
(4, 8)
4613
(4, 8)
4614
(4, 8)
4615
(4, 6)
4616
(4, 6)
4617
(5, 6)
4618
(5, 6)
4619
(5, 6)
4620
(6, 6)
4621
(6, 6)
4622
(6, 6)
4623
(4, 7)
4624
(4, 7)
4625
(4, 7)
4626
(4, 7)
4627
(4, 7)
4628
(4, 7)
4629
(4, 7)
4630
(4, 7)
4631
(4, 7)
4632
(4, 8)
4633
(4, 8)
4634
(4, 8)
4635
(4, 8)
4636
(4, 8)
4637
(5, 6)
4638
(4, 7)
4639
(5, 6)
4640
(5, 6)
4641
(5, 6)
4642
(4, 7)
4643
(4, 8)
4644
(4, 8)
4645
(4, 8)
4646
(4, 8)
4647
(4, 8)
4648
(4, 6)
4649
(5, 6)
4650
(5, 6)
4651
(5, 6)
4652
(5, 6)
4653
(5, 6)
4654
(4, 7)
4655
(5, 7)
4656
(5, 6)
4657
(5, 6)
4658
(4, 7)
4659
(4, 7)
4660
(4, 8)
4661
(4, 8)
4662
(4, 8)
4663
(4, 8)
4664
(4, 8)
4665
(5, 7)
4666
(5, 7)
4667
(5, 7)
4668
(4, 7)
4669
(5, 7)
4670
(5, 7)
4671
(5, 6)
4672
(5, 6)
4673
(6, 6)
4674
(6, 6)
4675
(4, 7)
4676
(4, 7)
4677
(4, 7)
4678
(4, 7)
4679
(5, 6)
4680
(4, 7)
4681
(6, 6)
4682
(4, 8)
4683
(5, 6)
4684
(5, 6)
4685
(5, 6)
4686
(4, 6)
4687
(5, 6)
4688
(4, 8)
4689
(4, 8)
4690
(4, 8)
4691
(4, 8)
4692
(4, 8)
4693
(5, 7)
4694
(5, 7)
4695
(5, 7)
4696
(5, 7)
4697
(5, 7)
4698
(5, 7)
4699
(4, 7)
4700
(5, 7)
4701
(4, 7)
4702
(4, 8)
4703
(4, 7)
4704
(4, 8)
4705
(4, 7)
4706
(4, 8)
4707
(4, 8)
4708
(4, 8)
4709
(5, 7)
4710
(5, 5)
4711
(5, 7)
4712
(5, 7)
4713
(5, 6)
4714
(5, 5)
4715
(5, 7)
4716
(5, 7)
4717
(5, 6)
4718
(5, 5)
4719
(4, 8)
4720
(4, 7)
4721
(5, 6)
4722
(5, 5)
4723
(5, 7)
4724
(5, 7)
4725
(5, 6)
4726
(5, 5)
4727
(5, 6)
4728
(5, 6)
4729
(6, 5)
4730
(5, 5)
4731
(5, 6)
4732
(4, 6)
4733
(6, 5)
4734
(5, 5)
4735
(5, 6)
4736
(4, 6)
4737
(6, 5)
4738
(5, 5)
4739
(6, 5)
4740
(4, 5)
4741
(5, 7)
4742
(5, 5)
4743
(6, 5)
4744
(4, 5)
4745
(5, 6)
4746
(5, 6)
4747
(6, 5)
4748
(4, 5)
4749
(5, 6)
4750
(5, 7)
4751
(5, 7)
4752
(4, 5)
4753
(5, 6)
4754
(5, 6)
4755
(5, 6)
4756
(5, 7)
4757
(5, 6)
4758
(5, 6)
4759
(4, 6)
4760
(5, 6)
4761
(4, 5)
4762
(5, 6)
4763
(4, 6)
4764
(5, 6)
4765
(4, 5)
4766
(5, 6)
4767
(4, 5)
4768
(5, 6)
4769
(4, 5)
4770
(4, 5)
4771
(4, 5)
4772
(4, 6)
4773
(4, 5)
4774
(4, 5)
4775
(4, 5)
4776
(4, 5)
4777
(4, 5)
4778
(4, 5)
4779
(5, 7)
4780
(4, 5)
4781
(4, 5)
4782
(4, 5)
4783
(5, 6)
4784
(4, 5)
4785
(4, 6)
4786
(4, 5)
4787
(4, 6)
4788
(4, 5)
4789
(4, 6)
4790
(4, 5)
4791
(4, 6)
4792
(4, 5)
4793
(4, 6)
4794
(4, 6)
4795
(4, 5)
4796
(4, 5)
4797
(4, 6)
4798
(4, 6)
4799
(4, 5)
4800
(4, 6)
4801
(4, 7)
4802
(4, 6)
4803
(4, 5)
4804
(4, 6)
4805
(5, 7)
4806
(4, 6)
4807
(5, 7)
4808
(4, 6)
4809
(5, 6)
4810
(4, 7)
4811
(5, 6)
4812
(4, 6)
4813
(5, 6)
4814
(4, 7)
4815
(5, 6)
4816
(4, 7)
4817
(4, 6)
4818
(5, 7)
4819
(5, 6)
4820
(4, 7)
4821
(4, 6)
4822
(5, 6)
4823
(5, 5)
4824
(4, 7)
4825
(4, 5)
4826
(5, 6)
4827
(5, 5)
4828
(4, 7)
4829
(4, 5)
4830
(4, 6)
4831
(5, 5)
4832
(4, 7)
4833
(4, 5)
4834
(4, 6)
4835
(5, 5)
4836
(4, 7)
4837
(4, 5)
4838
(4, 5)
4839
(5, 5)
4840
(4, 7)
4841
(4, 5)
4842
(4, 5)
4843
(5, 5)
4844
(5, 7)
4845
(4, 5)
4846
(4, 5)
4847
(5, 5)
4848
(5, 6)
4849
(4, 6)
4850
(4, 5)
4851
(5, 5)
4852
(5, 6)
4853
(4, 6)
4854
(4, 5)
4855
(5, 5)
4856
(5, 6)
4857
(4, 6)
4858
(4, 5)
4859
(5, 6)
4860
(5, 5)
4861
(4, 6)
4862
(4, 6)
4863
(5, 6)
4864
(5, 5)
4865
(4, 7)
4866
(4, 6)
4867
(5, 7)
4868
(5, 5)
4869
(5, 7)
4870
(4, 6)
4871
(5, 6)
4872
(5, 5)
4873
(4, 7)
4874
(4, 6)
4875
(4, 6)
4876
(5, 5)
4877
(5, 6)
4878
(4, 7)
4879
(4, 6)
4880
(5, 5)
4881
(5, 6)
4882
(5, 7)
4883
(4, 6)
4884
(5, 5)
4885
(5, 6)
4886
(5, 6)
4887
(4, 5)
4888
(5, 5)
4889
(5, 5)
4890
(4, 6)
4891
(4, 5)
4892
(5, 5)
4893
(6, 5)
4894
(4, 6)
4895
(4, 5)
4896
(5, 6)
4897
(4, 7)
4898
(4, 6)
4899
(4, 5)
4900
(5, 6)
4901
(6, 5)
4902
(4, 5)
4903
(4, 5)
4904
(4, 7)
4905
(4, 7)
4906
(4, 5)
4907
(4, 5)
4908
(4, 7)
4909
(4, 7)
4910
(5, 7)
4911
(4, 6)
4912
(5, 7)
4913
(5, 7)
4914
(5, 6)
4915
(4, 6)
4916
(5, 6)
4917
(5, 6)
4918
(5, 6)
4919
(4, 6)
4920
(5, 6)
4921
(5, 6)
4922
(5, 6)
4923
(4, 6)
4924
(5, 6)
4925
(5, 6)
4926
(5, 5)
4927
(5, 7)
4928
(5, 5)
4929
(5, 5)
4930
(6, 5)
4931
(4, 6)
4932
(5, 5)
4933
(6, 5)
4934
(4, 7)
4935
(4, 6)
4936
(5, 5)
4937
(6, 5)
4938
(6, 5)
4939
(4, 6)
4940
(5, 5)
4941
(5, 7)
4942
(5, 7)
4943
(4, 6)
4944
(5, 5)
4945
(4, 6)
4946
(4, 6)
4947
(4, 5)
4948
(5, 5)
4949
(4, 6)
4950
(4, 6)
4951
(4, 5)
4952
(5, 5)
4953
(4, 6)
4954
(4, 6)
4955
(4, 5)
4956
(5, 5)
4957
(4, 6)
4958
(4, 6)
4959
(4, 5)
4960
(5, 5)
4961
(4, 5)
4962
(4, 5)
4963
(4, 5)
4964
(5, 6)
4965
(4, 5)
4966
(4, 5)
4967
(4, 5)
4968
(5, 6)
4969
(4, 5)
4970
(4, 5)
4971
(4, 6)
4972
(4, 7)
4973
(4, 5)
4974
(4, 5)
4975
(4, 6)
4976
(4, 5)
4977
(4, 7)
4978
(4, 7)
4979
(4, 6)
4980
(4, 7)
4981
(4, 7)
4982
(4, 7)
4983
(4, 7)
4984
(5, 7)
4985
(5, 7)
4986
(5, 7)
4987
(5, 7)
4988
(5, 6)
4989
(5, 6)
4990
(5, 6)
4991
(5, 6)
4992
(5, 6)
4993
(5, 6)
4994
(5, 6)
4995
(5, 6)
4996
(5, 6)
4997
(5, 6)
4998
(5, 6)
4999
(5, 6)
5000
(5, 5)
defaultdict(<function <lambda> at 0x2ba04fa042a8>, {(7, 3): 69, (4, 7): 137, (8, 4): 103, (9, 1): 61, (6, 6): 19, (5, 6): 162, (11, 2): 54, (5, 4): 28, (2, 1): 18, (6, 2): 102, (1, 6): 203, (9, 4): 80, (3, 7): 212, (5, 1): 83, (2, 5): 201, (10, 3): 100, (7, 2): 71, (3, 3): 58, (8, 1): 34, (8, 5): 106, (4, 4): 47, (6, 3): 89, (1, 5): 100, (3, 6): 206, (5, 7): 65, (3, 5): 204, (4, 1): 75, (1, 1): 8, (12, 3): 13, (6, 4): 15, (3, 2): 48, (2, 6): 202, (8, 2): 101, (7, 1): 56, (4, 5): 185, (9, 3): 108, (5, 5): 100, (7, 5): 104, (10, 1): 22, (4, 2): 87, (6, 5): 52, (5, 3): 57, (2, 7): 122, (8, 3): 106, (4, 6): 180, (9, 2): 115, (6, 1): 101, (3, 1): 12, (11, 3): 101, (4, 3): 102, (1, 7): 93, (9, 5): 18, (4, 8): 45, (5, 2): 57, (10, 2): 103})
5001
(5, 5)
5002
(5, 5)
5003
(5, 5)
5004
(6, 5)
5005
(6, 5)
5006
(6, 5)
5007
(6, 5)
5008
(6, 5)
5009
(6, 5)
5010
(6, 5)
5011
(6, 5)
5012
(4, 7)
5013
(4, 7)
5014
(4, 7)
5015
(5, 7)
5016
(4, 6)
5017
(4, 6)
5018
(4, 6)
5019
(5, 6)
5020
(4, 6)
5021
(4, 6)
5022
(4, 6)
5023
(4, 6)
5024
(4, 6)
5025
(4, 6)
5026
(4, 6)
5027
(4, 6)
5028
(4, 6)
5029
(4, 6)
5030
(4, 7)
5031
(4, 7)
5032
(4, 7)
5033
(4, 7)
5034
(4, 7)
5035
(4, 7)
5036
(4, 7)
5037
(4, 7)
5038
(4, 7)
5039
(4, 7)
5040
(4, 7)
5041
(5, 7)
5042
(4, 7)
5043
(4, 7)
5044
(4, 7)
5045
(5, 6)
5046
(4, 7)
5047
(4, 7)
5048
(4, 7)
5049
(5, 6)
5050
(4, 7)
5051
(4, 7)
5052
(4, 7)
5053
(5, 6)
5054
(4, 7)
5055
(4, 7)
5056
(4, 7)
5057
(5, 5)
5058
(4, 7)
5059
(4, 7)
5060
(4, 7)
5061
(5, 5)
5062
(4, 7)
5063
(4, 7)
5064
(4, 7)
5065
(5, 5)
5066
(4, 7)
5067
(4, 7)
5068
(4, 7)
5069
(5, 5)
5070
(4, 7)
5071
(4, 7)
5072
(5, 5)
5073
(4, 7)
5074
(4, 7)
5075
(5, 7)
5076
(5, 5)
5077
(4, 7)
5078
(4, 7)
5079
(5, 6)
5080
(5, 5)
5081
(4, 7)
5082
(4, 7)
5083
(5, 6)
5084
(5, 5)
5085
(4, 7)
5086
(5, 7)
5087
(6, 5)
5088
(5, 5)
5089
(6, 5)
5090
(5, 6)
5091
(5, 7)
5092
(5, 6)
5093
(5, 7)
5094
(6, 5)
5095
(5, 6)
5096
(5, 6)
5097
(5, 6)
5098
(5, 7)
5099
(5, 6)
5100
(5, 7)
5101
(5, 6)
5102
(5, 6)
5103
(5, 6)
5104
(5, 6)
5105
(5, 6)
5106
(6, 5)
5107
(5, 6)
5108
(5, 6)
5109
(5, 5)
5110
(6, 5)
5111
(5, 6)
5112
(5, 6)
5113
(5, 5)
5114
(4, 7)
5115
(5, 5)
5116
(5, 5)
5117
(5, 5)
5118
(4, 7)
5119
(5, 5)
5120
(5, 5)
5121
(5, 5)
5122
(4, 7)
5123
(5, 5)
5124
(5, 5)
5125
(5, 5)
5126
(6, 5)
5127
(5, 5)
5128
(5, 5)
5129
(5, 5)
5130
(6, 5)
5131
(5, 5)
5132
(5, 5)
5133
(5, 5)
5134
(5, 7)
5135
(5, 5)
5136
(5, 5)
5137
(5, 5)
5138
(5, 6)
5139
(5, 5)
5140
(5, 5)
5141
(5, 5)
5142
(5, 6)
5143
(5, 5)
5144
(5, 5)
5145
(5, 6)
5146
(5, 6)
5147
(5, 5)
5148
(5, 5)
5149
(5, 6)
5150
(5, 5)
5151
(5, 7)
5152
(4, 7)
5153
(4, 7)
5154
(5, 5)
5155
(4, 7)
5156
(6, 5)
5157
(6, 5)
5158
(5, 5)
5159
(6, 5)
5160
(5, 7)
5161
(5, 7)
5162
(5, 5)
5163
(5, 7)
5164
(5, 7)
5165
(6, 5)
5166
(5, 5)
5167
(5, 7)
5168
(5, 7)
5169
(5, 7)
5170
(5, 5)
5171
(5, 7)
5172
(5, 7)
5173
(5, 7)
5174
(5, 5)
5175
(5, 7)
5176
(4, 7)
5177
(6, 6)
5178
(5, 5)
5179
(6, 6)
5180
(4, 7)
5181
(4, 7)
5182
(5, 5)
5183
(4, 7)
5184
(4, 7)
5185
(4, 7)
5186
(4, 7)
5187
(4, 7)
5188
(4, 7)
5189
(4, 7)
5190
(4, 7)
5191
(4, 7)
5192
(4, 7)
5193
(4, 8)
5194
(5, 7)
5195
(5, 7)
5196
(5, 7)
5197
(5, 7)
5198
(5, 7)
5199
(5, 7)
5200
(5, 7)
5201
(5, 6)
5202
(5, 7)
5203
(5, 7)
5204
(5, 7)
5205
(5, 7)
5206
(5, 7)
5207
(5, 7)
5208
(5, 7)
5209
(5, 7)
5210
(6, 6)
5211
(6, 6)
5212
(5, 7)
5213
(5, 7)
5214
(5, 7)
5215
(5, 7)
5216
(5, 7)
5217
(5, 7)
5218
(5, 7)
5219
(5, 7)
5220
(5, 7)
5221
(5, 7)
5222
(5, 7)
5223
(5, 7)
5224
(5, 7)
5225
(5, 7)
5226
(5, 7)
5227
(5, 7)
5228
(5, 7)
5229
(5, 7)
5230
(5, 7)
5231
(5, 7)
5232
(5, 7)
5233
(5, 7)
5234
(5, 7)
5235
(5, 7)
5236
(5, 7)
5237
(5, 7)
5238
(5, 7)
5239
(5, 7)
5240
(5, 7)
5241
(5, 7)
5242
(6, 6)
5243
(6, 5)
5244
(6, 5)
5245
(6, 5)
5246
(5, 7)
5247
(6, 5)
5248
(6, 5)
5249
(6, 5)
5250
(6, 5)
5251
(6, 5)
5252
(6, 5)
5253
(6, 5)
5254
(5, 7)
5255
(5, 7)
5256
(5, 7)
5257
(5, 7)
5258
(5, 7)
5259
(5, 7)
5260
(5, 7)
5261
(5, 7)
5262
(5, 7)
5263
(6, 6)
5264
(5, 7)
5265
(5, 7)
5266
(5, 7)
5267
(6, 5)
5268
(5, 7)
5269
(5, 7)
5270
(5, 7)
5271
(6, 5)
5272
(4, 8)
5273
(4, 9)
5274
(4, 9)
5275
(4, 9)
5276
(4, 8)
5277
(4, 9)
5278
(4, 9)
5279
(4, 7)
5280
(5, 7)
5281
(5, 7)
5282
(5, 7)
5283
(4, 7)
5284
(4, 7)
5285
(4, 7)
5286
(4, 7)
5287
(5, 7)
5288
(5, 7)
5289
(5, 7)
5290
(6, 6)
5291
(5, 7)
5292
(5, 7)
5293
(6, 6)
5294
(6, 5)
5295
(5, 7)
5296
(5, 7)
5297
(6, 5)
5298
(6, 5)
5299
(6, 6)
5300
(6, 6)
5301
(5, 7)
5302
(5, 7)
5303
(6, 6)
5304
(6, 6)
5305
(6, 6)
5306
(5, 6)
5307
(6, 6)
5308
(6, 6)
5309
(6, 6)
5310
(5, 6)
5311
(6, 6)
5312
(6, 6)
5313
(6, 6)
5314
(5, 6)
5315
(6, 5)
5316
(6, 5)
5317
(6, 5)
5318
(5, 5)
5319
(6, 5)
5320
(6, 5)
5321
(6, 5)
5322
(5, 5)
5323
(6, 5)
5324
(6, 5)
5325
(5, 7)
5326
(5, 5)
5327
(6, 5)
5328
(6, 5)
5329
(5, 6)
5330
(5, 5)
5331
(5, 7)
5332
(5, 7)
5333
(5, 6)
5334
(5, 5)
5335
(6, 6)
5336
(5, 6)
5337
(5, 6)
5338
(5, 5)
5339
(6, 6)
5340
(5, 6)
5341
(5, 6)
5342
(5, 5)
5343
(6, 6)
5344
(5, 6)
5345
(5, 5)
5346
(5, 5)
5347
(6, 5)
5348
(5, 5)
5349
(5, 5)
5350
(5, 5)
5351
(6, 5)
5352
(5, 5)
5353
(5, 5)
5354
(5, 6)
5355
(5, 7)
5356
(5, 5)
5357
(5, 5)
5358
(5, 6)
5359
(5, 6)
5360
(5, 5)
5361
(5, 5)
5362
(5, 7)
5363
(5, 7)
5364
(5, 5)
5365
(5, 5)
5366
(5, 7)
5367
(6, 6)
5368
(5, 5)
5369
(5, 7)
5370
(5, 7)
5371
(6, 6)
5372
(5, 5)
5373
(5, 7)
5374
(5, 7)
5375
(6, 6)
5376
(5, 5)
5377
(5, 7)
5378
(5, 7)
5379
(6, 5)
5380
(5, 5)
5381
(5, 7)
5382
(5, 7)
5383
(6, 5)
5384
(5, 7)
5385
(5, 7)
5386
(5, 7)
5387
(5, 7)
5388
(5, 7)
5389
(5, 7)
5390
(5, 7)
5391
(5, 7)
5392
(5, 7)
5393
(5, 7)
5394
(5, 7)
5395
(5, 7)
5396
(5, 7)
5397
(5, 7)
5398
(5, 7)
5399
(5, 7)
5400
(5, 7)
5401
(5, 7)
5402
(5, 7)
5403
(5, 7)
5404
(5, 7)
5405
(5, 7)
5406
(5, 7)
5407
(5, 7)
5408
(5, 7)
5409
(5, 7)
5410
(5, 7)
5411
(5, 7)
5412
(5, 7)
5413
(5, 7)
5414
(5, 7)
5415
(5, 7)
5416
(5, 7)
5417
(5, 7)
5418
(5, 7)
5419
(5, 7)
5420
(5, 7)
5421
(5, 7)
5422
(5, 7)
5423
(5, 7)
5424
(5, 7)
5425
(5, 7)
5426
(5, 7)
5427
(5, 7)
5428
(5, 7)
5429
(5, 7)
5430
(5, 7)
5431
(5, 7)
5432
(6, 7)
5433
(6, 7)
5434
(6, 7)
5435
(6, 7)
5436
(6, 6)
5437
(6, 6)
5438
(6, 6)
5439
(6, 7)
5440
(6, 6)
5441
(6, 6)
5442
(6, 6)
5443
(6, 6)
5444
(6, 6)
5445
(6, 6)
5446
(6, 6)
5447
(6, 6)
5448
(6, 6)
5449
(6, 6)
5450
(6, 6)
5451
(6, 7)
5452
(6, 6)
5453
(6, 7)
5454
(6, 5)
5455
(6, 6)
5456
(6, 5)
5457
(6, 6)
5458
(6, 5)
5459
(6, 6)
5460
(6, 5)
5461
(6, 6)
5462
(6, 5)
5463
(6, 6)
5464
(6, 5)
5465
(6, 6)
5466
(6, 7)
5467
(6, 5)
5468
(6, 5)
5469
(6, 5)
5470
(6, 7)
5471
(6, 7)
5472
(6, 5)
5473
(6, 6)
5474
(6, 6)
5475
(6, 6)
5476
(6, 5)
5477
(6, 6)
5478
(6, 6)
5479
(6, 6)
5480
(6, 5)
5481
(6, 6)
5482
(6, 6)
5483
(6, 6)
5484
(6, 5)
5485
(6, 6)
5486
(6, 5)
5487
(6, 5)
5488
(6, 5)
5489
(6, 7)
5490
(6, 5)
5491
(6, 5)
5492
(6, 6)
5493
(6, 7)
5494
(6, 5)
5495
(6, 5)
5496
(6, 6)
5497
(6, 6)
5498
(6, 5)
5499
(6, 5)
5500
(6, 6)
defaultdict(<function <lambda> at 0x2ba04fa042a8>, {(7, 3): 69, (4, 7): 205, (8, 4): 103, (9, 1): 61, (6, 6): 79, (5, 6): 202, (11, 2): 54, (5, 4): 28, (2, 1): 18, (6, 2): 102, (1, 6): 203, (9, 4): 80, (3, 7): 212, (5, 1): 83, (2, 5): 201, (10, 3): 100, (7, 2): 71, (4, 9): 5, (3, 3): 58, (8, 1): 34, (8, 5): 106, (4, 4): 47, (6, 3): 89, (1, 5): 100, (3, 6): 206, (5, 7): 222, (3, 5): 204, (4, 1): 75, (1, 1): 8, (12, 3): 13, (6, 4): 15, (3, 2): 48, (2, 6): 202, (8, 2): 101, (7, 1): 56, (4, 5): 185, (9, 3): 108, (5, 5): 172, (6, 7): 12, (7, 5): 104, (10, 1): 22, (4, 2): 87, (6, 5): 122, (5, 3): 57, (2, 7): 122, (8, 3): 106, (4, 6): 193, (9, 2): 115, (6, 1): 101, (3, 1): 12, (11, 3): 101, (4, 3): 102, (1, 7): 93, (9, 5): 18, (4, 8): 48, (5, 2): 57, (10, 2): 103})
5501
(6, 6)
5502
(6, 5)
5503
(6, 5)
5504
(6, 7)
5505
(6, 6)
5506
(6, 5)
5507
(6, 5)
5508
(6, 7)
5509
(6, 6)
5510
(6, 5)
5511
(6, 5)
5512
(6, 6)
5513
(6, 5)
5514
(6, 5)
5515
(6, 5)
5516
(6, 6)
5517
(6, 5)
5518
(6, 5)
5519
(6, 5)
5520
(6, 6)
5521
(6, 7)
5522
(6, 6)
5523
(6, 6)
5524
(6, 5)
5525
(6, 6)
5526
(6, 6)
5527
(6, 6)
5528
(6, 7)
5529
(6, 7)
5530
(6, 6)
5531
(6, 6)
5532
(6, 7)
5533
(6, 6)
5534
(6, 7)
5535
(6, 7)
5536
(6, 7)
5537
(6, 6)
5538
(6, 7)
5539
(6, 7)
5540
(6, 6)
5541
(6, 6)
5542
(6, 6)
5543
(6, 6)
5544
(6, 6)
5545
(6, 5)
5546
(6, 6)
5547
(6, 6)
5548
(6, 6)
5549
(6, 5)
5550
(6, 7)
5551
(6, 7)
5552
(6, 5)
5553
(6, 5)
5554
(6, 7)
5555
(6, 7)
5556
(6, 7)
5557
(6, 5)
5558
(6, 7)
5559
(6, 7)
5560
(6, 7)
5561
(6, 5)
5562
(6, 7)
5563
(6, 7)
5564
(6, 7)
5565
(6, 5)
5566
(6, 7)
5567
(6, 7)
5568
(6, 7)
5569
(6, 5)
5570
(6, 7)
5571
(6, 7)
5572
(6, 7)
5573
(6, 5)
5574
(6, 7)
5575
(6, 7)
5576
(6, 5)
5577
(6, 7)
5578
(6, 7)
5579
(6, 7)
5580
(6, 7)
5581
(6, 7)
5582
(6, 7)
5583
(6, 7)
5584
(6, 7)
5585
(6, 7)
5586
(6, 7)
5587
(6, 7)
5588
(6, 7)
5589
(6, 7)
5590
(6, 7)
5591
(6, 7)
5592
(6, 7)
5593
(6, 7)
5594
(6, 7)
5595
(6, 7)
5596
(6, 7)
5597
(6, 7)
5598
(6, 7)
5599
(6, 7)
5600
(6, 7)
5601
(6, 7)
5602
(6, 7)
5603
(6, 7)
5604
(6, 7)
5605
(6, 7)
5606
(6, 7)
5607
(6, 7)
5608
(6, 7)
5609
(6, 7)
5610
(6, 7)
5611
(6, 7)
5612
(6, 7)
5613
(6, 7)
5614
(6, 7)
5615
(6, 7)
5616
(6, 7)
5617
(6, 7)
5618
(6, 7)
5619
(6, 7)
5620
(6, 7)
5621
(6, 7)
5622
(6, 7)
5623
(6, 7)
5624
(6, 7)
5625
(6, 7)
5626
(6, 7)
5627
(6, 7)
5628
(6, 7)
5629
(6, 7)
5630
(6, 7)
5631
(6, 7)
5632
(6, 7)
5633
(6, 7)
5634
(6, 7)
5635
(6, 7)
5636
(6, 7)
5637
(6, 7)
5638
(6, 7)
5639
(6, 7)
5640
(6, 5)
5641
(3, 8)
5642
(6, 5)
5643
(6, 5)
5644
(6, 5)
5645
(6, 5)
5646
(6, 5)
5647
(4, 9)
5648
(4, 9)
5649
(4, 9)
5650
(4, 9)
5651
(4, 9)
5652
(3, 8)
5653
(3, 8)
5654
(7, 5)
5655
(6, 5)
5656
(3, 8)
5657
(3, 8)
5658
(4, 8)
5659
(3, 8)
5660
(3, 8)
5661
(3, 8)
5662
(3, 8)
5663
(3, 8)
5664
(3, 8)
5665
(3, 8)
5666
(3, 8)
5667
(3, 8)
5668
(3, 8)
5669
(3, 8)
5670
(3, 8)
5671
(3, 8)
5672
(3, 8)
5673
(3, 8)
5674
(3, 8)
5675
(3, 8)
5676
(3, 8)
5677
(3, 8)
5678
(3, 8)
5679
(3, 8)
5680
(3, 8)
5681
(3, 8)
5682
(3, 8)
5683
(3, 8)
5684
(3, 8)
5685
(3, 8)
5686
(3, 8)
5687
(3, 8)
5688
(3, 8)
5689
(3, 8)
5690
(3, 8)
5691
(3, 8)
5692
(3, 8)
5693
(3, 8)
5694
(3, 8)
5695
(3, 8)
5696
(3, 8)
5697
(3, 8)
5698
(3, 8)
5699
(3, 8)
5700
(3, 8)
5701
(3, 8)
5702
(3, 8)
5703
(3, 8)
5704
(3, 8)
5705
(3, 8)
5706
(3, 8)
5707
(3, 8)
5708
(3, 8)
5709
(3, 8)
5710
(3, 8)
5711
(3, 8)
5712
(3, 8)
5713
(3, 8)
5714
(3, 8)
5715
(3, 8)
5716
(3, 8)
5717
(3, 8)
5718
(3, 8)
5719
(3, 8)
5720
(3, 8)
5721
(3, 8)
5722
(3, 8)
5723
(3, 8)
5724
(3, 8)
5725
(3, 8)
5726
(3, 8)
5727
(3, 8)
5728
(3, 8)
5729
(3, 8)
5730
(3, 8)
5731
(3, 8)
5732
(3, 8)
5733
(3, 8)
5734
(3, 8)
5735
(3, 8)
5736
(3, 8)
5737
(3, 8)
5738
(3, 8)
5739
(3, 8)
5740
(3, 8)
5741
(3, 8)
5742
(3, 8)
5743
(3, 8)
5744
(3, 8)
5745
(3, 8)
5746
(3, 8)
5747
(3, 8)
5748
(3, 8)
5749
(3, 8)
5750
(3, 8)
5751
(3, 8)
5752
(3, 8)
5753
(3, 8)
5754
(3, 8)
5755
(3, 8)
5756
(3, 8)
5757
(3, 8)
5758
(3, 8)
5759
(3, 8)
5760
(3, 8)
5761
(4, 8)
5762
(4, 8)
5763
(4, 8)
5764
(4, 8)
5765
(4, 8)
5766
(4, 8)
5767
(4, 8)
5768
(6, 5)
5769
(6, 5)
5770
(6, 5)
5771
(4, 8)
5772
(6, 5)
5773
(6, 5)
5774
(6, 5)
5775
(7, 5)
5776
(7, 5)
5777
(4, 8)
5778
(7, 5)
5779
(4, 8)
5780
(4, 9)
5781
(4, 9)
5782
(4, 9)
5783
(4, 9)
5784
(4, 9)
5785
(4, 8)
5786
(4, 8)
5787
(6, 6)
5788
(4, 8)
5789
(4, 8)
5790
(4, 8)
5791
(4, 8)
5792
(4, 8)
5793
(4, 8)
5794
(4, 9)
5795
(4, 9)
5796
(4, 9)
5797
(4, 9)
5798
(4, 9)
5799
(4, 8)
5800
(4, 8)
5801
(4, 8)
5802
(4, 8)
5803
(4, 8)
5804
(4, 8)
5805
(7, 5)
5806
(7, 5)
5807
(7, 5)
5808
(4, 8)
5809
(7, 5)
5810
(7, 5)
5811
(7, 5)
5812
(7, 5)
5813
(7, 5)
5814
(7, 5)
5815
(4, 8)
5816
(4, 8)
5817
(4, 8)
5818
(4, 8)
5819
(4, 8)
5820
(4, 8)
5821
(4, 8)
5822
(4, 8)
5823
(4, 8)
5824
(4, 8)
5825
(4, 8)
5826
(6, 6)
5827
(4, 9)
5828
(4, 9)
5829
(4, 8)
5830
(4, 8)
5831
(4, 8)
5832
(4, 8)
5833
(4, 8)
5834
(4, 9)
5835
(4, 8)
5836
(4, 8)
5837
(4, 8)
5838
(4, 8)
5839
(4, 8)
5840
(4, 10)
5841
(4, 10)
5842
(4, 10)
5843
(4, 10)
5844
(4, 10)
5845
(4, 9)
5846
(4, 9)
5847
(7, 5)
5848
(7, 5)
5849
(7, 5)
5850
(4, 9)
5851
(7, 5)
5852
(7, 5)
5853
(7, 5)
5854
(7, 5)
5855
(7, 5)
5856
(7, 5)
5857
(9, 5)
5858
(9, 5)
5859
(4, 8)
5860
(4, 8)
5861
(9, 4)
5862
(9, 4)
5863
(9, 5)
5864
(9, 4)
5865
(9, 4)
5866
(9, 4)
5867
(9, 4)
5868
(9, 4)
5869
(9, 4)
5870
(9, 4)
5871
(9, 4)
5872
(9, 4)
5873
(9, 4)
5874
(9, 4)
5875
(9, 4)
5876
(9, 4)
5877
(9, 4)
5878
(9, 4)
5879
(9, 4)
5880
(9, 4)
5881
(9, 4)
5882
(9, 4)
5883
(9, 4)
5884
(9, 4)
5885
(9, 4)
5886
(9, 4)
5887
(9, 5)
5888
(9, 5)
5889
(9, 5)
5890
(9, 5)
5891
(9, 5)
5892
(9, 5)
5893
(9, 5)
5894
(4, 8)
5895
(4, 8)
5896
(4, 8)
5897
(4, 10)
5898
(4, 10)
5899
(4, 10)
5900
(4, 10)
5901
(4, 10)
5902
(7, 6)
5903
(3, 9)
5904
(4, 8)
5905
(4, 8)
5906
(4, 8)
5907
(3, 8)
5908
(3, 9)
5909
(4, 8)
5910
(4, 8)
5911
(3, 8)
5912
(3, 8)
5913
(3, 8)
5914
(3, 8)
5915
(3, 8)
5916
(3, 8)
5917
(3, 8)
5918
(3, 8)
5919
(4, 7)
5920
(3, 8)
5921
(3, 8)
5922
(4, 8)
5923
(4, 7)
5924
(3, 8)
5925
(3, 8)
5926
(4, 7)
5927
(4, 7)
5928
(3, 8)
5929
(3, 8)
5930
(4, 7)
5931
(3, 8)
5932
(3, 8)
5933
(3, 8)
5934
(3, 8)
5935
(3, 8)
5936
(3, 8)
5937
(3, 8)
5938
(3, 8)
5939
(3, 8)
5940
(3, 8)
5941
(3, 8)
5942
(3, 8)
5943
(3, 8)
5944
(3, 8)
5945
(3, 8)
5946
(3, 8)
5947
(3, 8)
5948
(3, 8)
5949
(3, 8)
5950
(3, 8)
5951
(3, 8)
5952
(3, 8)
5953
(3, 8)
5954
(3, 8)
5955
(3, 8)
5956
(3, 8)
5957
(3, 8)
5958
(3, 8)
5959
(3, 8)
5960
(3, 8)
5961
(3, 8)
5962
(3, 8)
5963
(3, 8)
5964
(3, 8)
5965
(3, 8)
5966
(3, 8)
5967
(3, 8)
5968
(3, 8)
5969
(3, 8)
5970
(3, 8)
5971
(3, 8)
5972
(3, 8)
5973
(3, 8)
5974
(3, 8)
5975
(3, 8)
5976
(3, 8)
5977
(3, 8)
5978
(3, 8)
5979
(3, 8)
5980
(3, 8)
5981
(3, 8)
5982
(3, 8)
5983
(3, 8)
5984
(3, 8)
5985
(3, 8)
5986
(3, 8)
5987
(3, 8)
5988
(3, 8)
5989
(3, 8)
5990
(3, 8)
5991
(3, 8)
5992
(3, 8)
5993
(3, 8)
5994
(3, 8)
5995
(3, 8)
5996
(3, 8)
5997
(3, 8)
5998
(3, 8)
5999
(3, 8)
6000
(3, 8)
defaultdict(<function <lambda> at 0x2ba04fa042a8>, {(7, 3): 69, (4, 7): 210, (8, 4): 103, (9, 1): 61, (6, 6): 104, (5, 6): 202, (11, 2): 54, (5, 4): 28, (2, 1): 18, (6, 2): 102, (1, 6): 203, (9, 4): 105, (3, 7): 212, (5, 1): 83, (2, 5): 201, (10, 3): 100, (7, 2): 71, (4, 9): 26, (3, 3): 58, (8, 1): 34, (8, 5): 106, (7, 6): 1, (4, 4): 47, (6, 3): 89, (1, 5): 100, (3, 6): 206, (5, 7): 222, (3, 5): 204, (4, 1): 75, (1, 1): 8, (12, 3): 13, (6, 4): 15, (3, 2): 48, (2, 6): 202, (8, 2): 101, (4, 10): 10, (7, 1): 56, (4, 5): 185, (9, 3): 108, (5, 5): 172, (6, 7): 105, (7, 5): 126, (10, 1): 22, (4, 2): 87, (6, 5): 158, (5, 3): 57, (2, 7): 122, (8, 3): 106, (4, 6): 193, (9, 2): 115, (6, 1): 101, (3, 1): 12, (11, 3): 101, (3, 8): 192, (3, 9): 2, (4, 3): 102, (1, 7): 93, (9, 5): 28, (4, 8): 106, (5, 2): 57, (10, 2): 103})
6001
(3, 8)
6002
(3, 8)
6003
(3, 8)
6004
(3, 8)
6005
(3, 8)
6006
(3, 8)
6007
(3, 8)
6008
(3, 8)
6009
(3, 8)
6010
(3, 8)
6011
(3, 8)
6012
(3, 8)
6013
(3, 8)
6014
(3, 8)
6015
(3, 8)
6016
(4, 8)
6017
(3, 8)
6018
(4, 8)
6019
(4, 8)
6020
(4, 8)
6021
(4, 8)
6022
(3, 9)
6023
(4, 8)
6024
(4, 8)
6025
(4, 8)
6026
(4, 8)
6027
(4, 8)
6028
(4, 8)
6029
(4, 8)
6030
(4, 8)
6031
(4, 8)
6032
(4, 8)
6033
(4, 8)
6034
(4, 8)
6035
(4, 8)
6036
(4, 8)
6037
(4, 8)
6038
(4, 8)
6039
(4, 8)
6040
(4, 8)
6041
(4, 8)
6042
(4, 8)
6043
(4, 8)
6044
(4, 8)
6045
(4, 8)
6046
(3, 9)
6047
(4, 8)
6048
(4, 8)
6049
(4, 8)
6050
(3, 9)
6051
(4, 8)
6052
(4, 8)
6053
(4, 8)
6054
(3, 9)
6055
(3, 9)
6056
(4, 8)
6057
(4, 8)
6058
(3, 9)
6059
(3, 9)
6060
(3, 9)
6061
(4, 8)
6062
(3, 9)
6063
(3, 9)
6064
(3, 9)
6065
(3, 9)
6066
(3, 9)
6067
(3, 9)
6068
(3, 9)
6069
(3, 9)
6070
(2, 9)
6071
(3, 9)
6072
(3, 9)
6073
(3, 9)
6074
(2, 8)
6075
(2, 9)
6076
(3, 9)
6077
(3, 9)
6078
(2, 8)
6079
(2, 8)
6080
(2, 8)
6081
(2, 9)
6082
(2, 8)
6083
(2, 8)
6084
(2, 8)
6085
(2, 8)
6086
(2, 8)
6087
(2, 8)
6088
(2, 8)
6089
(2, 8)
6090
(2, 8)
6091
(2, 8)
6092
(2, 8)
6093
(2, 8)
6094
(2, 8)
6095
(2, 8)
6096
(2, 8)
6097
(2, 8)
6098
(2, 8)
6099
(2, 8)
6100
(2, 8)
6101
(2, 8)
6102
(2, 8)
6103
(2, 8)
6104
(2, 8)
6105
(2, 8)
6106
(2, 7)
6107
(2, 7)
6108
(2, 7)
6109
(2, 7)
6110
(2, 7)
6111
(2, 7)
6112
(2, 7)
6113
(2, 7)
6114
(2, 7)
6115
(2, 7)
6116
(2, 7)
6117
(2, 7)
6118
(2, 7)
6119
(2, 7)
6120
(2, 7)
6121
(2, 7)
6122
(2, 7)
6123
(2, 7)
6124
(2, 7)
6125
(2, 7)
6126
(2, 7)
6127
(2, 7)
6128
(2, 7)
6129
(2, 7)
6130
(2, 7)
6131
(2, 7)
6132
(2, 7)
6133
(2, 7)
6134
(2, 7)
6135
(2, 7)
6136
(2, 7)
6137
(2, 7)
6138
(2, 8)
6139
(2, 8)
6140
(2, 8)
6141
(2, 8)
6142
(2, 8)
6143
(2, 8)
6144
(2, 8)
6145
(2, 8)
6146
(2, 8)
6147
(2, 8)
6148
(2, 8)
6149
(2, 8)
6150
(2, 8)
6151
(2, 8)
6152
(2, 8)
6153
(2, 8)
6154
(2, 8)
6155
(2, 8)
6156
(2, 8)
6157
(2, 8)
6158
(2, 8)
6159
(2, 8)
6160
(2, 8)
6161
(2, 7)
6162
(2, 7)
6163
(2, 7)
6164
(2, 7)
6165
(2, 7)
6166
(2, 7)
6167
(2, 7)
6168
(2, 7)
6169
(2, 7)
6170
(2, 7)
6171
(2, 7)
6172
(2, 7)
6173
(2, 7)
6174
(2, 7)
6175
(2, 7)
6176
(2, 7)
6177
(2, 7)
6178
(2, 7)
6179
(2, 7)
6180
(2, 8)
6181
(2, 7)
6182
(2, 8)
6183
(2, 8)
6184
(2, 8)
6185
(2, 8)
6186
(2, 8)
6187
(2, 8)
6188
(2, 8)
6189
(2, 8)
6190
(2, 8)
6191
(2, 8)
6192
(2, 8)
6193
(2, 8)
6194
(2, 8)
6195
(2, 8)
6196
(2, 8)
6197
(2, 8)
6198
(2, 8)
6199
(2, 8)
6200
(2, 8)
6201
(2, 9)
6202
(2, 9)
6203
(2, 9)
6204
(2, 9)
6205
(2, 9)
6206
(2, 9)
6207
(2, 9)
6208
(2, 9)
6209
(2, 8)
6210
(2, 8)
6211
(2, 8)
6212
(2, 8)
6213
(2, 8)
6214
(2, 8)
6215
(2, 8)
6216
(2, 8)
6217
(2, 8)
6218
(2, 8)
6219
(2, 8)
6220
(2, 8)
6221
(2, 8)
6222
(2, 8)
6223
(2, 8)
6224
(2, 8)
6225
(2, 8)
6226
(2, 8)
6227
(2, 8)
6228
(2, 8)
6229
(2, 8)
6230
(2, 8)
6231
(2, 8)
6232
(2, 8)
6233
(2, 8)
6234
(2, 8)
6235
(2, 8)
6236
(2, 8)
6237
(2, 8)
6238
(2, 8)
6239
(2, 8)
6240
(2, 8)
6241
(2, 8)
6242
(2, 8)
6243
(2, 8)
6244
(2, 9)
6245
(2, 9)
6246
(2, 9)
6247
(2, 9)
6248
(2, 9)
6249
(2, 9)
6250
(2, 9)
6251
(2, 9)
6252
(2, 9)
6253
(2, 9)
6254
(2, 9)
6255
(2, 9)
6256
(2, 9)
6257
(2, 9)
6258
(2, 9)
6259
(2, 9)
6260
(2, 9)
6261
(2, 9)
6262
(2, 9)
6263
(2, 9)
6264
(1, 9)
6265
(1, 9)
6266
(1, 9)
6267
(1, 9)
6268
(1, 9)
6269
(1, 9)
6270
(1, 9)
6271
(1, 9)
6272
(1, 9)
6273
(1, 9)
6274
(1, 9)
6275
(1, 9)
6276
(1, 9)
6277
(1, 9)
6278
(1, 9)
6279
(1, 9)
6280
(1, 9)
6281
(1, 9)
6282
(1, 9)
6283
(1, 9)
6284
(1, 9)
6285
(1, 9)
6286
(1, 9)
6287
(1, 9)
6288
(1, 9)
6289
(1, 9)
6290
(1, 9)
6291
(1, 9)
6292
(1, 9)
6293
(1, 9)
6294
(1, 9)
6295
(1, 9)
6296
(1, 9)
6297
(1, 9)
6298
(1, 9)
6299
(1, 9)
6300
(1, 9)
6301
(1, 9)
6302
(1, 9)
6303
(1, 9)
6304
(1, 9)
6305
(1, 9)
6306
(1, 9)
6307
(1, 9)
6308
(1, 9)
6309
(1, 9)
6310
(1, 9)
6311
(2, 9)
6312
(2, 9)
6313
(2, 9)
6314
(1, 9)
6315
(2, 9)
6316
(2, 9)
6317
(2, 9)
6318
(2, 9)
6319
(1, 9)
6320
(1, 9)
6321
(1, 9)
6322
(2, 9)
6323
(1, 9)
6324
(1, 9)
6325
(1, 9)
6326
(1, 9)
6327
(1, 9)
6328
(1, 9)
6329
(1, 9)
6330
(1, 9)
6331
(1, 9)
6332
(1, 9)
6333
(1, 9)
6334
(1, 9)
6335
(1, 9)
6336
(1, 9)
6337
(1, 9)
6338
(1, 9)
6339
(1, 9)
6340
(1, 9)
6341
(1, 9)
6342
(1, 9)
6343
(1, 9)
6344
(1, 9)
6345
(1, 9)
6346
(1, 9)
6347
(1, 9)
6348
(1, 9)
6349
(1, 9)
6350
(1, 9)
6351
(1, 9)
6352
(1, 9)
6353
(2, 9)
6354
(2, 9)
6355
(2, 9)
6356
(2, 9)
6357
(2, 9)
6358
(2, 9)
6359
(1, 9)
6360
(2, 9)
6361
(2, 9)
6362
(2, 9)
6363
(1, 9)
6364
(1, 9)
6365
(1, 9)
6366
(1, 9)
6367
(1, 9)
6368
(1, 9)
6369
(1, 9)
6370
(1, 9)
6371
(1, 9)
6372
(1, 9)
6373
(1, 9)
6374
(1, 9)
6375
(1, 9)
6376
(1, 9)
6377
(1, 9)
6378
(1, 9)
6379
(1, 9)
6380
(1, 9)
6381
(1, 9)
6382
(1, 9)
6383
(1, 9)
6384
(1, 9)
6385
(2, 9)
6386
(2, 9)
6387
(2, 9)
6388
(2, 9)
6389
(2, 9)
6390
(2, 9)
6391
(2, 9)
6392
(2, 9)
6393
(2, 9)
6394
(2, 9)
6395
(2, 9)
6396
(2, 9)
6397
(2, 9)
6398
(2, 9)
6399
(2, 9)
6400
(2, 9)
6401
(2, 9)
6402
(2, 9)
6403
(2, 9)
6404
(2, 9)
6405
(2, 9)
6406
(2, 9)
6407
(2, 9)
6408
(2, 9)
6409
(2, 9)
6410
(2, 9)
6411
(2, 9)
6412
(2, 9)
6413
(2, 9)
6414
(2, 9)
6415
(2, 9)
6416
(2, 9)
6417
(2, 9)
6418
(2, 9)
6419
(2, 9)
6420
(2, 9)
6421
(2, 9)
6422
(2, 9)
6423
(2, 9)
6424
(2, 9)
6425
(2, 9)
6426
(2, 9)
6427
(2, 9)
6428
(2, 9)
6429
(2, 9)
6430
(2, 9)
6431
(2, 9)
6432
(2, 9)
6433
(2, 9)
6434
(2, 9)
6435
(2, 9)
6436
(2, 9)
6437
(2, 9)
6438
(2, 9)
6439
(2, 9)
6440
(2, 9)
6441
(2, 9)
6442
(2, 9)
6443
(2, 9)
6444
(2, 9)
6445
(1, 10)
6446
(1, 10)
6447
(1, 10)
6448
(1, 10)
6449
(1, 10)
6450
(1, 10)
6451
(1, 10)
6452
(1, 10)
6453
(1, 10)
6454
(1, 10)
6455
(1, 10)
6456
(1, 10)
6457
(1, 10)
6458
(1, 10)
6459
(1, 10)
6460
(1, 10)
6461
(1, 10)
6462
(1, 10)
6463
(1, 10)
6464
(1, 10)
6465
(1, 10)
6466
(1, 10)
6467
(1, 10)
6468
(1, 10)
6469
(1, 10)
6470
(1, 10)
6471
(1, 10)
6472
(1, 10)
6473
(1, 10)
6474
(1, 10)
6475
(1, 10)
6476
(1, 10)
6477
(1, 10)
6478
(1, 10)
6479
(1, 10)
6480
(1, 10)
6481
(1, 10)
6482
(1, 10)
6483
(1, 10)
6484
(1, 10)
6485
(1, 10)
6486
(1, 10)
6487
(1, 10)
6488
(1, 10)
6489
(1, 10)
6490
(1, 10)
6491
(1, 10)
6492
(1, 10)
6493
(1, 10)
6494
(1, 10)
6495
(1, 10)
6496
(1, 10)
6497
(1, 10)
6498
(1, 10)
6499
(1, 10)
6500
(1, 10)
defaultdict(<function <lambda> at 0x2ba04fa042a8>, {(7, 3): 69, (4, 7): 210, (8, 4): 103, (9, 1): 61, (6, 6): 104, (5, 6): 202, (2, 8): 106, (11, 2): 54, (5, 4): 28, (2, 1): 18, (6, 2): 102, (1, 6): 203, (9, 4): 105, (3, 7): 212, (5, 1): 83, (2, 5): 201, (10, 3): 100, (7, 2): 71, (4, 9): 26, (3, 3): 58, (2, 9): 108, (8, 1): 34, (8, 5): 106, (7, 6): 1, (4, 4): 47, (6, 3): 89, (1, 5): 100, (3, 6): 206, (5, 7): 222, (1, 10): 56, (3, 5): 204, (4, 1): 75, (1, 1): 8, (12, 3): 13, (6, 4): 15, (3, 2): 48, (2, 6): 202, (8, 2): 101, (4, 10): 10, (7, 1): 56, (4, 5): 185, (9, 3): 108, (5, 5): 172, (6, 7): 105, (7, 5): 126, (1, 9): 104, (10, 1): 22, (4, 2): 87, (6, 5): 158, (5, 3): 57, (2, 7): 174, (8, 3): 106, (4, 6): 193, (9, 2): 115, (6, 1): 101, (3, 1): 12, (11, 3): 101, (3, 8): 208, (3, 9): 23, (4, 3): 102, (1, 7): 93, (9, 5): 28, (4, 8): 143, (5, 2): 57, (10, 2): 103})
6501
(1, 10)
6502
(1, 10)
6503
(1, 10)
6504
(1, 10)
6505
(1, 10)
6506
(1, 10)
6507
(1, 10)
6508
(1, 10)
6509
(1, 10)
6510
(1, 10)
6511
(1, 10)
6512
(1, 10)
6513
(1, 10)
6514
(1, 10)
6515
(1, 10)
6516
(1, 10)
6517
(1, 10)
6518
(1, 10)
6519
(1, 10)
6520
(1, 10)
6521
(1, 10)
6522
(1, 10)
6523
(1, 10)
6524
(1, 10)
6525
(1, 10)
6526
(1, 10)
6527
(1, 10)
6528
(1, 10)
6529
(1, 10)
6530
(1, 10)
6531
(1, 10)
6532
(1, 10)
6533
(1, 10)
6534
(1, 10)
6535
(1, 10)
6536
(1, 10)
6537
(1, 10)
6538
(1, 10)
6539
(1, 10)
6540
(1, 10)
6541
(1, 10)
6542
(1, 10)
6543
(1, 10)
6544
(1, 10)
6545
(3, 9)
6546
(3, 9)
6547
(3, 9)
6548
(3, 9)
6549
(3, 9)
6550
(3, 9)
6551
(3, 9)
6552
(3, 9)
6553
(3, 9)
6554
(3, 9)
6555
(3, 9)
6556
(3, 9)
6557
(3, 9)
6558
(3, 9)
6559
(3, 9)
6560
(3, 9)
6561
(3, 9)
6562
(3, 9)
6563
(3, 9)
6564
(3, 9)
6565
(3, 9)
6566
(3, 9)
6567
(3, 9)
6568
(3, 9)
6569
(3, 9)
6570
(3, 9)
6571
(3, 9)
6572
(3, 9)
6573
(3, 9)
6574
(3, 9)
6575
(3, 9)
6576
(3, 9)
6577
(3, 9)
6578
(3, 9)
6579
(3, 9)
6580
(3, 9)
6581
(3, 9)
6582
(3, 9)
6583
(3, 9)
6584
(3, 9)
6585
(3, 9)
6586
(3, 9)
6587
(3, 9)
6588
(3, 9)
6589
(3, 9)
6590
(3, 9)
6591
(3, 9)
6592
(3, 9)
6593
(3, 9)
6594
(3, 9)
6595
(3, 9)
6596
(3, 9)
6597
(3, 9)
6598
(3, 9)
6599
(3, 9)
6600
(3, 9)
6601
(3, 9)
6602
(3, 9)
6603
(3, 9)
6604
(3, 9)
6605
(3, 9)
6606
(3, 9)
6607
(3, 9)
6608
(3, 9)
6609
(3, 9)
6610
(3, 9)
6611
(3, 9)
6612
(3, 9)
6613
(3, 9)
6614
(3, 9)
6615
(3, 9)
6616
(3, 9)
6617
(3, 9)
6618
(3, 9)
6619
(3, 9)
6620
(3, 9)
6621
(3, 9)
6622
(3, 9)
6623
(3, 9)
6624
(3, 9)
6625
(4, 8)
6626
(4, 8)
6627
(4, 8)
6628
(4, 8)
6629
(4, 8)
6630
(4, 8)
6631
(4, 8)
6632
(4, 8)
6633
(4, 8)
6634
(4, 8)
6635
(4, 9)
6636
(4, 9)
6637
(4, 9)
6638
(4, 9)
6639
(4, 9)
6640
(4, 9)
6641
(4, 9)
6642
(4, 9)
6643
(4, 9)
6644
(4, 9)
6645
(4, 9)
6646
(4, 9)
6647
(4, 9)
6648
(4, 9)
6649
(4, 9)
6650
(4, 9)
6651
(4, 9)
6652
(4, 9)
6653
(4, 9)
6654
(12, 3)
6655
(12, 3)
6656
(11, 2)
6657
(11, 2)
6658
(11, 2)
6659
(9, 5)
6660
(9, 5)
6661
(11, 3)
6662
(11, 1)
6663
(11, 2)
6664
(11, 2)
6665
(11, 2)
6666
(10, 1)
6667
(12, 3)
6668
(12, 3)
6669
(9, 5)
6670
(10, 1)
6671
(12, 3)
6672
(12, 3)
6673
(9, 5)
6674
(10, 1)
6675
(9, 5)
6676
(9, 5)
6677
(9, 5)
6678
(10, 1)
6679
(9, 5)
6680
(9, 5)
6681
(9, 5)
6682
(10, 1)
6683
(9, 5)
6684
(9, 5)
6685
(9, 5)
6686
(9, 1)
6687
(9, 5)
6688
(9, 5)
6689
(9, 5)
6690
(9, 1)
6691
(9, 5)
6692
(9, 5)
6693
(9, 5)
6694
(9, 1)
6695
(9, 5)
6696
(9, 5)
6697
(9, 5)
6698
(9, 5)
6699
(9, 5)
6700
(9, 5)
6701
(9, 5)
6702
(9, 5)
6703
(9, 5)
6704
(9, 5)
6705
(9, 5)
6706
(9, 5)
6707
(9, 5)
6708
(9, 5)
6709
(9, 5)
6710
(9, 5)
6711
(9, 5)
6712
(9, 5)
6713
(9, 5)
6714
(9, 5)
6715
(9, 5)
6716
(9, 5)
6717
(9, 5)
6718
(9, 5)
6719
(9, 5)
6720
(9, 5)
6721
(9, 5)
6722
(9, 5)
6723
(9, 5)
6724
(9, 5)
6725
(9, 5)
6726
(9, 5)
6727
(9, 5)
6728
(9, 5)
6729
(9, 5)
6730
(9, 5)
6731
(9, 5)
6732
(9, 5)
6733
(9, 5)
6734
(9, 5)
6735
(9, 5)
6736
(9, 5)
6737
(9, 5)
6738
(9, 5)
6739
(9, 5)
6740
(9, 5)
6741
(9, 5)
6742
(9, 5)
6743
(9, 5)
6744
(9, 5)
6745
(9, 5)
6746
(9, 5)
6747
(9, 5)
6748
(12, 3)
6749
(9, 5)
6750
(12, 3)
6751
(12, 3)
6752
(12, 3)
6753
(12, 3)
6754
(12, 3)
6755
(12, 3)
6756
(11, 2)
6757
(11, 2)
6758
(9, 5)
6759
(12, 3)
6760
(12, 3)
6761
(11, 2)
6762
(9, 5)
6763
(12, 3)
6764
(12, 3)
6765
(11, 2)
6766
(11, 2)
6767
(11, 2)
6768
(11, 2)
6769
(11, 2)
6770
(11, 2)
6771
(11, 2)
6772
(12, 3)
6773
(11, 2)
6774
(12, 3)
6775
(11, 2)
6776
(12, 3)
6777
(11, 2)
6778
(11, 2)
6779
(12, 3)
6780
(12, 3)
6781
(4, 9)
6782
(4, 9)
6783
(11, 2)
6784
(11, 2)
6785
(11, 2)
6786
(11, 2)
6787
(11, 1)
6788
(11, 1)
6789
(11, 1)
6790
(11, 1)
6791
(11, 1)
6792
(11, 1)
6793
(11, 1)
6794
(11, 1)
6795
(10, 1)
6796
(10, 1)
6797
(10, 1)
6798
(10, 1)
6799
(10, 1)
6800
(10, 1)
6801
(10, 1)
6802
(10, 1)
6803
(10, 1)
6804
(10, 1)
6805
(10, 1)
6806
(10, 1)
6807
(10, 1)
6808
(10, 1)
6809
(10, 1)
6810
(10, 1)
6811
(10, 1)
6812
(10, 1)
6813
(10, 1)
6814
(10, 1)
6815
(9, 1)
6816
(9, 1)
6817
(9, 1)
6818
(9, 1)
6819
(9, 1)
6820
(9, 1)
6821
(9, 1)
6822
(9, 1)
6823
(4, 9)
6824
(12, 3)
6825
(12, 3)
6826
(12, 3)
6827
(4, 9)
6828
(12, 3)
6829
(12, 2)
6830
(4, 9)
6831
(4, 9)
6832
(4, 9)
6833
(11, 2)
6834
(11, 2)
6835
(4, 9)
6836
(4, 9)
6837
(12, 3)
6838
(12, 3)
6839
(12, 3)
6840
(11, 2)
6841
(11, 2)
6842
(11, 2)
6843
(11, 2)
6844
(11, 2)
6845
(12, 3)
6846
(11, 2)
6847
(12, 3)
6848
(4, 9)
6849
(4, 9)
6850
(4, 9)
6851
(4, 9)
6852
(12, 3)
6853
(12, 3)
6854
(12, 3)
6855
(12, 3)
6856
(12, 3)
6857
(12, 3)
6858
(12, 3)
6859
(12, 3)
6860
(12, 3)
6861
(12, 3)
6862
(4, 8)
6863
(4, 8)
6864
(4, 8)
6865
(4, 8)
6866
(4, 8)
6867
(11, 2)
6868
(12, 3)
6869
(12, 3)
6870
(12, 3)
6871
(12, 2)
6872
(12, 2)
6873
(12, 2)
6874
(4, 9)
6875
(4, 9)
6876
(4, 9)
6877
(4, 9)
6878
(4, 9)
6879
(12, 3)
6880
(12, 3)
6881
(12, 3)
6882
(12, 3)
6883
(12, 3)
6884
(4, 9)
6885
(4, 9)
6886
(4, 9)
6887
(12, 3)
6888
(12, 3)
6889
(12, 3)
6890
(12, 3)
6891
(7, 6)
6892
(7, 6)
6893
(7, 6)
6894
(11, 2)
6895
(11, 2)
6896
(11, 2)
6897
(11, 2)
6898
(11, 2)
6899
(7, 6)
6900
(7, 6)
6901
(7, 6)
6902
(4, 9)
6903
(4, 9)
6904
(4, 9)
6905
(4, 9)
6906
(4, 9)
6907
(7, 6)
6908
(7, 6)
6909
(12, 3)
6910
(12, 3)
6911
(12, 2)
6912
(4, 9)
6913
(12, 3)
6914
(12, 3)
6915
(4, 9)
6916
(12, 3)
6917
(4, 9)
6918
(12, 3)
6919
(12, 3)
6920
(4, 9)
6921
(12, 3)
6922
(4, 9)
6923
(4, 9)
6924
(12, 3)
6925
(12, 2)
6926
(7, 6)
6927
(4, 9)
6928
(4, 9)
6929
(12, 3)
6930
(12, 3)
6931
(12, 3)
6932
(12, 3)
6933
(12, 3)
6934
(12, 3)
6935
(4, 9)
6936
(4, 9)
6937
(4, 9)
6938
(12, 3)
6939
(4, 9)
6940
(4, 9)
6941
(11, 2)
6942
(11, 2)
6943
(12, 2)
6944
(12, 2)
6945
(12, 3)
6946
(12, 3)
6947
(12, 3)
6948
(12, 3)
6949
(12, 3)
6950
(9, 5)
6951
(4, 9)
6952
(4, 9)
6953
(4, 9)
6954
(4, 10)
6955
(4, 10)
6956
(9, 5)
6957
(12, 3)
6958
(4, 10)
6959
(9, 5)
6960
(12, 3)
6961
(12, 3)
6962
(4, 10)
6963
(4, 10)
6964
(11, 2)
6965
(11, 2)
6966
(12, 2)
6967
(7, 6)
6968
(12, 2)
6969
(12, 2)
6970
(12, 2)
6971
(12, 2)
6972
(12, 2)
6973
(12, 3)
6974
(12, 3)
6975
(12, 3)
6976
(12, 3)
6977
(12, 3)
6978
(12, 3)
6979
(12, 3)
6980
(12, 3)
6981
(12, 3)
6982
(12, 3)
6983
(12, 3)
6984
(12, 2)
6985
(12, 2)
6986
(7, 6)
6987
(4, 9)
6988
(4, 9)
6989
(4, 9)
6990
(4, 9)
6991
(4, 9)
6992
(11, 1)
6993
(11, 1)
6994
(11, 1)
6995
(11, 1)
6996
(11, 1)
6997
(11, 2)
6998
(4, 9)
6999
(12, 2)
7000
(12, 2)
defaultdict(<function <lambda> at 0x2ba04fa042a8>, {(7, 3): 69, (4, 7): 210, (8, 4): 103, (9, 1): 72, (6, 6): 104, (5, 6): 202, (2, 8): 106, (11, 2): 97, (5, 4): 28, (2, 1): 18, (6, 2): 102, (1, 6): 203, (9, 4): 105, (3, 7): 212, (5, 1): 83, (2, 5): 201, (10, 3): 100, (7, 2): 71, (12, 2): 18, (4, 9): 93, (3, 3): 58, (2, 9): 108, (8, 1): 34, (8, 5): 106, (7, 6): 12, (4, 4): 47, (6, 3): 89, (1, 5): 100, (11, 1): 14, (3, 6): 206, (5, 7): 222, (1, 10): 100, (3, 5): 204, (4, 1): 75, (1, 1): 8, (12, 3): 101, (6, 4): 15, (3, 2): 48, (2, 6): 202, (8, 2): 101, (4, 10): 15, (7, 1): 56, (4, 5): 185, (9, 3): 108, (5, 5): 172, (6, 7): 105, (7, 5): 126, (1, 9): 104, (10, 1): 47, (4, 2): 87, (6, 5): 158, (5, 3): 57, (2, 7): 174, (8, 3): 106, (4, 6): 193, (9, 2): 115, (6, 1): 101, (3, 1): 12, (11, 3): 102, (3, 8): 208, (3, 9): 103, (4, 3): 102, (1, 7): 93, (9, 5): 106, (4, 8): 158, (5, 2): 57, (10, 2): 103})
7001
(4, 9)
7002
(4, 9)
7003
(4, 9)
7004
(4, 9)
7005
(4, 9)
7006
(12, 2)
7007
(12, 2)
7008
(12, 2)
7009
(11, 1)
7010
(11, 1)
7011
(11, 1)
7012
(4, 10)
7013
(4, 10)
7014
(4, 10)
7015
(4, 10)
7016
(4, 10)
7017
(4, 9)
7018
(4, 9)
7019
(4, 9)
7020
(4, 9)
7021
(4, 9)
7022
(12, 1)
7023
(4, 10)
7024
(4, 10)
7025
(4, 10)
7026
(4, 10)
7027
(4, 10)
7028
(12, 2)
7029
(4, 10)
7030
(4, 10)
7031
(4, 10)
7032
(7, 6)
7033
(4, 10)
7034
(4, 10)
7035
(11, 1)
7036
(11, 1)
7037
(11, 1)
7038
(5, 10)
7039
(12, 2)
7040
(12, 2)
7041
(12, 3)
7042
(12, 3)
7043
(12, 3)
7044
(12, 3)
7045
(12, 1)
7046
(12, 2)
7047
(12, 2)
7048
(4, 9)
7049
(4, 9)
7050
(4, 9)
7051
(4, 9)
7052
(4, 9)
7053
(12, 2)
7054
(12, 2)
7055
(4, 10)
7056
(4, 10)
7057
(4, 10)
7058
(4, 10)
7059
(4, 10)
7060
(12, 2)
7061
(12, 2)
7062
(12, 2)
7063
(12, 2)
7064
(11, 2)
7065
(11, 1)
7066
(11, 1)
7067
(11, 1)
7068
(11, 1)
7069
(12, 1)
7070
(12, 1)
7071
(12, 4)
7072
(12, 4)
7073
(12, 1)
7074
(12, 1)
7075
(12, 4)
7076
(12, 4)
7077
(12, 1)
7078
(12, 1)
7079
(12, 4)
7080
(4, 9)
7081
(12, 1)
7082
(12, 1)
7083
(4, 9)
7084
(4, 9)
7085
(12, 1)
7086
(12, 1)
7087
(4, 9)
7088
(11, 1)
7089
(12, 1)
7090
(12, 1)
7091
(11, 1)
7092
(11, 1)
7093
(12, 1)
7094
(12, 1)
7095
(12, 2)
7096
(12, 2)
7097
(12, 2)
7098
(12, 2)
7099
(12, 2)
7100
(12, 2)
7101
(12, 2)
7102
(12, 2)
7103
(7, 6)
7104
(7, 6)
7105
(12, 2)
7106
(12, 2)
7107
(7, 6)
7108
(7, 6)
7109
(7, 6)
7110
(7, 6)
7111
(7, 6)
7112
(7, 6)
7113
(11, 1)
7114
(11, 1)
7115
(11, 1)
7116
(7, 6)
7117
(11, 1)
7118
(11, 1)
7119
(11, 1)
7120
(8, 6)
7121
(12, 2)
7122
(12, 2)
7123
(12, 2)
7124
(11, 1)
7125
(11, 1)
7126
(11, 1)
7127
(12, 2)
7128
(11, 1)
7129
(11, 1)
7130
(4, 10)
7131
(4, 10)
7132
(4, 10)
7133
(4, 10)
7134
(4, 10)
7135
(12, 2)
7136
(12, 2)
7137
(12, 2)
7138
(12, 2)
7139
(4, 9)
7140
(4, 9)
7141
(4, 9)
7142
(4, 9)
7143
(4, 9)
7144
(11, 1)
7145
(11, 1)
7146
(11, 1)
7147
(11, 1)
7148
(11, 1)
7149
(11, 1)
7150
(11, 1)
7151
(11, 1)
7152
(11, 1)
7153
(11, 1)
7154
(11, 1)
7155
(11, 1)
7156
(11, 1)
7157
(11, 1)
7158
(11, 1)
7159
(11, 1)
7160
(11, 2)
7161
(11, 1)
7162
(11, 2)
7163
(11, 2)
7164
(11, 2)
7165
(11, 2)
7166
(12, 2)
7167
(12, 2)
7168
(12, 2)
7169
(4, 10)
7170
(4, 10)
7171
(4, 10)
7172
(4, 10)
7173
(4, 10)
7174
(4, 9)
7175
(4, 9)
7176
(4, 9)
7177
(4, 9)
7178
(11, 1)
7179
(4, 10)
7180
(4, 10)
7181
(4, 10)
7182
(4, 10)
7183
(4, 10)
7184
(11, 1)
7185
(12, 2)
7186
(12, 2)
7187
(12, 2)
7188
(11, 1)
7189
(4, 10)
7190
(4, 10)
7191
(11, 1)
7192
(11, 1)
7193
(11, 1)
7194
(4, 10)
7195
(4, 10)
7196
(11, 1)
7197
(4, 10)
7198
(4, 10)
7199
(4, 10)
7200
(4, 10)
7201
(4, 10)
7202
(4, 10)
7203
(4, 10)
7204
(4, 10)
7205
(4, 10)
7206
(4, 10)
7207
(4, 10)
7208
(4, 10)
7209
(4, 10)
7210
(4, 9)
7211
(4, 9)
7212
(4, 9)
7213
(4, 9)
7214
(4, 9)
7215
(4, 9)
7216
(3, 10)
7217
(3, 10)
7218
(3, 10)
7219
(3, 10)
7220
(3, 10)
7221
(3, 10)
7222
(3, 10)
7223
(3, 10)
7224
(3, 10)
7225
(3, 10)
7226
(3, 10)
7227
(3, 10)
7228
(3, 10)
7229
(3, 10)
7230
(3, 10)
7231
(3, 10)
7232
(3, 10)
7233
(3, 10)
7234
(3, 10)
7235
(3, 10)
7236
(3, 10)
7237
(3, 10)
7238
(3, 10)
7239
(3, 10)
7240
(3, 10)
7241
(3, 10)
7242
(3, 10)
7243
(3, 10)
7244
(3, 10)
7245
(3, 10)
7246
(3, 10)
7247
(3, 10)
7248
(3, 10)
7249
(3, 10)
7250
(3, 10)
7251
(3, 10)
7252
(3, 10)
7253
(3, 10)
7254
(3, 10)
7255
(3, 10)
7256
(2, 10)
7257
(2, 10)
7258
(2, 10)
7259
(2, 10)
7260
(2, 10)
7261
(2, 10)
7262
(2, 10)
7263
(2, 10)
7264
(2, 10)
7265
(2, 10)
7266
(2, 10)
7267
(2, 10)
7268
(2, 10)
7269
(2, 10)
7270
(2, 10)
7271
(2, 10)
7272
(2, 10)
7273
(2, 10)
7274
(2, 10)
7275
(2, 10)
7276
(2, 10)
7277
(2, 10)
7278
(2, 10)
7279
(2, 10)
7280
(2, 10)
7281
(2, 10)
7282
(2, 10)
7283
(2, 10)
7284
(2, 10)
7285
(2, 10)
7286
(2, 10)
7287
(2, 10)
7288
(2, 10)
7289
(2, 10)
7290
(2, 10)
7291
(2, 10)
7292
(2, 10)
7293
(2, 10)
7294
(2, 10)
7295
(2, 10)
7296
(2, 10)
7297
(2, 10)
7298
(2, 10)
7299
(2, 10)
7300
(2, 10)
7301
(2, 10)
7302
(2, 10)
7303
(2, 10)
7304
(2, 10)
7305
(2, 10)
7306
(2, 10)
7307
(2, 10)
7308
(2, 10)
7309
(2, 10)
7310
(2, 10)
7311
(2, 10)
7312
(2, 10)
7313
(2, 10)
7314
(2, 10)
7315
(2, 10)
7316
(2, 10)
7317
(2, 10)
7318
(2, 10)
7319
(2, 10)
7320
(2, 10)
7321
(2, 10)
7322
(2, 10)
7323
(2, 10)
7324
(2, 10)
7325
(2, 10)
7326
(2, 10)
7327
(2, 10)
7328
(2, 10)
7329
(2, 10)
7330
(2, 10)
7331
(2, 10)
7332
(2, 10)
7333
(2, 10)
7334
(2, 10)
7335
(2, 10)
7336
(2, 10)
7337
(2, 10)
7338
(2, 10)
7339
(2, 10)
7340
(2, 10)
7341
(2, 10)
7342
(2, 10)
7343
(2, 10)
7344
(2, 10)
7345
(2, 10)
7346
(2, 10)
7347
(2, 10)
7348
(2, 10)
7349
(2, 10)
7350
(2, 10)
7351
(2, 10)
7352
(2, 10)
7353
(2, 10)
7354
(2, 10)
7355
(2, 10)
7356
(2, 10)
7357
(2, 10)
7358
(2, 10)
7359
(2, 10)
7360
(2, 10)
7361
(2, 10)
7362
(2, 10)
7363
(2, 10)
7364
(3, 10)
7365
(3, 10)
7366
(3, 10)
7367
(3, 10)
7368
(3, 10)
7369
(3, 10)
7370
(3, 10)
7371
(3, 10)
7372
(3, 10)
7373
(3, 10)
7374
(3, 10)
7375
(3, 10)
7376
(3, 10)
7377
(3, 10)
7378
(3, 10)
7379
(3, 10)
7380
(3, 10)
7381
(3, 10)
7382
(3, 10)
7383
(3, 10)
7384
(3, 10)
7385
(3, 10)
7386
(3, 10)
7387
(3, 10)
7388
(3, 10)
7389
(3, 10)
7390
(3, 10)
7391
(3, 10)
7392
(3, 10)
7393
(3, 10)
7394
(3, 10)
7395
(3, 10)
7396
(3, 10)
7397
(3, 10)
7398
(3, 10)
7399
(3, 10)
7400
(3, 10)
7401
(3, 10)
7402
(3, 10)
7403
(3, 10)
7404
(3, 10)
7405
(3, 10)
7406
(3, 10)
7407
(3, 10)
7408
(3, 10)
7409
(3, 10)
7410
(3, 10)
7411
(3, 10)
7412
(3, 10)
7413
(3, 10)
7414
(3, 10)
7415
(3, 10)
7416
(3, 10)
7417
(3, 10)
7418
(3, 10)
7419
(3, 10)
7420
(3, 10)
7421
(3, 10)
7422
(3, 10)
7423
(3, 10)
7424
(3, 10)
7425
(3, 10)
7426
(3, 10)
7427
(3, 10)
7428
(4, 10)
7429
(4, 10)
7430
(4, 10)
7431
(4, 10)
7432
(4, 10)
7433
(4, 10)
7434
(4, 10)
7435
(4, 10)
7436
(4, 10)
7437
(4, 10)
7438
(4, 10)
7439
(4, 10)
7440
(4, 10)
7441
(4, 10)
7442
(4, 10)
7443
(4, 10)
7444
(4, 10)
7445
(4, 10)
7446
(4, 10)
7447
(4, 10)
7448
(4, 10)
7449
(4, 10)
7450
(4, 10)
7451
(4, 10)
7452
(4, 10)
7453
(4, 10)
7454
(4, 10)
7455
(4, 10)
7456
(12, 2)
7457
(12, 4)
7458
(12, 4)
7459
(12, 4)
7460
(12, 4)
7461
(12, 4)
7462
(12, 1)
7463
(12, 1)
7464
(12, 1)
7465
(13, 2)
7466
(7, 6)
7467
(4, 10)
7468
(4, 10)
7469
(12, 2)
7470
(12, 1)
7471
(12, 1)
7472
(12, 1)
7473
(13, 2)
7474
(13, 2)
7475
(7, 6)
7476
(4, 10)
7477
(4, 10)
7478
(4, 10)
7479
(4, 10)
7480
(4, 10)
7481
(4, 10)
7482
(11, 1)
7483
(11, 1)
7484
(12, 1)
7485
(12, 1)
7486
(12, 1)
7487
(12, 2)
7488
(12, 2)
7489
(4, 9)
7490
(4, 9)
7491
(4, 9)
7492
(4, 9)
7493
(4, 9)
7494
(12, 1)
7495
(12, 1)
7496
(11, 1)
7497
(12, 1)
7498
(12, 1)
7499
(12, 1)
7500
(11, 1)
defaultdict(<function <lambda> at 0x2ba04fa042a8>, {(7, 3): 69, (4, 7): 210, (8, 4): 103, (12, 1): 30, (9, 1): 72, (6, 6): 104, (5, 6): 202, (2, 8): 106, (11, 2): 103, (5, 4): 28, (2, 1): 18, (6, 2): 102, (1, 6): 203, (9, 4): 105, (3, 7): 212, (5, 1): 83, (2, 5): 201, (10, 3): 100, (7, 2): 71, (12, 2): 60, (4, 9): 132, (3, 3): 58, (2, 9): 108, (8, 1): 34, (8, 5): 106, (7, 6): 24, (4, 4): 47, (6, 3): 89, (1, 5): 100, (11, 1): 66, (3, 6): 206, (5, 7): 222, (1, 10): 100, (8, 6): 1, (3, 5): 204, (4, 1): 75, (1, 1): 8, (12, 3): 105, (6, 4): 15, (3, 2): 48, (2, 6): 202, (13, 2): 3, (8, 2): 101, (4, 10): 103, (7, 1): 56, (4, 5): 185, (9, 3): 108, (5, 5): 172, (6, 7): 105, (7, 5): 126, (1, 9): 104, (10, 1): 47, (12, 4): 10, (4, 2): 87, (2, 10): 108, (6, 5): 158, (5, 3): 57, (2, 7): 174, (8, 3): 106, (5, 10): 1, (4, 6): 193, (9, 2): 115, (6, 1): 101, (3, 1): 12, (11, 3): 102, (3, 8): 208, (3, 9): 103, (4, 3): 102, (1, 7): 93, (9, 5): 106, (4, 8): 158, (5, 2): 57, (3, 10): 104, (10, 2): 103})
7501
(11, 1)
7502
(4, 10)
7503
(13, 1)
7504
(11, 1)
7505
(11, 1)
7506
(11, 1)
7507
(12, 1)
7508
(12, 1)
7509
(12, 1)
7510
(11, 1)
7511
(11, 1)
7512
(11, 1)
7513
(11, 1)
7514
(11, 1)
7515
(11, 1)
7516
(11, 1)
7517
(11, 1)
7518
(11, 1)
7519
(11, 1)
7520
(11, 1)
7521
(11, 1)
7522
(11, 1)
7523
(11, 1)
7524
(11, 1)
7525
(11, 1)
7526
(12, 1)
7527
(12, 1)
7528
(12, 1)
7529
(12, 1)
7530
(7, 6)
7531
(4, 11)
7532
(4, 11)
7533
(4, 11)
7534
(4, 11)
7535
(4, 11)
7536
(4, 11)
7537
(4, 11)
7538
(4, 11)
7539
(4, 11)
7540
(4, 11)
7541
(4, 11)
7542
(4, 11)
7543
(4, 11)
7544
(4, 11)
7545
(4, 11)
7546
(4, 11)
7547
(4, 11)
7548
(4, 11)
7549
(4, 11)
7550
(4, 11)
7551
(3, 11)
7552
(3, 11)
7553
(3, 11)
7554
(3, 11)
7555
(3, 11)
7556
(3, 11)
7557
(3, 11)
7558
(3, 11)
7559
(3, 11)
7560
(3, 11)
7561
(3, 11)
7562
(3, 11)
7563
(3, 11)
7564
(3, 11)
7565
(3, 11)
7566
(3, 11)
7567
(3, 11)
7568
(3, 11)
7569
(3, 11)
7570
(3, 11)
7571
(3, 11)
7572
(3, 11)
7573
(3, 11)
7574
(3, 11)
7575
(3, 11)
7576
(3, 11)
7577
(3, 11)
7578
(3, 11)
7579
(3, 11)
7580
(3, 11)
7581
(3, 11)
7582
(3, 11)
7583
(3, 11)
7584
(3, 11)
7585
(3, 11)
7586
(3, 11)
7587
(3, 11)
7588
(3, 11)
7589
(3, 11)
7590
(3, 11)
7591
(2, 11)
7592
(2, 11)
7593
(2, 11)
7594
(2, 11)
7595
(2, 11)
7596
(2, 11)
7597
(2, 11)
7598
(2, 11)
7599
(2, 11)
7600
(2, 11)
7601
(2, 11)
7602
(2, 11)
7603
(2, 11)
7604
(2, 11)
7605
(2, 11)
7606
(2, 11)
7607
(2, 11)
7608
(2, 11)
7609
(2, 11)
7610
(2, 11)
7611
(2, 11)
7612
(2, 11)
7613
(2, 11)
7614
(2, 11)
7615
(2, 11)
7616
(2, 11)
7617
(2, 11)
7618
(2, 11)
7619
(2, 11)
7620
(2, 11)
7621
(2, 11)
7622
(2, 11)
7623
(2, 11)
7624
(2, 11)
7625
(2, 11)
7626
(2, 11)
7627
(2, 11)
7628
(2, 11)
7629
(2, 11)
7630
(2, 11)
7631
(1, 11)
7632
(1, 11)
7633
(1, 11)
7634
(1, 11)
7635
(1, 11)
7636
(1, 11)
7637
(1, 11)
7638
(1, 11)
7639
(1, 11)
7640
(1, 11)
7641
(1, 11)
7642
(1, 11)
7643
(1, 11)
7644
(1, 11)
7645
(1, 11)
7646
(1, 11)
7647
(1, 11)
7648
(1, 11)
7649
(1, 11)
7650
(1, 11)
7651
(1, 11)
7652
(1, 11)
7653
(1, 11)
7654
(1, 11)
7655
(1, 11)
7656
(1, 11)
7657
(1, 11)
7658
(1, 11)
7659
(1, 11)
7660
(1, 11)
7661
(1, 11)
7662
(1, 11)
7663
(1, 11)
7664
(1, 11)
7665
(1, 11)
7666
(1, 11)
7667
(1, 11)
7668
(1, 11)
7669
(1, 11)
7670
(1, 11)
7671
(1, 11)
7672
(1, 11)
7673
(1, 11)
7674
(1, 11)
7675
(1, 11)
7676
(1, 11)
7677
(1, 11)
7678
(1, 11)
7679
(1, 11)
7680
(1, 11)
7681
(1, 11)
7682
(1, 11)
7683
(1, 11)
7684
(1, 11)
7685
(1, 11)
7686
(1, 11)
7687
(1, 11)
7688
(1, 11)
7689
(1, 11)
7690
(1, 11)
7691
(1, 11)
7692
(1, 11)
7693
(1, 11)
7694
(1, 11)
7695
(1, 11)
7696
(1, 11)
7697
(1, 11)
7698
(1, 11)
7699
(1, 11)
7700
(1, 11)
7701
(1, 11)
7702
(1, 11)
7703
(1, 11)
7704
(1, 11)
7705
(1, 11)
7706
(1, 11)
7707
(1, 11)
7708
(1, 11)
7709
(1, 11)
7710
(1, 11)
7711
(1, 11)
7712
(1, 11)
7713
(1, 11)
7714
(1, 11)
7715
(1, 11)
7716
(1, 11)
7717
(1, 11)
7718
(1, 11)
7719
(1, 11)
7720
(1, 11)
7721
(1, 11)
7722
(1, 11)
7723
(1, 11)
7724
(1, 11)
7725
(2, 11)
7726
(2, 11)
7727
(2, 11)
7728
(2, 11)
7729
(2, 11)
7730
(2, 11)
7731
(2, 11)
7732
(2, 11)
7733
(2, 11)
7734
(2, 11)
7735
(2, 11)
7736
(2, 11)
7737
(2, 11)
7738
(2, 11)
7739
(2, 11)
7740
(2, 11)
7741
(2, 11)
7742
(2, 11)
7743
(2, 11)
7744
(2, 11)
7745
(2, 11)
7746
(2, 11)
7747
(2, 11)
7748
(2, 11)
7749
(2, 11)
7750
(2, 11)
7751
(2, 11)
7752
(2, 11)
7753
(2, 11)
7754
(2, 11)
7755
(2, 11)
7756
(3, 11)
7757
(3, 11)
7758
(3, 11)
7759
(3, 11)
7760
(3, 11)
7761
(3, 11)
7762
(3, 11)
7763
(3, 11)
7764
(3, 11)
7765
(3, 11)
7766
(3, 11)
7767
(3, 11)
7768
(3, 11)
7769
(3, 11)
7770
(3, 11)
7771
(3, 11)
7772
(3, 11)
7773
(3, 11)
7774
(3, 11)
7775
(3, 11)
7776
(3, 11)
7777
(3, 11)
7778
(3, 11)
7779
(3, 11)
7780
(3, 11)
7781
(3, 11)
7782
(3, 11)
7783
(3, 11)
7784
(3, 11)
7785
(3, 11)
7786
(3, 11)
7787
(3, 11)
7788
(3, 11)
7789
(3, 11)
7790
(3, 11)
7791
(3, 11)
7792
(3, 11)
7793
(3, 11)
7794
(3, 11)
7795
(3, 11)
7796
(3, 11)
7797
(3, 11)
7798
(3, 11)
7799
(3, 11)
7800
(4, 11)
7801
(4, 11)
7802
(4, 11)
7803
(4, 11)
7804
(4, 11)
7805
(4, 11)
7806
(4, 11)
7807
(4, 11)
7808
(4, 11)
7809
(4, 11)
7810
(4, 11)
7811
(4, 11)
7812
(4, 11)
7813
(4, 11)
7814
(4, 11)
7815
(4, 11)
7816
(4, 11)
7817
(4, 11)
7818
(4, 11)
7819
(4, 11)
7820
(4, 11)
7821
(4, 11)
7822
(7, 6)
7823
(7, 6)
7824
(7, 6)
7825
(12, 2)
7826
(4, 9)
7827
(4, 9)
7828
(4, 9)
7829
(4, 9)
7830
(4, 9)
7831
(8, 6)
7832
(8, 6)
7833
(12, 2)
7834
(13, 1)
7835
(13, 1)
7836
(13, 1)
7837
(13, 1)
7838
(13, 1)
7839
(13, 1)
7840
(13, 1)
7841
(13, 1)
7842
(12, 4)
7843
(12, 4)
7844
(12, 4)
7845
(12, 4)
7846
(12, 4)
7847
(13, 1)
7848
(13, 1)
7849
(13, 1)
7850
(13, 1)
7851
(13, 2)
7852
(13, 2)
7853
(13, 2)
7854
(13, 2)
7855
(13, 2)
7856
(13, 2)
7857
(13, 2)
7858
(13, 2)
7859
(13, 2)
7860
(13, 2)
7861
(13, 2)
7862
(13, 2)
7863
(14, 2)
7864
(14, 2)
7865
(14, 2)
7866
(14, 2)
7867
(14, 3)
7868
(14, 3)
7869
(14, 3)
7870
(14, 3)
7871
(12, 2)
7872
(12, 2)
7873
(4, 11)
7874
(4, 11)
7875
(4, 11)
7876
(4, 11)
7877
(4, 11)
7878
(4, 11)
7879
(4, 11)
7880
(4, 11)
7881
(4, 11)
7882
(4, 11)
7883
(4, 11)
7884
(4, 11)
7885
(4, 11)
7886
(4, 11)
7887
(4, 11)
7888
(4, 11)
7889
(4, 11)
7890
(4, 11)
7891
(4, 11)
7892
(4, 11)
7893
(4, 11)
7894
(4, 11)
7895
(13, 1)
7896
(13, 1)
7897
(13, 1)
7898
(5, 10)
7899
(13, 1)
7900
(13, 1)
7901
(13, 1)
7902
(4, 11)
7903
(13, 2)
7904
(13, 2)
7905
(13, 2)
7906
(4, 11)
7907
(13, 2)
7908
(13, 2)
7909
(13, 2)
7910
(4, 11)
7911
(14, 2)
7912
(14, 2)
7913
(14, 2)
7914
(4, 11)
7915
(14, 2)
7916
(14, 2)
7917
(14, 2)
7918
(14, 3)
7919
(14, 3)
7920
(14, 3)
7921
(14, 3)
7922
(14, 3)
7923
(14, 3)
7924
(12, 1)
7925
(13, 2)
7926
(4, 10)
7927
(4, 10)
7928
(4, 10)
7929
(4, 10)
7930
(4, 11)
7931
(14, 3)
7932
(14, 3)
7933
(14, 3)
7934
(5, 10)
7935
(4, 11)
7936
(4, 11)
7937
(13, 1)
7938
(5, 10)
7939
(4, 11)
7940
(4, 11)
7941
(5, 10)
7942
(5, 10)
7943
(4, 11)
7944
(4, 11)
7945
(5, 10)
7946
(5, 10)
7947
(4, 11)
7948
(13, 1)
7949
(5, 10)
7950
(5, 9)
7951
(5, 11)
7952
(5, 11)
7953
(5, 9)
7954
(6, 9)
7955
(5, 10)
7956
(5, 10)
7957
(5, 9)
7958
(6, 9)
7959
(5, 10)
7960
(5, 10)
7961
(6, 9)
7962
(6, 9)
7963
(5, 10)
7964
(5, 10)
7965
(5, 11)
7966
(6, 9)
7967
(5, 10)
7968
(5, 10)
7969
(4, 11)
7970
(6, 9)
7971
(6, 9)
7972
(6, 9)
7973
(4, 11)
7974
(6, 9)
7975
(5, 10)
7976
(6, 9)
7977
(6, 9)
7978
(5, 11)
7979
(5, 10)
7980
(6, 9)
7981
(6, 9)
7982
(5, 10)
7983
(5, 10)
7984
(5, 11)
7985
(6, 9)
7986
(5, 10)
7987
(5, 9)
7988
(5, 10)
7989
(4, 11)
7990
(5, 10)
7991
(6, 9)
7992
(5, 10)
7993
(5, 11)
7994
(5, 10)
7995
(6, 9)
7996
(5, 10)
7997
(5, 10)
7998
(6, 9)
7999
(6, 9)
8000
(5, 9)
defaultdict(<function <lambda> at 0x2ba04fa042a8>, {(7, 3): 69, (4, 7): 210, (8, 4): 103, (12, 1): 38, (9, 1): 72, (6, 6): 104, (5, 6): 202, (2, 8): 106, (11, 2): 103, (5, 4): 28, (2, 1): 18, (3, 11): 84, (6, 2): 102, (1, 6): 203, (9, 4): 105, (3, 7): 212, (5, 1): 83, (2, 5): 201, (1, 11): 94, (10, 3): 100, (7, 2): 71, (12, 2): 64, (14, 2): 10, (4, 9): 137, (3, 3): 58, (2, 9): 108, (8, 1): 34, (8, 5): 106, (7, 6): 28, (4, 4): 47, (6, 3): 89, (1, 5): 100, (11, 1): 86, (4, 11): 79, (3, 6): 206, (5, 7): 222, (1, 10): 100, (8, 6): 3, (5, 11): 6, (3, 5): 204, (4, 1): 75, (1, 1): 8, (12, 3): 105, (6, 4): 15, (3, 2): 48, (2, 6): 202, (13, 2): 22, (8, 2): 101, (4, 10): 108, (7, 1): 56, (4, 5): 185, (9, 3): 108, (5, 5): 172, (6, 7): 105, (5, 9): 5, (7, 5): 126, (1, 9): 104, (10, 1): 47, (12, 4): 15, (4, 2): 87, (2, 10): 108, (6, 5): 158, (5, 3): 57, (2, 7): 174, (13, 1): 21, (8, 3): 106, (5, 10): 28, (4, 6): 193, (9, 2): 115, (6, 1): 101, (3, 1): 12, (2, 11): 71, (11, 3): 102, (3, 8): 208, (3, 9): 103, (4, 3): 102, (1, 7): 93, (14, 3): 13, (9, 5): 106, (6, 9): 18, (4, 8): 158, (5, 2): 57, (3, 10): 104, (10, 2): 103})
8001
(5, 10)
8002
(6, 9)
8003
(6, 9)
8004
(5, 9)
8005
(5, 10)
8006
(6, 9)
8007
(6, 9)
8008
(5, 9)
8009
(6, 10)
8010
(5, 11)
8011
(5, 11)
8012
(5, 9)
8013
(6, 9)
8014
(5, 11)
8015
(5, 11)
8016
(5, 9)
8017
(5, 10)
8018
(5, 11)
8019
(5, 11)
8020
(5, 9)
8021
(5, 10)
8022
(5, 10)
8023
(5, 10)
8024
(5, 9)
8025
(5, 10)
8026
(5, 10)
8027
(5, 10)
8028
(5, 9)
8029
(6, 9)
8030
(5, 10)
8031
(5, 10)
8032
(5, 9)
8033
(6, 9)
8034
(5, 9)
8035
(5, 9)
8036
(5, 10)
8037
(6, 9)
8038
(5, 9)
8039
(5, 9)
8040
(5, 10)
8041
(5, 10)
8042
(5, 9)
8043
(5, 9)
8044
(5, 10)
8045
(5, 10)
8046
(5, 9)
8047
(5, 9)
8048
(6, 9)
8049
(5, 10)
8050
(5, 9)
8051
(5, 9)
8052
(5, 11)
8053
(6, 9)
8054
(5, 9)
8055
(5, 9)
8056
(5, 10)
8057
(6, 9)
8058
(5, 9)
8059
(5, 9)
8060
(5, 10)
8061
(6, 9)
8062
(5, 9)
8063
(5, 9)
8064
(5, 10)
8065
(5, 11)
8066
(5, 9)
8067
(5, 9)
8068
(5, 9)
8069
(6, 9)
8070
(5, 10)
8071
(5, 10)
8072
(5, 9)
8073
(6, 9)
8074
(5, 10)
8075
(5, 10)
8076
(5, 9)
8077
(6, 9)
8078
(5, 10)
8079
(5, 10)
8080
(5, 9)
8081
(6, 9)
8082
(13, 1)
8083
(12, 5)
8084
(5, 9)
8085
(12, 5)
8086
(12, 5)
8087
(12, 5)
8088
(5, 9)
8089
(12, 5)
8090
(6, 9)
8091
(4, 10)
8092
(5, 9)
8093
(4, 10)
8094
(4, 10)
8095
(4, 10)
8096
(5, 9)
8097
(4, 10)
8098
(6, 9)
8099
(6, 9)
8100
(5, 9)
8101
(5, 11)
8102
(13, 1)
8103
(13, 1)
8104
(5, 10)
8105
(5, 10)
8106
(5, 11)
8107
(5, 11)
8108
(5, 10)
8109
(5, 10)
8110
(5, 10)
8111
(5, 10)
8112
(5, 11)
8113
(5, 11)
8114
(6, 10)
8115
(5, 10)
8116
(5, 10)
8117
(5, 10)
8118
(5, 10)
8119
(5, 10)
8120
(5, 11)
8121
(6, 10)
8122
(5, 11)
8123
(5, 9)
8124
(13, 1)
8125
(6, 9)
8126
(6, 9)
8127
(5, 9)
8128
(7, 9)
8129
(6, 9)
8130
(8, 7)
8131
(5, 9)
8132
(8, 7)
8133
(8, 7)
8134
(8, 7)
8135
(5, 9)
8136
(8, 7)
8137
(8, 7)
8138
(7, 9)
8139
(5, 9)
8140
(5, 11)
8141
(13, 1)
8142
(8, 7)
8143
(5, 9)
8144
(5, 10)
8145
(8, 7)
8146
(8, 7)
8147
(5, 9)
8148
(5, 10)
8149
(8, 7)
8150
(8, 7)
8151
(5, 9)
8152
(6, 10)
8153
(8, 7)
8154
(5, 11)
8155
(5, 9)
8156
(6, 10)
8157
(6, 9)
8158
(7, 9)
8159
(5, 10)
8160
(6, 9)
8161
(7, 9)
8162
(13, 1)
8163
(5, 10)
8164
(13, 1)
8165
(13, 1)
8166
(6, 9)
8167
(5, 10)
8168
(5, 11)
8169
(5, 11)
8170
(5, 11)
8171
(13, 1)
8172
(5, 10)
8173
(5, 10)
8174
(5, 10)
8175
(6, 9)
8176
(6, 10)
8177
(6, 10)
8178
(6, 10)
8179
(14, 3)
8180
(6, 10)
8181
(6, 10)
8182
(6, 10)
8183
(14, 3)
8184
(6, 10)
8185
(6, 10)
8186
(6, 10)
8187
(8, 7)
8188
(8, 7)
8189
(5, 11)
8190
(5, 11)
8191
(8, 7)
8192
(8, 7)
8193
(5, 11)
8194
(5, 11)
8195
(5, 11)
8196
(5, 10)
8197
(5, 10)
8198
(5, 11)
8199
(5, 11)
8200
(6, 10)
8201
(5, 10)
8202
(5, 10)
8203
(5, 11)
8204
(6, 10)
8205
(5, 10)
8206
(6, 10)
8207
(5, 11)
8208
(6, 9)
8209
(5, 9)
8210
(6, 10)
8211
(5, 11)
8212
(6, 9)
8213
(5, 9)
8214
(6, 9)
8215
(5, 10)
8216
(6, 9)
8217
(5, 9)
8218
(6, 9)
8219
(5, 11)
8220
(6, 9)
8221
(5, 9)
8222
(6, 9)
8223
(6, 9)
8224
(6, 9)
8225
(5, 9)
8226
(8, 7)
8227
(6, 9)
8228
(6, 9)
8229
(5, 9)
8230
(8, 6)
8231
(8, 7)
8232
(8, 7)
8233
(5, 9)
8234
(8, 6)
8235
(8, 6)
8236
(8, 6)
8237
(5, 9)
8238
(8, 6)
8239
(7, 6)
8240
(8, 6)
8241
(5, 9)
8242
(8, 6)
8243
(7, 6)
8244
(8, 6)
8245
(5, 10)
8246
(9, 5)
8247
(7, 5)
8248
(9, 5)
8249
(5, 10)
8250
(9, 5)
8251
(7, 5)
8252
(9, 5)
8253
(9, 5)
8254
(9, 5)
8255
(7, 5)
8256
(9, 5)
8257
(8, 5)
8258
(9, 4)
8259
(7, 5)
8260
(9, 4)
8261
(8, 5)
8262
(9, 4)
8263
(6, 5)
8264
(9, 4)
8265
(9, 4)
8266
(9, 4)
8267
(6, 5)
8268
(9, 4)
8269
(9, 4)
8270
(9, 4)
8271
(6, 5)
8272
(9, 4)
8273
(9, 4)
8274
(9, 4)
8275
(6, 5)
8276
(9, 4)
8277
(9, 4)
8278
(9, 4)
8279
(6, 5)
8280
(9, 4)
8281
(9, 4)
8282
(9, 4)
8283
(9, 4)
8284
(9, 3)
8285
(9, 3)
8286
(9, 4)
8287
(9, 3)
8288
(9, 3)
8289
(9, 3)
8290
(9, 3)
8291
(9, 3)
8292
(9, 3)
8293
(9, 3)
8294
(9, 3)
8295
(9, 3)
8296
(9, 3)
8297
(9, 3)
8298
(9, 3)
8299
(9, 3)
8300
(9, 3)
8301
(9, 3)
8302
(9, 3)
8303
(9, 3)
8304
(9, 2)
8305
(9, 2)
8306
(9, 3)
8307
(9, 2)
8308
(9, 2)
8309
(9, 2)
8310
(9, 3)
8311
(9, 3)
8312
(9, 3)
8313
(9, 2)
8314
(9, 3)
8315
(9, 3)
8316
(9, 3)
8317
(9, 2)
8318
(9, 2)
8319
(9, 2)
8320
(9, 2)
8321
(8, 2)
8322
(8, 2)
8323
(9, 2)
8324
(8, 2)
8325
(8, 2)
8326
(8, 2)
8327
(8, 2)
8328
(8, 2)
8329
(8, 2)
8330
(8, 2)
8331
(8, 2)
8332
(8, 2)
8333
(8, 2)
8334
(8, 2)
8335
(8, 2)
8336
(8, 2)
8337
(8, 2)
8338
(8, 2)
8339
(8, 2)
8340
(8, 2)
8341
(8, 2)
8342
(8, 2)
8343
(8, 2)
8344
(8, 2)
8345
(8, 3)
8346
(8, 3)
8347
(8, 3)
8348
(8, 3)
8349
(8, 3)
8350
(8, 3)
8351
(8, 3)
8352
(8, 3)
8353
(8, 3)
8354
(8, 3)
8355
(8, 3)
8356
(8, 3)
8357
(8, 3)
8358
(8, 3)
8359
(8, 3)
8360
(8, 3)
8361
(8, 3)
8362
(8, 3)
8363
(8, 3)
8364
(8, 3)
8365
(7, 3)
8366
(7, 3)
8367
(7, 3)
8368
(7, 3)
8369
(7, 3)
8370
(7, 3)
8371
(7, 3)
8372
(7, 3)
8373
(7, 3)
8374
(7, 3)
8375
(7, 3)
8376
(7, 3)
8377
(7, 3)
8378
(7, 3)
8379
(7, 3)
8380
(7, 3)
8381
(7, 3)
8382
(7, 3)
8383
(7, 3)
8384
(7, 3)
8385
(7, 3)
8386
(7, 3)
8387
(7, 3)
8388
(7, 3)
8389
(7, 3)
8390
(7, 3)
8391
(7, 3)
8392
(7, 3)
8393
(7, 3)
8394
(7, 3)
8395
(7, 3)
8396
(7, 3)
8397
(7, 3)
8398
(7, 3)
8399
(7, 3)
8400
(7, 3)
8401
(7, 3)
8402
(7, 3)
8403
(7, 3)
8404
(7, 3)
8405
(6, 3)
8406
(6, 3)
8407
(6, 3)
8408
(6, 3)
8409
(6, 3)
8410
(6, 3)
8411
(6, 3)
8412
(6, 3)
8413
(6, 3)
8414
(6, 3)
8415
(6, 3)
8416
(6, 3)
8417
(6, 3)
8418
(6, 3)
8419
(6, 3)
8420
(6, 3)
8421
(6, 3)
8422
(6, 3)
8423
(6, 3)
8424
(6, 3)
8425
(6, 3)
8426
(6, 3)
8427
(6, 3)
8428
(6, 3)
8429
(6, 3)
8430
(6, 3)
8431
(6, 3)
8432
(6, 3)
8433
(6, 3)
8434
(6, 3)
8435
(6, 3)
8436
(6, 3)
8437
(6, 3)
8438
(6, 3)
8439
(6, 3)
8440
(5, 3)
8441
(6, 3)
8442
(5, 3)
8443
(5, 3)
8444
(6, 3)
8445
(5, 3)
8446
(6, 3)
8447
(6, 3)
8448
(5, 3)
8449
(6, 3)
8450
(5, 3)
8451
(5, 3)
8452
(5, 3)
8453
(5, 3)
8454
(5, 3)
8455
(5, 3)
8456
(5, 3)
8457
(5, 3)
8458
(5, 3)
8459
(5, 3)
8460
(5, 3)
8461
(5, 3)
8462
(5, 3)
8463
(5, 3)
8464
(5, 3)
8465
(5, 3)
8466
(5, 3)
8467
(5, 3)
8468
(5, 3)
8469
(5, 3)
8470
(5, 3)
8471
(5, 3)
8472
(5, 3)
8473
(5, 3)
8474
(5, 3)
8475
(5, 3)
8476
(5, 3)
8477
(5, 2)
8478
(5, 3)
8479
(5, 3)
8480
(5, 3)
8481
(5, 2)
8482
(5, 3)
8483
(5, 3)
8484
(5, 2)
8485
(5, 2)
8486
(5, 2)
8487
(5, 3)
8488
(5, 2)
8489
(4, 2)
8490
(5, 2)
8491
(5, 3)
8492
(5, 2)
8493
(4, 1)
8494
(5, 2)
8495
(5, 3)
8496
(4, 2)
8497
(4, 1)
8498
(4, 2)
8499
(5, 3)
8500
(4, 1)
defaultdict(<function <lambda> at 0x2ba04fa042a8>, {(7, 3): 109, (6, 9): 55, (12, 1): 38, (1, 6): 203, (3, 7): 212, (2, 5): 201, (1, 11): 94, (8, 5): 108, (6, 7): 105, (5, 5): 172, (7, 6): 30, (6, 10): 18, (1, 1): 8, (4, 10): 113, (3, 2): 48, (2, 6): 202, (8, 2): 124, (5, 11): 37, (4, 5): 185, (9, 3): 134, (7, 5): 130, (14, 2): 10, (3, 1): 12, (2, 11): 71, (3, 11): 84, (2, 1): 18, (9, 4): 125, (5, 1): 83, (10, 3): 100, (7, 2): 71, (12, 2): 64, (1, 5): 100, (3, 6): 206, (1, 10): 100, (8, 6): 11, (4, 1): 78, (6, 4): 15, (5, 4): 28, (7, 1): 56, (4, 11): 79, (3, 5): 204, (2, 7): 174, (8, 3): 126, (5, 10): 81, (4, 6): 193, (9, 2): 126, (6, 1): 101, (5, 7): 222, (11, 3): 102, (12, 4): 15, (14, 3): 15, (4, 8): 158, (2, 8): 106, (6, 2): 102, (3, 10): 104, (12, 3): 105, (13, 2): 22, (3, 9): 103, (1, 9): 104, (8, 7): 19, (4, 2): 90, (6, 5): 163, (5, 3): 98, (1, 7): 93, (8, 4): 103, (5, 9): 58, (4, 7): 210, (9, 1): 72, (6, 6): 104, (5, 6): 202, (11, 2): 103, (12, 5): 5, (4, 9): 137, (3, 3): 58, (2, 9): 108, (8, 1): 34, (4, 4): 47, (6, 3): 129, (11, 1): 86, (2, 10): 108, (10, 1): 47, (7, 9): 4, (13, 1): 30, (3, 8): 208, (4, 3): 102, (9, 5): 113, (5, 2): 66, (10, 2): 103})
8501
(4, 1)
8502
(4, 1)
8503
(5, 3)
8504
(4, 1)
8505
(4, 1)
8506
(4, 1)
8507
(5, 3)
8508
(4, 1)
8509
(3, 1)
8510
(4, 1)
8511
(5, 3)
8512
(4, 1)
8513
(3, 2)
8514
(4, 1)
8515
(3, 1)
8516
(5, 3)
8517
(3, 2)
8518
(3, 1)
8519
(3, 2)
8520
(5, 3)
8521
(3, 2)
8522
(3, 2)
8523
(3, 2)
8524
(5, 3)
8525
(3, 2)
8526
(3, 2)
8527
(3, 2)
8528
(5, 3)
8529
(2, 3)
8530
(3, 2)
8531
(3, 2)
8532
(6, 3)
8533
(2, 3)
8534
(3, 2)
8535
(2, 3)
8536
(5, 2)
8537
(2, 3)
8538
(2, 3)
8539
(2, 3)
8540
(5, 2)
8541
(2, 3)
8542
(2, 3)
8543
(2, 3)
8544
(5, 2)
8545
(2, 3)
8546
(2, 3)
8547
(6, 3)
8548
(6, 3)
8549
(2, 3)
8550
(2, 3)
8551
(2, 3)
8552
(2, 2)
8553
(2, 3)
8554
(2, 3)
8555
(2, 3)
8556
(2, 3)
8557
(2, 3)
8558
(2, 3)
8559
(2, 3)
8560
(2, 3)
8561
(2, 3)
8562
(2, 3)
8563
(2, 3)
8564
(2, 3)
8565
(2, 3)
8566
(2, 3)
8567
(2, 3)
8568
(2, 3)
8569
(2, 3)
     $$$$$$$$$$$$$$$$$$$$
     $444444444444444444$
     $444444444444444444$
     $4$4444444444444444$
     $$$$444$$$$$4444$$$$
     $44444444$444444444$
     $444444444444444444$
     $444444444444444444$
     $$$$44$$$$$$$444$$$$
     $44$444444444444$44$
     $44$444444444444$44$
     $444444444$44444444$
     $$$$$$$$$$$$$$$$$$$$

WIN!
defaultdict(<function <lambda> at 0x2ba04fa042a8>, {(7, 3): 109, (6, 9): 55, (12, 1): 38, (1, 6): 203, (3, 7): 212, (2, 5): 201, (1, 11): 94, (8, 5): 108, (6, 7): 105, (5, 5): 172, (7, 6): 30, (6, 10): 18, (1, 1): 8, (4, 10): 113, (3, 2): 60, (2, 6): 202, (8, 2): 124, (5, 11): 37, (4, 5): 185, (9, 3): 134, (7, 5): 130, (14, 2): 10, (3, 1): 15, (2, 11): 71, (3, 11): 84, (2, 1): 18, (9, 4): 125, (5, 1): 83, (10, 3): 100, (7, 2): 71, (12, 2): 64, (1, 5): 100, (3, 6): 206, (2, 2): 1, (1, 10): 100, (8, 6): 11, (4, 1): 87, (6, 4): 15, (5, 4): 28, (7, 1): 56, (4, 11): 79, (3, 5): 204, (2, 7): 174, (8, 3): 126, (5, 10): 81, (4, 6): 193, (9, 2): 126, (6, 1): 101, (5, 7): 222, (11, 3): 102, (12, 4): 15, (14, 3): 15, (4, 8): 158, (2, 8): 106, (6, 2): 102, (3, 10): 104, (12, 3): 105, (13, 2): 22, (3, 9): 103, (2, 3): 31, (1, 9): 104, (8, 7): 19, (4, 2): 90, (6, 5): 163, (5, 3): 105, (1, 7): 93, (8, 4): 103, (5, 9): 58, (4, 7): 210, (9, 1): 72, (6, 6): 104, (5, 6): 202, (11, 2): 103, (12, 5): 5, (4, 9): 137, (3, 3): 58, (2, 9): 108, (8, 1): 34, (4, 4): 47, (6, 3): 132, (11, 1): 86, (2, 10): 108, (10, 1): 47, (7, 9): 4, (13, 1): 30, (3, 8): 208, (4, 3): 102, (9, 5): 113, (5, 2): 69, (10, 2): 103})
<__main__.Node instance at 0x2ba4603eaa28>
265
8569
True
1179.65523386
