STARTING!
step1
step2
step3
a
b
c
]0;IPython: eshnich/vgdl]0;IPython: eshnich/vgdladded self, <class 'ontology.Immovable'>
added self, <class 'ontology.Passive'>
added self, <class 'core.Resource'>
added parent, <class 'core.Resource'>
added self, <class 'ontology.ResourcePack'>
added self, <class 'ontology.Flicker'>
added self, <class 'ontology.Spreader'>
added self, <class 'ontology.SpriteProducer'>
added self, <class 'ontology.Portal'>
added self, <class 'ontology.SpawnPoint'>
added self, <class 'ontology.RandomNPC'>
added self, <class 'ontology.OrientedSprite'>
added self, <class 'ontology.Conveyor'>
added self, <class 'ontology.Missile'>
added self, <class 'ontology.OrientedFlicker'>
added self, <class 'ontology.Walker'>
added self, <class 'ontology.WalkJumper'>
added self, <class 'ontology.RandomInertial'>
added self, <class 'ontology.RandomMissile'>
added self, <class 'ontology.ErraticMissile'>
added self, <class 'ontology.Bomber'>
added self, <class 'ontology.Chaser'>
added self, <class 'ontology.Fleeing'>
added self, <class 'ontology.AStarChaser'>
added self, <class 'ontology.MovingAvatar'>
added self, <class 'ontology.HorizontalAvatar'>
added self, <class 'ontology.VerticalAvatar'>
added self, <class 'ontology.FlakAvatar'>
added self, <class 'ontology.OrientedAvatar'>
added parent, <class 'ontology.OrientedAvatar'>
added self, <class 'ontology.ShootAvatar'>
added parent, <class 'ontology.ShootAvatar'>
added self, <class 'ontology.AimedAvatar'>
added parent, <class 'ontology.AimedAvatar'>
added self, <class 'ontology.AimedFlakAvatar'>
<class 'ontology.OrientedAvatar'> already in tree.
added self, <class 'ontology.RotatingAvatar'>
added self, <class 'ontology.RotatingFlippingAvatar'>
added self, <class 'ontology.NoisyRotatingFlippingAvatar'>
<class 'ontology.ShootAvatar'> already in tree.
<class 'ontology.AimedAvatar'> already in tree.
<class 'ontology.AimedFlakAvatar'> already in tree.
added self, <class 'ontology.InertialAvatar'>
added self, <class 'ontology.MarioAvatar'>
step4
FINISHED IMPORTS
FINISHED SETTING VALUES
<module 'examples.continuousphysics.montezuma_3' from 'examples/continuousphysics/montezuma_3.py'>
max nodes 9223372036854775807
1
(13, 3)
2
(12, 3)
3
(12, 3)
4
(12, 3)
5
(12, 3)
6
(12, 3)
7
(12, 3)
8
(12, 3)
9
(12, 3)
10
(12, 3)
11
(12, 3)
12
(12, 3)
13
(12, 3)
14
(12, 2)
15
(11, 2)
16
(11, 2)
17
(11, 2)
18
(11, 2)
19
(11, 2)
20
(11, 2)
21
(11, 2)
22
(11, 2)
23
(11, 2)
24
(10, 2)
25
(10, 2)
26
(10, 2)
27
(10, 3)
28
(10, 3)
29
(10, 3)
30
(10, 3)
31
(10, 3)
32
(10, 2)
33
(10, 2)
34
(10, 3)
35
(10, 3)
36
(10, 3)
37
(10, 3)
38
(10, 2)
39
(10, 2)
40
(9, 3)
41
(9, 3)
42
(9, 3)
43
(9, 3)
44
(9, 3)
45
(10, 3)
46
(9, 3)
47
(9, 3)
48
(9, 3)
49
(9, 3)
50
(9, 3)
51
(9, 3)
52
(9, 3)
53
(9, 2)
54
(9, 2)
55
(9, 1)
56
(9, 1)
57
(8, 1)
58
(8, 1)
59
(8, 1)
60
(8, 1)
61
(7, 1)
62
(7, 1)
63
(7, 1)
64
(7, 2)
65
(6, 2)
66
(6, 2)
67
(6, 2)
68
(6, 2)
69
(6, 2)
70
(6, 2)
71
(6, 2)
72
(6, 2)
73
(5, 2)
74
(5, 2)
75
(5, 2)
76
(5, 2)
77
(5, 2)
78
(5, 2)
79
(5, 2)
80
(5, 2)
81
(4, 2)
82
(4, 2)
83
(4, 2)
84
(4, 2)
85
(4, 2)
86
(4, 2)
87
(4, 2)
88
(4, 2)
89
(3, 2)
90
(3, 2)
91
(3, 2)
92
(3, 2)
93
(3, 2)
94
(3, 2)
95
(3, 2)
96
(3, 2)
97
(2, 2)
98
(2, 2)
99
(2, 2)
100
(2, 2)
101
(2, 2)
102
(2, 2)
103
(2, 2)
104
(2, 2)
105
(1, 2)
106
(1, 2)
107
(1, 2)
108
(1, 2)
109
(1, 2)
110
(1, 2)
111
(1, 2)
112
(1, 2)
113
(1, 2)
114
(1, 2)
115
(1, 2)
116
(1, 2)
117
(1, 2)
118
(1, 2)
119
(1, 2)
120
(1, 2)
121
(1, 2)
122
(1, 2)
123
(2, 2)
124
(2, 2)
125
(1, 2)
126
(1, 2)
127
(1, 2)
128
(1, 2)
129
(1, 2)
130
(1, 2)
131
(1, 2)
132
(1, 2)
133
(1, 2)
134
(1, 2)
135
(1, 2)
136
(1, 2)
137
(1, 2)
138
(1, 2)
139
(1, 2)
140
(1, 2)
141
(1, 2)
142
(1, 2)
143
(1, 2)
144
(1, 2)
145
(1, 2)
146
(1, 2)
147
(1, 2)
148
(1, 2)
149
(1, 2)
150
(1, 2)
151
(1, 2)
152
(1, 2)
153
(1, 2)
154
(1, 2)
155
(1, 2)
156
(1, 2)
157
(1, 2)
158
(1, 2)
159
(1, 2)
160
(1, 2)
161
(1, 2)
162
(1, 2)
163
(1, 2)
164
(1, 2)
165
(1, 2)
166
(1, 2)
167
(1, 2)
168
(1, 2)
169
(1, 2)
170
(1, 2)
171
(1, 2)
172
(2, 2)
173
(2, 2)
174
(2, 2)
175
(2, 2)
176
(1, 2)
177
(1, 2)
178
(2, 2)
179
(2, 2)
180
(2, 2)
181
(2, 2)
182
(2, 2)
183
(2, 2)
184
(2, 2)
185
(1, 2)
186
(1, 2)
187
(1, 1)
188
(1, 1)
189
(1, 1)
190
(1, 1)
191
(1, 1)
192
(1, 1)
193
(1, 1)
194
(1, 1)
195
(1, 1)
196
(1, 1)
197
(2, 2)
198
(2, 2)
199
(1, 2)
200
(1, 2)
201
(1, 1)
202
(1, 1)
203
(1, 1)
204
(1, 1)
205
(1, 1)
206
(1, 1)
207
(1, 1)
208
(2, 2)
209
(1, 2)
210
(1, 1)
211
(1, 1)
212
(1, 1)
213
(1, 1)
214
(1, 1)
215
(1, 1)
216
(1, 1)
217
(1, 1)
218
(1, 1)
219
(1, 1)
220
(1, 1)
221
(1, 1)
222
(1, 1)
223
(2, 2)
224
(1, 2)
225
(1, 2)
226
(2, 2)
227
(2, 2)
228
(2, 2)
229
(1, 1)
230
(1, 1)
231
(1, 1)
232
(1, 1)
233
(1, 1)
234
(1, 1)
235
(1, 1)
236
(1, 1)
237
(1, 1)
238
(1, 1)
239
(2, 2)
240
(2, 2)
241
(2, 2)
242
(2, 2)
243
(1, 2)
244
(1, 1)
245
(1, 1)
246
(1, 1)
247
(1, 1)
248
(1, 1)
249
(1, 1)
250
(1, 1)
251
(1, 1)
252
(1, 1)
253
(1, 1)
254
(2, 2)
255
(1, 1)
256
(1, 1)
257
(1, 1)
258
(1, 1)
259
(1, 1)
260
(1, 1)
261
(1, 1)
262
(1, 2)
263
(1, 2)
264
(1, 2)
265
(1, 1)
266
(1, 1)
267
(1, 1)
268
(1, 1)
269
(1, 1)
270
(1, 2)
271
(1, 2)
272
(1, 2)
273
(1, 2)
274
(1, 2)
275
(1, 2)
276
(1, 2)
277
(1, 1)
278
(1, 1)
279
(1, 1)
280
(1, 1)
281
(1, 1)
282
(1, 1)
283
(1, 1)
284
(1, 1)
285
(1, 1)
286
(1, 1)
287
(1, 1)
288
(1, 1)
289
(2, 2)
290
(1, 2)
291
(1, 2)
292
(2, 2)
293
(2, 2)
294
(1, 1)
295
(1, 1)
296
(1, 1)
297
(2, 2)
298
(2, 2)
299
(2, 2)
300
(2, 2)
301
(2, 2)
302
(2, 2)
303
(1, 1)
304
(1, 1)
305
(1, 1)
306
(1, 1)
307
(1, 1)
308
(1, 1)
309
(1, 1)
310
(1, 1)
311
(1, 1)
312
(1, 1)
313
(1, 1)
314
(2, 2)
315
(2, 2)
316
(1, 1)
317
(1, 1)
318
(1, 1)
319
(1, 1)
320
(1, 1)
321
(1, 1)
322
(1, 1)
323
(1, 1)
324
(1, 1)
325
(1, 1)
326
(1, 1)
327
(1, 1)
328
(1, 1)
329
(2, 2)
330
(2, 2)
331
(2, 2)
332
(1, 2)
333
(2, 2)
334
(2, 2)
335
(2, 2)
336
(2, 2)
337
(3, 2)
338
(3, 2)
339
(2, 2)
340
(2, 2)
341
(2, 2)
342
(2, 1)
343
(1, 1)
344
(1, 1)
345
(1, 1)
346
(1, 1)
347
(1, 1)
348
(1, 1)
349
(1, 1)
350
(1, 1)
351
(1, 1)
352
(1, 1)
353
(3, 2)
354
(2, 2)
355
(2, 2)
356
(2, 2)
357
(2, 1)
358
(1, 1)
359
(1, 1)
360
(1, 1)
361
(1, 1)
362
(1, 1)
363
(1, 1)
364
(1, 1)
365
(2, 2)
366
(2, 2)
367
(2, 2)
368
(2, 2)
369
(1, 1)
370
(1, 1)
371
(1, 1)
372
(2, 2)
373
(2, 1)
374
(2, 1)
375
(2, 1)
376
(3, 2)
377
(3, 2)
378
(3, 2)
379
(3, 2)
380
(2, 2)
381
(2, 2)
382
(2, 1)
383
(2, 1)
384
(1, 1)
385
(1, 1)
386
(1, 1)
387
(1, 1)
388
(1, 1)
389
(1, 1)
390
(1, 1)
391
(1, 1)
392
(1, 1)
393
(3, 2)
394
(3, 2)
395
(3, 2)
396
(3, 2)
397
(2, 2)
398
(2, 2)
399
(2, 1)
400
(2, 1)
401
(1, 1)
402
(1, 1)
403
(1, 1)
404
(1, 1)
405
(1, 1)
406
(1, 1)
407
(3, 2)
408
(3, 2)
409
(2, 2)
410
(2, 1)
411
(2, 1)
412
(2, 1)
413
(1, 1)
414
(1, 1)
415
(1, 1)
416
(1, 1)
417
(1, 1)
418
(1, 1)
419
(1, 1)
420
(1, 1)
421
(1, 1)
422
(1, 1)
423
(1, 1)
424
(3, 2)
425
(3, 2)
426
(1, 1)
427
(1, 1)
428
(1, 1)
429
(3, 2)
430
(3, 2)
431
(3, 2)
432
(3, 2)
433
(2, 2)
434
(2, 2)
435
(2, 1)
436
(2, 1)
437
(2, 1)
438
(3, 2)
439
(2, 2)
440
(2, 2)
441
(1, 2)
442
(2, 1)
443
(2, 1)
444
(3, 2)
445
(1, 2)
446
(1, 2)
447
(1, 2)
448
(1, 2)
449
(2, 2)
450
(2, 2)
451
(3, 2)
452
(3, 2)
453
(3, 2)
454
(3, 2)
455
(3, 2)
456
(3, 2)
457
(2, 1)
458
(2, 1)
459
(2, 1)
460
(2, 1)
461
(2, 1)
462
(3, 2)
463
(3, 2)
464
(3, 2)
465
(3, 2)
466
(3, 2)
467
(2, 1)
468
(2, 1)
469
(2, 2)
470
(1, 2)
471
(2, 2)
472
(3, 1)
473
(3, 1)
474
(3, 2)
475
(2, 1)
476
(2, 1)
477
(3, 2)
478
(2, 1)
479
(4, 2)
480
(4, 2)
481
(3, 2)
482
(3, 2)
483
(3, 2)
484
(3, 1)
485
(2, 1)
486
(2, 1)
487
(2, 1)
488
(2, 1)
489
(2, 1)
490
(4, 2)
491
(3, 2)
492
(3, 2)
493
(3, 2)
494
(3, 1)
495
(2, 1)
496
(2, 1)
497
(2, 1)
498
(2, 1)
499
(2, 1)
500
(1, 2)
defaultdict(<function <lambda> at 0x2b97725d6c80>, {(1, 2): 95, (12, 2): 1, (3, 2): 48, (3, 1): 4, (9, 1): 2, (13, 3): 1, (9, 2): 2, (5, 2): 8, (11, 2): 9, (9, 3): 12, (7, 1): 3, (8, 1): 4, (2, 1): 37, (6, 2): 8, (7, 2): 1, (2, 2): 75, (4, 2): 11, (10, 3): 10, (1, 1): 150, (12, 3): 12, (10, 2): 7})
501
(2, 1)
502
(2, 1)
503
(1, 2)
504
(1, 2)
505
(1, 2)
506
(3, 2)
507
(3, 2)
508
(2, 1)
509
(2, 1)
510
(2, 1)
511
(2, 1)
512
(2, 1)
513
(2, 1)
514
(2, 1)
515
(2, 1)
516
(2, 1)
517
(2, 1)
518
(2, 2)
519
(2, 2)
520
(2, 2)
521
(2, 2)
522
(2, 2)
523
(2, 2)
524
(2, 2)
525
(2, 2)
526
(2, 3)
527
(2, 3)
528
(2, 3)
529
(2, 3)
530
(2, 3)
531
(1, 3)
532
(1, 3)
533
(1, 3)
534
(1, 3)
535
(1, 3)
536
(1, 3)
537
(1, 3)
538
(1, 3)
539
(1, 3)
540
(1, 3)
541
(1, 3)
542
(1, 3)
543
(1, 3)
544
(1, 3)
545
(1, 3)
546
(1, 3)
547
(1, 2)
548
(1, 2)
549
(1, 2)
550
(1, 2)
551
(1, 2)
552
(1, 2)
553
(1, 2)
554
(1, 2)
555
(1, 2)
556
(1, 2)
557
(1, 2)
558
(1, 2)
559
(1, 2)
560
(2, 2)
561
(1, 2)
562
(1, 2)
563
(1, 2)
564
(2, 2)
565
(2, 2)
566
(2, 2)
567
(2, 2)
568
(2, 2)
569
(2, 2)
570
(2, 2)
571
(2, 1)
572
(2, 1)
573
(2, 1)
574
(2, 1)
575
(2, 1)
576
(2, 1)
577
(2, 1)
578
(2, 1)
579
(2, 1)
580
(2, 1)
581
(2, 1)
582
(2, 1)
583
(2, 2)
584
(2, 2)
585
(2, 3)
586
(2, 1)
587
(2, 1)
588
(2, 1)
589
(3, 1)
590
(2, 1)
591
(2, 1)
592
(3, 1)
593
(3, 1)
594
(3, 1)
595
(3, 1)
596
(2, 1)
597
(2, 1)
598
(2, 1)
599
(2, 1)
600
(2, 1)
601
(2, 1)
602
(2, 1)
603
(2, 1)
604
(2, 2)
605
(2, 2)
606
(2, 2)
607
(2, 1)
608
(2, 1)
609
(2, 1)
610
(3, 2)
611
(3, 2)
612
(3, 2)
613
(3, 1)
614
(1, 2)
615
(2, 2)
616
(3, 1)
617
(3, 1)
618
(1, 2)
619
(4, 2)
620
(4, 2)
621
(4, 2)
622
(4, 2)
623
(3, 2)
624
(3, 2)
625
(3, 1)
626
(3, 1)
627
(2, 1)
628
(2, 1)
629
(2, 1)
630
(2, 1)
631
(2, 1)
632
(4, 2)
633
(4, 2)
634
(4, 2)
635
(4, 2)
636
(3, 2)
637
(3, 2)
638
(3, 1)
639
(3, 1)
640
(2, 1)
641
(2, 1)
642
(2, 1)
643
(2, 1)
644
(2, 1)
645
(4, 2)
646
(4, 2)
647
(3, 2)
648
(3, 1)
649
(3, 1)
650
(3, 1)
651
(2, 1)
652
(2, 1)
653
(2, 1)
654
(2, 1)
655
(2, 1)
656
(2, 1)
657
(4, 2)
658
(3, 2)
659
(3, 1)
660
(3, 1)
661
(3, 1)
662
(2, 2)
663
(1, 2)
664
(4, 2)
665
(1, 2)
666
(4, 2)
667
(4, 2)
668
(4, 2)
669
(3, 2)
670
(3, 1)
671
(3, 1)
672
(3, 1)
673
(3, 2)
674
(1, 2)
675
(1, 2)
676
(3, 2)
677
(4, 2)
678
(3, 2)
679
(3, 2)
680
(3, 1)
681
(3, 1)
682
(3, 2)
683
(4, 1)
684
(4, 1)
685
(4, 1)
686
(2, 2)
687
(4, 2)
688
(2, 1)
689
(2, 1)
690
(3, 1)
691
(3, 1)
692
(3, 1)
693
(3, 1)
694
(3, 1)
695
(3, 1)
696
(3, 1)
697
(3, 1)
698
(3, 2)
699
(3, 2)
700
(3, 2)
701
(3, 2)
702
(3, 2)
703
(3, 2)
704
(3, 2)
705
(3, 2)
706
(3, 3)
707
(3, 3)
708
(3, 3)
709
(3, 3)
710
(3, 3)
711
(2, 3)
712
(2, 3)
713
(2, 3)
714
(2, 3)
715
(2, 3)
716
(2, 3)
717
(2, 3)
718
(1, 2)
719
(1, 2)
720
(2, 3)
721
(2, 3)
722
(1, 2)
723
(1, 2)
724
(2, 3)
725
(2, 3)
726
(1, 2)
727
(1, 2)
728
(2, 2)
729
(1, 2)
730
(2, 3)
731
(2, 3)
732
(2, 3)
733
(2, 3)
734
(2, 2)
735
(1, 2)
736
(2, 3)
737
(2, 3)
738
(2, 2)
739
(2, 2)
740
(2, 2)
741
(2, 2)
742
(2, 2)
743
(2, 2)
744
(2, 3)
745
(2, 3)
746
(2, 3)
747
(2, 2)
748
(2, 2)
749
(2, 3)
750
(2, 3)
751
(2, 2)
752
(2, 2)
753
(2, 2)
754
(2, 2)
755
(2, 2)
756
(2, 2)
757
(2, 2)
758
(2, 2)
759
(2, 2)
760
(2, 2)
761
(2, 1)
762
(2, 1)
763
(3, 2)
764
(2, 2)
765
(3, 2)
766
(2, 1)
767
(2, 2)
768
(2, 2)
769
(2, 2)
770
(2, 1)
771
(2, 1)
772
(3, 2)
773
(2, 1)
774
(2, 1)
775
(3, 2)
776
(3, 2)
777
(3, 3)
778
(3, 3)
779
(3, 3)
780
(3, 3)
781
(2, 3)
782
(2, 3)
783
(2, 3)
784
(2, 2)
785
(2, 2)
786
(2, 1)
787
(3, 3)
788
(3, 3)
789
(3, 3)
790
(3, 2)
791
(2, 1)
792
(2, 1)
793
(2, 1)
794
(2, 1)
795
(3, 3)
796
(3, 3)
797
(3, 3)
798
(3, 3)
799
(3, 3)
800
(3, 2)
801
(2, 2)
802
(2, 1)
803
(2, 1)
804
(2, 1)
805
(3, 3)
806
(3, 3)
807
(3, 2)
808
(3, 2)
809
(2, 1)
810
(2, 1)
811
(2, 1)
812
(2, 1)
813
(2, 1)
814
(2, 1)
815
(2, 1)
816
(2, 1)
817
(2, 1)
818
(2, 1)
819
(2, 1)
820
(2, 2)
821
(2, 2)
822
(2, 3)
823
(2, 1)
824
(2, 1)
825
(2, 1)
826
(2, 1)
827
(2, 1)
828
(2, 2)
829
(2, 2)
830
(2, 3)
831
(2, 1)
832
(2, 1)
833
(3, 2)
834
(3, 3)
835
(3, 3)
836
(3, 3)
837
(3, 3)
838
(3, 2)
839
(3, 2)
840
(2, 1)
841
(2, 1)
842
(2, 1)
843
(2, 1)
844
(2, 1)
845
(3, 2)
846
(3, 2)
847
(3, 3)
848
(3, 3)
849
(3, 3)
850
(3, 3)
851
(3, 3)
852
(2, 1)
853
(2, 1)
854
(2, 1)
855
(2, 1)
856
(3, 2)
857
(3, 2)
858
(3, 2)
859
(3, 1)
860
(2, 1)
861
(2, 1)
862
(2, 1)
863
(3, 2)
864
(2, 1)
865
(2, 1)
866
(2, 1)
867
(2, 1)
868
(2, 1)
869
(2, 1)
870
(2, 1)
871
(2, 1)
872
(2, 2)
873
(2, 2)
874
(2, 3)
875
(2, 1)
876
(2, 1)
877
(3, 2)
878
(3, 1)
879
(4, 3)
880
(4, 3)
881
(4, 3)
882
(3, 2)
883
(3, 2)
884
(3, 2)
885
(4, 3)
886
(3, 3)
887
(4, 3)
888
(3, 3)
889
(4, 3)
890
(3, 3)
891
(3, 2)
892
(3, 2)
893
(3, 2)
894
(3, 2)
895
(3, 2)
896
(3, 1)
897
(3, 1)
898
(4, 2)
899
(3, 1)
900
(3, 1)
901
(4, 3)
902
(4, 3)
903
(4, 3)
904
(4, 3)
905
(4, 3)
906
(3, 2)
907
(3, 2)
908
(3, 1)
909
(3, 1)
910
(4, 3)
911
(4, 3)
912
(4, 3)
913
(4, 3)
914
(4, 3)
915
(3, 2)
916
(3, 2)
917
(3, 2)
918
(4, 2)
919
(4, 2)
920
(4, 2)
921
(3, 1)
922
(3, 1)
923
(4, 2)
924
(3, 1)
925
(3, 2)
926
(3, 2)
927
(3, 1)
928
(4, 2)
929
(4, 2)
930
(4, 2)
931
(4, 2)
932
(3, 1)
933
(3, 1)
934
(3, 1)
935
(3, 1)
936
(3, 1)
937
(3, 1)
938
(3, 1)
939
(3, 1)
940
(3, 1)
941
(3, 1)
942
(3, 2)
943
(3, 2)
944
(3, 3)
945
(4, 3)
946
(4, 3)
947
(4, 3)
948
(3, 1)
949
(3, 1)
950
(3, 1)
951
(4, 3)
952
(4, 3)
953
(4, 3)
954
(4, 3)
955
(3, 1)
956
(4, 2)
957
(4, 2)
958
(4, 2)
959
(3, 1)
960
(4, 2)
961
(4, 2)
962
(4, 2)
963
(4, 2)
964
(3, 1)
965
(3, 1)
966
(3, 1)
967
(3, 1)
968
(3, 1)
969
(3, 1)
970
(4, 2)
971
(4, 2)
972
(4, 2)
973
(4, 1)
974
(3, 1)
975
(3, 1)
976
(3, 1)
977
(3, 1)
978
(3, 1)
979
(3, 2)
980
(3, 2)
981
(3, 3)
982
(3, 1)
983
(3, 1)
984
(3, 1)
985
(3, 1)
986
(3, 1)
987
(3, 2)
988
(3, 2)
989
(3, 3)
990
(4, 1)
991
(4, 1)
992
(4, 3)
993
(4, 3)
994
(4, 1)
995
(4, 1)
996
(4, 1)
997
(4, 1)
998
(4, 1)
999
(4, 1)
1000
(4, 3)
defaultdict(<function <lambda> at 0x2b97725d6c80>, {(1, 3): 16, (9, 1): 2, (11, 2): 9, (2, 1): 150, (6, 2): 8, (10, 3): 10, (7, 2): 1, (1, 2): 128, (12, 2): 1, (3, 3): 34, (13, 3): 1, (8, 1): 4, (2, 2): 132, (4, 1): 12, (1, 1): 150, (12, 3): 12, (3, 2): 113, (7, 1): 3, (9, 3): 12, (2, 3): 34, (4, 2): 47, (9, 2): 2, (3, 1): 78, (4, 3): 26, (5, 2): 8, (10, 2): 7})
1001
(4, 3)
1002
(4, 3)
1003
(4, 3)
1004
(4, 3)
1005
(3, 1)
1006
(3, 1)
1007
(3, 1)
1008
(4, 2)
1009
(4, 2)
1010
(4, 2)
1011
(4, 1)
1012
(3, 1)
1013
(3, 1)
1014
(3, 1)
1015
(4, 1)
1016
(4, 1)
1017
(4, 1)
1018
(4, 1)
1019
(4, 2)
1020
(4, 2)
1021
(4, 2)
1022
(4, 1)
1023
(4, 1)
1024
(4, 1)
1025
(5, 3)
1026
(5, 3)
1027
(5, 3)
1028
(3, 1)
1029
(3, 1)
1030
(3, 1)
1031
(5, 3)
1032
(3, 1)
1033
(3, 1)
1034
(3, 1)
1035
(3, 1)
1036
(3, 1)
1037
(3, 1)
1038
(3, 1)
1039
(3, 1)
1040
(3, 2)
1041
(3, 2)
1042
(3, 2)
1043
(5, 3)
1044
(4, 3)
1045
(5, 3)
1046
(4, 3)
1047
(5, 3)
1048
(4, 3)
1049
(5, 3)
1050
(5, 3)
1051
(3, 1)
1052
(3, 1)
1053
(3, 1)
1054
(3, 1)
1055
(4, 2)
1056
(4, 2)
1057
(3, 1)
1058
(3, 1)
1059
(3, 1)
1060
(3, 1)
1061
(3, 1)
1062
(3, 2)
1063
(3, 2)
1064
(3, 1)
1065
(3, 1)
1066
(3, 1)
1067
(3, 1)
1068
(3, 1)
1069
(3, 2)
1070
(3, 2)
1071
(3, 1)
1072
(3, 1)
1073
(3, 1)
1074
(3, 1)
1075
(3, 1)
1076
(3, 2)
1077
(3, 2)
1078
(3, 1)
1079
(4, 1)
1080
(4, 1)
1081
(4, 1)
1082
(4, 1)
1083
(4, 1)
1084
(4, 2)
1085
(4, 2)
1086
(4, 2)
1087
(4, 2)
1088
(4, 2)
1089
(4, 2)
1090
(3, 1)
1091
(3, 1)
1092
(3, 1)
1093
(3, 1)
1094
(3, 1)
1095
(4, 2)
1096
(4, 2)
1097
(3, 1)
1098
(3, 1)
1099
(3, 1)
1100
(3, 1)
1101
(4, 2)
1102
(4, 2)
1103
(4, 2)
1104
(4, 1)
1105
(4, 1)
1106
(4, 1)
1107
(4, 2)
1108
(4, 1)
1109
(3, 1)
1110
(4, 1)
1111
(3, 1)
1112
(4, 1)
1113
(4, 2)
1114
(4, 1)
1115
(4, 1)
1116
(4, 1)
1117
(5, 2)
1118
(5, 2)
1119
(4, 2)
1120
(4, 2)
1121
(4, 2)
1122
(4, 1)
1123
(3, 1)
1124
(3, 1)
1125
(3, 1)
1126
(3, 1)
1127
(3, 1)
1128
(5, 2)
1129
(4, 2)
1130
(4, 2)
1131
(4, 2)
1132
(4, 1)
1133
(3, 1)
1134
(3, 1)
1135
(3, 1)
1136
(3, 1)
1137
(3, 1)
1138
(3, 1)
1139
(3, 1)
1140
(3, 1)
1141
(3, 1)
1142
(3, 1)
1143
(3, 1)
1144
(3, 1)
1145
(3, 1)
1146
(3, 2)
1147
(4, 2)
1148
(5, 2)
1149
(5, 3)
1150
(5, 3)
1151
(4, 2)
1152
(5, 2)
1153
(5, 3)
1154
(5, 3)
1155
(4, 2)
1156
(5, 2)
1157
(5, 3)
1158
(5, 3)
1159
(4, 2)
1160
(3, 2)
1161
(3, 1)
1162
(3, 1)
1163
(3, 2)
1164
(3, 2)
1165
(4, 2)
1166
(4, 1)
1167
(4, 2)
1168
(4, 2)
1169
(4, 2)
1170
(4, 1)
1171
(4, 1)
1172
(4, 1)
1173
(4, 1)
1174
(5, 2)
1175
(5, 2)
1176
(2, 2)
1177
(1, 2)
1178
(3, 1)
1179
(4, 1)
1180
(4, 1)
1181
(4, 1)
1182
(5, 3)
1183
(5, 3)
1184
(5, 3)
1185
(5, 3)
1186
(5, 3)
1187
(5, 3)
1188
(5, 3)
1189
(4, 3)
1190
(4, 3)
1191
(4, 3)
1192
(4, 3)
1193
(4, 3)
1194
(4, 3)
1195
(4, 3)
1196
(4, 3)
1197
(3, 3)
1198
(3, 3)
1199
(3, 3)
1200
(3, 3)
1201
(3, 3)
1202
(3, 3)
1203
(3, 3)
1204
(3, 3)
1205
(2, 3)
1206
(2, 3)
1207
(2, 3)
1208
(2, 3)
1209
(2, 3)
1210
(2, 3)
1211
(2, 3)
1212
(2, 3)
1213
(1, 3)
1214
(1, 3)
1215
(1, 3)
1216
(1, 3)
1217
(1, 3)
1218
(1, 3)
1219
(1, 3)
1220
(1, 3)
1221
(1, 3)
1222
(1, 3)
1223
(2, 3)
1224
(2, 3)
1225
(1, 2)
1226
(1, 2)
1227
(1, 2)
1228
(1, 2)
1229
(1, 2)
1230
(1, 2)
1231
(1, 2)
1232
(2, 3)
1233
(2, 3)
1234
(2, 3)
1235
(1, 2)
1236
(2, 3)
1237
(2, 3)
1238
(2, 3)
1239
(2, 2)
1240
(1, 2)
1241
(1, 2)
1242
(2, 2)
1243
(2, 2)
1244
(2, 2)
1245
(1, 2)
1246
(1, 2)
1247
(1, 2)
1248
(2, 2)
1249
(2, 3)
1250
(2, 3)
1251
(2, 3)
1252
(2, 2)
1253
(1, 2)
1254
(2, 3)
1255
(1, 2)
1256
(1, 2)
1257
(1, 2)
1258
(1, 2)
1259
(1, 2)
1260
(1, 2)
1261
(1, 2)
1262
(1, 2)
1263
(1, 2)
1264
(2, 2)
1265
(2, 2)
1266
(2, 3)
1267
(2, 3)
1268
(2, 3)
1269
(2, 2)
1270
(2, 2)
1271
(2, 2)
1272
(2, 2)
1273
(2, 3)
1274
(2, 2)
1275
(2, 2)
1276
(2, 2)
1277
(2, 2)
1278
(2, 2)
1279
(3, 3)
1280
(2, 3)
1281
(2, 3)
1282
(3, 3)
1283
(3, 3)
1284
(3, 3)
1285
(3, 3)
1286
(3, 3)
1287
(3, 3)
1288
(3, 3)
1289
(3, 2)
1290
(3, 3)
1291
(3, 3)
1292
(3, 2)
1293
(3, 2)
1294
(3, 2)
1295
(3, 2)
1296
(3, 2)
1297
(3, 3)
1298
(3, 3)
1299
(3, 2)
1300
(3, 3)
1301
(3, 2)
1302
(3, 2)
1303
(3, 2)
1304
(3, 2)
1305
(3, 2)
1306
(3, 3)
1307
(3, 3)
1308
(3, 3)
1309
(3, 2)
1310
(3, 2)
1311
(3, 3)
1312
(3, 2)
1313
(3, 2)
1314
(3, 1)
1315
(3, 2)
1316
(3, 2)
1317
(3, 2)
1318
(3, 2)
1319
(3, 2)
1320
(3, 2)
1321
(4, 3)
1322
(3, 3)
1323
(3, 3)
1324
(3, 2)
1325
(3, 2)
1326
(3, 1)
1327
(4, 3)
1328
(3, 1)
1329
(3, 1)
1330
(4, 3)
1331
(4, 3)
1332
(4, 3)
1333
(4, 3)
1334
(4, 3)
1335
(4, 3)
1336
(4, 2)
1337
(4, 2)
1338
(4, 2)
1339
(4, 2)
1340
(4, 3)
1341
(4, 3)
1342
(4, 3)
1343
(4, 2)
1344
(4, 3)
1345
(4, 2)
1346
(4, 2)
1347
(4, 2)
1348
(4, 2)
1349
(4, 2)
1350
(4, 2)
1351
(4, 3)
1352
(4, 3)
1353
(4, 3)
1354
(4, 2)
1355
(4, 2)
1356
(4, 3)
1357
(4, 2)
1358
(4, 2)
1359
(4, 2)
1360
(4, 3)
1361
(4, 2)
1362
(4, 2)
1363
(4, 1)
1364
(4, 2)
1365
(4, 2)
1366
(4, 1)
1367
(4, 1)
1368
(4, 1)
1369
(4, 2)
1370
(4, 2)
1371
(4, 2)
1372
(5, 3)
1373
(5, 3)
1374
(4, 3)
1375
(4, 2)
1376
(4, 2)
1377
(4, 1)
1378
(5, 3)
1379
(5, 3)
1380
(5, 3)
1381
(4, 2)
1382
(4, 2)
1383
(4, 2)
1384
(4, 2)
1385
(4, 2)
1386
(4, 1)
1387
(4, 1)
1388
(4, 1)
1389
(4, 1)
1390
(4, 2)
1391
(4, 2)
1392
(5, 2)
1393
(5, 2)
1394
(5, 2)
1395
(4, 2)
1396
(4, 2)
1397
(4, 2)
1398
(5, 2)
1399
(4, 2)
1400
(4, 1)
1401
(4, 1)
1402
(4, 1)
1403
(4, 1)
1404
(4, 1)
1405
(5, 2)
1406
(5, 2)
1407
(4, 1)
1408
(4, 1)
1409
(4, 1)
1410
(5, 2)
1411
(5, 2)
1412
(4, 1)
1413
(4, 1)
1414
(4, 1)
1415
(4, 1)
1416
(5, 2)
1417
(5, 2)
1418
(5, 2)
1419
(5, 2)
1420
(4, 2)
1421
(4, 2)
1422
(4, 1)
1423
(4, 1)
1424
(5, 2)
1425
(5, 2)
1426
(5, 2)
1427
(5, 2)
1428
(4, 2)
1429
(4, 2)
1430
(4, 1)
1431
(4, 1)
1432
(5, 2)
1433
(5, 2)
1434
(4, 2)
1435
(4, 1)
1436
(4, 1)
1437
(4, 1)
1438
(5, 2)
1439
(5, 3)
1440
(4, 1)
1441
(5, 3)
1442
(5, 3)
1443
(4, 1)
1444
(4, 1)
1445
(4, 1)
1446
(5, 3)
1447
(5, 3)
1448
(5, 3)
1449
(5, 2)
1450
(5, 3)
1451
(5, 3)
1452
(5, 3)
1453
(5, 3)
1454
(4, 1)
1455
(5, 3)
1456
(5, 3)
1457
(5, 3)
1458
(5, 3)
1459
(5, 3)
1460
(5, 3)
1461
(4, 1)
1462
(5, 2)
1463
(4, 2)
1464
(4, 2)
1465
(4, 1)
1466
(5, 2)
1467
(5, 2)
1468
(5, 2)
1469
(4, 1)
1470
(4, 1)
1471
(4, 1)
1472
(5, 2)
1473
(4, 1)
1474
(4, 1)
1475
(4, 1)
1476
(4, 1)
1477
(4, 1)
1478
(4, 2)
1479
(4, 2)
1480
(4, 1)
1481
(4, 1)
1482
(4, 1)
1483
(4, 1)
1484
(4, 1)
1485
(4, 2)
1486
(4, 2)
1487
(4, 1)
1488
(4, 1)
1489
(4, 1)
1490
(4, 1)
1491
(4, 1)
1492
(4, 2)
1493
(4, 2)
1494
(5, 2)
1495
(4, 1)
1496
(4, 1)
1497
(4, 1)
1498
(4, 1)
1499
(4, 1)
1500
(4, 2)
defaultdict(<function <lambda> at 0x2b97725d6c80>, {(1, 3): 26, (9, 1): 2, (11, 2): 9, (2, 1): 150, (6, 2): 8, (10, 3): 10, (7, 2): 1, (1, 2): 152, (12, 2): 1, (3, 3): 61, (13, 3): 1, (8, 1): 4, (2, 2): 150, (4, 1): 102, (1, 1): 150, (12, 3): 12, (3, 2): 150, (7, 1): 3, (9, 3): 12, (2, 3): 60, (4, 2): 132, (5, 3): 43, (9, 2): 2, (3, 1): 151, (4, 3): 59, (5, 2): 42, (10, 2): 7})
1501
(4, 1)
1502
(4, 1)
1503
(4, 1)
1504
(4, 1)
1505
(5, 1)
1506
(4, 1)
1507
(4, 1)
1508
(4, 1)
1509
(4, 1)
1510
(4, 1)
1511
(4, 2)
1512
(4, 2)
1513
(4, 3)
1514
(4, 1)
1515
(4, 1)
1516
(4, 1)
1517
(4, 1)
1518
(4, 1)
1519
(4, 2)
1520
(4, 2)
1521
(4, 3)
1522
(4, 2)
1523
(5, 2)
1524
(5, 2)
1525
(5, 3)
1526
(5, 3)
1527
(5, 3)
1528
(5, 3)
1529
(5, 3)
1530
(5, 2)
1531
(4, 2)
1532
(4, 1)
1533
(4, 1)
1534
(4, 1)
1535
(5, 2)
1536
(5, 2)
1537
(4, 1)
1538
(4, 1)
1539
(4, 1)
1540
(4, 1)
1541
(5, 2)
1542
(5, 2)
1543
(5, 3)
1544
(5, 3)
1545
(5, 3)
1546
(5, 2)
1547
(5, 2)
1548
(4, 1)
1549
(4, 1)
1550
(4, 1)
1551
(4, 1)
1552
(5, 2)
1553
(5, 2)
1554
(5, 1)
1555
(4, 1)
1556
(4, 1)
1557
(4, 1)
1558
(4, 1)
1559
(5, 2)
1560
(5, 2)
1561
(5, 2)
1562
(5, 2)
1563
(4, 2)
1564
(4, 2)
1565
(5, 2)
1566
(4, 2)
1567
(4, 2)
1568
(4, 2)
1569
(6, 3)
1570
(6, 3)
1571
(5, 3)
1572
(5, 3)
1573
(5, 2)
1574
(5, 2)
1575
(5, 1)
1576
(4, 1)
1577
(4, 1)
1578
(4, 1)
1579
(4, 1)
1580
(5, 2)
1581
(5, 2)
1582
(5, 1)
1583
(4, 1)
1584
(4, 1)
1585
(4, 1)
1586
(4, 1)
1587
(6, 3)
1588
(4, 1)
1589
(4, 1)
1590
(4, 1)
1591
(4, 1)
1592
(4, 1)
1593
(4, 1)
1594
(4, 1)
1595
(4, 1)
1596
(4, 1)
1597
(4, 1)
1598
(5, 2)
1599
(5, 2)
1600
(5, 2)
1601
(5, 2)
1602
(5, 2)
1603
(4, 1)
1604
(5, 2)
1605
(5, 2)
1606
(5, 2)
1607
(5, 1)
1608
(5, 2)
1609
(5, 2)
1610
(5, 2)
1611
(5, 1)
1612
(5, 2)
1613
(5, 2)
1614
(5, 1)
1615
(5, 2)
1616
(5, 2)
1617
(5, 3)
1618
(5, 3)
1619
(5, 3)
1620
(5, 1)
1621
(5, 2)
1622
(5, 2)
1623
(4, 2)
1624
(5, 2)
1625
(5, 1)
1626
(5, 3)
1627
(5, 3)
1628
(5, 3)
1629
(5, 2)
1630
(5, 1)
1631
(5, 2)
1632
(5, 2)
1633
(5, 2)
1634
(5, 1)
1635
(5, 1)
1636
(6, 2)
1637
(5, 1)
1638
(6, 2)
1639
(6, 2)
1640
(5, 2)
1641
(5, 2)
1642
(5, 2)
1643
(5, 2)
1644
(5, 2)
1645
(5, 1)
1646
(6, 2)
1647
(5, 2)
1648
(5, 2)
1649
(5, 2)
1650
(5, 1)
1651
(5, 2)
1652
(5, 2)
1653
(5, 2)
1654
(5, 2)
1655
(5, 2)
1656
(5, 2)
1657
(5, 2)
1658
(5, 2)
1659
(5, 1)
1660
(5, 1)
1661
(6, 3)
1662
(6, 3)
1663
(5, 2)
1664
(5, 2)
1665
(5, 2)
1666
(5, 2)
1667
(5, 2)
1668
(5, 2)
1669
(6, 3)
1670
(6, 3)
1671
(6, 3)
1672
(6, 3)
1673
(6, 3)
1674
(5, 2)
1675
(5, 2)
1676
(5, 1)
1677
(5, 1)
1678
(6, 3)
1679
(6, 3)
1680
(5, 2)
1681
(5, 2)
1682
(5, 1)
1683
(5, 1)
1684
(6, 3)
1685
(6, 3)
1686
(5, 2)
1687
(6, 3)
1688
(6, 3)
1689
(6, 3)
1690
(5, 2)
1691
(5, 2)
1692
(5, 1)
1693
(5, 1)
1694
(5, 2)
1695
(5, 2)
1696
(5, 1)
1697
(5, 2)
1698
(5, 2)
1699
(5, 2)
1700
(5, 2)
1701
(5, 2)
1702
(5, 2)
1703
(6, 2)
1704
(6, 2)
1705
(5, 2)
1706
(5, 2)
1707
(5, 3)
1708
(5, 1)
1709
(5, 1)
1710
(5, 1)
1711
(5, 1)
1712
(5, 1)
1713
(5, 2)
1714
(6, 2)
1715
(5, 3)
1716
(5, 3)
1717
(5, 3)
1718
(5, 1)
1719
(5, 1)
1720
(5, 1)
1721
(5, 1)
1722
(5, 1)
1723
(5, 3)
1724
(5, 3)
1725
(5, 1)
1726
(6, 2)
1727
(5, 1)
1728
(5, 2)
1729
(5, 1)
1730
(5, 1)
1731
(5, 1)
1732
(5, 1)
1733
(5, 1)
1734
(5, 2)
1735
(5, 1)
1736
(5, 1)
1737
(5, 1)
1738
(5, 1)
1739
(5, 1)
1740
(5, 1)
1741
(5, 1)
1742
(5, 1)
1743
(5, 1)
1744
(5, 2)
1745
(5, 2)
1746
(5, 2)
1747
(5, 2)
1748
(5, 2)
1749
(5, 2)
1750
(5, 2)
1751
(5, 2)
1752
(5, 1)
1753
(5, 1)
1754
(5, 1)
1755
(5, 1)
1756
(5, 1)
1757
(5, 1)
1758
(5, 1)
1759
(5, 1)
1760
(5, 2)
1761
(5, 2)
1762
(5, 2)
1763
(5, 1)
1764
(5, 1)
1765
(5, 1)
1766
(5, 1)
1767
(5, 1)
1768
(5, 1)
1769
(5, 1)
1770
(5, 1)
1771
(5, 2)
1772
(6, 2)
1773
(5, 2)
1774
(5, 2)
1775
(5, 2)
1776
(5, 2)
1777
(6, 2)
1778
(6, 2)
1779
(5, 1)
1780
(5, 1)
1781
(6, 2)
1782
(6, 2)
1783
(6, 3)
1784
(6, 3)
1785
(6, 3)
1786
(6, 3)
1787
(5, 1)
1788
(5, 1)
1789
(5, 2)
1790
(5, 1)
1791
(6, 3)
1792
(6, 3)
1793
(6, 3)
1794
(6, 2)
1795
(5, 2)
1796
(5, 1)
1797
(5, 1)
1798
(5, 1)
1799
(6, 3)
1800
(6, 3)
1801
(5, 1)
1802
(5, 1)
1803
(5, 1)
1804
(5, 1)
1805
(5, 1)
1806
(6, 2)
1807
(6, 2)
1808
(5, 2)
1809
(5, 2)
1810
(5, 2)
1811
(5, 2)
1812
(5, 1)
1813
(5, 1)
1814
(5, 1)
1815
(5, 1)
1816
(5, 1)
1817
(6, 2)
1818
(5, 1)
1819
(6, 3)
1820
(6, 3)
1821
(6, 3)
1822
(6, 2)
1823
(6, 2)
1824
(6, 3)
1825
(5, 3)
1826
(6, 3)
1827
(5, 3)
1828
(6, 3)
1829
(5, 3)
1830
(5, 1)
1831
(5, 1)
1832
(5, 2)
1833
(5, 2)
1834
(6, 2)
1835
(5, 1)
1836
(5, 1)
1837
(5, 1)
1838
(5, 1)
1839
(5, 1)
1840
(5, 1)
1841
(5, 1)
1842
(5, 1)
1843
(6, 2)
1844
(5, 1)
1845
(5, 1)
1846
(6, 2)
1847
(6, 2)
1848
(5, 1)
1849
(5, 1)
1850
(5, 1)
1851
(5, 1)
1852
(6, 3)
1853
(6, 3)
1854
(6, 2)
1855
(6, 3)
1856
(6, 1)
1857
(5, 1)
1858
(5, 1)
1859
(6, 3)
1860
(6, 3)
1861
(6, 3)
1862
(6, 2)
1863
(6, 2)
1864
(6, 2)
1865
(5, 1)
1866
(5, 1)
1867
(5, 1)
1868
(5, 1)
1869
(5, 1)
1870
(5, 1)
1871
(5, 1)
1872
(5, 1)
1873
(6, 1)
1874
(5, 1)
1875
(6, 1)
1876
(6, 1)
1877
(6, 2)
1878
(6, 2)
1879
(6, 2)
1880
(6, 2)
1881
(5, 1)
1882
(5, 1)
1883
(5, 1)
1884
(5, 1)
1885
(5, 1)
1886
(5, 1)
1887
(5, 1)
1888
(5, 1)
1889
(6, 2)
1890
(6, 2)
1891
(6, 2)
1892
(5, 1)
1893
(5, 1)
1894
(6, 1)
1895
(5, 1)
1896
(5, 1)
1897
(5, 1)
1898
(5, 1)
1899
(6, 1)
1900
(5, 1)
1901
(5, 1)
1902
(5, 1)
1903
(5, 1)
1904
(5, 1)
1905
(5, 1)
1906
(5, 1)
1907
(5, 1)
1908
(5, 1)
1909
(6, 2)
1910
(6, 2)
1911
(6, 2)
1912
(6, 2)
1913
(6, 2)
1914
(6, 2)
1915
(6, 2)
1916
(6, 2)
1917
(6, 2)
1918
(6, 2)
1919
(5, 1)
1920
(5, 1)
1921
(5, 1)
1922
(5, 1)
1923
(5, 1)
1924
(5, 1)
1925
(5, 1)
1926
(5, 1)
1927
(5, 1)
1928
(5, 1)
1929
(5, 1)
1930
(5, 1)
1931
(5, 1)
1932
(6, 1)
1933
(5, 1)
1934
(5, 1)
1935
(4, 2)
1936
(6, 2)
1937
(6, 2)
1938
(6, 2)
1939
(6, 1)
1940
(6, 1)
1941
(6, 1)
1942
(6, 1)
1943
(6, 2)
1944
(6, 1)
1945
(6, 1)
1946
(6, 1)
1947
(6, 2)
1948
(6, 1)
1949
(6, 1)
1950
(6, 2)
1951
(6, 2)
1952
(6, 2)
1953
(6, 1)
1954
(6, 2)
1955
(6, 1)
1956
(4, 2)
1957
(6, 1)
1958
(4, 2)
1959
(6, 1)
1960
(6, 1)
1961
(6, 1)
1962
(6, 1)
1963
(6, 1)
1964
(6, 1)
1965
(6, 1)
1966
(4, 2)
1967
(6, 1)
1968
(6, 1)
1969
(6, 1)
1970
(6, 1)
1971
(6, 1)
1972
(7, 2)
1973
(7, 2)
1974
(7, 2)
1975
(7, 2)
1976
(6, 1)
1977
(6, 1)
1978
(6, 1)
1979
(6, 1)
1980
(6, 1)
1981
(6, 1)
1982
(6, 1)
1983
(6, 1)
1984
(4, 2)
1985
(6, 1)
1986
(6, 1)
1987
(6, 1)
1988
(6, 1)
1989
(6, 1)
1990
(6, 2)
1991
(6, 2)
1992
(6, 2)
1993
(6, 1)
1994
(6, 1)
1995
(6, 1)
1996
(6, 1)
1997
(6, 1)
1998
(6, 1)
1999
(7, 2)
2000
(7, 2)
defaultdict(<function <lambda> at 0x2b97725d6c80>, {(1, 3): 26, (9, 1): 2, (11, 2): 9, (2, 1): 150, (6, 2): 64, (5, 1): 150, (10, 3): 10, (7, 2): 7, (1, 2): 152, (12, 2): 1, (3, 3): 61, (13, 3): 1, (8, 1): 4, (6, 3): 38, (2, 2): 150, (4, 1): 150, (1, 1): 150, (12, 3): 12, (3, 2): 150, (7, 1): 3, (9, 3): 12, (2, 3): 60, (4, 2): 149, (5, 3): 68, (9, 2): 2, (6, 1): 50, (3, 1): 151, (4, 3): 61, (5, 2): 150, (10, 2): 7})
2001
(7, 2)
2002
(6, 1)
2003
(6, 1)
2004
(7, 2)
2005
(7, 2)
2006
(7, 2)
2007
(7, 2)
2008
(7, 3)
2009
(7, 3)
2010
(7, 3)
2011
(7, 3)
2012
(6, 1)
2013
(6, 1)
2014
(6, 1)
2015
(6, 1)
2016
(6, 1)
2017
(6, 1)
2018
(6, 1)
2019
(6, 1)
2020
(6, 1)
2021
(6, 1)
2022
(6, 1)
2023
(6, 2)
2024
(6, 2)
2025
(7, 3)
2026
(6, 1)
2027
(6, 1)
2028
(6, 1)
2029
(6, 1)
2030
(6, 1)
2031
(6, 2)
2032
(6, 2)
2033
(6, 1)
2034
(6, 1)
2035
(6, 1)
2036
(6, 1)
2037
(6, 1)
2038
(6, 2)
2039
(6, 2)
2040
(6, 1)
2041
(6, 1)
2042
(6, 1)
2043
(6, 1)
2044
(6, 1)
2045
(6, 2)
2046
(6, 2)
2047
(4, 2)
2048
(4, 2)
2049
(7, 1)
2050
(6, 1)
2051
(6, 1)
2052
(6, 1)
2053
(6, 1)
2054
(6, 1)
2055
(6, 1)
2056
(6, 1)
2057
(6, 1)
2058
(6, 1)
2059
(6, 1)
2060
(6, 1)
2061
(6, 1)
2062
(6, 1)
2063
(6, 1)
2064
(6, 2)
2065
(6, 2)
2066
(6, 3)
2067
(6, 1)
2068
(6, 1)
2069
(6, 1)
2070
(6, 1)
2071
(6, 1)
2072
(6, 2)
2073
(6, 2)
2074
(6, 3)
2075
(6, 1)
2076
(6, 1)
2077
(6, 1)
2078
(6, 1)
2079
(6, 1)
2080
(6, 2)
2081
(6, 2)
2082
(6, 3)
2083
(6, 1)
2084
(6, 1)
2085
(7, 2)
2086
(7, 2)
2087
(7, 2)
2088
(7, 2)
2089
(7, 3)
2090
(7, 3)
2091
(7, 3)
2092
(7, 3)
2093
(7, 3)
2094
(7, 3)
2095
(7, 3)
2096
(7, 3)
2097
(7, 3)
2098
(7, 3)
2099
(7, 3)
2100
(7, 3)
2101
(7, 2)
2102
(7, 2)
2103
(7, 2)
2104
(6, 1)
2105
(6, 1)
2106
(6, 1)
2107
(7, 1)
2108
(7, 1)
2109
(7, 1)
2110
(7, 1)
2111
(6, 1)
2112
(7, 1)
2113
(7, 1)
2114
(7, 1)
2115
(6, 1)
2116
(7, 2)
2117
(7, 1)
2118
(7, 2)
2119
(6, 1)
2120
(7, 2)
2121
(7, 2)
2122
(7, 2)
2123
(7, 2)
2124
(7, 3)
2125
(7, 1)
2126
(7, 3)
2127
(7, 3)
2128
(7, 3)
2129
(7, 3)
2130
(7, 3)
2131
(7, 3)
2132
(7, 3)
2133
(7, 2)
2134
(7, 3)
2135
(7, 3)
2136
(7, 2)
2137
(7, 3)
2138
(7, 3)
2139
(7, 3)
2140
(6, 1)
2141
(6, 1)
2142
(7, 1)
2143
(7, 1)
2144
(7, 1)
2145
(6, 1)
2146
(6, 1)
2147
(6, 1)
2148
(7, 2)
2149
(7, 1)
2150
(7, 2)
2151
(7, 2)
2152
(7, 1)
2153
(7, 1)
2154
(6, 1)
2155
(6, 1)
2156
(6, 1)
2157
(6, 1)
2158
(7, 1)
2159
(6, 1)
2160
(6, 1)
2161
(6, 1)
2162
(6, 1)
2163
(7, 1)
2164
(7, 1)
2165
(7, 1)
2166
(7, 1)
2167
(7, 1)
2168
(7, 1)
2169
(7, 1)
2170
(7, 1)
2171
(8, 3)
2172
(8, 3)
2173
(7, 1)
2174
(8, 3)
2175
(8, 3)
2176
(7, 3)
2177
(7, 3)
2178
(7, 2)
2179
(7, 2)
2180
(7, 2)
2181
(8, 3)
2182
(8, 3)
2183
(8, 3)
2184
(8, 3)
2185
(7, 1)
2186
(7, 1)
2187
(7, 1)
2188
(8, 3)
2189
(8, 3)
2190
(8, 3)
2191
(8, 3)
2192
(8, 3)
2193
(7, 2)
2194
(7, 2)
2195
(7, 2)
2196
(7, 1)
2197
(7, 1)
2198
(8, 3)
2199
(7, 1)
2200
(7, 1)
2201
(8, 3)
2202
(8, 3)
2203
(8, 3)
2204
(7, 1)
2205
(6, 2)
2206
(6, 2)
2207
(6, 2)
2208
(6, 2)
2209
(6, 2)
2210
(6, 2)
2211
(6, 2)
2212
(6, 2)
2213
(6, 2)
2214
(6, 2)
2215
(8, 1)
2216
(8, 1)
2217
(8, 3)
2218
(8, 3)
2219
(7, 1)
2220
(7, 2)
2221
(7, 2)
2222
(7, 1)
2223
(6, 2)
2224
(6, 2)
2225
(6, 2)
2226
(6, 2)
2227
(6, 2)
2228
(6, 2)
2229
(6, 2)
2230
(6, 2)
2231
(6, 2)
2232
(6, 2)
2233
(6, 2)
2234
(7, 1)
2235
(7, 1)
2236
(7, 1)
2237
(7, 1)
2238
(7, 2)
2239
(7, 2)
2240
(7, 2)
2241
(7, 1)
2242
(7, 1)
2243
(7, 2)
2244
(6, 2)
2245
(7, 2)
2246
(6, 2)
2247
(7, 2)
2248
(6, 2)
2249
(6, 2)
2250
(6, 2)
2251
(6, 2)
2252
(8, 3)
2253
(8, 3)
2254
(8, 3)
2255
(8, 3)
2256
(8, 3)
2257
(8, 3)
2258
(7, 1)
2259
(7, 1)
2260
(7, 1)
2261
(7, 1)
2262
(7, 1)
2263
(7, 1)
2264
(6, 2)
2265
(6, 2)
2266
(7, 1)
2267
(8, 3)
2268
(8, 3)
2269
(8, 3)
2270
(8, 3)
2271
(8, 3)
2272
(8, 3)
2273
(6, 2)
2274
(6, 2)
2275
(6, 2)
2276
(7, 1)
2277
(8, 2)
2278
(8, 2)
2279
(8, 2)
2280
(8, 2)
2281
(8, 2)
2282
(8, 3)
2283
(8, 2)
2284
(8, 3)
2285
(8, 2)
2286
(8, 3)
2287
(8, 3)
2288
(8, 2)
2289
(8, 2)
2290
(8, 2)
2291
(8, 2)
2292
(6, 2)
2293
(8, 2)
2294
(8, 2)
2295
(6, 1)
2296
(6, 1)
2297
(7, 2)
2298
(7, 2)
2299
(7, 2)
2300
(7, 1)
2301
(7, 1)
2302
(8, 2)
2303
(8, 3)
2304
(8, 3)
2305
(8, 3)
2306
(7, 2)
2307
(7, 2)
2308
(7, 2)
2309
(7, 2)
2310
(6, 2)
2311
(7, 1)
2312
(6, 2)
2313
(8, 3)
2314
(8, 3)
2315
(8, 3)
2316
(7, 2)
2317
(7, 2)
2318
(7, 2)
2319
(7, 2)
2320
(7, 2)
2321
(7, 2)
2322
(8, 3)
2323
(8, 3)
2324
(8, 3)
2325
(8, 3)
2326
(6, 2)
2327
(6, 2)
2328
(6, 2)
2329
(7, 1)
2330
(7, 1)
2331
(7, 2)
2332
(6, 2)
2333
(8, 3)
2334
(8, 3)
2335
(8, 3)
2336
(8, 3)
2337
(8, 1)
2338
(8, 2)
2339
(8, 2)
2340
(6, 2)
2341
(6, 2)
2342
(7, 2)
2343
(7, 2)
2344
(8, 2)
2345
(6, 2)
2346
(8, 2)
2347
(8, 2)
2348
(8, 2)
2349
(8, 1)
2350
(7, 1)
2351
(7, 1)
2352
(7, 1)
2353
(7, 2)
2354
(6, 2)
2355
(6, 1)
2356
(6, 1)
2357
(7, 1)
2358
(6, 1)
2359
(6, 2)
2360
(6, 2)
2361
(7, 1)
2362
(7, 1)
2363
(7, 1)
2364
(7, 2)
2365
(7, 2)
2366
(7, 2)
2367
(7, 2)
2368
(7, 2)
2369
(7, 2)
2370
(8, 2)
2371
(8, 2)
2372
(8, 1)
2373
(6, 2)
2374
(8, 3)
2375
(8, 3)
2376
(6, 2)
2377
(8, 1)
2378
(7, 2)
2379
(7, 2)
2380
(7, 2)
2381
(8, 1)
2382
(8, 1)
2383
(8, 2)
2384
(8, 3)
2385
(8, 3)
2386
(8, 3)
2387
(8, 3)
2388
(8, 3)
2389
(8, 3)
2390
(8, 3)
2391
(8, 3)
2392
(8, 3)
2393
(8, 3)
2394
(8, 3)
2395
(8, 3)
2396
(8, 3)
2397
(8, 3)
2398
(6, 2)
2399
(6, 1)
2400
(8, 1)
2401
(6, 1)
2402
(7, 1)
2403
(8, 3)
2404
(8, 3)
2405
(8, 3)
2406
(8, 3)
2407
(8, 3)
2408
(8, 3)
2409
(6, 2)
2410
(8, 1)
2411
(8, 1)
2412
(8, 1)
2413
(8, 1)
2414
(7, 1)
2415
(7, 1)
2416
(7, 1)
2417
(7, 2)
2418
(7, 2)
2419
(7, 2)
2420
(7, 2)
2421
(6, 1)
2422
(6, 1)
2423
(6, 1)
2424
(8, 1)
2425
(8, 1)
2426
(8, 2)
2427
(8, 2)
2428
(8, 2)
2429
(7, 2)
2430
(7, 2)
2431
(7, 2)
2432
(7, 2)
2433
(7, 2)
2434
(7, 2)
2435
(7, 2)
2436
(7, 2)
2437
(8, 1)
2438
(7, 2)
2439
(7, 2)
2440
(7, 2)
2441
(7, 2)
2442
(7, 2)
2443
(7, 2)
2444
(6, 1)
2445
(8, 1)
2446
(6, 1)
2447
(9, 2)
2448
(6, 1)
2449
(9, 2)
2450
(9, 2)
2451
(8, 1)
2452
(6, 1)
2453
(6, 1)
2454
(7, 2)
2455
(7, 2)
2456
(7, 2)
2457
(8, 1)
2458
(8, 3)
2459
(8, 3)
2460
(8, 3)
2461
(8, 3)
2462
(8, 3)
2463
(8, 3)
2464
(8, 3)
2465
(8, 1)
2466
(8, 1)
2467
(6, 1)
2468
(6, 1)
2469
(6, 1)
2470
(6, 1)
2471
(7, 1)
2472
(6, 1)
2473
(6, 1)
2474
(6, 1)
2475
(8, 2)
2476
(8, 2)
2477
(8, 3)
2478
(8, 3)
2479
(8, 3)
2480
(8, 3)
2481
(8, 3)
2482
(8, 3)
2483
(8, 1)
2484
(8, 3)
2485
(8, 3)
2486
(8, 1)
2487
(8, 1)
2488
(8, 3)
2489
(8, 3)
2490
(8, 3)
2491
(8, 3)
2492
(8, 3)
2493
(8, 3)
2494
(8, 3)
2495
(8, 3)
2496
(8, 3)
2497
(8, 3)
2498
(8, 3)
2499
(8, 1)
2500
(6, 1)
defaultdict(<function <lambda> at 0x2b97725d6c80>, {(7, 3): 32, (1, 3): 26, (9, 1): 2, (11, 2): 9, (2, 1): 150, (6, 2): 127, (5, 1): 150, (10, 3): 10, (7, 2): 91, (1, 2): 152, (12, 2): 1, (3, 3): 61, (13, 3): 1, (8, 1): 29, (6, 3): 41, (2, 2): 150, (4, 1): 150, (1, 1): 150, (12, 3): 12, (3, 2): 150, (8, 2): 28, (7, 1): 70, (9, 3): 12, (2, 3): 60, (4, 2): 151, (5, 3): 68, (8, 3): 97, (9, 2): 5, (6, 1): 146, (3, 1): 151, (4, 3): 61, (5, 2): 150, (10, 2): 7})
2501
(6, 1)
2502
(6, 1)
2503
(6, 1)
2504
(8, 2)
2505
(8, 2)
2506
(8, 2)
2507
(7, 2)
2508
(7, 2)
2509
(7, 2)
2510
(7, 1)
2511
(8, 1)
2512
(8, 1)
2513
(8, 1)
2514
(8, 3)
2515
(8, 3)
2516
(8, 3)
2517
(8, 2)
2518
(7, 2)
2519
(8, 2)
2520
(7, 2)
2521
(8, 2)
2522
(7, 2)
2523
(8, 3)
2524
(8, 3)
2525
(8, 3)
2526
(8, 1)
2527
(6, 1)
2528
(7, 1)
2529
(6, 1)
2530
(6, 1)
2531
(6, 1)
2532
(6, 1)
2533
(9, 2)
2534
(9, 2)
2535
(9, 2)
2536
(8, 3)
2537
(8, 3)
2538
(8, 3)
2539
(9, 2)
2540
(8, 3)
2541
(8, 3)
2542
(8, 3)
2543
(8, 3)
2544
(9, 2)
2545
(7, 2)
2546
(7, 2)
2547
(7, 2)
2548
(7, 2)
2549
(7, 1)
2550
(8, 1)
2551
(8, 1)
2552
(8, 1)
2553
(9, 2)
2554
(9, 2)
2555
(9, 2)
2556
(9, 2)
2557
(7, 2)
2558
(7, 2)
2559
(7, 1)
2560
(7, 2)
2561
(7, 1)
2562
(7, 1)
2563
(8, 3)
2564
(8, 3)
2565
(8, 3)
2566
(7, 1)
2567
(7, 1)
2568
(7, 1)
2569
(7, 1)
2570
(7, 1)
2571
(7, 2)
2572
(7, 2)
2573
(7, 3)
2574
(8, 3)
2575
(7, 1)
2576
(7, 1)
2577
(7, 1)
2578
(7, 1)
2579
(7, 1)
2580
(7, 2)
2581
(7, 2)
2582
(7, 3)
2583
(8, 3)
2584
(8, 3)
2585
(7, 1)
2586
(7, 1)
2587
(7, 1)
2588
(7, 1)
2589
(7, 1)
2590
(7, 2)
2591
(7, 2)
2592
(7, 3)
2593
(8, 3)
2594
(8, 3)
2595
(8, 3)
2596
(8, 3)
2597
(7, 1)
2598
(8, 2)
2599
(8, 3)
2600
(8, 2)
2601
(8, 3)
2602
(8, 2)
2603
(8, 3)
2604
(8, 2)
2605
(8, 2)
2606
(8, 2)
2607
(8, 2)
2608
(7, 1)
2609
(8, 3)
2610
(8, 3)
2611
(8, 3)
2612
(8, 3)
2613
(8, 3)
2614
(8, 3)
2615
(8, 3)
2616
(8, 3)
2617
(8, 3)
2618
(8, 3)
2619
(8, 2)
2620
(8, 1)
2621
(8, 1)
2622
(7, 1)
2623
(8, 1)
2624
(8, 1)
2625
(8, 1)
2626
(8, 3)
2627
(8, 3)
2628
(8, 3)
2629
(8, 3)
2630
(8, 3)
2631
(8, 3)
2632
(8, 3)
2633
(8, 3)
2634
(8, 3)
2635
(8, 3)
2636
(8, 3)
2637
(8, 3)
2638
(8, 3)
2639
(8, 3)
2640
(8, 4)
2641
(8, 4)
2642
(8, 4)
2643
(8, 4)
2644
(8, 4)
2645
(8, 4)
2646
(8, 2)
2647
(8, 2)
2648
(8, 2)
2649
(8, 1)
2650
(8, 1)
2651
(9, 1)
2652
(9, 1)
2653
(9, 1)
2654
(7, 1)
2655
(8, 3)
2656
(8, 3)
2657
(8, 3)
2658
(8, 3)
2659
(8, 3)
2660
(8, 3)
2661
(7, 2)
2662
(7, 2)
2663
(7, 2)
2664
(7, 2)
2665
(8, 2)
2666
(8, 2)
2667
(8, 1)
2668
(8, 1)
2669
(8, 1)
2670
(9, 2)
2671
(9, 2)
2672
(9, 2)
2673
(9, 3)
2674
(9, 3)
2675
(9, 2)
2676
(9, 2)
2677
(9, 2)
2678
(7, 1)
2679
(9, 3)
2680
(9, 3)
2681
(9, 3)
2682
(8, 1)
2683
(8, 1)
2684
(8, 1)
2685
(9, 1)
2686
(9, 1)
2687
(9, 1)
2688
(7, 1)
2689
(8, 4)
2690
(8, 4)
2691
(8, 4)
2692
(8, 4)
2693
(8, 4)
2694
(8, 4)
2695
(8, 4)
2696
(8, 2)
2697
(8, 2)
2698
(8, 2)
2699
(8, 2)
2700
(8, 2)
2701
(8, 2)
2702
(8, 2)
2703
(7, 1)
2704
(7, 1)
2705
(8, 2)
2706
(8, 2)
2707
(8, 2)
2708
(7, 1)
2709
(7, 1)
2710
(7, 1)
2711
(7, 1)
2712
(7, 1)
2713
(7, 1)
2714
(7, 2)
2715
(7, 2)
2716
(7, 2)
2717
(7, 2)
2718
(7, 2)
2719
(7, 2)
2720
(7, 2)
2721
(7, 2)
2722
(7, 3)
2723
(7, 3)
2724
(7, 3)
2725
(7, 3)
2726
(7, 3)
2727
(6, 3)
2728
(6, 3)
2729
(6, 3)
2730
(6, 3)
2731
(6, 3)
2732
(6, 3)
2733
(6, 3)
2734
(6, 3)
2735
(6, 3)
2736
(6, 3)
2737
(6, 3)
2738
(6, 3)
2739
(6, 2)
2740
(6, 3)
2741
(6, 3)
2742
(6, 3)
2743
(6, 2)
2744
(6, 3)
2745
(6, 2)
2746
(6, 2)
2747
(6, 2)
2748
(6, 3)
2749
(6, 3)
2750
(6, 3)
2751
(6, 3)
2752
(6, 3)
2753
(6, 3)
2754
(6, 3)
2755
(6, 3)
2756
(6, 2)
2757
(6, 2)
2758
(6, 2)
2759
(6, 2)
2760
(6, 2)
2761
(6, 2)
2762
(6, 2)
2763
(6, 2)
2764
(6, 2)
2765
(6, 2)
2766
(6, 2)
2767
(6, 2)
2768
(6, 2)
2769
(6, 2)
2770
(7, 2)
2771
(6, 2)
2772
(7, 2)
2773
(7, 2)
2774
(7, 3)
2775
(6, 2)
2776
(7, 3)
2777
(7, 3)
2778
(7, 3)
2779
(6, 3)
2780
(6, 2)
2781
(6, 2)
2782
(7, 3)
2783
(7, 3)
2784
(7, 3)
2785
(7, 3)
2786
(7, 2)
2787
(7, 2)
2788
(7, 3)
2789
(7, 3)
2790
(7, 3)
2791
(7, 2)
2792
(7, 3)
2793
(7, 3)
2794
(7, 3)
2795
(7, 2)
2796
(7, 3)
2797
(7, 3)
2798
(7, 2)
2799
(7, 2)
2800
(7, 2)
2801
(7, 2)
2802
(7, 2)
2803
(7, 2)
2804
(7, 2)
2805
(7, 3)
2806
(7, 3)
2807
(7, 3)
2808
(7, 2)
2809
(7, 3)
2810
(7, 3)
2811
(7, 3)
2812
(7, 3)
2813
(7, 2)
2814
(7, 2)
2815
(7, 2)
2816
(7, 1)
2817
(7, 1)
2818
(7, 1)
2819
(7, 1)
2820
(7, 1)
2821
(7, 1)
2822
(7, 1)
2823
(7, 1)
2824
(7, 2)
2825
(7, 2)
2826
(7, 2)
2827
(7, 1)
2828
(7, 1)
2829
(7, 1)
2830
(7, 1)
2831
(7, 1)
2832
(7, 1)
2833
(7, 2)
2834
(9, 1)
2835
(9, 1)
2836
(9, 1)
2837
(9, 1)
2838
(7, 1)
2839
(7, 2)
2840
(7, 1)
2841
(9, 2)
2842
(9, 2)
2843
(9, 2)
2844
(7, 2)
2845
(7, 2)
2846
(7, 2)
2847
(9, 1)
2848
(9, 1)
2849
(7, 1)
2850
(8, 4)
2851
(8, 4)
2852
(8, 4)
2853
(8, 4)
2854
(8, 4)
2855
(8, 4)
2856
(8, 4)
2857
(9, 2)
2858
(9, 2)
2859
(9, 2)
2860
(9, 3)
2861
(9, 3)
2862
(10, 3)
2863
(10, 3)
2864
(10, 3)
2865
(8, 2)
2866
(8, 2)
2867
(7, 1)
2868
(7, 1)
2869
(7, 1)
2870
(7, 1)
2871
(7, 1)
2872
(7, 1)
2873
(8, 1)
2874
(8, 1)
2875
(8, 1)
2876
(8, 1)
2877
(7, 1)
2878
(8, 1)
2879
(7, 2)
2880
(7, 2)
2881
(8, 1)
2882
(8, 1)
2883
(8, 1)
2884
(8, 2)
2885
(8, 2)
2886
(8, 2)
2887
(7, 1)
2888
(7, 1)
2889
(7, 1)
2890
(7, 1)
2891
(8, 2)
2892
(8, 2)
2893
(8, 2)
2894
(8, 4)
2895
(8, 4)
2896
(8, 4)
2897
(8, 4)
2898
(8, 4)
2899
(8, 4)
2900
(8, 4)
2901
(7, 1)
2902
(8, 1)
2903
(8, 1)
2904
(8, 1)
2905
(8, 1)
2906
(9, 1)
2907
(7, 1)
2908
(9, 1)
2909
(9, 1)
2910
(7, 1)
2911
(7, 1)
2912
(7, 1)
2913
(7, 1)
2914
(8, 2)
2915
(8, 2)
2916
(8, 2)
2917
(8, 1)
2918
(8, 1)
2919
(7, 1)
2920
(7, 1)
2921
(7, 1)
2922
(7, 1)
2923
(7, 1)
2924
(7, 1)
2925
(10, 3)
2926
(10, 3)
2927
(10, 3)
2928
(7, 1)
2929
(8, 1)
2930
(8, 1)
2931
(7, 1)
2932
(7, 1)
2933
(7, 1)
2934
(7, 1)
2935
(9, 3)
2936
(9, 3)
2937
(8, 5)
2938
(8, 5)
2939
(8, 5)
2940
(8, 5)
2941
(8, 5)
2942
(8, 5)
2943
(8, 5)
2944
(8, 1)
2945
(8, 1)
2946
(8, 1)
2947
(8, 1)
2948
(8, 1)
2949
(8, 2)
2950
(8, 2)
2951
(8, 2)
2952
(8, 1)
2953
(9, 1)
2954
(9, 1)
2955
(9, 1)
2956
(9, 1)
2957
(9, 1)
2958
(8, 1)
2959
(8, 1)
2960
(8, 1)
2961
(8, 1)
2962
(8, 1)
2963
(8, 1)
2964
(8, 1)
2965
(8, 1)
2966
(8, 1)
2967
(8, 1)
2968
(8, 1)
2969
(8, 1)
2970
(8, 2)
2971
(8, 2)
2972
(8, 1)
2973
(8, 1)
2974
(8, 1)
2975
(8, 1)
2976
(8, 1)
2977
(8, 1)
2978
(8, 2)
2979
(8, 2)
2980
(8, 1)
2981
(8, 1)
2982
(8, 1)
2983
(8, 1)
2984
(8, 1)
2985
(8, 1)
2986
(8, 2)
2987
(8, 2)
2988
(9, 1)
2989
(9, 1)
2990
(8, 1)
2991
(8, 1)
2992
(8, 1)
2993
(8, 5)
2994
(8, 5)
2995
(8, 5)
2996
(8, 5)
2997
(8, 5)
2998
(8, 5)
2999
(8, 5)
3000
(8, 1)
defaultdict(<function <lambda> at 0x2b97725d6c80>, {(7, 3): 63, (1, 3): 26, (9, 1): 24, (11, 2): 9, (2, 1): 150, (6, 2): 150, (5, 1): 150, (10, 3): 16, (7, 2): 150, (1, 2): 152, (12, 2): 1, (3, 3): 61, (13, 3): 1, (8, 1): 99, (8, 5): 14, (6, 3): 66, (2, 2): 150, (4, 1): 150, (1, 1): 150, (12, 3): 12, (3, 2): 150, (8, 2): 77, (7, 1): 150, (9, 3): 21, (2, 3): 60, (4, 2): 151, (5, 3): 68, (8, 3): 153, (9, 2): 26, (6, 1): 154, (3, 1): 151, (4, 3): 61, (8, 4): 27, (5, 2): 150, (10, 2): 7})
3001
(8, 1)
3002
(8, 1)
3003
(10, 3)
3004
(10, 3)
3005
(9, 1)
3006
(9, 1)
3007
(9, 1)
3008
(9, 1)
3009
(9, 1)
3010
(9, 1)
3011
(9, 1)
3012
(9, 1)
3013
(8, 1)
3014
(8, 1)
3015
(8, 1)
3016
(9, 1)
3017
(9, 1)
3018
(9, 1)
3019
(9, 1)
3020
(9, 1)
3021
(8, 5)
3022
(8, 5)
3023
(8, 5)
3024
(8, 5)
3025
(8, 5)
3026
(8, 5)
3027
(8, 5)
3028
(8, 1)
3029
(8, 1)
3030
(8, 1)
3031
(8, 1)
3032
(8, 1)
3033
(8, 1)
3034
(9, 1)
3035
(9, 1)
3036
(9, 1)
3037
(9, 1)
3038
(9, 1)
3039
(9, 1)
3040
(9, 1)
3041
(9, 1)
3042
(9, 1)
3043
(9, 1)
3044
(10, 3)
3045
(10, 2)
3046
(10, 2)
3047
(9, 3)
3048
(10, 3)
3049
(9, 2)
3050
(9, 2)
3051
(9, 1)
3052
(9, 1)
3053
(8, 1)
3054
(8, 1)
3055
(8, 1)
3056
(8, 1)
3057
(10, 3)
3058
(10, 2)
3059
(10, 2)
3060
(9, 3)
3061
(10, 3)
3062
(9, 2)
3063
(9, 2)
3064
(9, 1)
3065
(9, 1)
3066
(8, 1)
3067
(8, 1)
3068
(8, 1)
3069
(8, 1)
3070
(10, 3)
3071
(10, 2)
3072
(8, 1)
3073
(10, 1)
3074
(10, 1)
3075
(10, 1)
3076
(8, 1)
3077
(10, 1)
3078
(8, 5)
3079
(8, 5)
3080
(8, 5)
3081
(8, 1)
3082
(8, 1)
3083
(8, 1)
3084
(8, 5)
3085
(8, 5)
3086
(8, 5)
3087
(8, 5)
3088
(10, 3)
3089
(9, 1)
3090
(9, 1)
3091
(9, 1)
3092
(10, 2)
3093
(10, 3)
3094
(10, 2)
3095
(10, 2)
3096
(10, 3)
3097
(10, 2)
3098
(10, 3)
3099
(10, 2)
3100
(9, 2)
3101
(9, 1)
3102
(9, 1)
3103
(9, 1)
3104
(8, 1)
3105
(8, 1)
3106
(8, 1)
3107
(8, 1)
3108
(9, 1)
3109
(9, 1)
3110
(10, 2)
3111
(9, 3)
3112
(9, 3)
3113
(9, 3)
3114
(9, 3)
3115
(9, 3)
3116
(9, 3)
3117
(9, 3)
3118
(10, 3)
3119
(10, 3)
3120
(10, 3)
3121
(10, 2)
3122
(10, 1)
3123
(10, 1)
3124
(10, 1)
3125
(10, 1)
3126
(9, 1)
3127
(9, 1)
3128
(9, 2)
3129
(9, 1)
3130
(9, 1)
3131
(9, 1)
3132
(8, 1)
3133
(8, 1)
3134
(8, 1)
3135
(8, 1)
3136
(9, 1)
3137
(9, 1)
3138
(9, 1)
3139
(10, 2)
3140
(10, 2)
3141
(10, 2)
3142
(10, 3)
3143
(10, 2)
3144
(10, 2)
3145
(9, 1)
3146
(9, 1)
3147
(9, 1)
3148
(9, 1)
3149
(8, 1)
3150
(8, 1)
3151
(8, 1)
3152
(8, 1)
3153
(10, 2)
3154
(10, 2)
3155
(10, 2)
3156
(10, 2)
3157
(9, 1)
3158
(9, 1)
3159
(9, 1)
3160
(9, 1)
3161
(8, 1)
3162
(8, 1)
3163
(8, 1)
3164
(8, 1)
3165
(10, 1)
3166
(10, 1)
3167
(10, 1)
3168
(10, 2)
3169
(8, 1)
3170
(8, 1)
3171
(8, 1)
3172
(10, 2)
3173
(10, 1)
3174
(11, 2)
3175
(11, 2)
3176
(10, 2)
3177
(10, 2)
3178
(10, 2)
3179
(10, 2)
3180
(11, 2)
3181
(11, 2)
3182
(10, 2)
3183
(10, 1)
3184
(9, 1)
3185
(9, 1)
3186
(9, 1)
3187
(9, 1)
3188
(8, 1)
3189
(8, 1)
3190
(8, 1)
3191
(10, 2)
3192
(10, 2)
3193
(10, 1)
3194
(9, 1)
3195
(9, 1)
3196
(9, 1)
3197
(9, 1)
3198
(9, 1)
3199
(8, 1)
3200
(8, 1)
3201
(8, 1)
3202
(8, 1)
3203
(11, 2)
3204
(11, 2)
3205
(11, 2)
3206
(10, 1)
3207
(10, 1)
3208
(10, 1)
3209
(10, 1)
3210
(10, 1)
3211
(10, 2)
3212
(10, 1)
3213
(10, 1)
3214
(10, 1)
3215
(10, 2)
3216
(11, 2)
3217
(11, 2)
3218
(10, 2)
3219
(11, 2)
3220
(11, 2)
3221
(10, 2)
3222
(11, 2)
3223
(11, 2)
3224
(11, 2)
3225
(11, 2)
3226
(11, 2)
3227
(11, 2)
3228
(10, 2)
3229
(10, 1)
3230
(10, 1)
3231
(10, 1)
3232
(9, 1)
3233
(9, 1)
3234
(9, 1)
3235
(9, 1)
3236
(8, 1)
3237
(11, 2)
3238
(10, 2)
3239
(10, 2)
3240
(10, 2)
3241
(10, 1)
3242
(10, 1)
3243
(9, 1)
3244
(9, 1)
3245
(9, 1)
3246
(9, 1)
3247
(9, 1)
3248
(10, 1)
3249
(10, 1)
3250
(9, 1)
3251
(9, 1)
3252
(9, 1)
3253
(10, 2)
3254
(10, 2)
3255
(10, 2)
3256
(10, 4)
3257
(10, 3)
3258
(10, 3)
3259
(10, 3)
3260
(10, 2)
3261
(10, 2)
3262
(10, 3)
3263
(10, 3)
3264
(10, 3)
3265
(10, 3)
3266
(10, 2)
3267
(10, 3)
3268
(10, 3)
3269
(10, 3)
3270
(10, 3)
3271
(10, 3)
3272
(10, 3)
3273
(10, 2)
3274
(11, 2)
3275
(11, 2)
3276
(11, 2)
3277
(11, 2)
3278
(11, 2)
3279
(11, 2)
3280
(11, 2)
3281
(11, 2)
3282
(11, 2)
3283
(11, 2)
3284
(10, 1)
3285
(10, 1)
3286
(10, 1)
3287
(10, 1)
3288
(9, 1)
3289
(9, 1)
3290
(9, 1)
3291
(9, 1)
3292
(11, 2)
3293
(12, 2)
3294
(12, 2)
3295
(11, 2)
3296
(11, 2)
3297
(11, 2)
3298
(11, 1)
3299
(10, 1)
3300
(10, 1)
3301
(10, 1)
3302
(10, 1)
3303
(9, 1)
3304
(9, 1)
3305
(9, 1)
3306
(9, 1)
3307
(8, 2)
3308
(8, 2)
3309
(8, 2)
3310
(12, 3)
3311
(12, 3)
3312
(12, 3)
3313
(12, 3)
3314
(12, 3)
3315
(12, 3)
3316
(12, 3)
3317
(12, 2)
3318
(11, 2)
3319
(11, 2)
3320
(11, 2)
3321
(11, 2)
3322
(11, 2)
3323
(11, 2)
3324
(11, 2)
3325
(11, 2)
3326
(11, 2)
3327
(11, 2)
3328
(11, 2)
3329
(11, 2)
3330
(11, 2)
3331
(11, 2)
3332
(11, 2)
3333
(11, 2)
3334
(11, 2)
3335
(11, 2)
3336
(11, 2)
3337
(11, 2)
3338
(11, 2)
3339
(11, 2)
3340
(11, 2)
3341
(11, 2)
3342
(11, 2)
3343
(11, 2)
3344
(12, 2)
3345
(12, 2)
3346
(12, 2)
3347
(12, 2)
3348
(12, 2)
3349
(12, 2)
3350
(11, 2)
3351
(11, 2)
3352
(11, 2)
3353
(11, 2)
3354
(12, 2)
3355
(12, 3)
3356
(12, 2)
3357
(11, 2)
3358
(11, 2)
3359
(11, 2)
3360
(11, 2)
3361
(12, 2)
3362
(12, 2)
3363
(12, 2)
3364
(12, 3)
3365
(12, 3)
3366
(12, 3)
3367
(12, 2)
3368
(12, 3)
3369
(12, 3)
3370
(12, 3)
3371
(12, 3)
3372
(12, 3)
3373
(12, 3)
3374
(12, 3)
3375
(12, 3)
3376
(12, 2)
3377
(11, 2)
3378
(11, 2)
3379
(11, 2)
3380
(11, 2)
3381
(11, 2)
3382
(11, 2)
3383
(11, 2)
3384
(11, 2)
3385
(11, 2)
3386
(11, 2)
3387
(11, 2)
3388
(11, 2)
3389
(12, 2)
3390
(11, 2)
3391
(11, 2)
3392
(11, 2)
3393
(11, 2)
3394
(12, 2)
3395
(11, 2)
3396
(11, 2)
3397
(11, 2)
3398
(11, 2)
3399
(12, 2)
3400
(12, 2)
3401
(12, 2)
3402
(12, 3)
3403
(12, 3)
3404
(12, 3)
3405
(11, 2)
3406
(11, 2)
3407
(10, 1)
3408
(10, 1)
3409
(10, 1)
3410
(10, 1)
3411
(9, 1)
3412
(9, 1)
3413
(9, 1)
3414
(9, 1)
3415
(9, 1)
3416
(11, 2)
3417
(12, 3)
3418
(12, 2)
3419
(12, 3)
3420
(12, 3)
3421
(12, 2)
3422
(12, 2)
3423
(12, 2)
3424
(12, 2)
3425
(12, 2)
3426
(11, 2)
3427
(12, 2)
3428
(12, 2)
3429
(12, 2)
3430
(12, 2)
3431
(12, 2)
3432
(12, 2)
3433
(11, 2)
3434
(11, 2)
3435
(12, 2)
3436
(11, 2)
3437
(11, 2)
3438
(11, 1)
3439
(10, 1)
3440
(10, 1)
3441
(10, 1)
3442
(10, 1)
3443
(9, 1)
3444
(9, 1)
3445
(9, 1)
3446
(9, 1)
3447
(8, 2)
3448
(8, 2)
3449
(8, 2)
3450
(10, 1)
3451
(11, 2)
3452
(11, 2)
3453
(11, 2)
3454
(11, 2)
3455
(11, 1)
3456
(11, 1)
3457
(12, 2)
3458
(12, 2)
3459
(11, 2)
3460
(12, 2)
3461
(11, 2)
3462
(12, 2)
3463
(12, 2)
3464
(12, 2)
3465
(12, 2)
3466
(12, 2)
3467
(12, 2)
3468
(11, 2)
3469
(12, 2)
3470
(12, 2)
3471
(12, 2)
3472
(11, 2)
3473
(12, 2)
3474
(11, 2)
3475
(12, 2)
3476
(11, 2)
3477
(11, 2)
3478
(9, 3)
3479
(10, 2)
3480
(9, 3)
3481
(9, 3)
3482
(12, 3)
3483
(12, 2)
3484
(12, 3)
3485
(12, 2)
3486
(11, 1)
3487
(10, 1)
3488
(10, 1)
3489
(10, 1)
3490
(10, 1)
3491
(9, 1)
3492
(9, 1)
3493
(9, 1)
3494
(9, 2)
3495
(8, 2)
3496
(8, 2)
3497
(10, 2)
3498
(9, 1)
3499
(9, 1)
3500
(9, 1)
defaultdict(<function <lambda> at 0x2b97725d6c80>, {(7, 3): 63, (1, 3): 26, (9, 1): 119, (11, 2): 114, (2, 1): 150, (6, 2): 150, (5, 1): 150, (10, 3): 44, (7, 2): 150, (10, 4): 1, (1, 2): 152, (12, 2): 51, (3, 3): 61, (13, 3): 1, (8, 1): 150, (8, 5): 28, (6, 3): 66, (11, 1): 5, (2, 2): 150, (4, 1): 150, (1, 1): 150, (12, 3): 39, (3, 2): 150, (8, 2): 85, (7, 1): 150, (9, 3): 33, (2, 3): 60, (10, 1): 50, (4, 2): 151, (5, 3): 68, (8, 3): 153, (9, 2): 33, (6, 1): 154, (3, 1): 151, (4, 3): 61, (8, 4): 27, (5, 2): 150, (10, 2): 54})
3501
(9, 1)
3502
(11, 1)
3503
(9, 3)
3504
(9, 3)
3505
(9, 3)
3506
(10, 2)
3507
(9, 3)
3508
(12, 3)
3509
(12, 3)
3510
(12, 3)
3511
(12, 3)
3512
(11, 1)
3513
(10, 1)
3514
(10, 1)
3515
(10, 1)
3516
(10, 1)
3517
(9, 1)
3518
(9, 1)
3519
(9, 1)
3520
(9, 2)
3521
(8, 2)
3522
(8, 2)
3523
(11, 1)
3524
(10, 1)
3525
(10, 1)
3526
(10, 1)
3527
(10, 1)
3528
(9, 1)
3529
(9, 1)
3530
(9, 1)
3531
(9, 2)
3532
(8, 2)
3533
(8, 2)
3534
(8, 6)
3535
(8, 6)
3536
(8, 6)
3537
(10, 2)
3538
(8, 6)
3539
(8, 6)
3540
(8, 6)
3541
(8, 6)
3542
(12, 2)
3543
(10, 1)
3544
(10, 1)
3545
(10, 1)
3546
(10, 1)
3547
(9, 1)
3548
(9, 1)
3549
(9, 1)
3550
(9, 1)
3551
(8, 2)
3552
(8, 2)
3553
(8, 2)
3554
(9, 1)
3555
(10, 1)
3556
(10, 1)
3557
(10, 1)
3558
(10, 1)
3559
(9, 1)
3560
(9, 1)
3561
(9, 1)
3562
(9, 1)
3563
(8, 2)
3564
(8, 2)
3565
(8, 2)
3566
(12, 2)
3567
(12, 3)
3568
(12, 3)
3569
(12, 3)
3570
(12, 3)
3571
(12, 3)
3572
(11, 1)
3573
(11, 1)
3574
(11, 1)
3575
(10, 2)
3576
(10, 1)
3577
(10, 1)
3578
(10, 1)
3579
(10, 1)
3580
(9, 1)
3581
(9, 1)
3582
(9, 1)
3583
(9, 1)
3584
(8, 2)
3585
(8, 2)
3586
(8, 2)
3587
(10, 1)
3588
(10, 1)
3589
(10, 1)
3590
(10, 1)
3591
(9, 1)
3592
(9, 1)
3593
(9, 1)
3594
(9, 1)
3595
(8, 2)
3596
(8, 2)
3597
(8, 2)
3598
(10, 1)
3599
(10, 1)
3600
(10, 1)
3601
(10, 1)
3602
(9, 1)
3603
(9, 1)
3604
(9, 1)
3605
(9, 1)
3606
(8, 2)
3607
(8, 2)
3608
(8, 2)
3609
(12, 2)
3610
(10, 1)
3611
(10, 1)
3612
(9, 1)
3613
(9, 1)
3614
(10, 1)
3615
(12, 3)
3616
(12, 3)
3617
(12, 3)
3618
(12, 3)
3619
(12, 3)
3620
(12, 3)
3621
(12, 3)
3622
(11, 2)
3623
(11, 2)
3624
(11, 2)
3625
(12, 2)
3626
(12, 2)
3627
(11, 2)
3628
(12, 2)
3629
(11, 2)
3630
(12, 2)
3631
(12, 2)
3632
(11, 2)
3633
(12, 2)
3634
(11, 2)
3635
(12, 2)
3636
(12, 2)
3637
(11, 2)
3638
(12, 2)
3639
(11, 2)
3640
(10, 2)
3641
(12, 2)
3642
(12, 2)
3643
(12, 2)
3644
(12, 2)
3645
(12, 2)
3646
(12, 2)
3647
(12, 2)
3648
(12, 2)
3649
(12, 2)
3650
(12, 2)
3651
(12, 2)
3652
(12, 2)
3653
(11, 2)
3654
(11, 2)
3655
(12, 3)
3656
(12, 3)
3657
(12, 3)
3658
(12, 2)
3659
(12, 2)
3660
(12, 2)
3661
(12, 3)
3662
(10, 2)
3663
(12, 2)
3664
(11, 1)
3665
(11, 1)
3666
(11, 1)
3667
(11, 1)
3668
(11, 1)
3669
(10, 1)
3670
(10, 1)
3671
(10, 1)
3672
(10, 1)
3673
(9, 1)
3674
(11, 1)
3675
(11, 1)
3676
(10, 1)
3677
(10, 1)
3678
(10, 1)
3679
(10, 1)
3680
(12, 2)
3681
(12, 2)
3682
(11, 1)
3683
(10, 1)
3684
(10, 1)
3685
(10, 1)
3686
(10, 1)
3687
(11, 1)
3688
(10, 1)
3689
(10, 1)
3690
(10, 1)
3691
(10, 1)
3692
(11, 1)
3693
(11, 2)
3694
(12, 3)
3695
(11, 2)
3696
(12, 2)
3697
(12, 2)
3698
(10, 1)
3699
(12, 2)
3700
(11, 2)
3701
(11, 2)
3702
(11, 2)
3703
(12, 2)
3704
(12, 2)
3705
(12, 2)
3706
(12, 2)
3707
(12, 2)
3708
(12, 2)
3709
(12, 2)
3710
(12, 2)
3711
(12, 2)
3712
(12, 2)
3713
(12, 2)
3714
(12, 2)
3715
(12, 2)
3716
(12, 2)
3717
(12, 2)
3718
(12, 3)
3719
(12, 2)
3720
(12, 3)
3721
(12, 2)
3722
(12, 3)
3723
(12, 2)
3724
(12, 3)
3725
(12, 2)
3726
(12, 2)
3727
(10, 3)
3728
(10, 3)
3729
(10, 3)
3730
(12, 2)
3731
(12, 2)
3732
(10, 3)
3733
(10, 3)
3734
(10, 3)
3735
(12, 2)
3736
(12, 2)
3737
(11, 2)
3738
(12, 3)
3739
(12, 2)
3740
(12, 3)
3741
(12, 2)
3742
(12, 3)
3743
(12, 2)
3744
(10, 2)
3745
(12, 3)
3746
(11, 1)
3747
(11, 1)
3748
(12, 3)
3749
(12, 2)
3750
(11, 1)
3751
(12, 2)
3752
(12, 2)
3753
(12, 3)
3754
(12, 3)
3755
(12, 3)
3756
(12, 3)
3757
(11, 1)
3758
(11, 1)
3759
(11, 1)
3760
(10, 1)
3761
(10, 1)
3762
(10, 1)
3763
(10, 1)
3764
(12, 2)
3765
(12, 2)
3766
(11, 1)
3767
(10, 1)
3768
(10, 1)
3769
(10, 1)
3770
(10, 1)
3771
(11, 1)
3772
(10, 1)
3773
(10, 1)
3774
(10, 1)
3775
(10, 1)
3776
(12, 2)
3777
(12, 2)
3778
(12, 2)
3779
(12, 2)
3780
(11, 1)
3781
(11, 1)
3782
(11, 1)
3783
(11, 1)
3784
(12, 2)
3785
(12, 3)
3786
(12, 3)
3787
(12, 3)
3788
(12, 3)
3789
(12, 2)
3790
(12, 2)
3791
(12, 2)
3792
(12, 2)
3793
(10, 3)
3794
(10, 3)
3795
(10, 3)
3796
(10, 2)
3797
(10, 1)
3798
(10, 3)
3799
(10, 3)
3800
(10, 3)
3801
(10, 3)
3802
(12, 2)
3803
(12, 2)
3804
(10, 2)
3805
(12, 2)
3806
(12, 2)
3807
(12, 2)
3808
(12, 2)
3809
(12, 2)
3810
(12, 2)
3811
(12, 2)
3812
(12, 2)
3813
(12, 2)
3814
(12, 2)
3815
(12, 2)
3816
(12, 2)
3817
(10, 1)
3818
(11, 2)
3819
(12, 2)
3820
(10, 2)
3821
(12, 2)
3822
(12, 2)
3823
(12, 2)
3824
(12, 2)
3825
(12, 2)
3826
(12, 2)
3827
(12, 2)
3828
(12, 2)
3829
(12, 3)
3830
(12, 3)
3831
(12, 2)
3832
(11, 2)
3833
(11, 2)
3834
(11, 2)
3835
(11, 2)
3836
(11, 2)
3837
(11, 2)
3838
(11, 2)
3839
(11, 2)
3840
(11, 2)
3841
(11, 2)
3842
(12, 2)
3843
(12, 3)
3844
(12, 3)
3845
(12, 3)
3846
(12, 2)
3847
(12, 3)
3848
(12, 3)
3849
(12, 3)
3850
(11, 2)
3851
(11, 1)
3852
(10, 1)
3853
(10, 1)
3854
(10, 1)
3855
(10, 1)
3856
(12, 3)
3857
(12, 3)
3858
(12, 3)
3859
(12, 3)
3860
(12, 3)
3861
(12, 3)
3862
(12, 3)
3863
(12, 3)
3864
(12, 3)
3865
(12, 3)
3866
(12, 3)
3867
(12, 3)
3868
(12, 3)
3869
(12, 3)
3870
(12, 3)
3871
(12, 3)
3872
(12, 3)
3873
(12, 3)
3874
(12, 3)
3875
(12, 3)
3876
(12, 3)
3877
(12, 3)
3878
(12, 3)
3879
(8, 6)
3880
(8, 6)
3881
(8, 6)
3882
(8, 6)
3883
(8, 6)
3884
(8, 6)
3885
(8, 6)
3886
(12, 3)
3887
(12, 3)
3888
(12, 3)
3889
(12, 3)
3890
(10, 1)
3891
(9, 4)
3892
(9, 4)
3893
(9, 4)
3894
(9, 4)
3895
(9, 4)
3896
(9, 4)
3897
(9, 4)
3898
(12, 3)
3899
(11, 1)
3900
(12, 3)
3901
(12, 3)
3902
(12, 3)
3903
(11, 2)
3904
(11, 2)
3905
(11, 2)
3906
(12, 3)
3907
(12, 3)
3908
(12, 3)
3909
(12, 3)
3910
(12, 3)
3911
(12, 3)
3912
(12, 3)
3913
(13, 2)
3914
(13, 2)
3915
(10, 2)
3916
(10, 1)
3917
(10, 1)
3918
(13, 2)
3919
(13, 2)
3920
(13, 2)
3921
(12, 3)
3922
(11, 2)
3923
(10, 3)
3924
(10, 3)
3925
(10, 3)
3926
(10, 2)
3927
(10, 1)
3928
(10, 1)
3929
(10, 3)
3930
(10, 3)
3931
(10, 3)
3932
(10, 3)
3933
(12, 3)
3934
(12, 3)
3935
(12, 3)
3936
(12, 3)
3937
(11, 2)
3938
(12, 3)
3939
(12, 3)
3940
(12, 3)
3941
(12, 3)
3942
(12, 3)
3943
(12, 3)
3944
(12, 3)
3945
(12, 3)
3946
(12, 3)
3947
(12, 3)
3948
(12, 3)
3949
(12, 3)
3950
(12, 3)
3951
(12, 3)
3952
(12, 3)
3953
(12, 3)
3954
(12, 3)
3955
(12, 3)
3956
(12, 3)
3957
(12, 3)
3958
(12, 3)
3959
(12, 3)
3960
(12, 3)
3961
(12, 3)
3962
(11, 2)
3963
(11, 2)
3964
(12, 1)
3965
(10, 4)
3966
(10, 4)
3967
(10, 4)
3968
(10, 4)
3969
(10, 4)
3970
(10, 4)
3971
(10, 4)
3972
(10, 1)
3973
(10, 1)
3974
(13, 2)
3975
(13, 2)
3976
(13, 2)
3977
(13, 2)
3978
(13, 2)
3979
(13, 2)
3980
(13, 2)
3981
(13, 2)
3982
(13, 2)
3983
(13, 2)
3984
(10, 1)
3985
(10, 1)
3986
(13, 2)
3987
(8, 7)
3988
(8, 7)
3989
(8, 7)
3990
(8, 7)
3991
(8, 7)
3992
(8, 7)
3993
(9, 4)
3994
(9, 4)
3995
(9, 4)
3996
(9, 4)
3997
(9, 4)
3998
(9, 4)
3999
(9, 4)
4000
(11, 1)
defaultdict(<function <lambda> at 0x2b97725d6c80>, {(7, 3): 63, (1, 3): 26, (12, 1): 1, (9, 1): 150, (11, 2): 150, (2, 1): 150, (6, 2): 150, (9, 4): 14, (5, 1): 150, (10, 3): 64, (7, 2): 150, (10, 4): 8, (1, 2): 152, (12, 2): 151, (8, 7): 6, (3, 3): 61, (13, 3): 1, (8, 1): 150, (8, 5): 28, (6, 3): 66, (11, 1): 36, (2, 2): 150, (8, 6): 14, (4, 1): 150, (1, 1): 150, (12, 3): 152, (3, 2): 150, (13, 2): 16, (8, 2): 104, (7, 1): 150, (9, 3): 37, (2, 3): 60, (10, 1): 125, (4, 2): 151, (5, 3): 68, (8, 3): 153, (9, 2): 35, (6, 1): 154, (3, 1): 151, (4, 3): 61, (8, 4): 27, (5, 2): 150, (10, 2): 65})
4001
(13, 2)
4002
(10, 1)
4003
(10, 1)
4004
(10, 4)
4005
(10, 4)
4006
(10, 4)
4007
(10, 4)
4008
(10, 4)
4009
(10, 4)
4010
(10, 4)
4011
(10, 1)
4012
(10, 1)
4013
(10, 1)
4014
(10, 1)
4015
(10, 1)
4016
(10, 1)
4017
(10, 1)
4018
(10, 1)
4019
(10, 2)
4020
(10, 2)
4021
(10, 2)
4022
(10, 2)
4023
(10, 2)
4024
(10, 2)
4025
(10, 2)
4026
(10, 2)
4027
(10, 3)
4028
(10, 3)
4029
(10, 3)
4030
(10, 3)
4031
(10, 3)
4032
(10, 3)
4033
(10, 3)
4034
(10, 3)
4035
(10, 3)
4036
(10, 3)
4037
(10, 3)
4038
(10, 3)
4039
(9, 3)
4040
(9, 3)
4041
(9, 3)
4042
(9, 3)
4043
(10, 3)
4044
(9, 2)
4045
(10, 3)
4046
(10, 3)
4047
(9, 3)
4048
(10, 3)
4049
(9, 2)
4050
(10, 3)
4051
(10, 3)
4052
(10, 3)
4053
(10, 3)
4054
(10, 3)
4055
(9, 3)
4056
(10, 3)
4057
(10, 3)
4058
(9, 2)
4059
(9, 2)
4060
(10, 3)
4061
(10, 2)
4062
(10, 3)
4063
(10, 3)
4064
(10, 3)
4065
(10, 3)
4066
(10, 3)
4067
(10, 2)
4068
(9, 2)
4069
(10, 3)
4070
(10, 3)
4071
(10, 3)
4072
(10, 3)
4073
(10, 3)
4074
(10, 3)
4075
(10, 2)
4076
(9, 2)
4077
(10, 3)
4078
(10, 3)
4079
(10, 3)
4080
(10, 3)
4081
(10, 3)
4082
(9, 3)
4083
(9, 3)
4084
(9, 3)
4085
(9, 3)
4086
(9, 3)
4087
(9, 3)
4088
(9, 3)
4089
(9, 2)
4090
(9, 2)
4091
(10, 2)
4092
(10, 3)
4093
(9, 2)
4094
(10, 3)
4095
(10, 3)
4096
(10, 3)
4097
(10, 3)
4098
(10, 3)
4099
(10, 3)
4100
(10, 3)
4101
(10, 2)
4102
(10, 2)
4103
(10, 2)
4104
(10, 3)
4105
(10, 3)
4106
(10, 3)
4107
(10, 3)
4108
(10, 3)
4109
(10, 3)
4110
(10, 2)
4111
(10, 2)
4112
(11, 3)
4113
(11, 3)
4114
(10, 3)
4115
(10, 3)
4116
(10, 3)
4117
(10, 3)
4118
(10, 2)
4119
(10, 2)
4120
(10, 2)
4121
(10, 2)
4122
(10, 2)
4123
(10, 2)
4124
(9, 3)
4125
(9, 3)
4126
(9, 3)
4127
(9, 3)
4128
(9, 3)
4129
(9, 3)
4130
(9, 3)
4131
(11, 3)
4132
(10, 3)
4133
(10, 2)
4134
(11, 3)
4135
(10, 2)
4136
(10, 2)
4137
(10, 2)
4138
(10, 2)
4139
(10, 3)
4140
(10, 3)
4141
(10, 3)
4142
(10, 3)
4143
(10, 3)
4144
(10, 3)
4145
(10, 3)
4146
(10, 2)
4147
(10, 1)
4148
(10, 1)
4149
(10, 1)
4150
(10, 2)
4151
(10, 2)
4152
(11, 3)
4153
(10, 2)
4154
(10, 2)
4155
(10, 2)
4156
(10, 3)
4157
(10, 3)
4158
(10, 3)
4159
(10, 3)
4160
(11, 3)
4161
(11, 3)
4162
(11, 3)
4163
(11, 3)
4164
(10, 2)
4165
(11, 3)
4166
(11, 3)
4167
(10, 1)
4168
(10, 1)
4169
(10, 2)
4170
(10, 2)
4171
(10, 2)
4172
(10, 2)
4173
(9, 3)
4174
(9, 3)
4175
(9, 3)
4176
(9, 3)
4177
(9, 3)
4178
(9, 3)
4179
(9, 3)
4180
(10, 1)
4181
(10, 1)
4182
(10, 1)
4183
(10, 2)
4184
(11, 3)
4185
(11, 3)
4186
(11, 3)
4187
(11, 3)
4188
(11, 3)
4189
(11, 3)
4190
(11, 3)
4191
(11, 3)
4192
(10, 3)
4193
(10, 3)
4194
(10, 3)
4195
(10, 1)
4196
(10, 3)
4197
(10, 3)
4198
(10, 3)
4199
(10, 3)
4200
(10, 3)
4201
(10, 3)
4202
(10, 3)
4203
(10, 1)
4204
(10, 1)
4205
(11, 3)
4206
(11, 3)
4207
(11, 3)
4208
(10, 1)
4209
(11, 3)
4210
(11, 3)
4211
(11, 3)
4212
(9, 4)
4213
(9, 4)
4214
(9, 4)
4215
(9, 4)
4216
(9, 4)
4217
(9, 4)
4218
(9, 4)
4219
(10, 1)
4220
(10, 1)
4221
(10, 4)
4222
(10, 4)
4223
(10, 4)
4224
(10, 4)
4225
(10, 4)
4226
(10, 4)
4227
(10, 4)
4228
(10, 1)
4229
(10, 4)
4230
(10, 4)
4231
(10, 4)
4232
(10, 4)
4233
(10, 4)
4234
(10, 4)
4235
(10, 4)
4236
(9, 4)
4237
(9, 4)
4238
(9, 4)
4239
(10, 4)
4240
(10, 4)
4241
(10, 4)
4242
(10, 4)
4243
(10, 4)
4244
(10, 4)
4245
(10, 4)
4246
(10, 4)
4247
(10, 4)
4248
(10, 4)
4249
(10, 4)
4250
(10, 4)
4251
(10, 4)
4252
(10, 4)
4253
(9, 5)
4254
(9, 5)
4255
(9, 5)
4256
(9, 5)
4257
(9, 5)
4258
(9, 5)
4259
(9, 5)
4260
(11, 1)
4261
(13, 2)
4262
(13, 2)
4263
(10, 5)
4264
(10, 5)
4265
(10, 5)
4266
(10, 5)
4267
(10, 5)
4268
(10, 5)
4269
(10, 5)
4270
(13, 2)
4271
(13, 2)
4272
(13, 2)
4273
(11, 1)
4274
(13, 2)
4275
(11, 1)
4276
(10, 5)
4277
(13, 2)
4278
(13, 2)
4279
(13, 2)
4280
(13, 2)
4281
(10, 5)
4282
(10, 5)
4283
(10, 5)
4284
(10, 5)
4285
(10, 5)
4286
(10, 5)
4287
(10, 5)
4288
(10, 4)
4289
(10, 4)
4290
(10, 4)
4291
(10, 4)
4292
(10, 4)
4293
(10, 4)
4294
(10, 4)
4295
(8, 7)
4296
(8, 7)
4297
(8, 7)
4298
(8, 7)
4299
(8, 7)
4300
(8, 7)
4301
(8, 7)
4302
(11, 1)
4303
(13, 2)
4304
(13, 2)
4305
(13, 2)
4306
(13, 2)
4307
(13, 2)
4308
(13, 2)
4309
(13, 2)
4310
(13, 2)
4311
(13, 2)
4312
(13, 2)
4313
(12, 1)
4314
(13, 2)
4315
(13, 2)
4316
(13, 2)
4317
(11, 1)
4318
(11, 1)
4319
(13, 2)
4320
(10, 4)
4321
(10, 4)
4322
(13, 2)
4323
(10, 4)
4324
(13, 2)
4325
(10, 4)
4326
(10, 4)
4327
(10, 4)
4328
(10, 4)
4329
(9, 5)
4330
(9, 5)
4331
(9, 5)
4332
(9, 5)
4333
(9, 5)
4334
(9, 5)
4335
(9, 5)
4336
(11, 1)
4337
(14, 3)
4338
(12, 1)
4339
(12, 1)
4340
(13, 2)
4341
(13, 2)
4342
(12, 1)
4343
(12, 1)
4344
(12, 1)
4345
(13, 2)
4346
(14, 2)
4347
(14, 2)
4348
(14, 2)
4349
(13, 2)
4350
(13, 2)
4351
(13, 2)
4352
(9, 5)
4353
(9, 5)
4354
(12, 1)
4355
(9, 5)
4356
(12, 1)
4357
(9, 5)
4358
(9, 5)
4359
(9, 5)
4360
(9, 5)
4361
(13, 1)
4362
(12, 1)
4363
(12, 1)
4364
(12, 1)
4365
(14, 2)
4366
(14, 2)
4367
(14, 2)
4368
(12, 1)
4369
(12, 1)
4370
(12, 1)
4371
(12, 1)
4372
(11, 1)
4373
(11, 1)
4374
(11, 1)
4375
(11, 1)
4376
(11, 1)
4377
(12, 1)
4378
(12, 1)
4379
(11, 1)
4380
(14, 3)
4381
(12, 1)
4382
(12, 1)
4383
(12, 1)
4384
(12, 1)
4385
(12, 1)
4386
(12, 1)
4387
(13, 2)
4388
(13, 2)
4389
(13, 2)
4390
(10, 5)
4391
(10, 5)
4392
(10, 5)
4393
(10, 5)
4394
(10, 5)
4395
(10, 5)
4396
(10, 5)
4397
(10, 5)
4398
(10, 5)
4399
(10, 5)
4400
(10, 5)
4401
(10, 5)
4402
(10, 5)
4403
(14, 3)
4404
(14, 3)
4405
(14, 3)
4406
(13, 1)
4407
(11, 1)
4408
(8, 7)
4409
(8, 7)
4410
(8, 7)
4411
(8, 7)
4412
(8, 7)
4413
(8, 7)
4414
(8, 7)
4415
(12, 1)
4416
(12, 1)
4417
(13, 1)
4418
(13, 1)
4419
(13, 2)
4420
(13, 2)
4421
(14, 3)
4422
(14, 3)
4423
(14, 3)
4424
(14, 3)
4425
(10, 5)
4426
(10, 5)
4427
(10, 5)
4428
(10, 5)
4429
(10, 5)
4430
(10, 5)
4431
(10, 5)
4432
(14, 2)
4433
(14, 3)
4434
(14, 2)
4435
(14, 3)
4436
(14, 2)
4437
(14, 3)
4438
(14, 2)
4439
(14, 2)
4440
(13, 1)
4441
(13, 1)
4442
(12, 1)
4443
(12, 1)
4444
(12, 1)
4445
(12, 1)
4446
(12, 1)
4447
(12, 1)
4448
(12, 1)
4449
(12, 1)
4450
(11, 1)
4451
(11, 1)
4452
(11, 1)
4453
(11, 1)
4454
(12, 1)
4455
(12, 1)
4456
(12, 1)
4457
(14, 3)
4458
(14, 3)
4459
(14, 3)
4460
(12, 1)
4461
(13, 1)
4462
(12, 1)
4463
(12, 1)
4464
(10, 5)
4465
(14, 3)
4466
(10, 5)
4467
(14, 3)
4468
(10, 5)
4469
(14, 3)
4470
(14, 3)
4471
(10, 5)
4472
(14, 3)
4473
(10, 5)
4474
(10, 5)
4475
(10, 5)
4476
(14, 3)
4477
(14, 3)
4478
(14, 3)
4479
(14, 3)
4480
(14, 3)
4481
(14, 3)
4482
(13, 1)
4483
(14, 2)
4484
(14, 2)
4485
(14, 2)
4486
(12, 1)
4487
(12, 1)
4488
(12, 1)
4489
(13, 1)
4490
(13, 1)
4491
(9, 5)
4492
(9, 5)
4493
(12, 1)
4494
(9, 5)
4495
(12, 1)
4496
(12, 1)
4497
(12, 1)
4498
(12, 1)
4499
(13, 1)
4500
(13, 2)
defaultdict(<function <lambda> at 0x2b97725d6c80>, {(7, 3): 63, (1, 3): 26, (12, 1): 48, (9, 1): 150, (11, 2): 150, (2, 1): 150, (6, 2): 150, (9, 4): 24, (5, 1): 150, (10, 3): 144, (7, 2): 150, (10, 4): 57, (1, 2): 152, (12, 2): 151, (8, 7): 20, (3, 3): 61, (13, 3): 1, (8, 1): 150, (8, 5): 28, (6, 3): 66, (11, 1): 54, (2, 2): 150, (8, 6): 14, (4, 1): 150, (1, 1): 150, (12, 3): 152, (3, 2): 150, (13, 2): 55, (8, 2): 104, (7, 1): 150, (9, 3): 64, (10, 5): 42, (2, 3): 60, (10, 1): 150, (4, 2): 151, (14, 2): 14, (5, 3): 68, (13, 1): 11, (8, 3): 153, (9, 2): 44, (6, 1): 154, (3, 1): 151, (11, 3): 25, (4, 3): 61, (14, 3): 26, (9, 5): 24, (8, 4): 27, (5, 2): 150, (10, 2): 105})
4501
(13, 2)
4502
(13, 2)
4503
(12, 1)
4504
(13, 1)
4505
(13, 2)
4506
(13, 2)
4507
(13, 2)
4508
(14, 3)
4509
(14, 3)
4510
(14, 3)
4511
(12, 1)
4512
(13, 1)
4513
(13, 2)
4514
(13, 2)
4515
(13, 2)
4516
(12, 1)
4517
(12, 1)
4518
(8, 7)
4519
(8, 7)
4520
(8, 7)
4521
(8, 7)
4522
(8, 7)
4523
(8, 7)
4524
(8, 7)
4525
(14, 2)
4526
(14, 2)
4527
(14, 2)
4528
(12, 1)
4529
(12, 1)
4530
(13, 1)
4531
(13, 1)
4532
(13, 1)
4533
(13, 1)
4534
(13, 2)
4535
(14, 2)
4536
(14, 2)
4537
(13, 1)
4538
(13, 1)
4539
(13, 2)
4540
(14, 2)
4541
(14, 2)
4542
(13, 1)
4543
(12, 1)
4544
(12, 1)
4545
(13, 1)
4546
(13, 1)
4547
(13, 2)
4548
(13, 2)
4549
(14, 2)
4550
(13, 1)
4551
(13, 1)
4552
(13, 2)
4553
(13, 2)
4554
(14, 2)
4555
(13, 1)
4556
(13, 1)
4557
(10, 5)
4558
(14, 3)
4559
(14, 3)
4560
(14, 3)
4561
(14, 3)
4562
(14, 3)
4563
(14, 3)
4564
(14, 3)
4565
(14, 3)
4566
(14, 3)
4567
(14, 3)
4568
(14, 3)
4569
(14, 3)
4570
(14, 3)
4571
(14, 3)
4572
(14, 1)
4573
(14, 1)
4574
(14, 3)
4575
(14, 3)
4576
(14, 3)
4577
(14, 3)
4578
(14, 3)
4579
(14, 3)
4580
(14, 3)
4581
(13, 1)
4582
(13, 1)
4583
(10, 5)
4584
(10, 5)
4585
(10, 5)
4586
(10, 5)
4587
(10, 5)
4588
(10, 5)
4589
(10, 5)
4590
(14, 2)
4591
(14, 2)
4592
(9, 6)
4593
(9, 6)
4594
(13, 1)
4595
(9, 6)
4596
(14, 2)
4597
(13, 1)
4598
(13, 1)
4599
(13, 1)
4600
(9, 6)
4601
(13, 1)
4602
(13, 1)
4603
(14, 3)
4604
(14, 3)
4605
(14, 3)
4606
(14, 2)
4607
(14, 2)
4608
(14, 2)
4609
(13, 1)
4610
(13, 1)
4611
(13, 1)
4612
(13, 1)
4613
(13, 1)
4614
(13, 1)
4615
(13, 2)
4616
(13, 2)
4617
(13, 2)
4618
(13, 2)
4619
(13, 2)
4620
(13, 2)
4621
(13, 2)
4622
(13, 2)
4623
(13, 3)
4624
(13, 3)
4625
(13, 3)
4626
(13, 3)
4627
(13, 1)
4628
(13, 1)
4629
(13, 1)
4630
(13, 1)
4631
(13, 1)
4632
(13, 1)
4633
(13, 2)
4634
(13, 2)
4635
(13, 2)
4636
(13, 1)
4637
(13, 1)
4638
(13, 1)
4639
(13, 1)
4640
(13, 1)
4641
(13, 1)
4642
(13, 2)
4643
(14, 3)
4644
(14, 3)
4645
(10, 6)
4646
(10, 6)
4647
(10, 6)
4648
(14, 3)
4649
(14, 3)
4650
(10, 6)
4651
(10, 6)
4652
(10, 6)
4653
(10, 6)
4654
(14, 3)
4655
(14, 3)
4656
(14, 3)
4657
(14, 3)
4658
(14, 3)
4659
(14, 3)
4660
(14, 3)
4661
(14, 3)
4662
(14, 3)
4663
(14, 3)
4664
(14, 3)
4665
(14, 3)
4666
(14, 3)
4667
(14, 3)
4668
(10, 5)
4669
(10, 6)
4670
(10, 5)
4671
(10, 6)
4672
(10, 6)
4673
(10, 5)
4674
(10, 5)
4675
(10, 5)
4676
(10, 5)
4677
(10, 5)
4678
(10, 6)
4679
(10, 6)
4680
(10, 6)
4681
(10, 6)
4682
(14, 2)
4683
(14, 2)
4684
(14, 2)
4685
(14, 1)
4686
(14, 1)
4687
(14, 1)
4688
(14, 1)
4689
(14, 3)
4690
(14, 3)
4691
(14, 3)
4692
(14, 3)
4693
(14, 3)
4694
(14, 3)
4695
(14, 3)
4696
(9, 6)
4697
(9, 6)
4698
(9, 6)
4699
(14, 1)
4700
(9, 6)
4701
(8, 8)
4702
(8, 8)
4703
(8, 8)
4704
(8, 8)
4705
(8, 8)
4706
(8, 8)
4707
(8, 8)
4708
(14, 1)
4709
(14, 1)
4710
(14, 3)
4711
(14, 3)
4712
(14, 3)
4713
(14, 3)
4714
(14, 3)
4715
(14, 3)
4716
(14, 3)
4717
(14, 2)
4718
(14, 2)
4719
(14, 2)
4720
(13, 3)
4721
(13, 3)
4722
(13, 3)
4723
(13, 3)
4724
(13, 3)
4725
(13, 3)
4726
(13, 3)
4727
(13, 2)
4728
(13, 3)
4729
(13, 3)
4730
(13, 3)
4731
(13, 3)
4732
(13, 2)
4733
(13, 2)
4734
(13, 3)
4735
(13, 3)
4736
(13, 3)
4737
(13, 3)
4738
(13, 3)
4739
(13, 3)
4740
(13, 3)
4741
(13, 2)
4742
(13, 2)
4743
(13, 3)
4744
(13, 3)
4745
(13, 2)
4746
(12, 1)
4747
(12, 1)
4748
(12, 1)
4749
(12, 1)
4750
(11, 1)
4751
(11, 1)
4752
(11, 1)
4753
(11, 1)
4754
(13, 2)
4755
(12, 1)
4756
(12, 1)
4757
(12, 1)
4758
(12, 1)
4759
(11, 1)
4760
(11, 1)
4761
(11, 1)
4762
(11, 1)
4763
(12, 1)
4764
(12, 1)
4765
(12, 1)
4766
(12, 1)
4767
(11, 1)
4768
(11, 1)
4769
(11, 1)
4770
(11, 1)
4771
(14, 3)
4772
(14, 3)
4773
(13, 3)
4774
(13, 3)
4775
(13, 2)
4776
(13, 2)
4777
(14, 3)
4778
(14, 3)
4779
(14, 3)
4780
(13, 2)
4781
(13, 1)
4782
(12, 1)
4783
(12, 1)
4784
(12, 1)
4785
(12, 1)
4786
(11, 1)
4787
(11, 1)
4788
(11, 1)
4789
(11, 1)
4790
(10, 2)
4791
(10, 2)
4792
(10, 3)
4793
(10, 3)
4794
(9, 4)
4795
(9, 4)
4796
(9, 5)
4797
(9, 5)
4798
(8, 6)
4799
(14, 3)
4800
(13, 2)
4801
(14, 3)
4802
(14, 3)
4803
(14, 3)
4804
(14, 3)
4805
(14, 3)
4806
(13, 1)
4807
(12, 1)
4808
(12, 1)
4809
(12, 1)
4810
(12, 1)
4811
(11, 1)
4812
(11, 1)
4813
(11, 1)
4814
(11, 1)
4815
(14, 3)
4816
(14, 3)
4817
(14, 3)
4818
(14, 3)
4819
(14, 3)
4820
(14, 3)
4821
(14, 3)
4822
(14, 3)
4823
(14, 3)
4824
(14, 3)
4825
(14, 3)
4826
(14, 3)
4827
(14, 3)
4828
(14, 3)
4829
(14, 3)
4830
(14, 3)
4831
(14, 3)
4832
(14, 3)
4833
(14, 3)
4834
(14, 2)
4835
(14, 3)
4836
(14, 3)
4837
(14, 1)
4838
(14, 2)
4839
(14, 3)
4840
(14, 3)
4841
(13, 2)
4842
(13, 2)
4843
(14, 3)
4844
(14, 3)
4845
(14, 3)
4846
(14, 3)
4847
(14, 3)
4848
(14, 3)
4849
(14, 3)
4850
(14, 3)
4851
(13, 2)
4852
(14, 1)
4853
(14, 1)
4854
(14, 3)
4855
(10, 6)
4856
(10, 6)
4857
(10, 6)
4858
(14, 1)
4859
(10, 6)
4860
(10, 6)
4861
(10, 6)
4862
(10, 6)
4863
(14, 3)
4864
(14, 3)
4865
(13, 2)
4866
(14, 3)
4867
(14, 3)
4868
(13, 2)
4869
(14, 3)
4870
(14, 3)
4871
(14, 1)
4872
(14, 1)
4873
(14, 1)
4874
(14, 3)
4875
(14, 3)
4876
(14, 3)
4877
(14, 3)
4878
(14, 2)
4879
(12, 1)
4880
(12, 1)
4881
(12, 1)
4882
(12, 1)
4883
(11, 1)
4884
(12, 1)
4885
(13, 2)
4886
(8, 8)
4887
(8, 8)
4888
(8, 8)
4889
(8, 8)
4890
(8, 8)
4891
(8, 8)
4892
(8, 8)
4893
(14, 3)
4894
(14, 3)
4895
(14, 3)
4896
(14, 3)
4897
(14, 3)
4898
(14, 3)
4899
(14, 3)
4900
(14, 1)
4901
(14, 1)
4902
(14, 3)
4903
(14, 3)
4904
(14, 3)
4905
(14, 2)
4906
(14, 3)
4907
(14, 2)
4908
(8, 7)
4909
(14, 4)
4910
(14, 4)
4911
(14, 4)
4912
(14, 4)
4913
(14, 4)
4914
(14, 4)
4915
(14, 4)
4916
(14, 2)
4917
(14, 3)
4918
(14, 1)
4919
(14, 1)
4920
(14, 2)
4921
(14, 2)
4922
(14, 2)
4923
(13, 2)
4924
(14, 2)
4925
(13, 2)
4926
(14, 2)
4927
(14, 1)
4928
(14, 1)
4929
(10, 6)
4930
(10, 6)
4931
(10, 6)
4932
(13, 2)
4933
(14, 1)
4934
(14, 1)
4935
(10, 6)
4936
(10, 6)
4937
(10, 6)
4938
(10, 6)
4939
(15, 1)
4940
(15, 1)
4941
(15, 1)
4942
(13, 2)
4943
(14, 2)
4944
(13, 2)
4945
(13, 2)
4946
(13, 2)
4947
(14, 1)
4948
(14, 1)
4949
(14, 1)
4950
(14, 1)
4951
(14, 1)
4952
(14, 1)
4953
(14, 4)
4954
(14, 4)
4955
(14, 4)
4956
(14, 4)
4957
(14, 4)
4958
(14, 4)
4959
(14, 4)
4960
(15, 1)
4961
(14, 1)
4962
(14, 1)
4963
(14, 1)
4964
(14, 1)
4965
(14, 1)
4966
(14, 1)
4967
(14, 2)
4968
(14, 2)
4969
(14, 1)
4970
(14, 1)
4971
(14, 1)
4972
(14, 1)
4973
(14, 1)
4974
(14, 1)
4975
(14, 2)
4976
(14, 2)
4977
(14, 1)
4978
(14, 1)
4979
(14, 1)
4980
(14, 1)
4981
(14, 1)
4982
(14, 1)
4983
(14, 2)
4984
(14, 2)
4985
(14, 1)
4986
(11, 6)
4987
(13, 1)
4988
(14, 1)
4989
(14, 1)
4990
(14, 1)
4991
(13, 1)
4992
(15, 1)
4993
(15, 1)
4994
(14, 2)
4995
(14, 1)
4996
(14, 1)
4997
(13, 1)
4998
(13, 1)
4999
(14, 2)
5000
(14, 2)
defaultdict(<function <lambda> at 0x2b97725d6c80>, {(7, 3): 63, (1, 3): 26, (12, 1): 81, (9, 1): 150, (14, 4): 14, (11, 2): 150, (10, 6): 28, (2, 1): 150, (15, 1): 6, (6, 2): 150, (9, 4): 26, (5, 1): 150, (10, 3): 146, (7, 2): 150, (10, 4): 57, (1, 2): 152, (12, 2): 151, (8, 7): 28, (3, 3): 61, (13, 3): 27, (8, 1): 150, (8, 5): 28, (6, 3): 66, (14, 1): 54, (11, 1): 75, (2, 2): 150, (8, 6): 15, (4, 1): 150, (1, 1): 150, (12, 3): 152, (3, 2): 150, (13, 2): 105, (8, 2): 104, (7, 1): 150, (9, 3): 64, (10, 5): 57, (2, 3): 60, (10, 1): 150, (4, 2): 151, (14, 2): 56, (9, 6): 8, (5, 3): 68, (13, 1): 58, (8, 3): 153, (9, 2): 44, (6, 1): 154, (3, 1): 151, (11, 3): 25, (8, 8): 14, (4, 3): 61, (14, 3): 150, (9, 5): 26, (8, 4): 27, (5, 2): 150, (11, 6): 1, (10, 2): 107})
5001
(14, 1)
5002
(14, 1)
5003
(13, 2)
5004
(13, 1)
5005
(14, 2)
5006
(15, 1)
5007
(15, 1)
5008
(15, 1)
5009
(14, 2)
5010
(13, 1)
5011
(14, 1)
5012
(15, 1)
5013
(15, 1)
5014
(15, 1)
5015
(14, 4)
5016
(14, 4)
5017
(14, 4)
5018
(14, 4)
5019
(14, 4)
5020
(14, 4)
5021
(14, 4)
5022
(14, 1)
5023
(14, 1)
5024
(14, 2)
5025
(13, 2)
5026
(13, 1)
5027
(13, 1)
5028
(13, 1)
5029
(14, 1)
5030
(15, 1)
5031
(8, 9)
5032
(8, 9)
5033
(8, 9)
5034
(15, 1)
5035
(15, 1)
5036
(8, 9)
5037
(8, 9)
5038
(8, 9)
5039
(8, 9)
5040
(15, 1)
5041
(15, 1)
5042
(14, 1)
5043
(14, 1)
5044
(14, 1)
5045
(13, 1)
5046
(14, 1)
5047
(14, 1)
5048
(14, 1)
5049
(13, 1)
5050
(13, 1)
5051
(15, 1)
5052
(13, 1)
5053
(15, 1)
5054
(13, 1)
5055
(13, 1)
5056
(13, 1)
5057
(13, 1)
5058
(13, 1)
5059
(13, 1)
5060
(13, 1)
5061
(13, 2)
5062
(13, 2)
5063
(13, 3)
5064
(13, 1)
5065
(13, 1)
5066
(13, 1)
5067
(13, 1)
5068
(13, 1)
5069
(13, 1)
5070
(13, 1)
5071
(13, 2)
5072
(13, 2)
5073
(13, 3)
5074
(14, 1)
5075
(15, 1)
5076
(15, 1)
5077
(15, 1)
5078
(16, 2)
5079
(16, 2)
5080
(16, 2)
5081
(16, 2)
5082
(16, 2)
5083
(16, 2)
5084
(16, 2)
5085
(16, 2)
5086
(16, 2)
5087
(16, 2)
5088
(16, 2)
5089
(16, 2)
5090
(14, 4)
5091
(14, 4)
5092
(14, 4)
5093
(14, 4)
5094
(14, 4)
5095
(15, 1)
5096
(15, 1)
5097
(14, 4)
5098
(14, 4)
5099
(14, 4)
5100
(14, 4)
5101
(13, 1)
5102
(14, 1)
5103
(15, 4)
5104
(13, 1)
5105
(13, 1)
5106
(13, 1)
5107
(13, 1)
5108
(13, 1)
5109
(13, 1)
5110
(13, 1)
5111
(13, 2)
5112
(13, 2)
5113
(13, 3)
5114
(15, 1)
5115
(15, 1)
5116
(14, 1)
5117
(15, 1)
5118
(15, 1)
5119
(15, 1)
5120
(15, 1)
5121
(15, 1)
5122
(16, 2)
5123
(16, 2)
5124
(16, 2)
5125
(14, 1)
5126
(8, 9)
5127
(8, 9)
5128
(8, 9)
5129
(8, 9)
5130
(14, 1)
5131
(15, 1)
5132
(15, 1)
5133
(14, 1)
5134
(15, 1)
5135
(15, 1)
5136
(15, 1)
5137
(14, 5)
5138
(14, 5)
5139
(14, 5)
5140
(14, 1)
5141
(15, 1)
5142
(15, 1)
5143
(15, 1)
5144
(15, 1)
5145
(15, 1)
5146
(15, 1)
5147
(16, 1)
5148
(16, 1)
5149
(14, 1)
5150
(14, 1)
5151
(16, 1)
5152
(16, 1)
5153
(15, 1)
5154
(16, 2)
5155
(16, 2)
5156
(17, 2)
5157
(17, 2)
5158
(16, 2)
5159
(16, 2)
5160
(17, 2)
5161
(17, 2)
5162
(15, 1)
5163
(15, 1)
5164
(15, 1)
5165
(15, 1)
5166
(15, 1)
5167
(15, 1)
5168
(14, 5)
5169
(14, 5)
5170
(14, 5)
5171
(14, 5)
5172
(14, 5)
5173
(14, 5)
5174
(14, 5)
5175
(14, 1)
5176
(16, 1)
5177
(17, 2)
5178
(17, 2)
5179
(15, 1)
5180
(17, 2)
5181
(16, 1)
5182
(15, 1)
5183
(14, 1)
5184
(16, 1)
5185
(16, 1)
5186
(16, 1)
5187
(16, 1)
5188
(14, 1)
5189
(16, 2)
5190
(17, 2)
5191
(17, 2)
5192
(15, 1)
5193
(15, 1)
5194
(14, 1)
5195
(15, 1)
5196
(15, 1)
5197
(14, 5)
5198
(14, 5)
5199
(16, 1)
5200
(16, 1)
5201
(16, 1)
5202
(8, 10)
5203
(8, 10)
5204
(8, 10)
5205
(14, 1)
5206
(8, 10)
5207
(8, 10)
5208
(8, 10)
5209
(8, 10)
5210
(15, 1)
5211
(15, 1)
5212
(15, 5)
5213
(14, 1)
5214
(14, 1)
5215
(16, 1)
5216
(16, 1)
5217
(16, 1)
5218
(15, 1)
5219
(15, 1)
5220
(16, 1)
5221
(16, 1)
5222
(16, 1)
5223
(14, 5)
5224
(14, 5)
5225
(14, 5)
5226
(17, 2)
5227
(17, 2)
5228
(17, 2)
5229
(17, 2)
5230
(17, 2)
5231
(17, 2)
5232
(17, 2)
5233
(17, 2)
5234
(17, 2)
5235
(17, 2)
5236
(17, 2)
5237
(17, 2)
5238
(14, 5)
5239
(15, 1)
5240
(16, 1)
5241
(16, 1)
5242
(16, 1)
5243
(16, 1)
5244
(16, 2)
5245
(16, 2)
5246
(17, 3)
5247
(17, 3)
5248
(17, 3)
5249
(17, 3)
5250
(17, 3)
5251
(17, 3)
5252
(17, 3)
5253
(16, 3)
5254
(16, 3)
5255
(16, 3)
5256
(16, 3)
5257
(16, 3)
5258
(16, 3)
5259
(16, 3)
5260
(16, 3)
5261
(16, 3)
5262
(16, 3)
5263
(16, 3)
5264
(16, 3)
5265
(15, 3)
5266
(15, 3)
5267
(15, 3)
5268
(15, 3)
5269
(15, 3)
5270
(16, 3)
5271
(15, 3)
5272
(15, 3)
5273
(15, 3)
5274
(15, 3)
5275
(15, 3)
5276
(15, 3)
5277
(15, 2)
5278
(15, 2)
5279
(15, 1)
5280
(14, 1)
5281
(14, 1)
5282
(14, 1)
5283
(14, 1)
5284
(13, 1)
5285
(13, 1)
5286
(13, 1)
5287
(13, 1)
5288
(13, 2)
5289
(15, 3)
5290
(15, 3)
5291
(15, 3)
5292
(15, 3)
5293
(15, 3)
5294
(16, 3)
5295
(15, 3)
5296
(15, 3)
5297
(15, 3)
5298
(15, 2)
5299
(15, 2)
5300
(15, 1)
5301
(14, 1)
5302
(14, 1)
5303
(14, 1)
5304
(14, 1)
5305
(13, 1)
5306
(13, 1)
5307
(13, 1)
5308
(13, 1)
5309
(13, 2)
5310
(16, 3)
5311
(15, 3)
5312
(15, 3)
5313
(15, 3)
5314
(15, 2)
5315
(15, 2)
5316
(15, 1)
5317
(14, 1)
5318
(14, 1)
5319
(14, 1)
5320
(14, 1)
5321
(13, 1)
5322
(13, 1)
5323
(13, 1)
5324
(13, 1)
5325
(13, 2)
5326
(16, 3)
5327
(16, 3)
5328
(16, 3)
5329
(16, 3)
5330
(16, 3)
5331
(16, 3)
5332
(16, 3)
5333
(16, 3)
5334
(15, 3)
5335
(16, 3)
5336
(16, 3)
5337
(15, 2)
5338
(15, 2)
5339
(15, 1)
5340
(15, 1)
5341
(14, 1)
5342
(14, 1)
5343
(14, 1)
5344
(14, 1)
5345
(13, 1)
5346
(13, 1)
5347
(13, 1)
5348
(13, 2)
5349
(13, 2)
5350
(15, 2)
5351
(15, 1)
5352
(15, 1)
5353
(14, 1)
5354
(14, 1)
5355
(14, 1)
5356
(14, 1)
5357
(13, 1)
5358
(13, 1)
5359
(13, 1)
5360
(13, 2)
5361
(13, 2)
5362
(16, 3)
5363
(16, 3)
5364
(15, 3)
5365
(16, 3)
5366
(16, 3)
5367
(15, 2)
5368
(16, 3)
5369
(16, 3)
5370
(16, 3)
5371
(16, 3)
5372
(15, 2)
5373
(15, 1)
5374
(15, 1)
5375
(14, 1)
5376
(14, 1)
5377
(14, 1)
5378
(14, 1)
5379
(13, 1)
5380
(13, 1)
5381
(13, 1)
5382
(13, 2)
5383
(13, 2)
5384
(16, 3)
5385
(16, 3)
5386
(16, 3)
5387
(16, 2)
5388
(15, 2)
5389
(15, 1)
5390
(15, 1)
5391
(15, 1)
5392
(14, 1)
5393
(14, 1)
5394
(14, 1)
5395
(14, 1)
5396
(13, 1)
5397
(13, 1)
5398
(13, 2)
5399
(13, 2)
5400
(13, 3)
5401
(16, 3)
5402
(16, 3)
5403
(16, 2)
5404
(15, 2)
5405
(15, 1)
5406
(15, 1)
5407
(15, 1)
5408
(14, 1)
5409
(14, 1)
5410
(14, 1)
5411
(14, 1)
5412
(13, 1)
5413
(13, 1)
5414
(13, 2)
5415
(13, 2)
5416
(16, 3)
5417
(16, 3)
5418
(16, 3)
5419
(16, 3)
5420
(16, 2)
5421
(16, 2)
5422
(16, 3)
5423
(16, 2)
5424
(17, 3)
5425
(17, 3)
5426
(16, 3)
5427
(16, 3)
5428
(16, 2)
5429
(16, 2)
5430
(16, 2)
5431
(16, 2)
5432
(15, 3)
5433
(15, 3)
5434
(15, 3)
5435
(15, 3)
5436
(15, 3)
5437
(15, 3)
5438
(15, 3)
5439
(15, 3)
5440
(15, 3)
5441
(15, 3)
5442
(16, 2)
5443
(15, 3)
5444
(15, 3)
5445
(15, 3)
5446
(15, 3)
5447
(16, 2)
5448
(16, 2)
5449
(15, 1)
5450
(15, 1)
5451
(15, 1)
5452
(15, 1)
5453
(14, 1)
5454
(14, 1)
5455
(14, 1)
5456
(14, 1)
5457
(13, 1)
5458
(13, 1)
5459
(13, 1)
5460
(13, 2)
5461
(13, 2)
5462
(16, 2)
5463
(16, 2)
5464
(16, 2)
5465
(16, 2)
5466
(16, 2)
5467
(16, 1)
5468
(16, 1)
5469
(15, 1)
5470
(15, 1)
5471
(15, 1)
5472
(15, 1)
5473
(14, 1)
5474
(14, 1)
5475
(14, 1)
5476
(14, 1)
5477
(14, 2)
5478
(13, 2)
5479
(13, 3)
5480
(15, 1)
5481
(15, 1)
5482
(15, 1)
5483
(15, 1)
5484
(14, 1)
5485
(14, 1)
5486
(14, 1)
5487
(14, 1)
5488
(14, 2)
5489
(13, 2)
5490
(16, 2)
5491
(16, 2)
5492
(16, 2)
5493
(16, 2)
5494
(16, 2)
5495
(16, 2)
5496
(15, 3)
5497
(15, 3)
5498
(15, 3)
5499
(15, 3)
5500
(15, 3)
defaultdict(<function <lambda> at 0x2b97725d6c80>, {(7, 3): 63, (1, 3): 26, (12, 1): 81, (9, 1): 150, (14, 4): 30, (11, 2): 150, (10, 6): 28, (17, 3): 9, (16, 2): 45, (2, 1): 150, (15, 1): 87, (8, 9): 11, (6, 2): 150, (9, 4): 26, (17, 2): 21, (5, 1): 150, (15, 5): 1, (10, 3): 146, (7, 2): 150, (10, 4): 57, (1, 2): 152, (12, 2): 151, (8, 7): 28, (3, 3): 61, (14, 5): 16, (13, 3): 32, (8, 1): 150, (8, 5): 28, (16, 3): 45, (8, 10): 7, (6, 3): 66, (14, 1): 126, (11, 1): 75, (2, 2): 150, (15, 4): 1, (8, 6): 15, (4, 1): 150, (1, 1): 150, (12, 3): 152, (3, 2): 150, (13, 2): 130, (8, 2): 104, (7, 1): 150, (15, 3): 43, (9, 3): 64, (10, 5): 57, (2, 3): 60, (10, 1): 150, (4, 2): 151, (14, 2): 61, (9, 6): 8, (5, 3): 68, (13, 1): 117, (8, 3): 153, (15, 2): 13, (9, 2): 44, (6, 1): 154, (3, 1): 151, (11, 3): 25, (16, 1): 25, (8, 8): 14, (4, 3): 61, (14, 3): 150, (9, 5): 26, (8, 4): 27, (5, 2): 150, (11, 6): 1, (10, 2): 107})
5501
(15, 3)
5502
(15, 3)
5503
(15, 2)
5504
(15, 1)
5505
(15, 1)
5506
(15, 1)
5507
(14, 1)
5508
(14, 1)
5509
(14, 1)
5510
(14, 1)
5511
(13, 1)
5512
(13, 1)
5513
(13, 2)
5514
(13, 2)
5515
(16, 3)
5516
(16, 3)
5517
(16, 2)
5518
(16, 3)
5519
(16, 2)
5520
(16, 3)
5521
(16, 3)
5522
(16, 3)
5523
(16, 3)
5524
(16, 2)
5525
(16, 2)
5526
(16, 1)
5527
(15, 3)
5528
(15, 3)
5529
(15, 3)
5530
(16, 2)
5531
(16, 2)
5532
(15, 3)
5533
(15, 3)
5534
(15, 3)
5535
(15, 3)
5536
(17, 2)
5537
(17, 2)
5538
(16, 2)
5539
(15, 1)
5540
(16, 1)
5541
(15, 1)
5542
(15, 1)
5543
(15, 1)
5544
(14, 1)
5545
(14, 1)
5546
(14, 1)
5547
(14, 1)
5548
(14, 1)
5549
(13, 1)
5550
(13, 2)
5551
(13, 2)
5552
(16, 1)
5553
(16, 1)
5554
(16, 1)
5555
(16, 2)
5556
(17, 2)
5557
(16, 1)
5558
(16, 1)
5559
(16, 1)
5560
(15, 1)
5561
(15, 1)
5562
(15, 1)
5563
(15, 1)
5564
(14, 1)
5565
(14, 1)
5566
(14, 1)
5567
(14, 1)
5568
(14, 1)
5569
(13, 2)
5570
(13, 2)
5571
(13, 3)
5572
(15, 1)
5573
(15, 1)
5574
(15, 1)
5575
(15, 1)
5576
(14, 1)
5577
(14, 1)
5578
(14, 1)
5579
(14, 1)
5580
(14, 1)
5581
(13, 2)
5582
(16, 1)
5583
(15, 1)
5584
(15, 1)
5585
(15, 1)
5586
(15, 1)
5587
(14, 1)
5588
(14, 1)
5589
(14, 1)
5590
(14, 1)
5591
(14, 1)
5592
(16, 3)
5593
(16, 3)
5594
(16, 3)
5595
(16, 3)
5596
(16, 3)
5597
(16, 3)
5598
(16, 1)
5599
(15, 3)
5600
(15, 3)
5601
(15, 3)
5602
(15, 3)
5603
(15, 3)
5604
(15, 3)
5605
(15, 3)
5606
(16, 1)
5607
(16, 2)
5608
(16, 1)
5609
(16, 1)
5610
(16, 1)
5611
(15, 4)
5612
(15, 4)
5613
(15, 4)
5614
(15, 4)
5615
(15, 4)
5616
(15, 4)
5617
(15, 4)
5618
(16, 1)
5619
(16, 1)
5620
(17, 2)
5621
(16, 1)
5622
(16, 1)
5623
(16, 1)
5624
(16, 1)
5625
(16, 1)
5626
(16, 1)
5627
(16, 1)
5628
(16, 1)
5629
(16, 1)
5630
(16, 1)
5631
(16, 2)
5632
(16, 2)
5633
(16, 1)
5634
(16, 1)
5635
(16, 1)
5636
(16, 1)
5637
(16, 1)
5638
(16, 1)
5639
(16, 1)
5640
(16, 2)
5641
(16, 2)
5642
(17, 2)
5643
(16, 3)
5644
(16, 3)
5645
(16, 3)
5646
(16, 3)
5647
(16, 3)
5648
(16, 3)
5649
(16, 3)
5650
(16, 1)
5651
(16, 1)
5652
(16, 1)
5653
(16, 1)
5654
(16, 1)
5655
(16, 1)
5656
(16, 1)
5657
(16, 2)
5658
(16, 2)
5659
(16, 1)
5660
(16, 2)
5661
(17, 2)
5662
(17, 1)
5663
(15, 4)
5664
(15, 4)
5665
(15, 4)
5666
(15, 4)
5667
(15, 4)
5668
(16, 1)
5669
(16, 2)
5670
(16, 1)
5671
(16, 2)
5672
(16, 1)
5673
(16, 1)
5674
(15, 1)
5675
(15, 1)
5676
(15, 1)
5677
(15, 1)
5678
(16, 1)
5679
(17, 1)
5680
(16, 1)
5681
(15, 4)
5682
(15, 4)
5683
(15, 4)
5684
(15, 4)
5685
(15, 4)
5686
(15, 4)
5687
(15, 4)
5688
(16, 1)
5689
(16, 1)
5690
(16, 1)
5691
(16, 1)
5692
(16, 1)
5693
(16, 1)
5694
(16, 2)
5695
(16, 2)
5696
(16, 3)
5697
(16, 2)
5698
(16, 4)
5699
(16, 4)
5700
(16, 4)
5701
(16, 4)
5702
(16, 4)
5703
(16, 4)
5704
(16, 4)
5705
(17, 1)
5706
(17, 1)
5707
(17, 3)
5708
(17, 3)
5709
(17, 3)
5710
(17, 3)
5711
(17, 3)
5712
(16, 2)
5713
(16, 2)
5714
(16, 1)
5715
(16, 1)
5716
(15, 1)
5717
(15, 1)
5718
(15, 1)
5719
(15, 1)
5720
(17, 2)
5721
(17, 2)
5722
(16, 2)
5723
(16, 1)
5724
(16, 1)
5725
(16, 1)
5726
(15, 1)
5727
(15, 1)
5728
(15, 1)
5729
(15, 1)
5730
(16, 2)
5731
(16, 1)
5732
(16, 1)
5733
(16, 1)
5734
(15, 1)
5735
(15, 1)
5736
(15, 1)
5737
(15, 1)
5738
(16, 2)
5739
(17, 3)
5740
(17, 3)
5741
(17, 2)
5742
(17, 3)
5743
(16, 1)
5744
(16, 1)
5745
(16, 1)
5746
(15, 1)
5747
(15, 1)
5748
(15, 1)
5749
(15, 1)
5750
(16, 1)
5751
(17, 3)
5752
(17, 3)
5753
(17, 3)
5754
(17, 3)
5755
(17, 2)
5756
(17, 2)
5757
(17, 3)
5758
(17, 3)
5759
(17, 3)
5760
(17, 2)
5761
(16, 1)
5762
(16, 1)
5763
(16, 1)
5764
(16, 1)
5765
(15, 1)
5766
(15, 1)
5767
(15, 1)
5768
(15, 1)
5769
(15, 1)
5770
(14, 2)
5771
(14, 2)
5772
(17, 2)
5773
(16, 1)
5774
(16, 1)
5775
(16, 1)
5776
(16, 1)
5777
(15, 1)
5778
(15, 1)
5779
(15, 1)
5780
(15, 1)
5781
(17, 3)
5782
(18, 3)
5783
(18, 3)
5784
(17, 3)
5785
(17, 2)
5786
(17, 2)
5787
(17, 1)
5788
(16, 1)
5789
(16, 1)
5790
(16, 1)
5791
(16, 1)
5792
(15, 1)
5793
(15, 1)
5794
(15, 1)
5795
(15, 1)
5796
(15, 2)
5797
(14, 2)
5798
(18, 3)
5799
(17, 3)
5800
(17, 2)
5801
(17, 2)
5802
(17, 1)
5803
(16, 1)
5804
(16, 1)
5805
(16, 1)
5806
(16, 1)
5807
(15, 1)
5808
(15, 1)
5809
(15, 1)
5810
(15, 1)
5811
(15, 2)
5812
(14, 2)
5813
(18, 3)
5814
(17, 3)
5815
(17, 2)
5816
(18, 3)
5817
(18, 3)
5818
(18, 3)
5819
(18, 3)
5820
(17, 2)
5821
(18, 3)
5822
(18, 3)
5823
(18, 3)
5824
(18, 3)
5825
(17, 2)
5826
(17, 2)
5827
(17, 1)
5828
(17, 1)
5829
(16, 1)
5830
(16, 1)
5831
(16, 1)
5832
(16, 1)
5833
(15, 1)
5834
(15, 1)
5835
(15, 1)
5836
(15, 2)
5837
(15, 2)
5838
(17, 2)
5839
(17, 1)
5840
(17, 1)
5841
(16, 1)
5842
(16, 1)
5843
(16, 1)
5844
(16, 1)
5845
(15, 1)
5846
(15, 1)
5847
(15, 1)
5848
(15, 2)
5849
(15, 2)
5850
(18, 2)
5851
(18, 2)
5852
(18, 3)
5853
(18, 3)
5854
(18, 3)
5855
(18, 3)
5856
(18, 3)
5857
(17, 2)
5858
(18, 2)
5859
(18, 2)
5860
(17, 2)
5861
(17, 1)
5862
(17, 1)
5863
(17, 1)
5864
(16, 1)
5865
(16, 1)
5866
(16, 1)
5867
(16, 1)
5868
(15, 1)
5869
(17, 2)
5870
(17, 1)
5871
(17, 1)
5872
(17, 1)
5873
(16, 1)
5874
(16, 1)
5875
(16, 1)
5876
(16, 1)
5877
(17, 2)
5878
(18, 3)
5879
(17, 1)
5880
(17, 1)
5881
(17, 1)
5882
(16, 1)
5883
(16, 1)
5884
(16, 1)
5885
(16, 1)
5886
(17, 1)
5887
(17, 2)
5888
(17, 2)
5889
(17, 2)
5890
(18, 3)
5891
(18, 3)
5892
(18, 3)
5893
(18, 3)
5894
(18, 2)
5895
(18, 2)
5896
(18, 2)
5897
(18, 2)
5898
(17, 1)
5899
(17, 1)
5900
(17, 1)
5901
(17, 1)
5902
(17, 1)
5903
(16, 1)
5904
(16, 1)
5905
(16, 1)
5906
(16, 1)
5907
(16, 1)
5908
(15, 2)
5909
(15, 2)
5910
(15, 3)
5911
(15, 3)
5912
(14, 4)
5913
(14, 4)
5914
(14, 5)
5915
(17, 1)
5916
(17, 1)
5917
(17, 1)
5918
(16, 1)
5919
(16, 1)
5920
(16, 1)
5921
(16, 1)
5922
(16, 1)
5923
(15, 2)
5924
(15, 2)
5925
(15, 3)
5926
(15, 3)
5927
(14, 4)
5928
(14, 4)
5929
(14, 5)
5930
(18, 3)
5931
(18, 3)
5932
(18, 2)
5933
(18, 2)
5934
(18, 3)
5935
(17, 1)
5936
(17, 1)
5937
(17, 1)
5938
(17, 1)
5939
(16, 1)
5940
(16, 1)
5941
(16, 1)
5942
(16, 1)
5943
(16, 1)
5944
(15, 2)
5945
(15, 2)
5946
(15, 3)
5947
(15, 3)
5948
(14, 4)
5949
(14, 4)
5950
(14, 5)
5951
(18, 2)
5952
(18, 3)
5953
(15, 4)
5954
(15, 4)
5955
(15, 4)
5956
(15, 4)
5957
(15, 4)
5958
(15, 4)
5959
(15, 4)
5960
(16, 1)
5961
(16, 1)
5962
(17, 1)
5963
(17, 1)
5964
(17, 1)
5965
(16, 1)
5966
(16, 1)
5967
(16, 1)
5968
(16, 1)
5969
(19, 3)
5970
(17, 2)
5971
(19, 3)
5972
(19, 3)
5973
(18, 3)
5974
(18, 3)
5975
(18, 3)
5976
(18, 2)
5977
(18, 2)
5978
(19, 3)
5979
(18, 3)
5980
(18, 2)
5981
(19, 3)
5982
(18, 3)
5983
(17, 2)
5984
(17, 1)
5985
(17, 1)
5986
(16, 1)
5987
(16, 1)
5988
(16, 1)
5989
(17, 2)
5990
(18, 2)
5991
(17, 2)
5992
(17, 1)
5993
(17, 2)
5994
(17, 2)
5995
(17, 2)
5996
(17, 1)
5997
(17, 1)
5998
(17, 1)
5999
(17, 1)
6000
(17, 1)
defaultdict(<function <lambda> at 0x2b97725d6c80>, {(7, 3): 63, (1, 3): 26, (12, 1): 81, (9, 1): 150, (14, 4): 36, (11, 2): 150, (10, 6): 28, (17, 3): 28, (16, 2): 71, (2, 1): 150, (15, 1): 150, (8, 9): 11, (6, 2): 150, (9, 4): 26, (17, 2): 57, (5, 1): 150, (15, 5): 1, (10, 3): 146, (7, 2): 150, (10, 4): 57, (1, 2): 152, (12, 2): 151, (8, 7): 28, (3, 3): 61, (14, 5): 19, (13, 3): 33, (8, 1): 150, (8, 5): 28, (16, 3): 66, (16, 4): 7, (8, 10): 7, (6, 3): 66, (14, 1): 150, (11, 1): 75, (19, 3): 5, (18, 2): 15, (2, 2): 150, (15, 4): 27, (8, 6): 15, (4, 1): 150, (1, 1): 150, (12, 3): 152, (3, 2): 150, (13, 2): 137, (8, 2): 104, (7, 1): 150, (15, 3): 65, (9, 3): 64, (10, 5): 57, (17, 1): 43, (2, 3): 60, (10, 1): 150, (4, 2): 151, (14, 2): 65, (9, 6): 8, (5, 3): 68, (13, 1): 120, (8, 3): 153, (18, 3): 31, (15, 2): 26, (9, 2): 44, (6, 1): 154, (3, 1): 151, (11, 3): 25, (16, 1): 150, (8, 8): 14, (4, 3): 61, (14, 3): 150, (9, 5): 26, (8, 4): 27, (5, 2): 150, (11, 6): 1, (10, 2): 107})
6001
(17, 1)
6002
(17, 1)
6003
(17, 1)
6004
(18, 2)
6005
(18, 2)
6006
(18, 2)
6007
(17, 2)
6008
(18, 2)
6009
(14, 5)
6010
(17, 2)
6011
(18, 1)
6012
(8, 10)
6013
(18, 1)
6014
(18, 1)
6015
(8, 10)
6016
(8, 10)
6017
(18, 2)
6018
(8, 10)
6019
(18, 1)
6020
(18, 1)
6021
(18, 1)
6022
(8, 10)
6023
(18, 1)
6024
(8, 10)
6025
(17, 1)
6026
(17, 1)
6027
(17, 1)
6028
(17, 1)
6029
(17, 1)
6030
(17, 1)
6031
(17, 1)
6032
(17, 1)
6033
(17, 1)
6034
(17, 1)
6035
(17, 1)
6036
(17, 1)
6037
(17, 1)
6038
(17, 1)
6039
(14, 5)
6040
(14, 5)
6041
(14, 5)
6042
(18, 2)
6043
(14, 5)
6044
(14, 5)
6045
(14, 5)
6046
(14, 5)
6047
(18, 2)
6048
(16, 4)
6049
(16, 4)
6050
(16, 4)
6051
(16, 4)
6052
(16, 4)
6053
(16, 4)
6054
(16, 4)
6055
(19, 3)
6056
(19, 3)
6057
(19, 3)
6058
(19, 3)
6059
(15, 5)
6060
(15, 5)
6061
(15, 5)
6062
(15, 5)
6063
(15, 5)
6064
(15, 5)
6065
(15, 5)
6066
(18, 2)
6067
(19, 3)
6068
(19, 3)
6069
(19, 3)
6070
(19, 3)
6071
(19, 3)
6072
(19, 3)
6073
(19, 3)
6074
(19, 3)
6075
(19, 3)
6076
(18, 2)
6077
(18, 2)
6078
(18, 2)
6079
(19, 3)
6080
(18, 1)
6081
(17, 2)
6082
(18, 1)
6083
(17, 2)
6084
(17, 2)
6085
(18, 2)
6086
(17, 2)
6087
(17, 2)
6088
(18, 2)
6089
(18, 2)
6090
(18, 2)
6091
(18, 2)
6092
(19, 2)
6093
(19, 2)
6094
(18, 2)
6095
(19, 2)
6096
(18, 1)
6097
(18, 1)
6098
(18, 1)
6099
(18, 1)
6100
(17, 1)
6101
(17, 1)
6102
(17, 1)
6103
(17, 1)
6104
(18, 1)
6105
(17, 1)
6106
(17, 1)
6107
(17, 1)
6108
(17, 1)
6109
(18, 1)
6110
(17, 1)
6111
(17, 1)
6112
(17, 1)
6113
(17, 1)
6114
(18, 1)
6115
(19, 2)
6116
(18, 2)
6117
(18, 2)
6118
(19, 3)
6119
(19, 3)
6120
(19, 3)
6121
(15, 5)
6122
(15, 5)
6123
(15, 5)
6124
(15, 5)
6125
(15, 5)
6126
(15, 5)
6127
(15, 5)
6128
(19, 2)
6129
(19, 2)
6130
(17, 1)
6131
(17, 1)
6132
(19, 3)
6133
(19, 3)
6134
(19, 3)
6135
(18, 1)
6136
(18, 1)
6137
(18, 1)
6138
(18, 2)
6139
(18, 1)
6140
(18, 1)
6141
(18, 1)
6142
(14, 6)
6143
(14, 6)
6144
(14, 6)
6145
(14, 6)
6146
(14, 6)
6147
(14, 6)
6148
(14, 6)
6149
(17, 1)
6150
(17, 1)
6151
(19, 2)
6152
(19, 2)
6153
(18, 1)
6154
(18, 1)
6155
(18, 1)
6156
(18, 1)
6157
(18, 1)
6158
(18, 1)
6159
(19, 3)
6160
(19, 3)
6161
(19, 3)
6162
(16, 5)
6163
(16, 5)
6164
(16, 5)
6165
(16, 5)
6166
(16, 5)
6167
(16, 5)
6168
(16, 5)
6169
(19, 2)
6170
(19, 2)
6171
(19, 2)
6172
(18, 1)
6173
(15, 5)
6174
(15, 5)
6175
(19, 3)
6176
(18, 1)
6177
(19, 3)
6178
(19, 3)
6179
(19, 3)
6180
(18, 1)
6181
(18, 1)
6182
(18, 1)
6183
(18, 1)
6184
(17, 1)
6185
(17, 1)
6186
(17, 1)
6187
(17, 1)
6188
(18, 1)
6189
(18, 1)
6190
(18, 1)
6191
(18, 1)
6192
(18, 1)
6193
(18, 1)
6194
(18, 1)
6195
(18, 2)
6196
(18, 2)
6197
(18, 1)
6198
(18, 1)
6199
(18, 1)
6200
(18, 1)
6201
(18, 1)
6202
(18, 2)
6203
(18, 2)
6204
(18, 1)
6205
(18, 1)
6206
(18, 1)
6207
(18, 1)
6208
(18, 1)
6209
(18, 2)
6210
(18, 2)
6211
(18, 1)
6212
(17, 1)
6213
(17, 1)
6214
(19, 2)
6215
(15, 5)
6216
(15, 5)
6217
(15, 5)
6218
(15, 5)
6219
(15, 5)
6220
(15, 5)
6221
(15, 5)
6222
(13, 6)
6223
(19, 2)
6224
(19, 2)
6225
(17, 1)
6226
(17, 1)
6227
(18, 1)
6228
(14, 6)
6229
(14, 6)
6230
(14, 6)
6231
(17, 1)
6232
(17, 1)
6233
(17, 1)
6234
(17, 1)
6235
(17, 1)
6236
(17, 1)
6237
(17, 1)
6238
(17, 2)
6239
(17, 2)
6240
(17, 1)
6241
(17, 1)
6242
(17, 1)
6243
(17, 1)
6244
(17, 1)
6245
(17, 1)
6246
(17, 1)
6247
(17, 2)
6248
(17, 2)
6249
(14, 6)
6250
(18, 1)
6251
(18, 1)
6252
(19, 2)
6253
(19, 2)
6254
(20, 3)
6255
(20, 3)
6256
(20, 3)
6257
(19, 2)
6258
(19, 2)
6259
(19, 2)
6260
(18, 1)
6261
(20, 3)
6262
(19, 3)
6263
(20, 3)
6264
(19, 3)
6265
(20, 3)
6266
(19, 3)
6267
(20, 3)
6268
(20, 3)
6269
(15, 5)
6270
(15, 5)
6271
(15, 5)
6272
(15, 5)
6273
(15, 5)
6274
(15, 5)
6275
(15, 5)
6276
(18, 1)
6277
(19, 2)
6278
(19, 2)
6279
(19, 2)
6280
(19, 1)
6281
(18, 1)
6282
(19, 2)
6283
(19, 2)
6284
(19, 2)
6285
(20, 3)
6286
(20, 3)
6287
(20, 3)
6288
(20, 3)
6289
(20, 3)
6290
(20, 2)
6291
(20, 2)
6292
(20, 2)
6293
(20, 3)
6294
(20, 3)
6295
(20, 3)
6296
(20, 3)
6297
(20, 3)
6298
(20, 3)
6299
(20, 3)
6300
(18, 1)
6301
(16, 5)
6302
(16, 5)
6303
(16, 5)
6304
(16, 5)
6305
(16, 5)
6306
(16, 5)
6307
(16, 5)
6308
(18, 1)
6309
(19, 1)
6310
(19, 1)
6311
(20, 2)
6312
(20, 2)
6313
(20, 2)
6314
(19, 1)
6315
(18, 1)
6316
(20, 2)
6317
(20, 2)
6318
(20, 2)
6319
(15, 6)
6320
(15, 6)
6321
(15, 6)
6322
(15, 6)
6323
(15, 6)
6324
(15, 6)
6325
(15, 6)
6326
(19, 1)
6327
(19, 2)
6328
(19, 2)
6329
(19, 2)
6330
(20, 3)
6331
(20, 3)
6332
(20, 3)
6333
(19, 1)
6334
(18, 1)
6335
(20, 2)
6336
(20, 2)
6337
(20, 2)
6338
(18, 1)
6339
(18, 1)
6340
(18, 1)
6341
(18, 1)
6342
(18, 1)
6343
(18, 2)
6344
(18, 2)
6345
(20, 3)
6346
(20, 3)
6347
(20, 3)
6348
(19, 1)
6349
(19, 2)
6350
(20, 2)
6351
(20, 3)
6352
(20, 3)
6353
(20, 1)
6354
(20, 1)
6355
(20, 1)
6356
(20, 3)
6357
(20, 3)
6358
(20, 2)
6359
(20, 2)
6360
(20, 2)
6361
(20, 2)
6362
(20, 2)
6363
(15, 6)
6364
(15, 6)
6365
(15, 6)
6366
(15, 6)
6367
(15, 6)
6368
(15, 6)
6369
(15, 6)
6370
(20, 2)
6371
(20, 2)
6372
(20, 2)
6373
(20, 3)
6374
(20, 3)
6375
(20, 3)
6376
(20, 3)
6377
(20, 3)
6378
(20, 3)
6379
(20, 3)
6380
(20, 3)
6381
(19, 3)
6382
(19, 3)
6383
(19, 3)
6384
(19, 3)
6385
(19, 3)
6386
(19, 3)
6387
(19, 3)
6388
(19, 3)
6389
(18, 3)
6390
(18, 3)
6391
(18, 3)
6392
(18, 3)
6393
(18, 3)
6394
(18, 3)
6395
(18, 3)
6396
(18, 3)
6397
(17, 3)
6398
(17, 3)
6399
(17, 3)
6400
(17, 3)
6401
(17, 3)
6402
(17, 3)
6403
(17, 3)
6404
(17, 3)
6405
(16, 3)
6406
(16, 3)
6407
(16, 3)
6408
(16, 3)
6409
(16, 3)
6410
(16, 3)
6411
(16, 3)
6412
(16, 3)
6413
(15, 3)
6414
(16, 3)
6415
(15, 3)
6416
(15, 3)
6417
(15, 3)
6418
(15, 3)
6419
(15, 3)
6420
(15, 3)
6421
(15, 3)
6422
(15, 2)
6423
(16, 3)
6424
(15, 3)
6425
(15, 3)
6426
(15, 3)
6427
(15, 2)
6428
(15, 3)
6429
(15, 3)
6430
(15, 3)
6431
(16, 3)
6432
(15, 3)
6433
(15, 3)
6434
(15, 3)
6435
(15, 2)
6436
(16, 3)
6437
(16, 3)
6438
(16, 3)
6439
(15, 2)
6440
(16, 3)
6441
(16, 3)
6442
(15, 3)
6443
(16, 3)
6444
(16, 3)
6445
(15, 2)
6446
(15, 2)
6447
(16, 3)
6448
(16, 3)
6449
(16, 3)
6450
(15, 3)
6451
(16, 3)
6452
(16, 3)
6453
(16, 3)
6454
(15, 2)
6455
(16, 3)
6456
(16, 3)
6457
(16, 3)
6458
(16, 3)
6459
(15, 2)
6460
(16, 3)
6461
(15, 3)
6462
(15, 3)
6463
(15, 3)
6464
(15, 3)
6465
(15, 3)
6466
(15, 3)
6467
(15, 3)
6468
(16, 3)
6469
(16, 3)
6470
(16, 3)
6471
(15, 2)
6472
(15, 2)
6473
(16, 3)
6474
(16, 3)
6475
(16, 3)
6476
(16, 3)
6477
(16, 2)
6478
(16, 2)
6479
(16, 2)
6480
(15, 2)
6481
(16, 3)
6482
(16, 3)
6483
(16, 3)
6484
(16, 3)
6485
(15, 3)
6486
(15, 3)
6487
(15, 3)
6488
(15, 3)
6489
(15, 3)
6490
(15, 3)
6491
(15, 3)
6492
(15, 2)
6493
(15, 2)
6494
(15, 2)
6495
(16, 2)
6496
(16, 3)
6497
(16, 3)
6498
(16, 2)
6499
(16, 3)
6500
(16, 2)
defaultdict(<function <lambda> at 0x2b97725d6c80>, {(7, 3): 63, (1, 3): 26, (12, 1): 81, (9, 1): 150, (20, 3): 38, (14, 4): 36, (11, 2): 150, (10, 6): 28, (17, 3): 36, (16, 2): 77, (2, 1): 150, (15, 1): 150, (8, 9): 11, (6, 2): 150, (9, 4): 26, (17, 2): 68, (5, 1): 150, (15, 5): 31, (10, 3): 146, (7, 2): 150, (10, 4): 57, (1, 2): 152, (12, 2): 151, (8, 7): 28, (3, 3): 61, (14, 5): 27, (13, 3): 33, (8, 1): 150, (8, 5): 28, (16, 3): 109, (16, 4): 14, (8, 10): 13, (6, 3): 66, (14, 1): 150, (11, 1): 75, (19, 3): 43, (18, 2): 43, (2, 2): 150, (15, 4): 27, (8, 6): 15, (4, 1): 150, (1, 1): 150, (12, 3): 152, (3, 2): 150, (13, 2): 137, (8, 2): 104, (7, 1): 150, (15, 3): 98, (9, 3): 64, (20, 1): 3, (10, 5): 57, (17, 1): 98, (13, 6): 1, (19, 2): 29, (2, 3): 60, (10, 1): 150, (4, 2): 151, (14, 2): 65, (9, 6): 8, (5, 3): 68, (13, 1): 120, (8, 3): 153, (19, 1): 7, (18, 3): 39, (15, 2): 40, (16, 5): 14, (9, 2): 44, (20, 2): 21, (6, 1): 154, (3, 1): 151, (18, 1): 67, (11, 3): 25, (14, 6): 11, (16, 1): 150, (15, 6): 14, (8, 8): 14, (4, 3): 61, (14, 3): 150, (9, 5): 26, (8, 4): 27, (5, 2): 150, (11, 6): 1, (10, 2): 107})
6501
(16, 2)
6502
(16, 3)
6503
(16, 3)
6504
(16, 3)
6505
(16, 3)
6506
(16, 3)
6507
(16, 3)
6508
(16, 3)
6509
(16, 2)
6510
(16, 2)
6511
(16, 2)
6512
(16, 2)
6513
(16, 2)
6514
(17, 3)
6515
(16, 3)
6516
(16, 3)
6517
(17, 3)
6518
(16, 2)
6519
(16, 2)
6520
(15, 3)
6521
(15, 3)
6522
(15, 3)
6523
(15, 3)
6524
(15, 3)
6525
(15, 3)
6526
(15, 3)
6527
(16, 2)
6528
(16, 2)
6529
(16, 2)
6530
(16, 2)
6531
(16, 2)
6532
(16, 2)
6533
(16, 2)
6534
(16, 2)
6535
(17, 3)
6536
(17, 3)
6537
(17, 3)
6538
(16, 2)
6539
(17, 3)
6540
(15, 3)
6541
(15, 3)
6542
(15, 3)
6543
(15, 3)
6544
(15, 3)
6545
(15, 3)
6546
(15, 3)
6547
(16, 2)
6548
(16, 2)
6549
(16, 2)
6550
(16, 2)
6551
(16, 2)
6552
(16, 2)
6553
(17, 3)
6554
(17, 3)
6555
(17, 3)
6556
(16, 2)
6557
(17, 2)
6558
(17, 2)
6559
(16, 2)
6560
(16, 2)
6561
(16, 3)
6562
(16, 3)
6563
(16, 3)
6564
(17, 3)
6565
(16, 3)
6566
(16, 3)
6567
(16, 3)
6568
(16, 3)
6569
(16, 2)
6570
(16, 2)
6571
(17, 2)
6572
(16, 2)
6573
(16, 2)
6574
(16, 2)
6575
(16, 2)
6576
(17, 3)
6577
(17, 3)
6578
(17, 3)
6579
(17, 2)
6580
(17, 3)
6581
(16, 2)
6582
(16, 2)
6583
(16, 2)
6584
(17, 3)
6585
(17, 2)
6586
(17, 3)
6587
(17, 3)
6588
(15, 3)
6589
(15, 3)
6590
(15, 3)
6591
(17, 2)
6592
(17, 2)
6593
(18, 3)
6594
(17, 3)
6595
(17, 2)
6596
(17, 2)
6597
(17, 2)
6598
(16, 2)
6599
(18, 3)
6600
(17, 3)
6601
(18, 3)
6602
(17, 2)
6603
(17, 2)
6604
(16, 2)
6605
(15, 3)
6606
(15, 3)
6607
(15, 3)
6608
(15, 3)
6609
(15, 3)
6610
(15, 3)
6611
(15, 3)
6612
(17, 2)
6613
(17, 2)
6614
(17, 2)
6615
(17, 2)
6616
(17, 2)
6617
(18, 3)
6618
(18, 3)
6619
(18, 3)
6620
(17, 2)
6621
(17, 2)
6622
(16, 2)
6623
(16, 2)
6624
(17, 2)
6625
(18, 3)
6626
(18, 3)
6627
(18, 3)
6628
(17, 2)
6629
(18, 3)
6630
(17, 1)
6631
(17, 1)
6632
(17, 1)
6633
(17, 2)
6634
(16, 3)
6635
(16, 3)
6636
(16, 3)
6637
(16, 3)
6638
(16, 3)
6639
(16, 3)
6640
(16, 3)
6641
(17, 2)
6642
(17, 2)
6643
(17, 2)
6644
(18, 3)
6645
(18, 3)
6646
(18, 3)
6647
(18, 2)
6648
(18, 2)
6649
(18, 2)
6650
(17, 2)
6651
(18, 3)
6652
(17, 2)
6653
(17, 2)
6654
(17, 2)
6655
(17, 1)
6656
(17, 1)
6657
(17, 1)
6658
(17, 1)
6659
(17, 1)
6660
(17, 1)
6661
(18, 2)
6662
(17, 2)
6663
(17, 2)
6664
(17, 2)
6665
(18, 3)
6666
(18, 3)
6667
(18, 3)
6668
(18, 3)
6669
(18, 2)
6670
(18, 2)
6671
(17, 2)
6672
(17, 2)
6673
(18, 3)
6674
(18, 2)
6675
(18, 2)
6676
(18, 3)
6677
(17, 1)
6678
(17, 1)
6679
(17, 1)
6680
(15, 4)
6681
(17, 1)
6682
(17, 1)
6683
(15, 4)
6684
(15, 4)
6685
(17, 1)
6686
(17, 1)
6687
(17, 1)
6688
(17, 1)
6689
(15, 4)
6690
(15, 4)
6691
(15, 4)
6692
(15, 4)
6693
(17, 1)
6694
(18, 2)
6695
(18, 2)
6696
(18, 2)
6697
(19, 3)
6698
(18, 3)
6699
(18, 3)
6700
(18, 3)
6701
(18, 2)
6702
(18, 2)
6703
(18, 2)
6704
(17, 2)
6705
(17, 2)
6706
(17, 2)
6707
(18, 2)
6708
(18, 2)
6709
(19, 3)
6710
(18, 3)
6711
(18, 2)
6712
(17, 1)
6713
(17, 1)
6714
(15, 4)
6715
(15, 4)
6716
(15, 4)
6717
(17, 1)
6718
(17, 1)
6719
(17, 1)
6720
(17, 1)
6721
(15, 4)
6722
(15, 4)
6723
(15, 4)
6724
(15, 4)
6725
(17, 2)
6726
(17, 1)
6727
(18, 2)
6728
(17, 1)
6729
(18, 2)
6730
(17, 1)
6731
(19, 3)
6732
(19, 3)
6733
(19, 3)
6734
(19, 3)
6735
(19, 3)
6736
(19, 3)
6737
(18, 2)
6738
(18, 2)
6739
(18, 2)
6740
(18, 2)
6741
(17, 2)
6742
(17, 2)
6743
(17, 2)
6744
(17, 1)
6745
(17, 1)
6746
(18, 1)
6747
(18, 1)
6748
(16, 4)
6749
(16, 4)
6750
(16, 4)
6751
(17, 1)
6752
(17, 1)
6753
(17, 1)
6754
(17, 1)
6755
(17, 1)
6756
(17, 1)
6757
(17, 1)
6758
(17, 1)
6759
(17, 1)
6760
(17, 1)
6761
(17, 1)
6762
(17, 1)
6763
(17, 1)
6764
(16, 4)
6765
(16, 4)
6766
(16, 4)
6767
(16, 4)
6768
(18, 2)
6769
(17, 1)
6770
(17, 1)
6771
(18, 2)
6772
(18, 2)
6773
(18, 2)
6774
(19, 2)
6775
(19, 3)
6776
(19, 3)
6777
(19, 3)
6778
(19, 2)
6779
(19, 3)
6780
(18, 2)
6781
(18, 2)
6782
(18, 2)
6783
(18, 2)
6784
(18, 2)
6785
(18, 1)
6786
(18, 1)
6787
(18, 1)
6788
(18, 1)
6789
(17, 1)
6790
(17, 1)
6791
(17, 1)
6792
(17, 1)
6793
(17, 1)
6794
(18, 1)
6795
(17, 1)
6796
(17, 1)
6797
(18, 1)
6798
(19, 2)
6799
(18, 2)
6800
(18, 2)
6801
(19, 3)
6802
(19, 3)
6803
(19, 3)
6804
(19, 3)
6805
(19, 2)
6806
(19, 2)
6807
(18, 2)
6808
(18, 2)
6809
(18, 2)
6810
(19, 2)
6811
(19, 2)
6812
(19, 3)
6813
(19, 3)
6814
(19, 3)
6815
(18, 1)
6816
(18, 1)
6817
(18, 1)
6818
(18, 1)
6819
(18, 1)
6820
(18, 1)
6821
(19, 2)
6822
(19, 2)
6823
(19, 2)
6824
(19, 2)
6825
(18, 2)
6826
(20, 3)
6827
(19, 3)
6828
(19, 3)
6829
(19, 2)
6830
(20, 3)
6831
(19, 3)
6832
(19, 2)
6833
(15, 4)
6834
(15, 4)
6835
(15, 4)
6836
(15, 4)
6837
(15, 4)
6838
(15, 4)
6839
(15, 4)
6840
(20, 3)
6841
(19, 2)
6842
(19, 2)
6843
(20, 3)
6844
(20, 3)
6845
(18, 1)
6846
(18, 1)
6847
(18, 1)
6848
(18, 1)
6849
(18, 1)
6850
(18, 1)
6851
(18, 1)
6852
(18, 1)
6853
(18, 2)
6854
(18, 1)
6855
(18, 1)
6856
(19, 2)
6857
(19, 2)
6858
(19, 2)
6859
(19, 2)
6860
(19, 2)
6861
(15, 4)
6862
(15, 4)
6863
(15, 4)
6864
(19, 2)
6865
(15, 4)
6866
(15, 4)
6867
(15, 4)
6868
(15, 4)
6869
(18, 2)
6870
(18, 2)
6871
(18, 2)
6872
(19, 2)
6873
(19, 2)
6874
(20, 3)
6875
(20, 3)
6876
(20, 3)
6877
(19, 2)
6878
(19, 1)
6879
(19, 1)
6880
(19, 1)
6881
(19, 1)
6882
(18, 1)
6883
(18, 1)
6884
(18, 1)
6885
(18, 1)
6886
(18, 1)
6887
(18, 1)
6888
(18, 1)
6889
(18, 1)
6890
(18, 1)
6891
(18, 1)
6892
(18, 1)
6893
(18, 1)
6894
(18, 1)
6895
(18, 1)
6896
(18, 1)
6897
(18, 1)
6898
(18, 1)
6899
(18, 1)
6900
(16, 4)
6901
(16, 4)
6902
(16, 4)
6903
(16, 4)
6904
(16, 4)
6905
(16, 4)
6906
(16, 4)
6907
(20, 2)
6908
(20, 2)
6909
(20, 2)
6910
(20, 2)
6911
(15, 6)
6912
(19, 2)
6913
(19, 2)
6914
(19, 1)
6915
(19, 1)
6916
(19, 1)
6917
(20, 1)
6918
(19, 2)
6919
(19, 2)
6920
(20, 1)
6921
(20, 3)
6922
(19, 2)
6923
(19, 2)
6924
(19, 2)
6925
(20, 3)
6926
(20, 3)
6927
(19, 2)
6928
(18, 1)
6929
(18, 1)
6930
(18, 1)
6931
(18, 1)
6932
(18, 1)
6933
(18, 1)
6934
(18, 1)
6935
(18, 1)
6936
(18, 1)
6937
(19, 1)
6938
(19, 1)
6939
(19, 1)
6940
(18, 1)
6941
(18, 1)
6942
(18, 1)
6943
(18, 1)
6944
(18, 1)
6945
(19, 1)
6946
(18, 1)
6947
(18, 1)
6948
(18, 1)
6949
(18, 1)
6950
(18, 1)
6951
(18, 1)
6952
(18, 1)
6953
(18, 1)
6954
(19, 2)
6955
(19, 2)
6956
(20, 2)
6957
(20, 2)
6958
(20, 2)
6959
(20, 1)
6960
(20, 1)
6961
(20, 1)
6962
(18, 1)
6963
(18, 1)
6964
(18, 1)
6965
(20, 3)
6966
(16, 6)
6967
(16, 6)
6968
(16, 6)
6969
(20, 2)
6970
(20, 2)
6971
(20, 2)
6972
(16, 6)
6973
(16, 6)
6974
(16, 6)
6975
(16, 6)
6976
(19, 2)
6977
(19, 2)
6978
(21, 3)
6979
(21, 3)
6980
(21, 3)
6981
(20, 3)
6982
(20, 3)
6983
(20, 3)
6984
(20, 3)
6985
(20, 3)
6986
(20, 3)
6987
(20, 3)
6988
(19, 2)
6989
(19, 2)
6990
(20, 2)
6991
(19, 1)
6992
(19, 1)
6993
(18, 1)
6994
(18, 1)
6995
(18, 1)
6996
(18, 1)
6997
(18, 1)
6998
(19, 2)
6999
(20, 2)
7000
(20, 3)
defaultdict(<function <lambda> at 0x2b97725d6c80>, {(7, 3): 63, (1, 3): 26, (12, 1): 81, (9, 1): 150, (20, 3): 58, (16, 6): 7, (14, 4): 36, (11, 2): 150, (10, 6): 28, (17, 3): 55, (16, 2): 116, (2, 1): 150, (15, 1): 150, (8, 9): 11, (6, 2): 150, (9, 4): 26, (17, 2): 109, (5, 1): 150, (15, 5): 31, (10, 3): 146, (7, 2): 150, (10, 4): 57, (1, 2): 152, (12, 2): 151, (8, 7): 28, (3, 3): 61, (14, 5): 27, (13, 3): 33, (8, 1): 150, (8, 5): 28, (16, 3): 132, (16, 4): 28, (8, 10): 13, (6, 3): 66, (14, 1): 150, (11, 1): 75, (19, 3): 65, (18, 2): 85, (2, 2): 150, (15, 4): 55, (8, 6): 15, (4, 1): 150, (1, 1): 150, (12, 3): 152, (3, 2): 150, (13, 2): 137, (8, 2): 104, (7, 1): 150, (15, 3): 122, (9, 3): 64, (20, 1): 8, (10, 5): 57, (17, 1): 150, (13, 6): 1, (19, 2): 68, (2, 3): 60, (10, 1): 150, (4, 2): 151, (14, 2): 65, (9, 6): 8, (5, 3): 68, (13, 1): 120, (8, 3): 153, (19, 1): 20, (18, 3): 63, (15, 2): 40, (16, 5): 14, (9, 2): 44, (20, 2): 33, (6, 1): 154, (3, 1): 151, (18, 1): 139, (11, 3): 25, (14, 6): 11, (21, 3): 3, (16, 1): 150, (15, 6): 15, (8, 8): 14, (4, 3): 61, (14, 3): 150, (9, 5): 26, (8, 4): 27, (5, 2): 150, (11, 6): 1, (10, 2): 107})
7001
(20, 3)
7002
(20, 2)
7003
(20, 3)
7004
(19, 1)
7005
(20, 2)
7006
(19, 1)
7007
(19, 1)
7008
(19, 1)
7009
(19, 1)
7010
(19, 1)
7011
(20, 1)
7012
(20, 1)
7013
(20, 1)
7014
(20, 1)
7015
(20, 1)
7016
(20, 1)
7017
(18, 1)
7018
(18, 1)
7019
(21, 3)
7020
(20, 3)
7021
(21, 3)
7022
(20, 3)
7023
(21, 3)
7024
(20, 3)
7025
(20, 3)
7026
(20, 3)
7027
(19, 1)
7028
(20, 2)
7029
(20, 1)
7030
(19, 1)
7031
(19, 1)
7032
(19, 1)
7033
(19, 1)
7034
(18, 1)
7035
(18, 1)
7036
(18, 1)
7037
(18, 1)
7038
(18, 1)
7039
(20, 2)
7040
(18, 1)
7041
(18, 1)
7042
(20, 2)
7043
(15, 5)
7044
(15, 5)
7045
(15, 5)
7046
(20, 2)
7047
(20, 2)
7048
(15, 5)
7049
(15, 5)
7050
(15, 5)
7051
(15, 5)
7052
(19, 2)
7053
(19, 2)
7054
(19, 2)
7055
(19, 2)
7056
(20, 2)
7057
(20, 1)
7058
(20, 1)
7059
(18, 1)
7060
(18, 1)
7061
(20, 2)
7062
(20, 2)
7063
(20, 2)
7064
(19, 1)
7065
(19, 1)
7066
(19, 1)
7067
(19, 1)
7068
(19, 1)
7069
(19, 1)
7070
(19, 1)
7071
(19, 1)
7072
(19, 1)
7073
(19, 1)
7074
(19, 1)
7075
(19, 1)
7076
(19, 1)
7077
(19, 1)
7078
(15, 7)
7079
(15, 7)
7080
(15, 7)
7081
(15, 7)
7082
(15, 7)
7083
(15, 7)
7084
(15, 7)
7085
(19, 1)
7086
(19, 1)
7087
(19, 1)
7088
(19, 1)
7089
(19, 1)
7090
(15, 5)
7091
(15, 5)
7092
(15, 5)
7093
(21, 3)
7094
(21, 3)
7095
(21, 3)
7096
(15, 5)
7097
(15, 5)
7098
(15, 5)
7099
(15, 5)
7100
(20, 2)
7101
(20, 2)
7102
(20, 2)
7103
(20, 2)
7104
(20, 2)
7105
(20, 2)
7106
(21, 3)
7107
(20, 3)
7108
(20, 3)
7109
(20, 2)
7110
(21, 3)
7111
(21, 3)
7112
(21, 3)
7113
(20, 3)
7114
(20, 2)
7115
(21, 3)
7116
(20, 3)
7117
(20, 2)
7118
(21, 3)
7119
(20, 1)
7120
(20, 1)
7121
(20, 1)
7122
(20, 1)
7123
(20, 1)
7124
(20, 1)
7125
(20, 1)
7126
(20, 1)
7127
(20, 1)
7128
(21, 3)
7129
(21, 3)
7130
(21, 3)
7131
(21, 3)
7132
(21, 3)
7133
(21, 3)
7134
(20, 2)
7135
(20, 2)
7136
(21, 3)
7137
(21, 3)
7138
(21, 3)
7139
(21, 3)
7140
(19, 1)
7141
(19, 1)
7142
(16, 5)
7143
(16, 5)
7144
(16, 5)
7145
(16, 5)
7146
(16, 5)
7147
(16, 5)
7148
(16, 5)
7149
(19, 1)
7150
(19, 1)
7151
(19, 1)
7152
(19, 1)
7153
(19, 1)
7154
(20, 1)
7155
(20, 1)
7156
(20, 1)
7157
(20, 2)
7158
(20, 2)
7159
(20, 2)
7160
(20, 2)
7161
(20, 2)
7162
(20, 2)
7163
(19, 1)
7164
(20, 1)
7165
(20, 1)
7166
(20, 1)
7167
(19, 1)
7168
(19, 1)
7169
(19, 1)
7170
(19, 1)
7171
(19, 1)
7172
(19, 1)
7173
(19, 1)
7174
(19, 1)
7175
(21, 2)
7176
(21, 2)
7177
(21, 2)
7178
(20, 2)
7179
(19, 1)
7180
(19, 1)
7181
(20, 1)
7182
(20, 1)
7183
(20, 1)
7184
(19, 1)
7185
(19, 1)
7186
(19, 1)
7187
(19, 1)
7188
(19, 1)
7189
(19, 1)
7190
(19, 1)
7191
(19, 1)
7192
(19, 1)
7193
(19, 1)
7194
(19, 1)
7195
(19, 1)
7196
(20, 1)
7197
(20, 1)
7198
(15, 7)
7199
(15, 7)
7200
(15, 7)
7201
(15, 7)
7202
(15, 7)
7203
(15, 7)
7204
(15, 7)
7205
(20, 2)
7206
(20, 1)
7207
(20, 1)
7208
(19, 1)
7209
(20, 1)
7210
(19, 1)
7211
(19, 1)
7212
(19, 1)
7213
(19, 1)
7214
(21, 3)
7215
(21, 3)
7216
(21, 3)
7217
(21, 2)
7218
(21, 2)
7219
(20, 2)
7220
(20, 2)
7221
(19, 1)
7222
(19, 1)
7223
(19, 1)
7224
(21, 3)
7225
(21, 3)
7226
(21, 3)
7227
(21, 3)
7228
(21, 3)
7229
(21, 3)
7230
(20, 2)
7231
(20, 2)
7232
(20, 2)
7233
(21, 3)
7234
(21, 3)
7235
(21, 3)
7236
(21, 2)
7237
(21, 2)
7238
(21, 2)
7239
(19, 1)
7240
(19, 1)
7241
(19, 1)
7242
(20, 1)
7243
(20, 1)
7244
(19, 1)
7245
(19, 1)
7246
(19, 1)
7247
(19, 1)
7248
(19, 1)
7249
(19, 2)
7250
(19, 2)
7251
(19, 1)
7252
(19, 1)
7253
(19, 1)
7254
(19, 1)
7255
(19, 1)
7256
(19, 2)
7257
(19, 2)
7258
(19, 1)
7259
(19, 1)
7260
(19, 1)
7261
(19, 1)
7262
(19, 1)
7263
(19, 2)
7264
(19, 2)
7265
(21, 3)
7266
(21, 3)
7267
(21, 2)
7268
(21, 3)
7269
(21, 3)
7270
(20, 1)
7271
(20, 1)
7272
(20, 1)
7273
(20, 1)
7274
(20, 1)
7275
(20, 1)
7276
(20, 1)
7277
(20, 1)
7278
(20, 1)
7279
(20, 2)
7280
(19, 1)
7281
(20, 2)
7282
(20, 2)
7283
(20, 1)
7284
(20, 1)
7285
(20, 1)
7286
(21, 2)
7287
(21, 2)
7288
(21, 2)
7289
(21, 2)
7290
(21, 1)
7291
(19, 1)
7292
(21, 1)
7293
(21, 1)
7294
(21, 1)
7295
(19, 1)
7296
(21, 1)
7297
(21, 1)
7298
(21, 1)
7299
(20, 1)
7300
(20, 1)
7301
(21, 2)
7302
(20, 1)
7303
(20, 1)
7304
(20, 1)
7305
(20, 1)
7306
(21, 1)
7307
(20, 1)
7308
(19, 1)
7309
(19, 1)
7310
(19, 1)
7311
(19, 1)
7312
(19, 1)
7313
(21, 1)
7314
(21, 1)
7315
(20, 1)
7316
(19, 1)
7317
(19, 1)
7318
(19, 1)
7319
(19, 1)
7320
(19, 1)
7321
(20, 1)
7322
(19, 1)
7323
(19, 1)
7324
(19, 1)
7325
(19, 1)
7326
(19, 1)
7327
(20, 1)
7328
(20, 1)
7329
(20, 1)
7330
(21, 2)
7331
(21, 2)
7332
(22, 3)
7333
(22, 3)
7334
(21, 2)
7335
(21, 2)
7336
(22, 3)
7337
(22, 3)
7338
(21, 2)
7339
(21, 2)
7340
(22, 3)
7341
(22, 3)
7342
(16, 7)
7343
(16, 7)
7344
(16, 7)
7345
(16, 7)
7346
(16, 7)
7347
(16, 7)
7348
(16, 7)
7349
(20, 2)
7350
(20, 2)
7351
(20, 1)
7352
(20, 1)
7353
(20, 1)
7354
(21, 3)
7355
(21, 3)
7356
(21, 3)
7357
(21, 2)
7358
(21, 2)
7359
(21, 2)
7360
(21, 2)
7361
(20, 2)
7362
(20, 1)
7363
(20, 1)
7364
(19, 1)
7365
(20, 1)
7366
(19, 1)
7367
(21, 3)
7368
(21, 3)
7369
(21, 3)
7370
(15, 5)
7371
(15, 5)
7372
(15, 5)
7373
(19, 1)
7374
(15, 5)
7375
(15, 5)
7376
(15, 5)
7377
(15, 5)
7378
(21, 3)
7379
(21, 3)
7380
(21, 3)
7381
(21, 2)
7382
(21, 2)
7383
(20, 1)
7384
(20, 1)
7385
(20, 1)
7386
(21, 1)
7387
(21, 1)
7388
(21, 1)
7389
(20, 1)
7390
(20, 1)
7391
(20, 1)
7392
(20, 1)
7393
(20, 1)
7394
(20, 2)
7395
(20, 2)
7396
(20, 1)
7397
(20, 1)
7398
(20, 1)
7399
(20, 1)
7400
(20, 1)
7401
(20, 1)
7402
(20, 2)
7403
(20, 2)
7404
(20, 1)
7405
(20, 1)
7406
(20, 1)
7407
(20, 1)
7408
(20, 1)
7409
(20, 2)
7410
(20, 2)
7411
(20, 1)
7412
(21, 3)
7413
(21, 3)
7414
(21, 3)
7415
(21, 3)
7416
(21, 3)
7417
(19, 1)
7418
(19, 1)
7419
(19, 1)
7420
(19, 1)
7421
(19, 1)
7422
(19, 1)
7423
(19, 1)
7424
(19, 2)
7425
(19, 2)
7426
(19, 3)
7427
(19, 1)
7428
(19, 1)
7429
(19, 1)
7430
(19, 1)
7431
(19, 1)
7432
(19, 2)
7433
(19, 2)
7434
(22, 3)
7435
(22, 3)
7436
(22, 3)
7437
(21, 1)
7438
(19, 1)
7439
(19, 1)
7440
(19, 1)
7441
(15, 7)
7442
(21, 2)
7443
(21, 1)
7444
(21, 1)
7445
(19, 1)
7446
(15, 5)
7447
(15, 5)
7448
(15, 5)
7449
(15, 5)
7450
(15, 5)
7451
(15, 5)
7452
(21, 1)
7453
(21, 1)
7454
(21, 1)
7455
(21, 2)
7456
(21, 2)
7457
(21, 2)
7458
(21, 1)
7459
(20, 1)
7460
(19, 1)
7461
(19, 1)
7462
(19, 1)
7463
(19, 1)
7464
(19, 1)
7465
(19, 1)
7466
(19, 2)
7467
(19, 2)
7468
(19, 3)
7469
(21, 2)
7470
(21, 2)
7471
(21, 2)
7472
(21, 2)
7473
(21, 2)
7474
(21, 2)
7475
(21, 2)
7476
(21, 3)
7477
(21, 3)
7478
(21, 3)
7479
(15, 7)
7480
(15, 7)
7481
(15, 7)
7482
(20, 1)
7483
(20, 1)
7484
(21, 2)
7485
(20, 1)
7486
(15, 7)
7487
(15, 7)
7488
(15, 7)
7489
(15, 7)
7490
(20, 1)
7491
(16, 5)
7492
(16, 5)
7493
(16, 5)
7494
(19, 1)
7495
(16, 5)
7496
(19, 1)
7497
(16, 5)
7498
(16, 5)
7499
(16, 5)
7500
(19, 1)
defaultdict(<function <lambda> at 0x2b97725d6c80>, {(7, 3): 63, (12, 1): 81, (16, 6): 7, (14, 4): 36, (15, 1): 150, (8, 5): 28, (16, 3): 132, (17, 2): 109, (14, 1): 150, (19, 3): 67, (15, 4): 55, (1, 1): 150, (22, 3): 9, (3, 2): 150, (8, 2): 104, (9, 3): 64, (14, 2): 65, (3, 1): 151, (20, 3): 69, (21, 2): 38, (2, 1): 150, (8, 9): 11, (9, 4): 26, (5, 1): 150, (10, 3): 146, (7, 2): 150, (12, 2): 151, (14, 5): 27, (13, 3): 33, (7, 1): 150, (2, 2): 150, (8, 6): 15, (4, 1): 150, (10, 4): 57, (16, 4): 28, (17, 1): 150, (14, 6): 11, (13, 6): 1, (19, 2): 84, (15, 7): 22, (8, 3): 153, (9, 2): 44, (6, 1): 154, (11, 3): 25, (16, 1): 150, (14, 3): 150, (19, 1): 152, (1, 3): 26, (6, 2): 150, (18, 1): 150, (21, 1): 20, (8, 10): 13, (12, 3): 152, (13, 2): 137, (18, 2): 85, (15, 3): 122, (20, 1): 97, (2, 3): 60, (8, 7): 28, (4, 2): 151, (9, 6): 8, (5, 3): 68, (10, 5): 57, (16, 5): 28, (15, 6): 15, (8, 4): 27, (9, 1): 150, (11, 2): 150, (10, 6): 28, (16, 2): 116, (17, 3): 55, (15, 5): 58, (1, 2): 152, (3, 3): 61, (8, 1): 150, (6, 3): 66, (11, 1): 75, (16, 7): 7, (10, 1): 150, (13, 1): 120, (18, 3): 63, (15, 2): 40, (20, 2): 80, (21, 3): 58, (8, 8): 14, (4, 3): 61, (9, 5): 26, (5, 2): 150, (11, 6): 1, (10, 2): 107})
7501
(19, 1)
7502
(20, 1)
7503
(20, 1)
7504
(21, 2)
7505
(20, 1)
7506
(20, 1)
7507
(20, 1)
7508
(21, 2)
7509
(21, 3)
7510
(22, 3)
7511
(22, 3)
7512
(22, 3)
7513
(21, 3)
7514
(21, 3)
7515
(21, 3)
7516
(21, 3)
7517
(21, 3)
7518
(21, 1)
7519
(21, 2)
7520
(21, 2)
7521
(21, 2)
7522
(20, 1)
7523
(20, 1)
7524
(21, 1)
7525
(21, 1)
7526
(20, 1)
7527
(20, 1)
7528
(20, 1)
7529
(20, 1)
7530
(22, 3)
7531
(21, 3)
7532
(21, 2)
7533
(22, 3)
7534
(21, 3)
7535
(22, 3)
7536
(21, 3)
7537
(20, 1)
7538
(20, 1)
7539
(20, 1)
7540
(20, 1)
7541
(20, 1)
7542
(20, 1)
7543
(21, 1)
7544
(21, 1)
7545
(21, 1)
7546
(20, 1)
7547
(21, 1)
7548
(21, 1)
7549
(21, 1)
7550
(21, 1)
7551
(21, 1)
7552
(21, 1)
7553
(21, 2)
7554
(21, 2)
7555
(21, 2)
7556
(21, 2)
7557
(21, 2)
7558
(21, 2)
7559
(20, 1)
7560
(20, 1)
7561
(20, 1)
7562
(20, 1)
7563
(21, 1)
7564
(21, 1)
7565
(21, 1)
7566
(20, 1)
7567
(20, 1)
7568
(20, 1)
7569
(20, 1)
7570
(20, 1)
7571
(20, 1)
7572
(20, 1)
7573
(20, 1)
7574
(20, 1)
7575
(20, 1)
7576
(20, 1)
7577
(20, 1)
7578
(15, 7)
7579
(15, 7)
7580
(15, 7)
7581
(20, 1)
7582
(20, 1)
7583
(20, 1)
7584
(15, 7)
7585
(15, 7)
7586
(15, 7)
7587
(15, 7)
7588
(21, 2)
7589
(21, 2)
7590
(21, 2)
7591
(21, 1)
7592
(21, 1)
7593
(21, 1)
7594
(21, 1)
7595
(20, 1)
7596
(22, 3)
7597
(22, 3)
7598
(22, 2)
7599
(22, 2)
7600
(22, 3)
7601
(22, 3)
7602
(22, 2)
7603
(22, 2)
7604
(22, 3)
7605
(22, 3)
7606
(21, 1)
7607
(21, 1)
7608
(21, 1)
7609
(22, 2)
7610
(22, 2)
7611
(22, 2)
7612
(21, 1)
7613
(21, 1)
7614
(22, 3)
7615
(22, 3)
7616
(22, 3)
7617
(22, 3)
7618
(22, 3)
7619
(22, 3)
7620
(20, 1)
7621
(20, 1)
7622
(20, 1)
7623
(20, 1)
7624
(21, 1)
7625
(21, 1)
7626
(20, 1)
7627
(21, 2)
7628
(21, 1)
7629
(21, 1)
7630
(21, 1)
7631
(21, 1)
7632
(21, 1)
7633
(21, 2)
7634
(21, 2)
7635
(21, 2)
7636
(21, 1)
7637
(21, 1)
7638
(21, 1)
7639
(22, 3)
7640
(22, 3)
7641
(21, 1)
7642
(20, 1)
7643
(22, 2)
7644
(22, 2)
7645
(22, 2)
7646
(20, 1)
7647
(20, 1)
7648
(20, 1)
7649
(20, 1)
7650
(20, 1)
7651
(20, 2)
7652
(20, 2)
7653
(20, 3)
7654
(20, 1)
7655
(20, 1)
7656
(22, 3)
7657
(20, 1)
7658
(20, 1)
7659
(22, 3)
7660
(22, 3)
7661
(21, 2)
7662
(21, 1)
7663
(21, 1)
7664
(21, 1)
7665
(15, 6)
7666
(15, 6)
7667
(15, 6)
7668
(15, 6)
7669
(15, 6)
7670
(15, 6)
7671
(15, 6)
7672
(21, 1)
7673
(16, 7)
7674
(22, 2)
7675
(16, 7)
7676
(16, 7)
7677
(21, 1)
7678
(21, 1)
7679
(22, 2)
7680
(16, 7)
7681
(16, 7)
7682
(16, 7)
7683
(16, 7)
7684
(21, 1)
7685
(22, 2)
7686
(22, 2)
7687
(22, 2)
7688
(22, 1)
7689
(21, 2)
7690
(21, 2)
7691
(22, 1)
7692
(22, 1)
7693
(22, 3)
7694
(22, 3)
7695
(22, 3)
7696
(22, 2)
7697
(22, 2)
7698
(22, 3)
7699
(22, 2)
7700
(22, 2)
7701
(22, 3)
7702
(22, 2)
7703
(22, 2)
7704
(22, 3)
7705
(21, 1)
7706
(21, 1)
7707
(22, 2)
7708
(22, 2)
7709
(21, 1)
7710
(21, 1)
7711
(22, 3)
7712
(22, 3)
7713
(22, 3)
7714
(22, 3)
7715
(22, 3)
7716
(15, 6)
7717
(21, 1)
7718
(15, 6)
7719
(15, 6)
7720
(21, 1)
7721
(21, 1)
7722
(15, 6)
7723
(15, 6)
7724
(15, 6)
7725
(15, 6)
7726
(21, 1)
7727
(21, 1)
7728
(21, 1)
7729
(21, 1)
7730
(21, 1)
7731
(22, 2)
7732
(21, 1)
7733
(21, 1)
7734
(21, 1)
7735
(21, 1)
7736
(16, 6)
7737
(16, 6)
7738
(22, 2)
7739
(16, 6)
7740
(22, 2)
7741
(22, 2)
7742
(16, 6)
7743
(16, 6)
7744
(16, 6)
7745
(16, 6)
7746
(21, 1)
7747
(21, 1)
7748
(22, 1)
7749
(22, 1)
7750
(21, 2)
7751
(21, 2)
7752
(21, 2)
7753
(22, 2)
7754
(22, 2)
7755
(22, 2)
7756
(22, 2)
7757
(22, 1)
7758
(22, 1)
7759
(22, 1)
7760
(22, 1)
7761
(22, 1)
7762
(21, 1)
7763
(21, 1)
7764
(21, 1)
7765
(21, 1)
7766
(21, 1)
7767
(22, 2)
7768
(22, 2)
7769
(23, 3)
7770
(23, 3)
7771
(23, 3)
7772
(23, 3)
7773
(22, 2)
7774
(22, 2)
7775
(22, 2)
7776
(22, 2)
7777
(22, 2)
7778
(22, 2)
7779
(22, 2)
7780
(22, 2)
7781
(22, 1)
7782
(21, 1)
7783
(21, 1)
7784
(23, 3)
7785
(22, 3)
7786
(22, 2)
7787
(23, 3)
7788
(22, 3)
7789
(22, 2)
7790
(21, 1)
7791
(21, 1)
7792
(21, 1)
7793
(21, 1)
7794
(22, 1)
7795
(22, 1)
7796
(15, 8)
7797
(15, 8)
7798
(15, 8)
7799
(15, 8)
7800
(15, 8)
7801
(15, 8)
7802
(15, 8)
7803
(22, 2)
7804
(21, 1)
7805
(21, 1)
7806
(22, 1)
7807
(22, 1)
7808
(22, 2)
7809
(22, 1)
7810
(22, 1)
7811
(22, 1)
7812
(22, 2)
7813
(22, 1)
7814
(22, 1)
7815
(22, 1)
7816
(22, 2)
7817
(21, 1)
7818
(21, 1)
7819
(21, 1)
7820
(22, 1)
7821
(22, 2)
7822
(21, 1)
7823
(21, 1)
7824
(21, 1)
7825
(21, 1)
7826
(21, 1)
7827
(21, 1)
7828
(22, 1)
7829
(22, 1)
7830
(22, 1)
7831
(22, 1)
7832
(21, 1)
7833
(22, 2)
7834
(21, 1)
7835
(21, 1)
7836
(21, 1)
7837
(21, 1)
7838
(21, 1)
7839
(21, 1)
7840
(21, 1)
7841
(21, 1)
7842
(21, 1)
7843
(21, 1)
7844
(21, 1)
7845
(21, 1)
7846
(21, 1)
7847
(21, 1)
7848
(21, 1)
7849
(21, 1)
7850
(21, 1)
7851
(21, 2)
7852
(21, 2)
7853
(21, 1)
7854
(21, 1)
7855
(21, 1)
7856
(21, 1)
7857
(21, 1)
7858
(21, 2)
7859
(21, 2)
7860
(22, 1)
7861
(22, 1)
7862
(22, 1)
7863
(21, 1)
7864
(21, 1)
7865
(21, 1)
7866
(21, 1)
7867
(21, 1)
7868
(21, 2)
7869
(21, 2)
7870
(21, 1)
7871
(22, 1)
7872
(22, 1)
7873
(22, 2)
7874
(23, 2)
7875
(23, 2)
7876
(22, 2)
7877
(23, 2)
7878
(22, 2)
7879
(22, 2)
7880
(22, 2)
7881
(22, 2)
7882
(21, 1)
7883
(21, 1)
7884
(21, 1)
7885
(21, 1)
7886
(21, 1)
7887
(21, 1)
7888
(21, 1)
7889
(21, 1)
7890
(21, 1)
7891
(21, 2)
7892
(21, 2)
7893
(21, 3)
7894
(21, 1)
7895
(21, 1)
7896
(21, 1)
7897
(21, 1)
7898
(21, 1)
7899
(21, 2)
7900
(21, 2)
7901
(21, 3)
7902
(21, 1)
7903
(21, 1)
7904
(21, 1)
7905
(21, 1)
7906
(21, 1)
7907
(21, 2)
7908
(21, 2)
7909
(21, 3)
7910
(23, 2)
7911
(22, 1)
7912
(15, 8)
7913
(15, 8)
7914
(15, 8)
7915
(15, 8)
7916
(15, 8)
7917
(15, 8)
7918
(15, 8)
7919
(22, 1)
7920
(22, 1)
7921
(22, 1)
7922
(22, 1)
7923
(22, 1)
7924
(22, 1)
7925
(22, 1)
7926
(23, 2)
7927
(23, 2)
7928
(22, 1)
7929
(22, 1)
7930
(22, 2)
7931
(22, 2)
7932
(22, 1)
7933
(22, 1)
7934
(22, 1)
7935
(15, 7)
7936
(15, 7)
7937
(15, 7)
7938
(22, 1)
7939
(15, 7)
7940
(15, 7)
7941
(15, 7)
7942
(15, 7)
7943
(23, 2)
7944
(23, 2)
7945
(22, 1)
7946
(22, 1)
7947
(23, 2)
7948
(23, 2)
7949
(23, 2)
7950
(23, 2)
7951
(23, 2)
7952
(23, 2)
7953
(23, 2)
7954
(23, 2)
7955
(23, 2)
7956
(23, 2)
7957
(23, 2)
7958
(23, 2)
7959
(23, 2)
7960
(23, 2)
7961
(23, 2)
7962
(23, 2)
7963
(22, 2)
7964
(22, 2)
7965
(22, 2)
7966
(22, 2)
7967
(22, 2)
7968
(22, 2)
7969
(22, 2)
7970
(22, 2)
7971
(21, 2)
7972
(21, 2)
7973
(21, 2)
7974
(21, 2)
7975
(21, 2)
7976
(21, 2)
7977
(21, 2)
7978
(21, 2)
7979
(20, 2)
7980
(20, 2)
7981
(20, 2)
7982
(20, 2)
7983
(20, 2)
7984
(20, 2)
7985
(20, 2)
7986
(20, 2)
7987
(19, 2)
7988
(19, 2)
7989
(19, 2)
7990
(19, 2)
7991
(19, 2)
7992
(19, 2)
7993
(19, 2)
7994
(19, 2)
7995
(18, 2)
7996
(18, 2)
7997
(18, 2)
7998
(18, 2)
7999
(18, 2)
8000
(18, 2)
defaultdict(<function <lambda> at 0x2b97725d6c80>, {(7, 3): 63, (12, 1): 81, (16, 6): 14, (14, 4): 36, (15, 1): 150, (8, 5): 28, (16, 3): 132, (17, 2): 109, (14, 1): 150, (19, 3): 67, (15, 4): 55, (1, 1): 150, (22, 3): 45, (3, 2): 150, (8, 2): 104, (9, 3): 64, (14, 2): 65, (3, 1): 151, (20, 3): 70, (21, 2): 83, (2, 1): 150, (8, 9): 11, (23, 3): 6, (9, 4): 26, (5, 1): 150, (10, 3): 146, (7, 2): 150, (12, 2): 151, (14, 5): 27, (13, 3): 33, (7, 1): 150, (2, 2): 150, (8, 6): 15, (4, 1): 150, (10, 4): 57, (16, 4): 28, (17, 1): 150, (14, 6): 11, (13, 6): 1, (19, 2): 92, (15, 7): 36, (8, 3): 153, (9, 2): 44, (6, 1): 154, (11, 3): 25, (16, 1): 150, (14, 3): 150, (19, 1): 153, (1, 3): 26, (6, 2): 150, (18, 1): 150, (21, 1): 150, (8, 10): 13, (23, 2): 24, (12, 3): 152, (13, 2): 137, (18, 2): 91, (15, 3): 122, (20, 1): 150, (2, 3): 60, (8, 7): 28, (4, 2): 151, (9, 6): 8, (5, 3): 68, (10, 5): 57, (16, 5): 28, (15, 6): 29, (22, 1): 47, (8, 4): 27, (9, 1): 150, (11, 2): 150, (10, 6): 28, (16, 2): 116, (17, 3): 55, (15, 8): 14, (15, 5): 58, (1, 2): 152, (22, 2): 65, (3, 3): 61, (8, 1): 150, (6, 3): 66, (11, 1): 75, (16, 7): 14, (10, 1): 150, (13, 1): 120, (18, 3): 63, (15, 2): 40, (20, 2): 90, (21, 3): 70, (8, 8): 14, (4, 3): 61, (9, 5): 26, (5, 2): 150, (11, 6): 1, (10, 2): 107})
8001
(18, 2)
8002
(18, 2)
8003
(17, 2)
8004
(17, 2)
8005
(17, 2)
8006
(17, 2)
8007
(17, 2)
8008
(17, 2)
8009
(17, 2)
8010
(17, 2)
8011
(16, 2)
8012
(16, 2)
8013
(16, 2)
8014
(16, 2)
8015
(16, 2)
8016
(16, 3)
8017
(16, 3)
8018
(16, 3)
8019
(16, 3)
8020
(16, 3)
8021
(16, 2)
8022
(16, 2)
8023
(15, 3)
8024
(15, 3)
8025
(15, 3)
8026
(15, 3)
8027
(16, 2)
8028
(15, 2)
8029
(15, 3)
8030
(15, 3)
8031
(15, 3)
8032
(15, 3)
8033
(15, 3)
8034
(15, 3)
8035
(15, 3)
8036
(15, 3)
8037
(15, 3)
8038
(15, 3)
8039
(15, 3)
8040
(15, 3)
8041
(15, 2)
8042
(15, 2)
8043
(15, 3)
8044
(15, 3)
8045
(15, 3)
8046
(15, 3)
8047
(15, 3)
8048
(15, 3)
8049
(15, 3)
8050
(16, 3)
8051
(16, 2)
8052
(15, 2)
8053
(15, 3)
8054
(15, 3)
8055
(15, 2)
8056
(15, 2)
8057
(16, 3)
8058
(16, 2)
8059
(15, 2)
8060
(15, 3)
8061
(15, 3)
8062
(15, 2)
8063
(15, 2)
8064
(16, 3)
8065
(16, 2)
8066
(15, 3)
8067
(15, 3)
8068
(15, 3)
8069
(15, 3)
8070
(15, 3)
8071
(15, 2)
8072
(15, 2)
8073
(16, 2)
8074
(16, 3)
8075
(16, 2)
8076
(16, 2)
8077
(16, 2)
8078
(16, 3)
8079
(15, 2)
8080
(15, 2)
8081
(16, 2)
8082
(16, 3)
8083
(16, 2)
8084
(16, 2)
8085
(16, 2)
8086
(16, 3)
8087
(15, 2)
8088
(15, 2)
8089
(16, 2)
8090
(16, 2)
8091
(16, 2)
8092
(16, 2)
8093
(16, 2)
8094
(16, 2)
8095
(16, 2)
8096
(15, 2)
8097
(16, 2)
8098
(16, 2)
8099
(16, 2)
8100
(15, 2)
8101
(16, 2)
8102
(16, 2)
8103
(16, 2)
8104
(16, 2)
8105
(16, 2)
8106
(16, 2)
8107
(16, 3)
8108
(16, 3)
8109
(16, 3)
8110
(16, 3)
8111
(16, 3)
8112
(16, 3)
8113
(16, 3)
8114
(17, 2)
8115
(17, 2)
8116
(17, 2)
8117
(16, 3)
8118
(16, 3)
8119
(16, 3)
8120
(17, 2)
8121
(17, 2)
8122
(17, 2)
8123
(17, 2)
8124
(17, 2)
8125
(17, 2)
8126
(17, 2)
8127
(17, 2)
8128
(17, 2)
8129
(17, 2)
8130
(17, 2)
8131
(17, 2)
8132
(17, 2)
8133
(17, 2)
8134
(17, 2)
8135
(17, 2)
8136
(17, 2)
8137
(17, 2)
8138
(17, 2)
8139
(17, 2)
8140
(17, 2)
8141
(17, 2)
8142
(17, 2)
8143
(17, 2)
8144
(17, 2)
8145
(17, 2)
8146
(17, 2)
8147
(17, 2)
8148
(17, 2)
8149
(17, 2)
8150
(17, 2)
8151
(18, 2)
8152
(18, 2)
8153
(18, 2)
8154
(18, 2)
8155
(18, 2)
8156
(18, 2)
8157
(18, 2)
8158
(18, 2)
8159
(18, 2)
8160
(18, 2)
8161
(18, 2)
8162
(18, 2)
8163
(18, 2)
8164
(18, 2)
8165
(18, 2)
8166
(18, 2)
8167
(18, 2)
8168
(18, 2)
8169
(18, 2)
8170
(18, 2)
8171
(18, 2)
8172
(18, 2)
8173
(18, 2)
8174
(18, 2)
8175
(18, 2)
8176
(18, 2)
8177
(18, 2)
8178
(18, 2)
8179
(18, 2)
8180
(18, 2)
8181
(18, 2)
8182
(18, 2)
8183
(18, 2)
8184
(19, 2)
8185
(18, 2)
8186
(18, 2)
8187
(18, 2)
8188
(19, 2)
8189
(18, 2)
8190
(18, 2)
8191
(18, 2)
8192
(18, 2)
8193
(18, 2)
8194
(18, 2)
8195
(18, 2)
8196
(18, 2)
8197
(18, 2)
8198
(18, 2)
8199
(19, 2)
8200
(19, 2)
8201
(19, 2)
8202
(18, 2)
8203
(19, 2)
8204
(19, 2)
8205
(19, 2)
8206
(18, 2)
8207
(18, 2)
8208
(18, 2)
8209
(19, 2)
8210
(19, 2)
8211
(18, 2)
8212
(18, 2)
8213
(19, 2)
8214
(19, 2)
8215
(19, 2)
8216
(19, 2)
8217
(19, 2)
8218
(18, 2)
8219
(18, 2)
8220
(18, 2)
8221
(18, 2)
8222
(19, 2)
8223
(18, 2)
8224
(18, 2)
8225
(19, 2)
8226
(19, 2)
8227
(19, 2)
8228
(19, 2)
8229
(19, 2)
8230
(19, 2)
8231
(19, 2)
8232
(19, 2)
8233
(19, 2)
8234
(19, 2)
8235
(19, 2)
8236
(19, 2)
8237
(19, 2)
8238
(19, 2)
8239
(20, 2)
8240
(19, 2)
8241
(19, 2)
8242
(19, 2)
8243
(20, 2)
8244
(19, 2)
8245
(19, 2)
8246
(20, 2)
8247
(20, 2)
8248
(20, 2)
8249
(19, 2)
8250
(19, 2)
8251
(19, 2)
8252
(19, 2)
8253
(19, 2)
8254
(19, 2)
8255
(20, 2)
8256
(20, 2)
8257
(20, 2)
8258
(20, 2)
8259
(20, 2)
8260
(20, 2)
8261
(19, 2)
8262
(19, 2)
8263
(19, 2)
8264
(19, 2)
8265
(19, 2)
8266
(19, 2)
8267
(20, 2)
8268
(19, 2)
8269
(19, 2)
8270
(19, 2)
8271
(19, 2)
8272
(20, 2)
8273
(20, 2)
8274
(20, 2)
8275
(20, 2)
8276
(20, 2)
8277
(19, 2)
8278
(19, 2)
8279
(19, 2)
8280
(19, 2)
8281
(19, 2)
8282
(20, 2)
8283
(19, 2)
8284
(19, 2)
8285
(20, 2)
8286
(20, 2)
8287
(20, 2)
8288
(20, 2)
8289
(20, 2)
8290
(20, 2)
8291
(20, 2)
8292
(20, 2)
8293
(20, 2)
8294
(20, 2)
8295
(20, 2)
8296
(20, 2)
8297
(20, 2)
8298
(20, 2)
8299
(20, 2)
8300
(20, 2)
8301
(21, 2)
8302
(20, 2)
8303
(20, 2)
8304
(20, 2)
8305
(21, 2)
8306
(20, 2)
8307
(20, 2)
8308
(20, 2)
8309
(20, 2)
8310
(20, 2)
8311
(20, 2)
8312
(20, 2)
8313
(21, 2)
8314
(21, 2)
8315
(21, 2)
8316
(21, 2)
8317
(21, 2)
8318
(21, 2)
8319
(20, 2)
8320
(20, 2)
8321
(20, 2)
8322
(20, 2)
8323
(20, 2)
8324
(20, 2)
8325
(20, 2)
8326
(20, 2)
8327
(20, 2)
8328
(21, 2)
8329
(21, 2)
8330
(21, 2)
8331
(21, 2)
8332
(21, 2)
8333
(21, 2)
8334
(20, 2)
8335
(20, 2)
8336
(20, 2)
8337
(21, 2)
8338
(20, 2)
8339
(20, 2)
8340
(20, 2)
8341
(21, 2)
8342
(20, 2)
8343
(21, 2)
8344
(21, 2)
8345
(21, 2)
8346
(21, 2)
8347
(21, 2)
8348
(21, 2)
8349
(21, 2)
8350
(21, 2)
8351
(21, 2)
8352
(21, 2)
8353
(21, 2)
8354
(21, 2)
8355
(21, 2)
8356
(21, 2)
8357
(21, 2)
8358
(21, 2)
8359
(21, 2)
8360
(21, 2)
8361
(22, 2)
8362
(21, 2)
8363
(21, 2)
8364
(21, 2)
8365
(21, 2)
8366
(21, 2)
8367
(22, 2)
8368
(21, 2)
8369
(22, 2)
8370
(21, 2)
8371
(21, 2)
8372
(21, 2)
8373
(22, 2)
8374
(22, 2)
8375
(22, 2)
8376
(22, 2)
8377
(22, 2)
8378
(22, 2)
8379
(21, 2)
8380
(21, 2)
8381
(21, 2)
8382
(21, 2)
8383
(21, 2)
8384
(21, 2)
8385
(21, 2)
8386
(21, 2)
8387
(21, 2)
8388
(22, 2)
8389
(22, 2)
8390
(22, 2)
8391
(22, 2)
8392
(22, 2)
8393
(22, 2)
8394
(21, 2)
8395
(21, 2)
8396
(21, 2)
8397
(21, 2)
8398
(21, 2)
8399
(21, 2)
8400
(21, 2)
8401
(21, 2)
8402
(22, 2)
8403
(21, 2)
8404
(21, 2)
8405
(22, 2)
8406
(22, 2)
8407
(22, 2)
8408
(22, 2)
8409
(22, 2)
8410
(22, 2)
8411
(21, 2)
8412
(21, 2)
8413
(22, 2)
8414
(22, 2)
8415
(22, 2)
8416
(22, 2)
8417
(22, 2)
8418
(22, 2)
8419
(22, 2)
8420
(22, 2)
8421
(21, 2)
8422
(21, 2)
8423
(21, 2)
8424
(22, 2)
8425
(22, 2)
8426
(22, 2)
8427
(23, 2)
8428
(22, 2)
8429
(22, 2)
8430
(22, 2)
8431
(16, 8)
8432
(16, 8)
8433
(16, 8)
8434
(16, 8)
8435
(16, 8)
8436
(16, 8)
8437
(16, 8)
8438
(22, 2)
8439
(22, 1)
8440
(15, 7)
8441
(15, 7)
8442
(15, 7)
8443
(22, 1)
8444
(15, 7)
8445
(15, 7)
8446
(15, 7)
8447
(15, 7)
8448
(22, 1)
8449
(22, 2)
8450
(22, 2)
8451
(22, 1)
8452
(22, 2)
8453
(22, 2)
8454
(22, 2)
8455
(22, 1)
8456
(22, 1)
8457
(22, 1)
8458
(23, 2)
8459
(16, 7)
8460
(16, 7)
8461
(16, 7)
8462
(23, 2)
8463
(23, 2)
8464
(23, 2)
8465
(23, 2)
8466
(16, 7)
8467
(16, 7)
8468
(22, 1)
8469
(22, 1)
8470
(22, 1)
8471
(23, 1)
8472
(23, 2)
8473
(23, 2)
8474
(23, 2)
8475
(22, 2)
8476
(22, 2)
8477
(23, 1)
8478
(23, 2)
8479
(23, 2)
8480
(23, 2)
8481
(23, 2)
8482
(23, 2)
8483
(23, 2)
8484
(23, 2)
8485
(22, 1)
8486
(22, 2)
8487
(22, 2)
8488
(23, 2)
8489
(23, 2)
8490
(23, 2)
8491
(23, 2)
8492
(23, 2)
8493
(23, 2)
8494
(23, 2)
8495
(23, 2)
8496
(23, 2)
8497
(23, 2)
8498
(23, 3)
8499
(23, 3)
8500
(23, 3)
defaultdict(<function <lambda> at 0x2b97725d6c80>, {(7, 3): 63, (12, 1): 81, (16, 6): 14, (14, 4): 36, (15, 1): 150, (8, 5): 28, (16, 3): 154, (17, 2): 151, (14, 1): 150, (19, 3): 67, (15, 4): 55, (1, 1): 150, (22, 3): 45, (3, 2): 150, (8, 2): 104, (9, 3): 64, (14, 2): 65, (3, 1): 151, (20, 3): 70, (21, 2): 150, (2, 1): 150, (8, 9): 11, (23, 3): 9, (9, 4): 26, (5, 1): 150, (10, 3): 146, (7, 2): 150, (12, 2): 151, (14, 5): 27, (13, 3): 33, (7, 1): 150, (2, 2): 150, (8, 6): 15, (4, 1): 150, (10, 4): 57, (16, 4): 28, (17, 1): 150, (14, 6): 11, (13, 6): 1, (19, 2): 150, (15, 7): 43, (8, 3): 153, (9, 2): 44, (6, 1): 154, (11, 3): 25, (16, 1): 150, (14, 3): 150, (19, 1): 153, (1, 3): 26, (6, 2): 150, (18, 1): 150, (21, 1): 150, (8, 10): 13, (23, 2): 50, (12, 3): 152, (13, 2): 137, (18, 2): 151, (15, 3): 154, (20, 1): 150, (2, 3): 60, (8, 7): 28, (23, 1): 2, (4, 2): 151, (9, 6): 8, (5, 3): 68, (10, 5): 57, (16, 5): 28, (16, 8): 7, (15, 6): 29, (22, 1): 58, (8, 4): 27, (9, 1): 150, (11, 2): 150, (10, 6): 28, (16, 2): 151, (17, 3): 55, (15, 8): 14, (15, 5): 58, (1, 2): 152, (22, 2): 111, (3, 3): 61, (8, 1): 150, (6, 3): 66, (11, 1): 75, (16, 7): 19, (10, 1): 150, (13, 1): 120, (18, 3): 63, (15, 2): 57, (20, 2): 150, (21, 3): 70, (8, 8): 14, (4, 3): 61, (9, 5): 26, (5, 2): 150, (11, 6): 1, (10, 2): 107})
8501
(23, 3)
8502
(23, 3)
8503
(22, 3)
8504
(22, 3)
8505
(22, 3)
8506
(22, 3)
8507
(22, 3)
8508
(22, 3)
8509
(22, 3)
8510
(22, 2)
8511
(23, 3)
8512
(22, 3)
8513
(23, 2)
8514
(23, 2)
8515
(23, 2)
8516
(23, 2)
8517
(23, 2)
8518
(23, 2)
8519
(23, 2)
8520
(23, 2)
8521
(23, 2)
8522
(23, 2)
8523
(22, 2)
8524
(22, 2)
8525
(22, 1)
8526
(22, 1)
8527
(22, 2)
8528
(22, 1)
8529
(22, 1)
8530
(22, 1)
8531
(22, 2)
8532
(22, 2)
8533
(22, 2)
8534
(23, 2)
8535
(23, 2)
8536
(23, 2)
8537
(22, 2)
8538
(22, 2)
8539
(22, 2)
8540
(15, 9)
8541
(15, 9)
8542
(15, 9)
8543
(22, 2)
8544
(22, 1)
8545
(22, 1)
8546
(15, 9)
8547
(15, 9)
8548
(15, 9)
8549
(15, 9)
8550
(23, 1)
8551
(23, 1)
8552
(23, 1)
8553
(22, 1)
8554
(22, 1)
8555
(23, 1)
8556
(23, 1)
8557
(22, 1)
8558
(22, 1)
8559
(22, 1)
8560
(22, 1)
8561
(23, 2)
8562
(23, 1)
8563
(23, 1)
8564
(23, 1)
8565
(23, 1)
8566
(22, 2)
8567
(22, 2)
8568
(23, 1)
8569
(23, 1)
8570
(23, 2)
8571
(22, 2)
8572
(22, 2)
8573
(23, 1)
8574
(23, 1)
8575
(23, 1)
8576
(23, 2)
8577
(23, 2)
8578
(23, 2)
8579
(23, 2)
8580
(23, 2)
8581
(23, 2)
8582
(23, 2)
8583
(23, 2)
8584
(23, 2)
8585
(23, 2)
8586
(23, 2)
8587
(23, 2)
8588
(23, 2)
8589
(22, 2)
8590
(22, 2)
8591
(22, 2)
8592
(22, 2)
8593
(22, 2)
8594
(22, 2)
8595
(22, 2)
8596
(22, 2)
8597
(22, 2)
8598
(22, 2)
8599
(22, 2)
8600
(22, 2)
8601
(22, 2)
8602
(22, 2)
8603
(22, 2)
8604
(22, 2)
8605
(22, 2)
8606
(22, 2)
8607
(22, 2)
8608
(22, 2)
8609
(22, 2)
8610
(22, 2)
8611
(22, 2)
8612
(22, 2)
8613
(23, 2)
8614
(23, 2)
8615
(23, 2)
8616
(23, 1)
8617
(23, 1)
8618
(23, 2)
8619
(23, 2)
8620
(23, 2)
8621
(23, 2)
8622
(22, 1)
8623
(22, 1)
8624
(22, 1)
8625
(23, 1)
8626
(23, 1)
8627
(23, 1)
8628
(23, 1)
8629
(23, 2)
8630
(23, 2)
8631
(23, 2)
8632
(23, 2)
8633
(23, 2)
8634
(23, 2)
8635
(23, 2)
8636
(23, 2)
8637
(23, 2)
8638
(23, 1)
8639
(23, 1)
8640
(23, 1)
8641
(23, 2)
8642
(23, 2)
8643
(23, 2)
8644
(23, 2)
8645
(23, 1)
8646
(23, 1)
8647
(23, 1)
8648
(23, 2)
8649
(23, 2)
8650
(15, 9)
8651
(15, 9)
8652
(15, 9)
8653
(23, 1)
8654
(23, 1)
8655
(15, 9)
8656
(15, 9)
8657
(15, 9)
8658
(15, 9)
8659
(22, 1)
8660
(23, 1)
8661
(23, 1)
8662
(23, 1)
8663
(23, 1)
8664
(23, 1)
8665
(23, 1)
8666
(23, 1)
8667
(23, 1)
8668
(23, 1)
8669
(23, 1)
8670
(23, 1)
8671
(23, 1)
8672
(23, 2)
8673
(23, 2)
8674
(23, 2)
8675
(23, 2)
8676
(23, 2)
8677
(23, 2)
8678
(23, 2)
8679
(23, 2)
8680
(23, 2)
8681
(23, 2)
8682
(23, 2)
8683
(23, 2)
8684
(23, 1)
8685
(23, 1)
8686
(23, 1)
8687
(23, 1)
8688
(23, 2)
8689
(23, 2)
8690
(23, 1)
8691
(23, 1)
8692
(23, 1)
8693
(23, 1)
8694
(23, 2)
8695
(23, 2)
8696
(23, 1)
8697
(23, 2)
8698
(15, 7)
8699
(15, 7)
8700
(15, 7)
8701
(23, 1)
8702
(23, 1)
8703
(23, 1)
8704
(23, 1)
8705
(23, 2)
8706
(23, 2)
8707
(23, 2)
8708
(23, 2)
8709
(23, 2)
8710
(23, 2)
8711
(23, 2)
8712
(23, 2)
8713
(23, 2)
8714
(23, 2)
8715
(23, 2)
8716
(23, 2)
8717
(23, 2)
8718
(23, 2)
8719
(23, 2)
8720
(23, 2)
8721
(23, 2)
8722
(23, 2)
8723
(23, 2)
8724
(23, 2)
8725
(23, 2)
8726
(23, 1)
8727
(23, 1)
8728
(23, 1)
8729
(23, 1)
8730
(23, 2)
8731
(23, 2)
8732
(23, 2)
8733
(23, 1)
8734
(23, 1)
8735
(23, 1)
8736
(23, 1)
8737
(23, 2)
8738
(23, 2)
8739
(23, 2)
8740
(23, 2)
8741
(23, 2)
8742
(23, 2)
8743
(23, 2)
8744
(23, 3)
8745
(23, 3)
8746
(23, 3)
8747
(23, 3)
8748
(23, 3)
8749
(22, 3)
8750
(22, 3)
8751
(22, 3)
8752
(22, 3)
8753
(22, 3)
8754
(22, 3)
8755
(22, 3)
8756
(22, 3)
8757
(21, 3)
8758
(21, 3)
8759
(21, 3)
8760
(21, 3)
8761
(21, 3)
8762
(21, 3)
8763
(21, 3)
8764
(21, 3)
8765
(20, 3)
8766
(20, 3)
8767
(20, 3)
8768
(20, 3)
8769
(20, 3)
8770
(20, 3)
8771
(20, 3)
8772
(20, 3)
8773
(19, 3)
8774
(19, 3)
8775
(19, 3)
8776
(19, 3)
8777
(19, 3)
8778
(19, 3)
8779
(19, 3)
8780
(19, 3)
8781
(18, 3)
8782
(18, 3)
8783
(18, 3)
8784
(18, 3)
8785
(18, 3)
8786
(18, 3)
8787
(18, 3)
8788
(18, 3)
8789
(17, 3)
8790
(17, 3)
8791
(17, 3)
8792
(17, 3)
8793
(17, 3)
8794
(17, 3)
8795
(17, 3)
8796
(17, 3)
8797
(17, 3)
8798
(17, 3)
8799
(17, 3)
8800
(17, 3)
8801
(17, 3)
8802
(17, 3)
8803
(17, 3)
8804
(17, 3)
8805
(17, 3)
8806
(17, 3)
8807
(17, 3)
8808
(17, 3)
8809
(17, 3)
8810
(17, 3)
8811
(17, 3)
8812
(17, 3)
8813
(17, 3)
8814
(17, 3)
8815
(18, 3)
8816
(18, 3)
8817
(17, 3)
8818
(17, 3)
8819
(17, 3)
8820
(18, 3)
8821
(18, 3)
8822
(17, 3)
8823
(18, 3)
8824
(18, 3)
8825
(18, 3)
8826
(18, 3)
8827
(18, 3)
8828
(18, 3)
8829
(18, 3)
8830
(18, 3)
8831
(18, 3)
8832
(18, 3)
8833
(18, 3)
8834
(18, 3)
8835
(18, 3)
8836
(18, 3)
8837
(18, 3)
8838
(18, 3)
8839
(18, 3)
8840
(18, 3)
8841
(18, 3)
8842
(18, 3)
8843
(18, 3)
8844
(18, 3)
8845
(18, 3)
8846
(19, 3)
8847
(19, 3)
8848
(19, 3)
8849
(19, 3)
8850
(19, 3)
8851
(19, 3)
8852
(18, 3)
8853
(19, 3)
8854
(18, 3)
8855
(19, 3)
8856
(19, 3)
8857
(19, 3)
8858
(19, 3)
8859
(19, 3)
8860
(19, 3)
8861
(19, 3)
8862
(19, 3)
8863
(19, 3)
8864
(19, 3)
8865
(19, 3)
8866
(19, 3)
8867
(19, 3)
8868
(19, 3)
8869
(20, 3)
8870
(19, 3)
8871
(19, 3)
8872
(19, 3)
8873
(20, 3)
8874
(19, 3)
8875
(20, 3)
8876
(20, 3)
8877
(20, 3)
8878
(20, 3)
8879
(20, 3)
8880
(20, 3)
8881
(20, 3)
8882
(20, 3)
8883
(20, 3)
8884
(20, 3)
8885
(20, 3)
8886
(20, 3)
8887
(20, 3)
8888
(20, 3)
8889
(20, 3)
8890
(20, 3)
8891
(21, 3)
8892
(20, 3)
8893
(20, 3)
8894
(21, 3)
8895
(20, 3)
8896
(21, 3)
8897
(21, 3)
8898
(21, 3)
8899
(21, 3)
8900
(21, 3)
8901
(21, 3)
8902
(21, 3)
8903
(21, 3)
8904
(21, 3)
8905
(21, 3)
8906
(21, 3)
8907
(21, 3)
8908
(21, 3)
8909
(21, 3)
8910
(21, 3)
8911
(21, 3)
8912
(21, 3)
8913
(22, 3)
8914
(21, 3)
8915
(21, 3)
8916
(22, 3)
8917
(21, 3)
8918
(22, 3)
8919
(22, 3)
8920
(22, 3)
8921
(22, 3)
8922
(22, 3)
8923
(22, 3)
8924
(22, 3)
8925
(22, 3)
8926
(22, 3)
8927
(22, 3)
8928
(22, 3)
8929
(22, 3)
8930
(22, 3)
8931
(22, 3)
8932
(22, 3)
8933
(22, 3)
8934
(22, 3)
8935
(22, 3)
8936
(23, 3)
8937
(22, 3)
8938
(22, 3)
8939
(23, 2)
8940
(23, 2)
8941
(22, 1)
8942
(22, 1)
8943
(22, 1)
8944
(22, 1)
8945
(22, 1)
8946
(22, 1)
8947
(23, 1)
8948
(23, 1)
8949
(23, 1)
8950
(23, 1)
8951
(15, 7)
8952
(15, 7)
8953
(15, 7)
8954
(23, 1)
8955
(23, 1)
8956
(23, 1)
8957
(16, 9)
8958
(16, 9)
8959
(16, 9)
8960
(16, 9)
8961
(16, 9)
8962
(16, 9)
8963
(16, 9)
8964
(23, 1)
8965
(22, 1)
8966
(23, 1)
8967
(23, 1)
8968
(23, 1)
8969
(23, 1)
8970
(16, 7)
8971
(16, 7)
8972
(16, 7)
8973
(16, 7)
8974
(23, 1)
8975
(23, 1)
8976
(23, 1)
8977
(23, 1)
8978
(23, 1)
8979
(22, 1)
8980
(22, 1)
8981
(22, 1)
8982
(23, 1)
8983
(23, 1)
8984
(23, 1)
8985
(23, 1)
8986
(23, 1)
8987
(23, 1)
8988
(23, 1)
8989
(22, 1)
8990
(22, 1)
8991
(22, 1)
8992
(22, 1)
8993
(23, 1)
8994
(23, 1)
8995
(23, 1)
8996
(22, 1)
8997
(22, 1)
8998
(22, 1)
8999
(22, 1)
9000
(23, 1)
defaultdict(<function <lambda> at 0x2b97725d6c80>, {(7, 3): 63, (12, 1): 81, (16, 6): 14, (16, 9): 7, (14, 4): 36, (15, 1): 150, (8, 5): 28, (16, 3): 154, (17, 2): 151, (14, 1): 150, (19, 3): 100, (15, 4): 55, (1, 1): 150, (22, 3): 83, (3, 2): 150, (8, 2): 104, (9, 3): 64, (14, 2): 65, (3, 1): 151, (20, 3): 99, (21, 2): 150, (2, 1): 150, (8, 9): 11, (23, 3): 18, (9, 4): 26, (5, 1): 150, (10, 3): 146, (7, 2): 150, (12, 2): 151, (14, 5): 27, (13, 3): 33, (7, 1): 150, (2, 2): 150, (8, 6): 15, (4, 1): 150, (10, 4): 57, (16, 4): 28, (17, 1): 150, (14, 6): 11, (13, 6): 1, (19, 2): 150, (15, 7): 49, (8, 3): 153, (9, 2): 44, (6, 1): 154, (11, 3): 25, (16, 1): 150, (15, 9): 14, (14, 3): 150, (19, 1): 153, (1, 3): 26, (6, 2): 150, (18, 1): 150, (21, 1): 150, (8, 10): 13, (23, 2): 150, (12, 3): 152, (13, 2): 137, (18, 2): 151, (15, 3): 154, (20, 1): 150, (2, 3): 60, (8, 7): 28, (23, 1): 91, (4, 2): 151, (9, 6): 8, (5, 3): 68, (10, 5): 57, (16, 5): 28, (16, 8): 7, (15, 6): 29, (22, 1): 93, (8, 4): 27, (9, 1): 150, (11, 2): 150, (10, 6): 28, (16, 2): 151, (17, 3): 85, (15, 8): 14, (15, 5): 58, (1, 2): 152, (22, 2): 150, (3, 3): 61, (8, 1): 150, (6, 3): 66, (11, 1): 75, (16, 7): 23, (10, 1): 150, (13, 1): 120, (18, 3): 100, (15, 2): 57, (20, 2): 150, (21, 3): 100, (8, 8): 14, (4, 3): 61, (9, 5): 26, (5, 2): 150, (11, 6): 1, (10, 2): 107})
9001
(22, 1)
9002
(22, 1)
9003
(23, 1)
9004
(22, 1)
9005
(22, 1)
9006
(22, 1)
9007
(22, 1)
9008
(23, 1)
9009
(22, 1)
9010
(22, 1)
9011
(22, 1)
9012
(22, 1)
9013
(22, 1)
9014
(23, 1)
9015
(23, 1)
9016
(22, 1)
9017
(22, 1)
9018
(22, 1)
9019
(22, 1)
9020
(22, 1)
9021
(22, 1)
9022
(22, 1)
9023
(22, 1)
9024
(22, 1)
9025
(22, 1)
9026
(22, 1)
9027
(22, 1)
9028
(22, 1)
9029
(22, 1)
9030
(22, 1)
9031
(22, 1)
9032
(22, 1)
9033
(22, 1)
9034
(22, 1)
9035
(22, 1)
9036
(22, 1)
9037
(22, 1)
9038
(15, 10)
9039
(15, 10)
9040
(15, 10)
9041
(15, 10)
9042
(15, 10)
9043
(15, 10)
9044
(15, 10)
9045
(23, 1)
9046
(22, 1)
9047
(22, 1)
9048
(23, 1)
9049
(22, 1)
9050
(22, 1)
9051
(22, 1)
9052
(22, 1)
9053
(22, 1)
9054
(22, 1)
9055
(23, 1)
9056
(23, 1)
9057
(23, 1)
9058
(22, 1)
9059
(22, 1)
9060
(22, 1)
9061
(22, 1)
9062
(22, 1)
9063
(22, 1)
9064
(22, 1)
9065
(22, 1)
9066
(22, 1)
9067
(22, 1)
9068
(22, 1)
9069
(22, 1)
9070
(22, 1)
9071
(22, 1)
9072
(22, 1)
9073
(22, 1)
9074
(23, 1)
9075
(23, 1)
9076
(23, 1)
9077
(23, 1)
9078
(23, 1)
9079
(23, 1)
9080
(15, 10)
9081
(15, 10)
9082
(15, 10)
9083
(15, 10)
9084
(15, 10)
9085
(15, 10)
9086
(15, 10)
9087
(23, 1)
9088
(23, 1)
9089
(23, 1)
9090
(23, 1)
9091
(23, 1)
9092
(23, 1)
9093
(23, 1)
9094
(23, 1)
9095
(23, 1)
9096
(23, 1)
9097
(23, 1)
9098
(23, 1)
9099
(15, 8)
9100
(15, 8)
9101
(15, 8)
9102
(15, 8)
9103
(15, 8)
9104
(15, 8)
9105
(15, 8)
9106
(23, 1)
9107
(23, 1)
9108
(23, 1)
9109
(23, 1)
9110
(23, 1)
9111
(23, 1)
9112
(23, 1)
9113
(23, 1)
9114
(23, 1)
9115
(23, 1)
9116
(23, 1)
9117
(23, 1)
9118
(23, 1)
9119
(23, 1)
9120
(23, 1)
9121
(23, 1)
9122
(15, 8)
9123
(15, 8)
9124
(15, 8)
9125
(15, 8)
9126
(15, 8)
9127
(16, 10)
9128
(16, 10)
9129
(16, 10)
9130
(16, 10)
9131
(16, 10)
9132
(16, 10)
9133
(16, 10)
9134
(16, 8)
9135
(16, 8)
9136
(16, 8)
9137
(15, 9)
9138
(15, 9)
9139
(15, 9)
9140
(15, 9)
9141
(15, 9)
9142
(15, 9)
9143
(15, 9)
9144
(15, 9)
9145
(15, 9)
9146
(15, 9)
9147
(15, 9)
9148
(15, 9)
9149
(15, 9)
9150
(15, 9)
9151
(16, 9)
9152
(16, 9)
9153
(16, 9)
9154
(16, 9)
9155
(16, 9)
9156
(16, 9)
9157
(16, 9)
9158
(15, 10)
9159
(15, 10)
9160
(15, 10)
9161
(15, 10)
9162
(15, 10)
9163
(15, 10)
9164
(15, 10)
9165
(15, 10)
9166
(15, 10)
9167
(15, 10)
9168
(15, 10)
9169
(15, 10)
9170
(15, 10)
9171
(15, 10)
9172
(16, 10)
9173
(16, 10)
9174
(16, 10)
9175
(16, 10)
9176
(16, 10)
9177
(16, 10)
9178
(16, 10)
quitting, no novel node found
defaultdict(<function <lambda> at 0x2b97725d6c80>, {(7, 3): 63, (12, 1): 81, (16, 6): 14, (16, 9): 14, (14, 4): 36, (15, 1): 150, (8, 5): 28, (16, 3): 154, (17, 2): 151, (14, 1): 150, (19, 3): 100, (15, 4): 55, (1, 1): 150, (22, 3): 83, (3, 2): 150, (8, 2): 104, (9, 3): 64, (14, 2): 65, (3, 1): 151, (20, 3): 99, (21, 2): 150, (2, 1): 150, (8, 9): 11, (23, 3): 18, (9, 4): 26, (5, 1): 150, (10, 3): 146, (7, 2): 150, (12, 2): 151, (16, 10): 14, (14, 5): 27, (13, 3): 33, (7, 1): 150, (2, 2): 150, (8, 6): 15, (4, 1): 150, (10, 4): 57, (16, 4): 28, (17, 1): 150, (15, 10): 28, (14, 6): 11, (13, 6): 1, (19, 2): 150, (15, 7): 49, (8, 3): 153, (9, 2): 44, (6, 1): 154, (11, 3): 25, (16, 1): 150, (15, 9): 28, (14, 3): 150, (19, 1): 153, (1, 3): 26, (6, 2): 150, (18, 1): 150, (21, 1): 150, (8, 10): 13, (23, 2): 150, (12, 3): 152, (13, 2): 137, (18, 2): 151, (15, 3): 154, (20, 1): 150, (2, 3): 60, (8, 7): 28, (23, 1): 134, (4, 2): 151, (9, 6): 8, (5, 3): 68, (10, 5): 57, (16, 5): 28, (16, 8): 10, (15, 6): 29, (22, 1): 150, (8, 4): 27, (9, 1): 150, (11, 2): 150, (10, 6): 28, (16, 2): 151, (17, 3): 85, (15, 8): 26, (15, 5): 58, (1, 2): 152, (22, 2): 150, (3, 3): 61, (8, 1): 150, (6, 3): 66, (11, 1): 75, (16, 7): 23, (10, 1): 150, (13, 1): 120, (18, 3): 100, (15, 2): 57, (20, 2): 150, (21, 3): 100, (8, 8): 14, (4, 3): 61, (9, 5): 26, (5, 2): 150, (11, 6): 1, (10, 2): 107})
<__main__.Node instance at 0x2b97eef7c0e0>
183
9178
False
1351.560956
