STARTING!
step1
step2
step3
a
b
c
]0;IPython: eshnich/vgdl]0;IPython: eshnich/vgdladded self, <class 'ontology.Immovable'>
added self, <class 'ontology.Passive'>
added self, <class 'core.Resource'>
added parent, <class 'core.Resource'>
added self, <class 'ontology.ResourcePack'>
added self, <class 'ontology.Flicker'>
added self, <class 'ontology.Spreader'>
added self, <class 'ontology.SpriteProducer'>
added self, <class 'ontology.Portal'>
added self, <class 'ontology.SpawnPoint'>
added self, <class 'ontology.RandomNPC'>
added self, <class 'ontology.OrientedSprite'>
added self, <class 'ontology.Conveyor'>
added self, <class 'ontology.Missile'>
added self, <class 'ontology.OrientedFlicker'>
added self, <class 'ontology.Walker'>
added self, <class 'ontology.WalkJumper'>
added self, <class 'ontology.RandomInertial'>
added self, <class 'ontology.RandomMissile'>
added self, <class 'ontology.ErraticMissile'>
added self, <class 'ontology.Bomber'>
added self, <class 'ontology.Chaser'>
added self, <class 'ontology.Fleeing'>
added self, <class 'ontology.AStarChaser'>
added self, <class 'ontology.MovingAvatar'>
added self, <class 'ontology.HorizontalAvatar'>
added self, <class 'ontology.VerticalAvatar'>
added self, <class 'ontology.FlakAvatar'>
added self, <class 'ontology.OrientedAvatar'>
added parent, <class 'ontology.OrientedAvatar'>
added self, <class 'ontology.ShootAvatar'>
added parent, <class 'ontology.ShootAvatar'>
added self, <class 'ontology.AimedAvatar'>
added parent, <class 'ontology.AimedAvatar'>
added self, <class 'ontology.AimedFlakAvatar'>
<class 'ontology.OrientedAvatar'> already in tree.
added self, <class 'ontology.RotatingAvatar'>
added self, <class 'ontology.RotatingFlippingAvatar'>
added self, <class 'ontology.NoisyRotatingFlippingAvatar'>
<class 'ontology.ShootAvatar'> already in tree.
<class 'ontology.AimedAvatar'> already in tree.
<class 'ontology.AimedFlakAvatar'> already in tree.
added self, <class 'ontology.InertialAvatar'>
added self, <class 'ontology.MarioAvatar'>
step4
FINISHED IMPORTS
FINISHED SETTING VALUES
<module 'examples.continuousphysics.montezuma_medium' from 'examples/continuousphysics/montezuma_medium.pyc'>
max nodes 9223372036854775807
1
(11, 3)
2
(10, 3)
3
(10, 3)
4
(10, 3)
5
(10, 3)
6
(10, 3)
7
(10, 3)
8
(10, 3)
9
(10, 3)
10
(10, 3)
11
(10, 3)
12
(9, 3)
13
(9, 3)
14
(9, 3)
15
(9, 3)
16
(9, 3)
17
(9, 3)
18
(9, 3)
19
(9, 3)
20
(9, 3)
21
(9, 3)
22
(9, 3)
23
(9, 3)
24
(9, 3)
25
(9, 3)
26
(9, 2)
27
(8, 2)
28
(8, 2)
29
(8, 2)
30
(8, 2)
31
(8, 2)
32
(8, 2)
33
(8, 2)
34
(8, 2)
35
(8, 2)
36
(8, 2)
37
(7, 3)
38
(7, 3)
39
(7, 3)
40
(7, 3)
41
(7, 3)
42
(7, 3)
43
(7, 3)
44
(7, 3)
45
(7, 3)
46
(7, 3)
47
(7, 3)
48
(6, 3)
49
(6, 3)
50
(6, 3)
51
(6, 3)
52
(6, 3)
53
(6, 3)
54
(6, 3)
55
(6, 3)
56
(6, 3)
57
(6, 3)
58
(5, 3)
59
(6, 3)
60
(5, 3)
61
(5, 3)
62
(5, 3)
63
(5, 3)
64
(5, 3)
65
(5, 3)
66
(5, 3)
67
(5, 2)
68
(6, 3)
69
(5, 3)
70
(5, 3)
71
(5, 3)
72
(6, 3)
73
(5, 2)
74
(5, 3)
75
(5, 3)
76
(5, 3)
77
(6, 3)
78
(5, 3)
79
(5, 3)
80
(5, 3)
81
(6, 3)
82
(5, 2)
83
(5, 2)
84
(6, 3)
85
(6, 3)
86
(5, 3)
87
(6, 3)
88
(5, 2)
89
(6, 3)
90
(6, 3)
91
(6, 3)
92
(6, 3)
93
(6, 3)
94
(5, 2)
95
(5, 2)
96
(6, 3)
97
(6, 3)
98
(6, 3)
99
(6, 3)
100
(6, 3)
101
(5, 3)
102
(6, 3)
103
(5, 2)
104
(6, 3)
105
(6, 3)
106
(6, 3)
107
(5, 2)
108
(6, 3)
109
(5, 2)
110
(6, 2)
111
(6, 2)
112
(5, 2)
113
(4, 1)
114
(4, 1)
115
(4, 1)
116
(4, 1)
117
(4, 1)
118
(3, 2)
119
(3, 2)
120
(3, 2)
121
(3, 2)
122
(3, 3)
123
(3, 3)
124
(3, 3)
125
(3, 3)
126
(3, 3)
127
(2, 3)
128
(2, 3)
129
(2, 3)
130
(2, 3)
131
(2, 3)
132
(2, 3)
133
(2, 3)
134
(2, 3)
135
(2, 3)
136
(2, 3)
137
(2, 3)
138
(2, 3)
139
(2, 3)
140
(2, 3)
141
(2, 3)
142
(2, 3)
143
(2, 3)
144
(2, 3)
145
(2, 2)
146
(2, 3)
147
(2, 3)
148
(2, 3)
149
(2, 2)
150
(2, 2)
151
(2, 2)
152
(2, 2)
153
(2, 2)
154
(2, 2)
155
(2, 2)
156
(2, 2)
157
(2, 2)
158
(2, 2)
159
(2, 2)
160
(2, 2)
161
(2, 2)
162
(2, 2)
163
(2, 2)
164
(2, 2)
165
(2, 2)
166
(2, 2)
167
(2, 2)
168
(2, 2)
169
(2, 2)
170
(2, 2)
171
(2, 2)
172
(2, 2)
173
(2, 2)
174
(2, 2)
175
(2, 2)
176
(2, 2)
177
(2, 2)
178
(2, 3)
179
(2, 3)
180
(2, 2)
181
(2, 3)
182
(2, 3)
183
(2, 3)
184
(2, 3)
185
(2, 2)
186
(2, 2)
187
(2, 2)
188
(2, 2)
189
(2, 2)
190
(2, 2)
191
(2, 2)
192
(2, 2)
193
(2, 2)
194
(2, 2)
195
(2, 2)
196
(2, 2)
197
(2, 2)
198
(2, 3)
199
(2, 3)
200
(2, 3)
201
(2, 3)
202
(2, 2)
203
(2, 2)
204
(2, 2)
205
(2, 2)
206
(2, 2)
207
(2, 2)
208
(2, 2)
209
(2, 2)
210
(2, 2)
211
(2, 2)
212
(2, 2)
213
(2, 2)
214
(2, 2)
215
(2, 2)
216
(2, 2)
217
(2, 2)
218
(2, 2)
219
(2, 2)
220
(2, 2)
221
(2, 2)
222
(2, 2)
223
(2, 2)
224
(2, 3)
225
(2, 3)
226
(2, 3)
227
(2, 3)
228
(2, 3)
229
(2, 3)
230
(2, 3)
231
(2, 2)
232
(2, 2)
233
(2, 2)
234
(2, 2)
235
(2, 2)
236
(2, 3)
237
(2, 2)
238
(2, 2)
239
(2, 2)
240
(2, 2)
241
(2, 2)
242
(2, 2)
243
(2, 2)
244
(2, 2)
245
(2, 2)
246
(2, 3)
247
(2, 3)
248
(2, 3)
249
(2, 3)
250
(2, 2)
251
(2, 2)
252
(2, 2)
253
(1, 1)
254
(1, 1)
255
(1, 1)
256
(1, 1)
257
(1, 1)
258
(1, 1)
259
(1, 1)
260
(1, 1)
261
(1, 1)
262
(1, 1)
263
(1, 1)
264
(1, 1)
265
(2, 2)
266
(2, 2)
267
(2, 2)
268
(1, 2)
269
(1, 1)
270
(1, 1)
271
(1, 1)
272
(1, 1)
273
(1, 1)
274
(1, 1)
275
(1, 1)
276
(1, 1)
277
(2, 3)
278
(2, 3)
279
(2, 2)
280
(2, 2)
281
(2, 2)
282
(2, 1)
283
(1, 1)
284
(1, 1)
285
(1, 1)
286
(1, 1)
287
(1, 1)
288
(1, 1)
289
(1, 1)
290
(1, 1)
291
(1, 1)
292
(1, 1)
293
(1, 1)
294
(3, 3)
295
(2, 2)
296
(2, 2)
297
(2, 2)
298
(2, 2)
299
(2, 2)
300
(2, 2)
301
(2, 1)
302
(2, 1)
303
(2, 1)
304
(2, 2)
305
(2, 2)
306
(2, 2)
307
(2, 2)
308
(2, 2)
309
(2, 2)
310
(2, 2)
311
(2, 2)
312
(2, 2)
313
(2, 2)
314
(2, 2)
315
(2, 2)
316
(2, 2)
317
(2, 2)
318
(2, 1)
319
(2, 1)
320
(2, 1)
321
(2, 1)
322
(2, 1)
323
(2, 1)
324
(2, 1)
325
(2, 1)
326
(2, 1)
327
(2, 2)
328
(2, 2)
329
(2, 2)
330
(2, 2)
331
(2, 2)
332
(2, 1)
333
(2, 2)
334
(2, 2)
335
(3, 2)
336
(2, 2)
337
(2, 2)
338
(2, 2)
339
(2, 1)
340
(2, 2)
341
(2, 2)
342
(2, 2)
343
(3, 2)
344
(3, 2)
345
(2, 1)
346
(2, 1)
347
(2, 2)
348
(2, 2)
349
(2, 1)
350
(2, 2)
351
(2, 1)
352
(2, 1)
353
(2, 1)
354
(2, 2)
355
(2, 1)
356
(2, 1)
357
(2, 1)
358
(2, 1)
359
(2, 1)
360
(2, 1)
361
(2, 1)
362
(2, 2)
363
(2, 2)
364
(2, 1)
365
(2, 1)
366
(2, 1)
367
(2, 1)
368
(2, 1)
369
(2, 1)
370
(2, 1)
371
(2, 2)
372
(2, 1)
373
(2, 1)
374
(2, 1)
375
(2, 1)
376
(2, 1)
377
(2, 1)
378
(2, 1)
379
(2, 2)
380
(2, 2)
381
(2, 2)
382
(2, 2)
383
(2, 2)
384
(2, 1)
385
(2, 1)
386
(2, 2)
387
(2, 1)
388
(2, 2)
389
(2, 2)
390
(2, 2)
391
(2, 2)
392
(2, 1)
393
(2, 1)
394
(2, 1)
395
(2, 1)
396
(2, 1)
397
(2, 1)
398
(2, 2)
399
(2, 2)
400
(2, 2)
401
(2, 1)
402
(2, 1)
403
(2, 1)
404
(2, 1)
405
(2, 1)
406
(2, 1)
407
(2, 1)
408
(2, 1)
409
(2, 2)
410
(2, 2)
411
(2, 2)
412
(2, 1)
413
(2, 1)
414
(2, 1)
415
(2, 1)
416
(2, 1)
417
(2, 1)
418
(2, 2)
419
(2, 2)
420
(2, 2)
421
(3, 2)
422
(2, 2)
423
(3, 2)
424
(3, 2)
425
(2, 2)
426
(3, 2)
427
(3, 2)
428
(3, 2)
429
(3, 2)
430
(3, 2)
431
(3, 2)
432
(3, 2)
433
(3, 2)
434
(3, 2)
435
(3, 1)
436
(3, 2)
437
(3, 2)
438
(3, 1)
439
(3, 1)
440
(3, 1)
441
(3, 1)
442
(3, 1)
443
(4, 1)
444
(4, 1)
445
(4, 1)
446
(4, 1)
447
(3, 1)
448
(3, 3)
449
(3, 3)
450
(3, 3)
451
(3, 3)
452
(3, 3)
453
(4, 1)
454
(4, 1)
455
(4, 1)
456
(4, 1)
457
(3, 2)
458
(3, 3)
459
(3, 3)
460
(3, 3)
461
(3, 3)
462
(3, 3)
463
(3, 2)
464
(3, 2)
465
(3, 3)
466
(3, 3)
467
(3, 3)
468
(3, 2)
469
(3, 2)
470
(3, 2)
471
(3, 3)
472
(3, 3)
473
(3, 3)
474
(3, 3)
475
(3, 2)
476
(3, 2)
477
(3, 2)
478
(3, 2)
479
(3, 3)
480
(3, 3)
481
(3, 3)
482
(3, 3)
483
(3, 3)
484
(3, 3)
485
(3, 3)
486
(3, 2)
487
(3, 2)
488
(3, 2)
489
(2, 1)
490
(2, 1)
491
(2, 1)
492
(2, 1)
493
(2, 1)
494
(2, 1)
495
(1, 1)
496
(1, 1)
497
(1, 1)
498
(1, 1)
499
(1, 1)
500
(3, 2)
defaultdict(<function <lambda> at 0x2b0b241e32a8>, {(1, 2): 1, (7, 3): 11, (3, 2): 35, (4, 1): 13, (3, 1): 7, (8, 2): 10, (9, 2): 1, (5, 2): 11, (9, 3): 14, (11, 3): 1, (2, 1): 71, (6, 3): 33, (6, 2): 2, (2, 3): 45, (2, 2): 150, (3, 3): 30, (10, 3): 10, (1, 1): 36, (5, 3): 19})
501
(3, 2)
502
(3, 2)
503
(3, 3)
504
(3, 3)
505
(3, 3)
506
(3, 2)
507
(3, 2)
508
(3, 2)
509
(3, 1)
510
(2, 1)
511
(2, 1)
512
(2, 1)
513
(2, 1)
514
(2, 1)
515
(2, 1)
516
(1, 1)
517
(1, 1)
518
(1, 1)
519
(1, 1)
520
(4, 3)
521
(4, 3)
522
(3, 3)
523
(3, 2)
524
(3, 2)
525
(3, 2)
526
(3, 2)
527
(2, 1)
528
(2, 1)
529
(2, 1)
530
(2, 1)
531
(2, 1)
532
(4, 3)
533
(4, 3)
534
(4, 3)
535
(4, 3)
536
(4, 3)
537
(4, 3)
538
(4, 3)
539
(4, 3)
540
(4, 3)
541
(3, 2)
542
(3, 2)
543
(4, 3)
544
(4, 3)
545
(4, 3)
546
(4, 1)
547
(3, 2)
548
(4, 3)
549
(4, 1)
550
(4, 3)
551
(4, 3)
552
(4, 2)
553
(4, 3)
554
(4, 3)
555
(4, 2)
556
(4, 3)
557
(4, 3)
558
(4, 3)
559
(4, 3)
560
(4, 3)
561
(4, 3)
562
(4, 3)
563
(4, 3)
564
(4, 2)
565
(3, 2)
566
(4, 3)
567
(4, 3)
568
(4, 3)
569
(4, 3)
570
(4, 3)
571
(4, 2)
572
(4, 2)
573
(5, 2)
574
(5, 2)
575
(5, 2)
576
(5, 2)
577
(4, 3)
578
(5, 3)
579
(5, 3)
580
(5, 3)
581
(3, 2)
582
(3, 2)
583
(4, 1)
584
(3, 2)
585
(4, 3)
586
(4, 3)
587
(4, 3)
588
(4, 3)
589
(4, 3)
590
(4, 3)
591
(4, 3)
592
(4, 3)
593
(4, 3)
594
(4, 3)
595
(4, 3)
596
(4, 3)
597
(3, 2)
598
(3, 2)
599
(4, 3)
600
(4, 2)
601
(3, 2)
602
(4, 3)
603
(4, 3)
604
(4, 3)
605
(4, 3)
606
(4, 3)
607
(4, 1)
608
(4, 2)
609
(3, 2)
610
(3, 2)
611
(4, 2)
612
(4, 3)
613
(4, 3)
614
(4, 3)
615
(4, 3)
616
(4, 3)
617
(3, 2)
618
(3, 2)
619
(3, 2)
620
(4, 2)
621
(4, 1)
622
(4, 3)
623
(4, 3)
624
(4, 3)
625
(4, 3)
626
(4, 3)
627
(4, 2)
628
(3, 2)
629
(3, 2)
630
(3, 1)
631
(3, 1)
632
(4, 3)
633
(4, 3)
634
(4, 3)
635
(4, 3)
636
(4, 3)
637
(4, 1)
638
(3, 1)
639
(3, 1)
640
(5, 1)
641
(5, 1)
642
(3, 1)
643
(3, 1)
644
(4, 1)
645
(3, 1)
646
(3, 1)
647
(4, 3)
648
(4, 3)
649
(4, 3)
650
(4, 3)
651
(4, 3)
652
(4, 3)
653
(4, 3)
654
(4, 3)
655
(3, 1)
656
(3, 1)
657
(3, 1)
658
(3, 1)
659
(3, 1)
660
(3, 1)
661
(3, 2)
662
(3, 2)
663
(3, 2)
664
(3, 3)
665
(3, 1)
666
(3, 1)
667
(3, 1)
668
(3, 1)
669
(3, 1)
670
(3, 1)
671
(3, 2)
672
(3, 2)
673
(3, 2)
674
(3, 3)
675
(4, 3)
676
(4, 3)
677
(3, 2)
678
(3, 2)
679
(5, 2)
680
(5, 2)
681
(3, 1)
682
(3, 1)
683
(4, 1)
684
(5, 2)
685
(5, 2)
686
(5, 2)
687
(5, 3)
688
(5, 2)
689
(5, 3)
690
(5, 2)
691
(5, 3)
692
(5, 2)
693
(4, 1)
694
(4, 1)
695
(4, 1)
696
(4, 1)
697
(4, 1)
698
(4, 1)
699
(4, 1)
700
(4, 1)
701
(4, 2)
702
(4, 2)
703
(4, 2)
704
(4, 3)
705
(4, 3)
706
(4, 3)
707
(4, 4)
708
(4, 1)
709
(4, 1)
710
(4, 1)
711
(4, 1)
712
(4, 1)
713
(4, 1)
714
(4, 2)
715
(4, 2)
716
(4, 2)
717
(4, 3)
718
(4, 3)
719
(4, 3)
720
(4, 4)
721
(4, 2)
722
(4, 4)
723
(4, 4)
724
(4, 4)
725
(4, 4)
726
(4, 4)
727
(4, 2)
728
(3, 2)
729
(4, 2)
730
(5, 3)
731
(5, 3)
732
(5, 3)
733
(4, 3)
734
(4, 3)
735
(4, 3)
736
(4, 3)
737
(4, 3)
738
(4, 4)
739
(4, 4)
740
(4, 4)
741
(4, 4)
742
(4, 4)
743
(4, 2)
744
(4, 2)
745
(4, 2)
746
(4, 4)
747
(4, 4)
748
(4, 4)
749
(4, 4)
750
(4, 4)
751
(4, 4)
752
(4, 4)
753
(4, 4)
754
(4, 4)
755
(4, 4)
756
(4, 4)
757
(4, 4)
758
(4, 4)
759
(4, 4)
760
(4, 4)
761
(4, 2)
762
(4, 2)
763
(4, 5)
764
(4, 5)
765
(4, 2)
766
(6, 3)
767
(6, 3)
768
(6, 3)
769
(4, 4)
770
(4, 4)
771
(4, 4)
772
(4, 4)
773
(4, 4)
774
(4, 4)
775
(4, 4)
776
(4, 4)
777
(4, 4)
778
(4, 4)
779
(5, 3)
780
(5, 3)
781
(5, 3)
782
(4, 1)
783
(4, 1)
784
(4, 4)
785
(4, 4)
786
(4, 4)
787
(4, 4)
788
(4, 4)
789
(4, 1)
790
(4, 1)
791
(4, 1)
792
(4, 4)
793
(4, 4)
794
(4, 4)
795
(4, 4)
796
(4, 4)
797
(5, 1)
798
(4, 5)
799
(4, 5)
800
(4, 1)
801
(4, 1)
802
(4, 5)
803
(4, 5)
804
(4, 5)
805
(4, 5)
806
(4, 5)
807
(5, 1)
808
(5, 1)
809
(5, 1)
810
(4, 5)
811
(4, 5)
812
(4, 5)
813
(4, 5)
814
(4, 5)
815
(5, 1)
816
(5, 1)
817
(5, 1)
818
(5, 2)
819
(5, 2)
820
(5, 2)
821
(5, 2)
822
(5, 2)
823
(6, 2)
824
(6, 3)
825
(5, 2)
826
(6, 2)
827
(6, 3)
828
(5, 2)
829
(6, 2)
830
(6, 3)
831
(6, 4)
832
(6, 4)
833
(6, 4)
834
(4, 5)
835
(4, 5)
836
(4, 5)
837
(4, 5)
838
(4, 5)
839
(4, 5)
840
(4, 5)
841
(4, 5)
842
(4, 5)
843
(5, 2)
844
(4, 1)
845
(4, 1)
846
(4, 1)
847
(4, 1)
848
(4, 1)
849
(3, 2)
850
(3, 2)
851
(3, 2)
852
(3, 2)
853
(5, 2)
854
(4, 1)
855
(4, 1)
856
(4, 1)
857
(4, 1)
858
(4, 1)
859
(3, 2)
860
(3, 2)
861
(3, 2)
862
(3, 2)
863
(5, 2)
864
(5, 2)
865
(5, 3)
866
(5, 3)
867
(5, 3)
868
(6, 3)
869
(5, 2)
870
(6, 3)
871
(6, 3)
872
(6, 3)
873
(6, 3)
874
(4, 5)
875
(4, 5)
876
(4, 5)
877
(4, 5)
878
(4, 5)
879
(6, 2)
880
(6, 2)
881
(4, 6)
882
(4, 6)
883
(5, 3)
884
(5, 3)
885
(5, 3)
886
(5, 3)
887
(5, 3)
888
(5, 2)
889
(5, 2)
890
(6, 3)
891
(6, 3)
892
(6, 3)
893
(6, 3)
894
(5, 2)
895
(5, 2)
896
(6, 2)
897
(6, 2)
898
(6, 2)
899
(6, 3)
900
(6, 2)
901
(6, 3)
902
(6, 3)
903
(6, 2)
904
(6, 3)
905
(6, 3)
906
(6, 3)
907
(6, 3)
908
(6, 3)
909
(5, 2)
910
(5, 1)
911
(5, 1)
912
(4, 1)
913
(4, 1)
914
(4, 1)
915
(4, 2)
916
(4, 2)
917
(3, 2)
918
(3, 2)
919
(3, 3)
920
(5, 2)
921
(5, 1)
922
(5, 1)
923
(4, 1)
924
(4, 1)
925
(4, 1)
926
(4, 2)
927
(4, 2)
928
(3, 2)
929
(3, 2)
930
(3, 3)
931
(6, 2)
932
(7, 3)
933
(6, 3)
934
(7, 3)
935
(5, 2)
936
(5, 2)
937
(5, 2)
938
(6, 2)
939
(6, 2)
940
(6, 2)
941
(6, 2)
942
(5, 2)
943
(5, 1)
944
(5, 1)
945
(5, 1)
946
(4, 1)
947
(4, 1)
948
(4, 2)
949
(4, 2)
950
(4, 2)
951
(3, 2)
952
(3, 3)
953
(5, 2)
954
(5, 1)
955
(5, 1)
956
(5, 1)
957
(4, 1)
958
(4, 1)
959
(4, 2)
960
(4, 2)
961
(4, 2)
962
(3, 2)
963
(3, 3)
964
(5, 2)
965
(5, 1)
966
(5, 1)
967
(5, 1)
968
(4, 1)
969
(4, 1)
970
(4, 2)
971
(4, 2)
972
(4, 2)
973
(3, 2)
974
(3, 3)
975
(6, 2)
976
(5, 3)
977
(4, 5)
978
(4, 5)
979
(4, 5)
980
(5, 3)
981
(5, 3)
982
(4, 5)
983
(4, 5)
984
(5, 3)
985
(6, 2)
986
(6, 2)
987
(6, 2)
988
(6, 2)
989
(6, 2)
990
(6, 2)
991
(6, 2)
992
(5, 3)
993
(5, 3)
994
(5, 3)
995
(5, 3)
996
(5, 3)
997
(6, 2)
998
(6, 2)
999
(5, 2)
1000
(5, 2)
defaultdict(<function <lambda> at 0x2b0b241e32a8>, {(7, 3): 13, (2, 1): 82, (6, 2): 27, (5, 1): 22, (10, 3): 10, (1, 2): 1, (3, 3): 41, (4, 4): 47, (6, 3): 57, (2, 2): 150, (4, 1): 64, (1, 1): 40, (6, 4): 3, (3, 2): 85, (8, 2): 10, (4, 5): 33, (9, 3): 14, (2, 3): 45, (4, 2): 38, (5, 3): 48, (4, 6): 2, (9, 2): 1, (3, 1): 30, (11, 3): 1, (4, 3): 87, (5, 2): 49})
1001
(6, 2)
1002
(6, 2)
1003
(5, 1)
1004
(5, 1)
1005
(5, 1)
1006
(5, 1)
1007
(5, 1)
1008
(4, 2)
1009
(4, 2)
1010
(4, 2)
1011
(4, 2)
1012
(7, 3)
1013
(7, 3)
1014
(7, 3)
1015
(6, 2)
1016
(5, 1)
1017
(5, 1)
1018
(5, 1)
1019
(5, 1)
1020
(5, 1)
1021
(4, 2)
1022
(4, 2)
1023
(4, 2)
1024
(4, 2)
1025
(6, 2)
1026
(5, 1)
1027
(5, 1)
1028
(5, 1)
1029
(5, 1)
1030
(5, 1)
1031
(4, 2)
1032
(4, 2)
1033
(4, 2)
1034
(4, 2)
1035
(7, 3)
1036
(7, 3)
1037
(7, 3)
1038
(7, 3)
1039
(5, 1)
1040
(7, 3)
1041
(7, 3)
1042
(6, 3)
1043
(6, 3)
1044
(6, 3)
1045
(6, 3)
1046
(6, 2)
1047
(5, 1)
1048
(5, 1)
1049
(5, 1)
1050
(4, 1)
1051
(4, 1)
1052
(4, 1)
1053
(4, 1)
1054
(4, 1)
1055
(3, 2)
1056
(3, 2)
1057
(3, 2)
1058
(3, 3)
1059
(6, 2)
1060
(6, 2)
1061
(6, 2)
1062
(6, 2)
1063
(7, 2)
1064
(4, 6)
1065
(4, 6)
1066
(4, 6)
1067
(6, 2)
1068
(6, 2)
1069
(6, 2)
1070
(6, 2)
1071
(7, 2)
1072
(7, 2)
1073
(7, 2)
1074
(6, 2)
1075
(6, 2)
1076
(6, 2)
1077
(6, 1)
1078
(6, 1)
1079
(5, 1)
1080
(5, 1)
1081
(5, 1)
1082
(5, 2)
1083
(5, 2)
1084
(4, 2)
1085
(4, 2)
1086
(4, 3)
1087
(4, 3)
1088
(4, 3)
1089
(4, 3)
1090
(4, 4)
1091
(6, 2)
1092
(6, 2)
1093
(6, 2)
1094
(6, 2)
1095
(6, 2)
1096
(5, 3)
1097
(5, 3)
1098
(5, 3)
1099
(5, 3)
1100
(5, 3)
1101
(7, 3)
1102
(7, 3)
1103
(7, 3)
1104
(7, 3)
1105
(6, 2)
1106
(6, 1)
1107
(5, 1)
1108
(5, 1)
1109
(5, 1)
1110
(5, 1)
1111
(5, 2)
1112
(4, 2)
1113
(4, 2)
1114
(4, 2)
1115
(4, 3)
1116
(4, 3)
1117
(4, 3)
1118
(4, 3)
1119
(4, 4)
1120
(4, 4)
1121
(4, 6)
1122
(4, 6)
1123
(4, 6)
1124
(4, 6)
1125
(4, 6)
1126
(7, 3)
1127
(7, 3)
1128
(6, 2)
1129
(6, 2)
1130
(5, 3)
1131
(5, 3)
1132
(5, 3)
1133
(5, 3)
1134
(5, 3)
1135
(7, 2)
1136
(6, 2)
1137
(6, 2)
1138
(6, 2)
1139
(6, 2)
1140
(7, 2)
1141
(6, 2)
1142
(6, 2)
1143
(6, 1)
1144
(6, 1)
1145
(6, 1)
1146
(5, 1)
1147
(5, 1)
1148
(5, 2)
1149
(5, 2)
1150
(5, 2)
1151
(4, 2)
1152
(4, 3)
1153
(4, 3)
1154
(4, 3)
1155
(4, 4)
1156
(4, 4)
1157
(4, 4)
1158
(7, 2)
1159
(6, 2)
1160
(6, 2)
1161
(6, 1)
1162
(6, 1)
1163
(6, 1)
1164
(5, 1)
1165
(5, 1)
1166
(5, 2)
1167
(5, 2)
1168
(5, 2)
1169
(4, 2)
1170
(4, 3)
1171
(4, 3)
1172
(4, 3)
1173
(4, 4)
1174
(6, 3)
1175
(6, 3)
1176
(6, 2)
1177
(6, 3)
1178
(6, 2)
1179
(6, 3)
1180
(6, 3)
1181
(4, 4)
1182
(6, 2)
1183
(7, 3)
1184
(7, 3)
1185
(7, 3)
1186
(7, 2)
1187
(7, 2)
1188
(7, 2)
1189
(7, 2)
1190
(7, 2)
1191
(6, 2)
1192
(7, 2)
1193
(6, 2)
1194
(6, 2)
1195
(6, 2)
1196
(6, 2)
1197
(7, 3)
1198
(7, 3)
1199
(7, 3)
1200
(7, 2)
1201
(4, 7)
1202
(4, 7)
1203
(4, 6)
1204
(4, 6)
1205
(4, 6)
1206
(4, 6)
1207
(4, 6)
1208
(7, 2)
1209
(6, 2)
1210
(6, 2)
1211
(6, 1)
1212
(7, 2)
1213
(7, 2)
1214
(7, 2)
1215
(7, 2)
1216
(6, 1)
1217
(6, 1)
1218
(6, 2)
1219
(6, 1)
1220
(6, 1)
1221
(6, 1)
1222
(6, 1)
1223
(5, 1)
1224
(5, 2)
1225
(5, 2)
1226
(5, 2)
1227
(5, 2)
1228
(4, 3)
1229
(4, 3)
1230
(4, 3)
1231
(4, 4)
1232
(7, 2)
1233
(7, 2)
1234
(6, 2)
1235
(6, 1)
1236
(6, 1)
1237
(6, 1)
1238
(6, 1)
1239
(5, 1)
1240
(5, 2)
1241
(5, 2)
1242
(5, 2)
1243
(5, 2)
1244
(4, 3)
1245
(4, 3)
1246
(4, 3)
1247
(4, 4)
1248
(7, 2)
1249
(7, 2)
1250
(5, 4)
1251
(5, 4)
1252
(5, 4)
1253
(6, 2)
1254
(6, 2)
1255
(6, 2)
1256
(7, 2)
1257
(5, 4)
1258
(5, 4)
1259
(6, 1)
1260
(7, 2)
1261
(7, 2)
1262
(7, 2)
1263
(6, 1)
1264
(6, 1)
1265
(6, 1)
1266
(6, 1)
1267
(6, 1)
1268
(5, 1)
1269
(5, 1)
1270
(5, 1)
1271
(5, 1)
1272
(5, 2)
1273
(4, 2)
1274
(4, 2)
1275
(4, 3)
1276
(4, 3)
1277
(4, 3)
1278
(6, 1)
1279
(6, 1)
1280
(6, 1)
1281
(7, 2)
1282
(7, 2)
1283
(7, 2)
1284
(7, 2)
1285
(5, 4)
1286
(5, 4)
1287
(5, 4)
1288
(5, 4)
1289
(7, 2)
1290
(7, 2)
1291
(6, 1)
1292
(6, 1)
1293
(6, 1)
1294
(4, 6)
1295
(4, 6)
1296
(4, 6)
1297
(4, 6)
1298
(4, 6)
1299
(6, 4)
1300
(6, 4)
1301
(6, 4)
1302
(6, 1)
1303
(6, 1)
1304
(6, 1)
1305
(6, 1)
1306
(6, 1)
1307
(6, 1)
1308
(7, 2)
1309
(6, 1)
1310
(6, 1)
1311
(6, 1)
1312
(6, 1)
1313
(7, 2)
1314
(6, 1)
1315
(7, 2)
1316
(7, 1)
1317
(6, 1)
1318
(6, 1)
1319
(6, 1)
1320
(4, 6)
1321
(4, 6)
1322
(4, 6)
1323
(6, 1)
1324
(6, 1)
1325
(4, 6)
1326
(4, 6)
1327
(4, 5)
1328
(6, 1)
1329
(8, 3)
1330
(8, 3)
1331
(8, 3)
1332
(7, 3)
1333
(8, 3)
1334
(8, 3)
1335
(8, 3)
1336
(8, 3)
1337
(8, 3)
1338
(7, 2)
1339
(7, 2)
1340
(7, 2)
1341
(7, 2)
1342
(7, 2)
1343
(7, 1)
1344
(6, 1)
1345
(6, 1)
1346
(6, 1)
1347
(6, 1)
1348
(6, 2)
1349
(5, 2)
1350
(5, 2)
1351
(5, 2)
1352
(5, 3)
1353
(5, 3)
1354
(4, 3)
1355
(4, 4)
1356
(7, 2)
1357
(7, 2)
1358
(7, 2)
1359
(7, 1)
1360
(6, 1)
1361
(6, 1)
1362
(6, 1)
1363
(6, 1)
1364
(6, 2)
1365
(5, 2)
1366
(5, 2)
1367
(5, 2)
1368
(5, 3)
1369
(5, 3)
1370
(4, 3)
1371
(4, 4)
1372
(7, 2)
1373
(8, 3)
1374
(8, 3)
1375
(7, 2)
1376
(7, 2)
1377
(7, 1)
1378
(7, 1)
1379
(6, 1)
1380
(6, 1)
1381
(6, 1)
1382
(6, 1)
1383
(6, 1)
1384
(5, 1)
1385
(5, 1)
1386
(5, 2)
1387
(5, 2)
1388
(5, 2)
1389
(4, 3)
1390
(4, 3)
1391
(4, 3)
1392
(4, 4)
1393
(4, 5)
1394
(3, 5)
1395
(6, 1)
1396
(6, 1)
1397
(6, 1)
1398
(6, 1)
1399
(6, 1)
1400
(8, 3)
1401
(8, 3)
1402
(8, 3)
1403
(8, 3)
1404
(8, 2)
1405
(8, 3)
1406
(8, 3)
1407
(8, 2)
1408
(8, 2)
1409
(7, 2)
1410
(7, 2)
1411
(6, 1)
1412
(7, 2)
1413
(6, 1)
1414
(6, 1)
1415
(6, 1)
1416
(6, 1)
1417
(6, 1)
1418
(6, 1)
1419
(7, 2)
1420
(7, 1)
1421
(7, 1)
1422
(6, 1)
1423
(6, 1)
1424
(6, 1)
1425
(6, 2)
1426
(6, 2)
1427
(5, 2)
1428
(5, 2)
1429
(5, 3)
1430
(5, 3)
1431
(5, 3)
1432
(4, 4)
1433
(4, 4)
1434
(6, 1)
1435
(6, 1)
1436
(6, 1)
1437
(6, 1)
1438
(6, 1)
1439
(6, 2)
1440
(6, 2)
1441
(6, 2)
1442
(6, 3)
1443
(6, 1)
1444
(6, 1)
1445
(6, 1)
1446
(6, 1)
1447
(6, 2)
1448
(6, 2)
1449
(6, 2)
1450
(6, 3)
1451
(7, 2)
1452
(7, 2)
1453
(7, 2)
1454
(7, 2)
1455
(7, 1)
1456
(7, 1)
1457
(6, 1)
1458
(6, 1)
1459
(6, 1)
1460
(6, 2)
1461
(6, 2)
1462
(5, 2)
1463
(5, 2)
1464
(5, 3)
1465
(5, 3)
1466
(5, 3)
1467
(4, 4)
1468
(4, 4)
1469
(5, 4)
1470
(5, 4)
1471
(5, 4)
1472
(7, 2)
1473
(7, 1)
1474
(7, 1)
1475
(6, 1)
1476
(6, 1)
1477
(6, 1)
1478
(6, 2)
1479
(6, 2)
1480
(5, 2)
1481
(5, 2)
1482
(5, 3)
1483
(5, 3)
1484
(5, 3)
1485
(4, 4)
1486
(4, 4)
1487
(5, 4)
1488
(5, 4)
1489
(6, 1)
1490
(6, 1)
1491
(7, 2)
1492
(6, 1)
1493
(6, 1)
1494
(8, 3)
1495
(8, 3)
1496
(4, 5)
1497
(6, 1)
1498
(6, 1)
1499
(6, 1)
1500
(6, 1)
defaultdict(<function <lambda> at 0x2b0b241e32a8>, {(7, 3): 35, (4, 7): 2, (5, 4): 14, (2, 1): 82, (6, 2): 88, (5, 1): 60, (10, 3): 10, (7, 2): 57, (1, 2): 1, (3, 3): 42, (4, 4): 66, (6, 3): 68, (2, 2): 150, (3, 5): 1, (4, 1): 69, (1, 1): 40, (6, 4): 6, (3, 2): 88, (8, 2): 13, (7, 1): 11, (4, 5): 36, (9, 3): 14, (2, 3): 45, (4, 2): 59, (5, 3): 71, (8, 3): 18, (4, 6): 25, (9, 2): 1, (6, 1): 100, (3, 1): 30, (11, 3): 1, (4, 3): 115, (5, 2): 82})
1501
(6, 2)
1502
(6, 2)
1503
(6, 2)
1504
(6, 3)
1505
(6, 1)
1506
(6, 1)
1507
(6, 1)
1508
(6, 1)
1509
(6, 1)
1510
(7, 1)
1511
(8, 2)
1512
(8, 3)
1513
(8, 3)
1514
(8, 3)
1515
(8, 3)
1516
(8, 3)
1517
(8, 3)
1518
(7, 2)
1519
(8, 3)
1520
(8, 3)
1521
(8, 3)
1522
(6, 1)
1523
(4, 5)
1524
(8, 2)
1525
(8, 2)
1526
(6, 1)
1527
(6, 1)
1528
(6, 1)
1529
(6, 1)
1530
(6, 2)
1531
(6, 2)
1532
(6, 2)
1533
(6, 1)
1534
(6, 1)
1535
(6, 1)
1536
(6, 1)
1537
(6, 2)
1538
(6, 2)
1539
(6, 2)
1540
(6, 1)
1541
(6, 1)
1542
(6, 1)
1543
(6, 1)
1544
(6, 2)
1545
(6, 2)
1546
(6, 2)
1547
(6, 1)
1548
(6, 1)
1549
(5, 4)
1550
(5, 4)
1551
(5, 4)
1552
(5, 4)
1553
(5, 4)
1554
(6, 1)
1555
(6, 1)
1556
(6, 1)
1557
(7, 2)
1558
(4, 6)
1559
(6, 1)
1560
(6, 1)
1561
(6, 1)
1562
(6, 1)
1563
(6, 2)
1564
(6, 2)
1565
(6, 2)
1566
(6, 3)
1567
(4, 6)
1568
(4, 6)
1569
(6, 1)
1570
(6, 1)
1571
(6, 1)
1572
(6, 1)
1573
(6, 2)
1574
(6, 2)
1575
(6, 2)
1576
(6, 3)
1577
(6, 1)
1578
(6, 1)
1579
(6, 1)
1580
(6, 1)
1581
(6, 2)
1582
(6, 2)
1583
(6, 2)
1584
(6, 3)
1585
(4, 6)
1586
(4, 6)
1587
(6, 1)
1588
(6, 1)
1589
(8, 2)
1590
(8, 2)
1591
(8, 3)
1592
(7, 2)
1593
(7, 2)
1594
(7, 2)
1595
(7, 1)
1596
(7, 1)
1597
(6, 1)
1598
(6, 1)
1599
(6, 1)
1600
(6, 1)
1601
(6, 1)
1602
(5, 2)
1603
(5, 2)
1604
(5, 2)
1605
(5, 2)
1606
(5, 3)
1607
(4, 3)
1608
(4, 4)
1609
(4, 4)
1610
(4, 5)
1611
(8, 2)
1612
(8, 2)
1613
(6, 4)
1614
(6, 4)
1615
(6, 4)
1616
(7, 1)
1617
(6, 4)
1618
(6, 4)
1619
(7, 1)
1620
(7, 1)
1621
(7, 1)
1622
(7, 1)
1623
(6, 1)
1624
(6, 1)
1625
(6, 1)
1626
(6, 1)
1627
(6, 1)
1628
(5, 1)
1629
(5, 2)
1630
(5, 2)
1631
(5, 2)
1632
(5, 3)
1633
(4, 3)
1634
(4, 3)
1635
(4, 4)
1636
(4, 5)
1637
(4, 5)
1638
(6, 1)
1639
(7, 1)
1640
(7, 1)
1641
(6, 1)
1642
(6, 1)
1643
(7, 1)
1644
(7, 1)
1645
(8, 2)
1646
(8, 2)
1647
(8, 2)
1648
(8, 2)
1649
(8, 3)
1650
(8, 3)
1651
(8, 3)
1652
(8, 3)
1653
(8, 2)
1654
(8, 3)
1655
(8, 3)
1656
(8, 3)
1657
(8, 2)
1658
(7, 1)
1659
(7, 1)
1660
(4, 5)
1661
(4, 5)
1662
(8, 2)
1663
(8, 3)
1664
(8, 3)
1665
(8, 3)
1666
(8, 2)
1667
(8, 2)
1668
(8, 2)
1669
(8, 2)
1670
(4, 7)
1671
(4, 7)
1672
(4, 5)
1673
(7, 1)
1674
(7, 1)
1675
(7, 1)
1676
(7, 1)
1677
(7, 1)
1678
(7, 1)
1679
(7, 2)
1680
(7, 2)
1681
(7, 2)
1682
(7, 3)
1683
(7, 1)
1684
(7, 1)
1685
(7, 1)
1686
(7, 1)
1687
(7, 2)
1688
(7, 2)
1689
(7, 2)
1690
(7, 3)
1691
(8, 2)
1692
(8, 2)
1693
(8, 2)
1694
(7, 2)
1695
(8, 2)
1696
(7, 2)
1697
(4, 5)
1698
(7, 2)
1699
(8, 2)
1700
(8, 2)
1701
(8, 2)
1702
(3, 6)
1703
(8, 2)
1704
(8, 2)
1705
(8, 2)
1706
(7, 1)
1707
(7, 1)
1708
(7, 1)
1709
(7, 1)
1710
(4, 7)
1711
(4, 7)
1712
(4, 7)
1713
(4, 7)
1714
(4, 7)
1715
(7, 1)
1716
(7, 1)
1717
(7, 1)
1718
(8, 2)
1719
(7, 1)
1720
(7, 1)
1721
(7, 1)
1722
(8, 2)
1723
(7, 1)
1724
(7, 1)
1725
(7, 1)
1726
(7, 1)
1727
(7, 1)
1728
(8, 2)
1729
(8, 2)
1730
(9, 3)
1731
(9, 3)
1732
(9, 3)
1733
(5, 4)
1734
(5, 4)
1735
(5, 4)
1736
(9, 3)
1737
(9, 3)
1738
(9, 3)
1739
(5, 4)
1740
(5, 4)
1741
(8, 2)
1742
(3, 6)
1743
(8, 2)
1744
(8, 2)
1745
(8, 2)
1746
(8, 2)
1747
(8, 3)
1748
(8, 2)
1749
(8, 2)
1750
(8, 1)
1751
(8, 2)
1752
(8, 3)
1753
(8, 2)
1754
(7, 2)
1755
(7, 1)
1756
(7, 1)
1757
(7, 1)
1758
(7, 1)
1759
(8, 2)
1760
(8, 3)
1761
(5, 4)
1762
(5, 4)
1763
(5, 4)
1764
(8, 2)
1765
(8, 3)
1766
(5, 4)
1767
(5, 4)
1768
(4, 7)
1769
(4, 7)
1770
(4, 7)
1771
(4, 7)
1772
(4, 7)
1773
(8, 1)
1774
(8, 1)
1775
(8, 1)
1776
(8, 1)
1777
(8, 1)
1778
(8, 2)
1779
(8, 2)
1780
(8, 2)
1781
(8, 2)
1782
(8, 2)
1783
(8, 2)
1784
(8, 2)
1785
(8, 2)
1786
(8, 2)
1787
(8, 2)
1788
(6, 4)
1789
(6, 4)
1790
(6, 4)
1791
(6, 4)
1792
(6, 4)
1793
(8, 2)
1794
(8, 2)
1795
(8, 2)
1796
(8, 2)
1797
(8, 2)
1798
(8, 2)
1799
(9, 2)
1800
(9, 2)
1801
(9, 2)
1802
(9, 2)
1803
(9, 2)
1804
(8, 1)
1805
(8, 2)
1806
(8, 1)
1807
(9, 3)
1808
(9, 3)
1809
(9, 3)
1810
(4, 6)
1811
(8, 2)
1812
(8, 2)
1813
(8, 2)
1814
(8, 2)
1815
(8, 2)
1816
(8, 2)
1817
(8, 2)
1818
(8, 2)
1819
(8, 2)
1820
(8, 2)
1821
(8, 2)
1822
(4, 6)
1823
(8, 1)
1824
(8, 1)
1825
(8, 2)
1826
(8, 2)
1827
(8, 2)
1828
(8, 2)
1829
(4, 6)
1830
(8, 1)
1831
(8, 1)
1832
(8, 1)
1833
(8, 1)
1834
(8, 1)
1835
(8, 1)
1836
(8, 1)
1837
(8, 1)
1838
(8, 2)
1839
(4, 7)
1840
(4, 7)
1841
(4, 7)
1842
(4, 7)
1843
(4, 7)
1844
(8, 2)
1845
(8, 2)
1846
(8, 1)
1847
(8, 1)
1848
(8, 1)
1849
(8, 1)
1850
(8, 2)
1851
(8, 2)
1852
(8, 2)
1853
(8, 3)
1854
(8, 1)
1855
(8, 1)
1856
(8, 1)
1857
(8, 1)
1858
(8, 2)
1859
(8, 2)
1860
(8, 2)
1861
(8, 1)
1862
(8, 1)
1863
(8, 1)
1864
(8, 1)
1865
(8, 2)
1866
(8, 2)
1867
(8, 2)
1868
(9, 2)
1869
(9, 2)
1870
(9, 2)
1871
(8, 2)
1872
(8, 2)
1873
(8, 2)
1874
(9, 2)
1875
(8, 2)
1876
(8, 2)
1877
(8, 2)
1878
(8, 2)
1879
(8, 2)
1880
(8, 2)
1881
(8, 2)
1882
(9, 2)
1883
(9, 2)
1884
(9, 2)
1885
(8, 2)
1886
(8, 2)
1887
(8, 1)
1888
(8, 1)
1889
(8, 1)
1890
(9, 2)
1891
(8, 1)
1892
(8, 1)
1893
(8, 1)
1894
(3, 7)
1895
(3, 6)
1896
(3, 6)
1897
(3, 6)
1898
(3, 5)
1899
(3, 5)
1900
(3, 5)
1901
(3, 5)
1902
(3, 5)
1903
(3, 5)
1904
(3, 5)
1905
(3, 5)
1906
(3, 5)
1907
(3, 5)
1908
(3, 5)
1909
(3, 5)
1910
(3, 6)
1911
(3, 6)
1912
(3, 6)
1913
(3, 6)
1914
(2, 6)
1915
(2, 5)
1916
(2, 5)
1917
(2, 5)
1918
(2, 5)
1919
(2, 5)
1920
(1, 5)
1921
(1, 5)
1922
(1, 5)
1923
(1, 5)
1924
(1, 6)
1925
(1, 6)
1926
(1, 6)
1927
(1, 6)
1928
(1, 6)
1929
(1, 6)
1930
(1, 6)
1931
(1, 6)
1932
(1, 6)
1933
(1, 6)
1934
(1, 6)
1935
(1, 6)
1936
(1, 6)
1937
(1, 6)
1938
(1, 6)
1939
(1, 5)
1940
(1, 5)
1941
(1, 5)
1942
(1, 5)
1943
(1, 5)
1944
(1, 5)
1945
(1, 5)
1946
(1, 5)
1947
(1, 5)
1948
(1, 6)
1949
(1, 6)
1950
(1, 6)
1951
(1, 6)
1952
(1, 6)
1953
(1, 6)
1954
(1, 6)
1955
(1, 6)
1956
(2, 5)
1957
(2, 5)
1958
(2, 5)
1959
(2, 5)
1960
(1, 6)
1961
(1, 6)
1962
(1, 6)
1963
(1, 6)
1964
(1, 6)
1965
(1, 6)
1966
(1, 6)
1967
(1, 6)
1968
(1, 6)
1969
(1, 6)
1970
(1, 6)
1971
(1, 6)
1972
(1, 6)
1973
(1, 6)
1974
(1, 6)
1975
(1, 6)
1976
(1, 6)
1977
(2, 5)
1978
(2, 5)
1979
(2, 5)
1980
(2, 5)
1981
(2, 5)
1982
(3, 5)
1983
(1, 6)
1984
(1, 6)
1985
(1, 6)
1986
(1, 6)
1987
(1, 5)
1988
(1, 5)
1989
(1, 5)
1990
(1, 5)
1991
(1, 5)
1992
(1, 5)
1993
(1, 5)
1994
(1, 5)
1995
(1, 5)
1996
(1, 6)
1997
(1, 6)
1998
(1, 6)
1999
(1, 6)
2000
(1, 6)
defaultdict(<function <lambda> at 0x2b0b241e32a8>, {(7, 3): 37, (4, 7): 19, (5, 4): 29, (2, 1): 82, (6, 2): 109, (1, 6): 49, (3, 7): 1, (5, 1): 61, (2, 5): 14, (10, 3): 10, (7, 2): 72, (1, 2): 1, (3, 3): 42, (8, 1): 36, (4, 4): 69, (6, 3): 72, (1, 5): 22, (3, 6): 9, (2, 2): 150, (3, 5): 14, (4, 1): 69, (1, 1): 40, (6, 4): 16, (3, 2): 88, (2, 6): 1, (8, 2): 112, (7, 1): 54, (4, 5): 44, (9, 3): 23, (2, 3): 45, (4, 2): 59, (5, 3): 73, (8, 3): 43, (4, 6): 33, (9, 2): 14, (6, 1): 150, (3, 1): 30, (11, 3): 1, (4, 3): 118, (5, 2): 89})
2001
(1, 6)
2002
(1, 6)
2003
(1, 6)
2004
(1, 6)
2005
(1, 6)
2006
(1, 6)
2007
(1, 6)
2008
(1, 6)
2009
(1, 6)
2010
(1, 6)
2011
(1, 6)
2012
(1, 6)
2013
(3, 5)
2014
(2, 5)
2015
(1, 6)
2016
(1, 6)
2017
(1, 6)
2018
(2, 6)
2019
(2, 5)
2020
(2, 5)
2021
(2, 5)
2022
(2, 5)
2023
(1, 6)
2024
(1, 6)
2025
(1, 6)
2026
(1, 6)
2027
(1, 6)
2028
(1, 6)
2029
(1, 6)
2030
(1, 6)
2031
(1, 6)
2032
(1, 6)
2033
(1, 6)
2034
(1, 6)
2035
(1, 6)
2036
(1, 6)
2037
(1, 6)
2038
(1, 6)
2039
(1, 6)
2040
(1, 6)
2041
(1, 6)
2042
(1, 6)
2043
(1, 6)
2044
(1, 6)
2045
(1, 5)
2046
(1, 5)
2047
(1, 5)
2048
(1, 5)
2049
(1, 5)
2050
(1, 5)
2051
(1, 5)
2052
(1, 6)
2053
(1, 6)
2054
(1, 6)
2055
(1, 6)
2056
(1, 6)
2057
(1, 6)
2058
(1, 6)
2059
(1, 6)
2060
(1, 6)
2061
(1, 6)
2062
(1, 6)
2063
(1, 6)
2064
(1, 6)
2065
(2, 6)
2066
(2, 5)
2067
(2, 5)
2068
(2, 5)
2069
(2, 5)
2070
(3, 5)
2071
(3, 5)
2072
(1, 6)
2073
(1, 6)
2074
(1, 6)
2075
(2, 6)
2076
(2, 5)
2077
(2, 5)
2078
(2, 5)
2079
(2, 5)
2080
(1, 6)
2081
(1, 6)
2082
(1, 6)
2083
(1, 6)
2084
(1, 6)
2085
(1, 5)
2086
(1, 5)
2087
(1, 5)
2088
(1, 5)
2089
(1, 5)
2090
(1, 5)
2091
(1, 5)
2092
(1, 6)
2093
(1, 6)
2094
(1, 6)
2095
(1, 6)
2096
(1, 6)
2097
(1, 6)
2098
(1, 6)
2099
(1, 6)
2100
(3, 5)
2101
(1, 6)
2102
(1, 6)
2103
(2, 6)
2104
(2, 6)
2105
(2, 5)
2106
(2, 5)
2107
(2, 5)
2108
(3, 5)
2109
(1, 6)
2110
(1, 6)
2111
(1, 6)
2112
(1, 6)
2113
(1, 5)
2114
(1, 5)
2115
(1, 5)
2116
(1, 5)
2117
(1, 5)
2118
(1, 5)
2119
(1, 5)
2120
(1, 5)
2121
(1, 5)
2122
(1, 6)
2123
(1, 6)
2124
(1, 6)
2125
(1, 6)
2126
(1, 6)
2127
(1, 6)
2128
(1, 6)
2129
(1, 6)
2130
(1, 6)
2131
(1, 6)
2132
(1, 6)
2133
(1, 6)
2134
(1, 6)
2135
(1, 5)
2136
(1, 6)
2137
(1, 6)
2138
(1, 6)
2139
(1, 6)
2140
(1, 6)
2141
(1, 6)
2142
(1, 6)
2143
(3, 5)
2144
(3, 5)
2145
(3, 5)
2146
(1, 6)
2147
(2, 6)
2148
(2, 6)
2149
(2, 6)
2150
(2, 5)
2151
(2, 5)
2152
(3, 5)
2153
(3, 5)
2154
(1, 6)
2155
(1, 6)
2156
(1, 6)
2157
(1, 6)
2158
(1, 5)
2159
(1, 5)
2160
(1, 5)
2161
(1, 5)
2162
(1, 5)
2163
(1, 5)
2164
(1, 5)
2165
(1, 5)
2166
(1, 5)
2167
(1, 6)
2168
(1, 6)
2169
(1, 6)
2170
(1, 6)
2171
(3, 5)
2172
(3, 5)
2173
(3, 5)
2174
(3, 5)
2175
(2, 6)
2176
(2, 6)
2177
(2, 6)
2178
(2, 6)
2179
(2, 5)
2180
(3, 5)
2181
(3, 5)
2182
(3, 5)
2183
(2, 6)
2184
(2, 6)
2185
(2, 6)
2186
(2, 6)
2187
(2, 5)
2188
(2, 5)
2189
(2, 5)
2190
(2, 5)
2191
(2, 5)
2192
(2, 5)
2193
(2, 5)
2194
(2, 5)
2195
(2, 5)
2196
(2, 6)
2197
(2, 6)
2198
(2, 6)
2199
(2, 6)
2200
(2, 6)
2201
(2, 6)
2202
(3, 5)
2203
(3, 5)
2204
(3, 5)
2205
(3, 5)
2206
(2, 6)
2207
(2, 6)
2208
(2, 6)
2209
(2, 6)
2210
(3, 5)
2211
(3, 5)
2212
(3, 5)
2213
(3, 5)
2214
(2, 6)
2215
(2, 6)
2216
(2, 6)
2217
(2, 6)
2218
(2, 5)
2219
(2, 5)
2220
(2, 5)
2221
(2, 5)
2222
(2, 5)
2223
(2, 5)
2224
(2, 5)
2225
(2, 5)
2226
(2, 5)
2227
(2, 6)
2228
(2, 6)
2229
(2, 6)
2230
(2, 6)
2231
(2, 6)
2232
(2, 6)
2233
(2, 6)
2234
(2, 6)
2235
(2, 6)
2236
(2, 6)
2237
(2, 6)
2238
(2, 5)
2239
(2, 5)
2240
(2, 5)
2241
(2, 5)
2242
(2, 5)
2243
(2, 5)
2244
(2, 5)
2245
(2, 5)
2246
(2, 5)
2247
(2, 6)
2248
(2, 6)
2249
(2, 6)
2250
(3, 5)
2251
(3, 5)
2252
(3, 5)
2253
(3, 5)
2254
(3, 5)
2255
(2, 6)
2256
(2, 6)
2257
(2, 6)
2258
(3, 6)
2259
(3, 5)
2260
(3, 5)
2261
(3, 5)
2262
(3, 5)
2263
(2, 6)
2264
(2, 6)
2265
(2, 6)
2266
(2, 6)
2267
(2, 6)
2268
(2, 6)
2269
(2, 6)
2270
(2, 6)
2271
(3, 6)
2272
(3, 5)
2273
(3, 5)
2274
(3, 5)
2275
(3, 5)
2276
(4, 5)
2277
(4, 5)
2278
(2, 6)
2279
(2, 6)
2280
(2, 6)
2281
(3, 6)
2282
(3, 5)
2283
(3, 5)
2284
(3, 5)
2285
(3, 5)
2286
(2, 6)
2287
(2, 6)
2288
(2, 6)
2289
(2, 6)
2290
(2, 6)
2291
(4, 5)
2292
(2, 6)
2293
(2, 6)
2294
(3, 6)
2295
(3, 6)
2296
(3, 5)
2297
(3, 5)
2298
(3, 5)
2299
(4, 5)
2300
(2, 6)
2301
(2, 6)
2302
(2, 6)
2303
(2, 6)
2304
(2, 6)
2305
(2, 6)
2306
(2, 6)
2307
(2, 6)
2308
(2, 6)
2309
(2, 6)
2310
(3, 6)
2311
(3, 6)
2312
(3, 5)
2313
(3, 5)
2314
(3, 5)
2315
(4, 5)
2316
(2, 6)
2317
(2, 6)
2318
(2, 6)
2319
(2, 6)
2320
(2, 5)
2321
(2, 5)
2322
(2, 5)
2323
(2, 5)
2324
(2, 5)
2325
(2, 5)
2326
(2, 5)
2327
(2, 5)
2328
(2, 5)
2329
(2, 6)
2330
(2, 6)
2331
(2, 6)
2332
(2, 6)
2333
(2, 6)
2334
(2, 6)
2335
(4, 5)
2336
(2, 6)
2337
(3, 6)
2338
(3, 6)
2339
(3, 6)
2340
(3, 5)
2341
(3, 5)
2342
(4, 5)
2343
(4, 5)
2344
(2, 6)
2345
(2, 6)
2346
(2, 6)
2347
(2, 6)
2348
(2, 5)
2349
(2, 5)
2350
(2, 5)
2351
(2, 5)
2352
(2, 5)
2353
(2, 5)
2354
(2, 5)
2355
(2, 5)
2356
(2, 5)
2357
(2, 6)
2358
(2, 6)
2359
(2, 6)
2360
(2, 6)
2361
(2, 6)
2362
(2, 6)
2363
(2, 6)
2364
(1, 5)
2365
(1, 5)
2366
(1, 5)
2367
(1, 5)
2368
(1, 5)
2369
(1, 5)
2370
(1, 5)
2371
(2, 6)
2372
(2, 6)
2373
(2, 6)
2374
(2, 6)
2375
(2, 6)
2376
(3, 6)
2377
(3, 6)
2378
(3, 6)
2379
(3, 5)
2380
(3, 5)
2381
(4, 5)
2382
(4, 5)
2383
(2, 6)
2384
(2, 6)
2385
(2, 6)
2386
(2, 6)
2387
(2, 5)
2388
(1, 5)
2389
(1, 5)
2390
(1, 5)
2391
(1, 5)
2392
(1, 5)
2393
(1, 5)
2394
(1, 5)
2395
(1, 5)
2396
(1, 5)
2397
(3, 6)
2398
(3, 6)
2399
(3, 6)
2400
(3, 6)
2401
(3, 5)
2402
(4, 5)
2403
(4, 5)
2404
(3, 6)
2405
(3, 6)
2406
(3, 6)
2407
(3, 6)
2408
(3, 5)
2409
(3, 5)
2410
(3, 5)
2411
(3, 5)
2412
(3, 5)
2413
(3, 5)
2414
(3, 5)
2415
(3, 5)
2416
(3, 5)
2417
(3, 6)
2418
(3, 6)
2419
(2, 6)
2420
(2, 6)
2421
(2, 6)
2422
(2, 6)
2423
(2, 5)
2424
(1, 5)
2425
(1, 5)
2426
(1, 5)
2427
(1, 5)
2428
(1, 5)
2429
(1, 5)
2430
(1, 5)
2431
(2, 6)
2432
(3, 6)
2433
(3, 6)
2434
(3, 6)
2435
(3, 6)
2436
(3, 6)
2437
(3, 5)
2438
(3, 6)
2439
(3, 6)
2440
(3, 6)
2441
(3, 6)
2442
(3, 5)
2443
(3, 5)
2444
(3, 5)
2445
(3, 5)
2446
(3, 5)
2447
(3, 5)
2448
(3, 5)
2449
(3, 5)
2450
(3, 5)
2451
(3, 6)
2452
(3, 6)
2453
(4, 5)
2454
(3, 6)
2455
(3, 6)
2456
(3, 6)
2457
(3, 7)
2458
(3, 6)
2459
(3, 6)
2460
(3, 6)
2461
(3, 5)
2462
(3, 5)
2463
(3, 5)
2464
(3, 5)
2465
(3, 5)
2466
(3, 5)
2467
(3, 5)
2468
(3, 5)
2469
(3, 5)
2470
(3, 5)
2471
(3, 5)
2472
(2, 6)
2473
(2, 6)
2474
(2, 6)
2475
(2, 5)
2476
(2, 5)
2477
(1, 5)
2478
(1, 5)
2479
(1, 5)
2480
(1, 5)
2481
(1, 5)
2482
(1, 5)
2483
(1, 5)
2484
(1, 5)
2485
(2, 6)
2486
(2, 6)
2487
(2, 6)
2488
(2, 6)
2489
(2, 6)
2490
(2, 6)
2491
(2, 6)
2492
(2, 6)
2493
(2, 6)
2494
(2, 6)
2495
(2, 6)
2496
(3, 5)
2497
(3, 6)
2498
(3, 6)
2499
(3, 6)
2500
(3, 5)
defaultdict(<function <lambda> at 0x2b0b241e32a8>, {(7, 3): 37, (4, 7): 19, (5, 4): 29, (2, 1): 82, (6, 2): 109, (1, 6): 150, (3, 7): 2, (5, 1): 61, (2, 5): 82, (10, 3): 10, (7, 2): 72, (1, 2): 1, (3, 3): 42, (8, 1): 36, (4, 4): 69, (6, 3): 72, (1, 5): 86, (3, 6): 52, (2, 2): 150, (3, 5): 99, (4, 1): 69, (1, 1): 40, (6, 4): 16, (3, 2): 88, (2, 6): 126, (8, 2): 112, (7, 1): 54, (4, 5): 57, (9, 3): 23, (2, 3): 45, (4, 2): 59, (5, 3): 73, (8, 3): 43, (4, 6): 33, (9, 2): 14, (6, 1): 150, (3, 1): 30, (11, 3): 1, (4, 3): 118, (5, 2): 89})
2501
(3, 5)
2502
(3, 5)
2503
(3, 5)
2504
(3, 5)
2505
(3, 5)
2506
(3, 5)
2507
(3, 5)
2508
(3, 5)
2509
(3, 5)
2510
(3, 5)
2511
(3, 6)
2512
(2, 6)
2513
(2, 6)
2514
(2, 6)
2515
(2, 5)
2516
(2, 5)
2517
(1, 5)
2518
(1, 5)
2519
(1, 5)
2520
(1, 5)
2521
(1, 5)
2522
(1, 5)
2523
(1, 5)
2524
(1, 5)
2525
(2, 6)
2526
(2, 6)
2527
(2, 6)
2528
(2, 6)
2529
(2, 6)
2530
(2, 6)
2531
(3, 6)
2532
(3, 6)
2533
(3, 6)
2534
(3, 5)
2535
(3, 5)
2536
(3, 5)
2537
(3, 5)
2538
(3, 5)
2539
(3, 5)
2540
(3, 5)
2541
(3, 5)
2542
(3, 5)
2543
(3, 5)
2544
(3, 5)
2545
(3, 6)
2546
(2, 6)
2547
(2, 6)
2548
(2, 6)
2549
(2, 5)
2550
(2, 5)
2551
(2, 6)
2552
(2, 6)
2553
(2, 6)
2554
(2, 6)
2555
(2, 6)
2556
(2, 6)
2557
(2, 6)
2558
(3, 6)
2559
(3, 6)
2560
(3, 6)
2561
(3, 6)
2562
(3, 6)
2563
(3, 6)
2564
(3, 6)
2565
(3, 6)
2566
(3, 6)
2567
(3, 5)
2568
(4, 5)
2569
(3, 6)
2570
(3, 6)
2571
(3, 6)
2572
(3, 6)
2573
(3, 6)
2574
(3, 6)
2575
(3, 6)
2576
(3, 5)
2577
(4, 5)
2578
(4, 5)
2579
(3, 7)
2580
(3, 7)
2581
(3, 6)
2582
(3, 6)
2583
(3, 6)
2584
(3, 5)
2585
(3, 5)
2586
(3, 5)
2587
(3, 5)
2588
(3, 5)
2589
(3, 5)
2590
(3, 5)
2591
(3, 5)
2592
(3, 5)
2593
(3, 5)
2594
(3, 6)
2595
(3, 7)
2596
(3, 7)
2597
(3, 7)
2598
(3, 6)
2599
(3, 6)
2600
(3, 6)
2601
(3, 5)
2602
(3, 5)
2603
(3, 5)
2604
(3, 5)
2605
(3, 5)
2606
(3, 5)
2607
(3, 5)
2608
(3, 5)
2609
(3, 5)
2610
(3, 5)
2611
(3, 6)
2612
(3, 7)
2613
(3, 6)
2614
(3, 6)
2615
(3, 6)
2616
(3, 5)
2617
(3, 5)
2618
(3, 5)
2619
(3, 5)
2620
(3, 5)
2621
(3, 5)
2622
(3, 5)
2623
(3, 5)
2624
(3, 5)
2625
(3, 5)
2626
(3, 6)
2627
(3, 6)
2628
(3, 6)
2629
(3, 6)
2630
(3, 6)
2631
(3, 5)
2632
(4, 5)
2633
(4, 5)
2634
(3, 6)
2635
(3, 6)
2636
(4, 5)
2637
(4, 5)
2638
(3, 6)
2639
(4, 5)
2640
(3, 5)
2641
(3, 5)
2642
(3, 5)
2643
(4, 5)
2644
(4, 5)
2645
(3, 6)
2646
(4, 5)
2647
(4, 5)
2648
(4, 5)
2649
(4, 5)
2650
(4, 5)
2651
(3, 5)
2652
(4, 5)
2653
(3, 6)
2654
(3, 6)
2655
(3, 6)
2656
(3, 6)
2657
(4, 5)
2658
(3, 6)
2659
(3, 6)
2660
(3, 6)
2661
(3, 6)
2662
(3, 7)
2663
(3, 7)
2664
(4, 5)
2665
(4, 5)
2666
(3, 6)
2667
(3, 6)
2668
(3, 6)
2669
(3, 6)
2670
(4, 5)
2671
(3, 6)
2672
(3, 6)
2673
(3, 6)
2674
(3, 6)
2675
(4, 5)
2676
(4, 5)
2677
(4, 5)
2678
(4, 5)
2679
(3, 5)
2680
(4, 5)
2681
(3, 7)
2682
(3, 6)
2683
(3, 6)
2684
(3, 6)
2685
(3, 5)
2686
(3, 5)
2687
(3, 5)
2688
(3, 5)
2689
(3, 5)
2690
(3, 7)
2691
(3, 6)
2692
(3, 6)
2693
(3, 6)
2694
(3, 6)
2695
(4, 5)
2696
(4, 5)
2697
(3, 7)
2698
(3, 7)
2699
(3, 6)
2700
(4, 5)
2701
(3, 6)
2702
(3, 6)
2703
(3, 7)
2704
(3, 6)
2705
(3, 6)
2706
(3, 6)
2707
(3, 6)
2708
(3, 7)
2709
(3, 7)
2710
(3, 6)
2711
(3, 7)
2712
(3, 6)
2713
(3, 6)
2714
(3, 6)
2715
(3, 6)
2716
(3, 6)
2717
(4, 5)
2718
(3, 7)
2719
(3, 6)
2720
(3, 6)
2721
(3, 6)
2722
(3, 6)
2723
(3, 7)
2724
(3, 6)
2725
(3, 6)
2726
(3, 6)
2727
(3, 6)
2728
(3, 7)
2729
(3, 6)
2730
(3, 6)
2731
(4, 5)
2732
(4, 5)
2733
(3, 6)
2734
(3, 6)
2735
(4, 5)
2736
(4, 5)
2737
(4, 5)
2738
(3, 7)
2739
(3, 7)
2740
(3, 7)
2741
(4, 5)
2742
(3, 6)
2743
(3, 6)
2744
(3, 6)
2745
(4, 5)
2746
(4, 5)
2747
(4, 5)
2748
(4, 5)
2749
(4, 5)
2750
(3, 6)
2751
(3, 6)
2752
(3, 6)
2753
(3, 6)
2754
(3, 7)
2755
(3, 6)
2756
(3, 6)
2757
(3, 6)
2758
(3, 6)
2759
(3, 6)
2760
(2, 6)
2761
(2, 5)
2762
(2, 5)
2763
(2, 5)
2764
(2, 5)
2765
(1, 5)
2766
(1, 5)
2767
(1, 5)
2768
(1, 5)
2769
(1, 5)
2770
(3, 6)
2771
(3, 6)
2772
(3, 6)
2773
(3, 6)
2774
(3, 6)
2775
(2, 6)
2776
(2, 5)
2777
(2, 5)
2778
(2, 5)
2779
(2, 5)
2780
(1, 5)
2781
(1, 5)
2782
(1, 5)
2783
(1, 5)
2784
(1, 5)
2785
(3, 6)
2786
(3, 7)
2787
(3, 7)
2788
(4, 5)
2789
(4, 5)
2790
(4, 5)
2791
(3, 7)
2792
(3, 7)
2793
(3, 7)
2794
(3, 7)
2795
(4, 5)
2796
(3, 7)
2797
(3, 7)
2798
(3, 7)
2799
(4, 5)
2800
(4, 5)
2801
(3, 7)
2802
(3, 7)
2803
(4, 5)
2804
(4, 5)
2805
(4, 5)
2806
(4, 5)
2807
(4, 5)
2808
(4, 5)
2809
(4, 5)
2810
(4, 5)
2811
(4, 5)
2812
(3, 7)
2813
(3, 7)
2814
(3, 7)
2815
(3, 7)
2816
(3, 7)
2817
(3, 7)
2818
(3, 7)
2819
(3, 7)
2820
(3, 7)
2821
(3, 7)
2822
(3, 7)
2823
(3, 7)
2824
(3, 7)
2825
(3, 7)
2826
(3, 7)
2827
(3, 7)
2828
(3, 7)
2829
(3, 7)
2830
(3, 7)
2831
(3, 7)
2832
(3, 7)
2833
(3, 7)
2834
(4, 5)
2835
(3, 7)
2836
(3, 7)
2837
(3, 7)
2838
(3, 7)
2839
(3, 7)
2840
(3, 7)
2841
(3, 7)
2842
(3, 7)
2843
(3, 7)
2844
(3, 7)
2845
(3, 7)
2846
(3, 7)
2847
(3, 7)
2848
(3, 7)
2849
(3, 7)
2850
(3, 7)
2851
(3, 7)
2852
(3, 7)
2853
(3, 7)
2854
(3, 7)
2855
(3, 7)
2856
(3, 7)
2857
(3, 7)
2858
(3, 7)
2859
(3, 7)
2860
(3, 7)
2861
(3, 7)
2862
(3, 7)
2863
(3, 7)
2864
(3, 7)
2865
(3, 7)
2866
(3, 7)
2867
(3, 7)
2868
(3, 7)
2869
(3, 7)
2870
(3, 7)
2871
(3, 7)
2872
(3, 7)
2873
(3, 7)
2874
(3, 7)
2875
(3, 7)
2876
(3, 7)
2877
(3, 7)
2878
(3, 7)
2879
(3, 7)
2880
(3, 7)
2881
(3, 7)
2882
(3, 7)
2883
(3, 7)
2884
(3, 7)
2885
(3, 7)
2886
(3, 7)
2887
(3, 7)
2888
(3, 7)
2889
(3, 7)
2890
(3, 7)
2891
(3, 7)
2892
(3, 7)
2893
(3, 7)
2894
(3, 7)
2895
(3, 7)
2896
(3, 7)
2897
(3, 7)
2898
(3, 7)
2899
(3, 7)
2900
(3, 7)
2901
(3, 7)
2902
(3, 7)
2903
(3, 7)
2904
(3, 7)
2905
(3, 7)
2906
(3, 7)
2907
(3, 7)
2908
(3, 7)
2909
(3, 7)
2910
(3, 7)
2911
(3, 7)
2912
(3, 7)
2913
(3, 7)
2914
(3, 7)
2915
(3, 7)
2916
(4, 5)
2917
(3, 7)
2918
(3, 7)
2919
(3, 7)
2920
(3, 7)
2921
(3, 7)
2922
(3, 7)
2923
(3, 7)
2924
(3, 7)
2925
(3, 7)
2926
(3, 7)
2927
(3, 7)
2928
(3, 7)
2929
(3, 7)
2930
(4, 5)
2931
(4, 5)
2932
(4, 5)
2933
(4, 6)
2934
(4, 6)
2935
(4, 6)
2936
(5, 5)
2937
(5, 5)
2938
(5, 5)
2939
(5, 5)
2940
(4, 6)
2941
(4, 6)
2942
(4, 5)
2943
(5, 5)
2944
(5, 5)
2945
(5, 5)
2946
(5, 5)
2947
(5, 5)
2948
(4, 6)
2949
(4, 6)
2950
(4, 6)
2951
(5, 5)
2952
(5, 5)
2953
(5, 5)
2954
(5, 6)
2955
(5, 5)
2956
(5, 5)
2957
(5, 5)
2958
(5, 5)
2959
(5, 6)
2960
(5, 6)
2961
(5, 5)
2962
(5, 5)
2963
(5, 5)
2964
(5, 6)
2965
(5, 6)
2966
(5, 6)
2967
(5, 6)
2968
(5, 6)
2969
(5, 6)
2970
(5, 6)
2971
(5, 6)
2972
(3, 6)
2973
(3, 6)
2974
(3, 6)
2975
(3, 6)
2976
(3, 6)
2977
(5, 6)
2978
(5, 6)
2979
(5, 6)
2980
(3, 7)
2981
(3, 6)
2982
(3, 6)
2983
(3, 6)
2984
(3, 5)
2985
(3, 5)
2986
(3, 5)
2987
(3, 5)
2988
(3, 5)
2989
(3, 5)
2990
(3, 5)
2991
(3, 5)
2992
(3, 5)
2993
(3, 5)
2994
(3, 5)
2995
(3, 5)
2996
(3, 6)
2997
(3, 6)
2998
(2, 6)
2999
(2, 6)
3000
(2, 6)
defaultdict(<function <lambda> at 0x2b0b241e32a8>, {(7, 3): 37, (4, 7): 19, (5, 6): 14, (5, 4): 29, (2, 1): 82, (6, 2): 109, (1, 6): 150, (3, 7): 153, (5, 1): 61, (2, 5): 94, (10, 3): 10, (7, 2): 72, (1, 2): 1, (3, 3): 42, (8, 1): 36, (4, 4): 69, (6, 3): 72, (1, 5): 104, (3, 6): 169, (2, 2): 150, (3, 5): 175, (4, 1): 69, (1, 1): 40, (6, 4): 16, (3, 2): 88, (2, 6): 150, (8, 2): 112, (7, 1): 54, (4, 5): 118, (9, 3): 23, (5, 5): 19, (2, 3): 45, (4, 2): 59, (5, 3): 73, (8, 3): 43, (4, 6): 41, (9, 2): 14, (6, 1): 150, (3, 1): 30, (11, 3): 1, (4, 3): 118, (5, 2): 89})
3001
(2, 5)
3002
(2, 5)
3003
(1, 5)
3004
(1, 5)
3005
(1, 5)
3006
(1, 5)
3007
(1, 5)
3008
(1, 5)
3009
(1, 5)
3010
(1, 5)
3011
(2, 6)
3012
(2, 6)
3013
(2, 6)
3014
(2, 6)
3015
(2, 6)
3016
(2, 6)
3017
(2, 5)
3018
(2, 5)
3019
(2, 5)
3020
(2, 5)
3021
(2, 5)
3022
(2, 5)
3023
(2, 5)
3024
(2, 5)
3025
(2, 5)
3026
(2, 5)
3027
(2, 5)
3028
(2, 6)
3029
(2, 6)
3030
(2, 6)
3031
(2, 6)
3032
(2, 6)
3033
(2, 6)
3034
(2, 6)
3035
(2, 6)
3036
(2, 6)
3037
(2, 6)
3038
(2, 6)
3039
(2, 6)
3040
(2, 6)
3041
(2, 6)
3042
(2, 6)
3043
(2, 6)
3044
(2, 5)
3045
(2, 5)
3046
(2, 5)
3047
(2, 5)
3048
(2, 5)
3049
(2, 5)
3050
(2, 5)
3051
(2, 5)
3052
(2, 5)
3053
(2, 6)
3054
(2, 6)
3055
(2, 6)
3056
(2, 6)
3057
(2, 6)
3058
(2, 6)
3059
(2, 6)
3060
(1, 6)
3061
(1, 5)
3062
(1, 5)
3063
(1, 5)
3064
(1, 5)
3065
(1, 5)
3066
(1, 5)
3067
(1, 5)
3068
(2, 6)
3069
(2, 6)
3070
(2, 6)
3071
(2, 6)
3072
(2, 5)
3073
(2, 5)
3074
(2, 5)
3075
(2, 5)
3076
(2, 5)
3077
(2, 5)
3078
(2, 5)
3079
(2, 5)
3080
(2, 5)
3081
(2, 6)
3082
(2, 6)
3083
(2, 6)
3084
(2, 6)
3085
(2, 6)
3086
(2, 6)
3087
(2, 6)
3088
(2, 6)
3089
(2, 6)
3090
(1, 6)
3091
(1, 6)
3092
(1, 5)
3093
(1, 5)
3094
(1, 5)
3095
(1, 5)
3096
(1, 5)
3097
(1, 5)
3098
(1, 5)
3099
(2, 6)
3100
(2, 6)
3101
(2, 6)
3102
(2, 6)
3103
(2, 5)
3104
(2, 5)
3105
(2, 5)
3106
(2, 5)
3107
(2, 5)
3108
(2, 5)
3109
(2, 5)
3110
(2, 5)
3111
(2, 5)
3112
(2, 6)
3113
(2, 6)
3114
(2, 6)
3115
(2, 6)
3116
(2, 6)
3117
(2, 6)
3118
(2, 6)
3119
(2, 6)
3120
(1, 6)
3121
(1, 6)
3122
(1, 6)
3123
(1, 5)
3124
(1, 5)
3125
(1, 5)
3126
(1, 5)
3127
(1, 5)
3128
(1, 5)
3129
(2, 6)
3130
(2, 6)
3131
(2, 6)
3132
(2, 6)
3133
(2, 5)
3134
(2, 5)
3135
(2, 5)
3136
(2, 5)
3137
(2, 5)
3138
(2, 5)
3139
(2, 5)
3140
(2, 5)
3141
(2, 5)
3142
(2, 6)
3143
(2, 6)
3144
(2, 6)
3145
(2, 6)
3146
(2, 6)
3147
(2, 6)
3148
(2, 6)
3149
(1, 6)
3150
(1, 6)
3151
(1, 6)
3152
(1, 6)
3153
(1, 5)
3154
(1, 5)
3155
(1, 5)
3156
(1, 5)
3157
(1, 5)
3158
(1, 5)
3159
(1, 6)
3160
(1, 6)
3161
(1, 6)
3162
(1, 6)
3163
(1, 5)
3164
(1, 5)
3165
(1, 5)
3166
(1, 5)
3167
(1, 5)
3168
(1, 5)
3169
(1, 5)
3170
(1, 5)
3171
(1, 5)
3172
(1, 6)
3173
(1, 6)
3174
(1, 6)
3175
(1, 6)
3176
(1, 6)
3177
(1, 6)
3178
(1, 6)
3179
(1, 6)
3180
(1, 6)
3181
(1, 6)
3182
(1, 6)
3183
(1, 6)
3184
(1, 5)
3185
(1, 6)
3186
(1, 6)
3187
(1, 6)
3188
(1, 6)
3189
(1, 6)
3190
(1, 6)
3191
(1, 6)
3192
(1, 6)
3193
(1, 6)
3194
(1, 6)
3195
(1, 6)
3196
(1, 6)
3197
(1, 6)
3198
(1, 6)
3199
(1, 6)
3200
(1, 6)
3201
(1, 6)
3202
(1, 6)
3203
(1, 6)
3204
(1, 6)
3205
(1, 6)
3206
(1, 6)
3207
(1, 6)
3208
(1, 6)
3209
(1, 6)
3210
(1, 5)
3211
(1, 5)
3212
(1, 6)
3213
(1, 6)
3214
(1, 6)
3215
(1, 6)
3216
(1, 6)
3217
(1, 6)
3218
(1, 6)
3219
(1, 6)
3220
(2, 5)
3221
(1, 6)
3222
(1, 6)
3223
(1, 6)
3224
(1, 6)
3225
(1, 6)
3226
(1, 6)
3227
(1, 6)
3228
(1, 6)
3229
(1, 6)
3230
(1, 6)
3231
(1, 6)
3232
(1, 6)
3233
(1, 6)
3234
(1, 6)
3235
(1, 6)
3236
(1, 6)
3237
(1, 6)
3238
(1, 6)
3239
(1, 6)
3240
(1, 6)
3241
(1, 6)
3242
(1, 6)
3243
(1, 6)
3244
(1, 6)
3245
(1, 6)
3246
(1, 6)
3247
(1, 6)
3248
(1, 6)
3249
(1, 6)
3250
(1, 6)
3251
(1, 6)
3252
(1, 6)
3253
(1, 6)
3254
(1, 6)
3255
(1, 6)
3256
(1, 6)
3257
(1, 6)
3258
(2, 5)
3259
(2, 5)
3260
(1, 6)
3261
(1, 6)
3262
(1, 6)
3263
(1, 6)
3264
(1, 6)
3265
(1, 6)
3266
(1, 6)
3267
(1, 6)
3268
(1, 6)
3269
(1, 6)
3270
(1, 6)
3271
(2, 5)
3272
(1, 6)
3273
(2, 5)
3274
(2, 5)
3275
(2, 5)
3276
(2, 5)
3277
(1, 6)
3278
(1, 6)
3279
(1, 6)
3280
(2, 6)
3281
(2, 5)
3282
(1, 6)
3283
(1, 6)
3284
(1, 6)
3285
(2, 6)
3286
(2, 5)
3287
(1, 6)
3288
(1, 6)
3289
(1, 6)
3290
(1, 6)
3291
(1, 6)
3292
(1, 6)
3293
(1, 6)
3294
(1, 6)
3295
(1, 6)
3296
(2, 5)
3297
(2, 5)
3298
(2, 5)
3299
(1, 6)
3300
(1, 6)
3301
(2, 6)
3302
(2, 5)
3303
(2, 5)
3304
(2, 5)
3305
(2, 5)
3306
(3, 5)
3307
(3, 5)
3308
(2, 5)
3309
(2, 5)
3310
(3, 5)
3311
(1, 6)
3312
(1, 6)
3313
(2, 6)
3314
(2, 6)
3315
(2, 5)
3316
(1, 6)
3317
(1, 6)
3318
(2, 6)
3319
(2, 6)
3320
(2, 5)
3321
(1, 6)
3322
(1, 6)
3323
(1, 6)
3324
(1, 6)
3325
(1, 6)
3326
(1, 6)
3327
(1, 6)
3328
(2, 5)
3329
(2, 5)
3330
(2, 5)
3331
(1, 6)
3332
(2, 6)
3333
(2, 6)
3334
(2, 5)
3335
(2, 5)
3336
(2, 5)
3337
(3, 5)
3338
(3, 5)
3339
(2, 5)
3340
(2, 5)
3341
(3, 5)
3342
(3, 5)
3343
(2, 5)
3344
(2, 5)
3345
(3, 5)
3346
(1, 6)
3347
(2, 6)
3348
(2, 6)
3349
(2, 6)
3350
(2, 5)
3351
(1, 6)
3352
(2, 6)
3353
(2, 6)
3354
(2, 6)
3355
(2, 5)
3356
(1, 6)
3357
(2, 6)
3358
(2, 6)
3359
(2, 6)
3360
(2, 5)
3361
(2, 5)
3362
(3, 5)
3363
(1, 6)
3364
(1, 6)
3365
(1, 6)
3366
(1, 6)
3367
(1, 6)
3368
(1, 6)
3369
(1, 6)
3370
(1, 6)
3371
(1, 6)
3372
(1, 6)
3373
(2, 6)
3374
(2, 6)
3375
(2, 6)
3376
(2, 5)
3377
(2, 5)
3378
(3, 5)
3379
(2, 5)
3380
(2, 5)
3381
(3, 5)
3382
(3, 5)
3383
(3, 5)
3384
(3, 5)
3385
(3, 5)
3386
(3, 5)
3387
(3, 5)
3388
(3, 5)
3389
(3, 5)
3390
(3, 5)
3391
(3, 5)
3392
(3, 5)
3393
(3, 5)
3394
(3, 5)
3395
(3, 5)
3396
(3, 5)
3397
(3, 5)
3398
(3, 5)
3399
(3, 5)
3400
(3, 5)
3401
(3, 5)
3402
(3, 5)
3403
(3, 5)
3404
(3, 5)
3405
(3, 5)
3406
(3, 5)
3407
(3, 5)
3408
(3, 5)
3409
(3, 5)
3410
(3, 5)
3411
(3, 5)
3412
(3, 5)
3413
(4, 5)
3414
(3, 5)
3415
(3, 5)
3416
(3, 6)
3417
(4, 6)
3418
(3, 5)
3419
(3, 5)
3420
(3, 5)
3421
(3, 5)
3422
(3, 6)
3423
(3, 6)
3424
(4, 6)
3425
(4, 5)
3426
(4, 5)
3427
(3, 6)
3428
(3, 5)
3429
(3, 5)
3430
(4, 6)
3431
(3, 6)
3432
(3, 6)
3433
(3, 6)
3434
(4, 5)
3435
(4, 5)
3436
(4, 6)
3437
(3, 6)
3438
(3, 6)
3439
(2, 6)
3440
(3, 6)
3441
(3, 6)
3442
(3, 6)
3443
(3, 5)
3444
(3, 5)
3445
(4, 5)
3446
(4, 5)
3447
(2, 6)
3448
(2, 6)
3449
(2, 6)
3450
(2, 6)
3451
(2, 5)
3452
(2, 6)
3453
(2, 6)
3454
(2, 6)
3455
(2, 6)
3456
(2, 6)
3457
(2, 6)
3458
(2, 6)
3459
(2, 6)
3460
(2, 6)
3461
(2, 6)
3462
(2, 6)
3463
(2, 6)
3464
(2, 6)
3465
(2, 6)
3466
(2, 6)
3467
(2, 6)
3468
(3, 6)
3469
(3, 6)
3470
(3, 6)
3471
(3, 5)
3472
(3, 5)
3473
(4, 5)
3474
(4, 5)
3475
(2, 6)
3476
(2, 6)
3477
(2, 6)
3478
(2, 6)
3479
(2, 5)
3480
(2, 5)
3481
(2, 5)
3482
(2, 5)
3483
(2, 5)
3484
(2, 5)
3485
(2, 5)
3486
(2, 5)
3487
(2, 5)
3488
(2, 6)
3489
(2, 6)
3490
(2, 6)
3491
(2, 6)
3492
(2, 6)
3493
(2, 6)
3494
(2, 6)
3495
(2, 6)
3496
(4, 5)
3497
(3, 6)
3498
(3, 6)
3499
(3, 6)
3500
(3, 6)
defaultdict(<function <lambda> at 0x2b0b241e32a8>, {(7, 3): 37, (4, 7): 19, (5, 6): 14, (5, 4): 29, (2, 1): 82, (6, 2): 109, (1, 6): 300, (3, 7): 153, (5, 1): 61, (2, 5): 192, (10, 3): 10, (7, 2): 72, (1, 2): 1, (3, 3): 42, (8, 1): 36, (4, 4): 69, (6, 3): 72, (1, 5): 150, (3, 6): 188, (2, 2): 150, (3, 5): 229, (4, 1): 69, (1, 1): 40, (6, 4): 16, (3, 2): 88, (2, 6): 269, (8, 2): 112, (7, 1): 54, (4, 5): 128, (9, 3): 23, (5, 5): 19, (2, 3): 45, (4, 2): 59, (5, 3): 73, (8, 3): 43, (4, 6): 45, (9, 2): 14, (6, 1): 150, (3, 1): 30, (11, 3): 1, (4, 3): 118, (5, 2): 89})
3501
(3, 5)
3502
(4, 5)
3503
(4, 5)
3504
(4, 5)
3505
(3, 6)
3506
(3, 6)
3507
(3, 6)
3508
(3, 6)
3509
(3, 5)
3510
(3, 5)
3511
(3, 5)
3512
(3, 5)
3513
(3, 5)
3514
(3, 5)
3515
(3, 5)
3516
(3, 5)
3517
(3, 5)
3518
(3, 6)
3519
(3, 6)
3520
(3, 6)
3521
(3, 6)
3522
(2, 6)
3523
(2, 6)
3524
(2, 6)
3525
(2, 6)
3526
(2, 5)
3527
(2, 6)
3528
(2, 6)
3529
(2, 6)
3530
(3, 7)
3531
(3, 7)
3532
(3, 6)
3533
(3, 6)
3534
(3, 6)
3535
(3, 5)
3536
(3, 5)
3537
(3, 5)
3538
(3, 5)
3539
(3, 5)
3540
(3, 5)
3541
(3, 5)
3542
(3, 5)
3543
(3, 5)
3544
(3, 6)
3545
(3, 6)
3546
(3, 7)
3547
(3, 6)
3548
(3, 6)
3549
(3, 6)
3550
(3, 5)
3551
(3, 5)
3552
(3, 5)
3553
(3, 5)
3554
(3, 5)
3555
(3, 5)
3556
(3, 5)
3557
(3, 5)
3558
(3, 5)
3559
(3, 5)
3560
(3, 5)
3561
(2, 6)
3562
(2, 6)
3563
(2, 6)
3564
(2, 5)
3565
(2, 5)
3566
(2, 6)
3567
(2, 6)
3568
(2, 6)
3569
(2, 6)
3570
(2, 6)
3571
(2, 6)
3572
(2, 6)
3573
(2, 6)
3574
(3, 5)
3575
(3, 6)
3576
(3, 6)
3577
(3, 6)
3578
(3, 5)
3579
(3, 5)
3580
(3, 5)
3581
(3, 5)
3582
(3, 5)
3583
(3, 5)
3584
(3, 5)
3585
(3, 5)
3586
(3, 5)
3587
(3, 5)
3588
(3, 5)
3589
(3, 6)
3590
(2, 6)
3591
(2, 6)
3592
(2, 6)
3593
(2, 5)
3594
(2, 5)
3595
(2, 6)
3596
(2, 6)
3597
(2, 6)
3598
(2, 6)
3599
(2, 6)
3600
(3, 6)
3601
(3, 6)
3602
(3, 6)
3603
(3, 5)
3604
(3, 5)
3605
(3, 5)
3606
(3, 5)
3607
(3, 5)
3608
(3, 5)
3609
(3, 5)
3610
(3, 5)
3611
(3, 5)
3612
(3, 5)
3613
(3, 5)
3614
(3, 6)
3615
(2, 6)
3616
(3, 6)
3617
(3, 6)
3618
(3, 6)
3619
(3, 6)
3620
(3, 6)
3621
(3, 6)
3622
(3, 6)
3623
(3, 6)
3624
(3, 6)
3625
(3, 5)
3626
(4, 5)
3627
(3, 6)
3628
(3, 6)
3629
(3, 6)
3630
(3, 6)
3631
(3, 6)
3632
(3, 6)
3633
(3, 6)
3634
(3, 6)
3635
(3, 6)
3636
(3, 5)
3637
(4, 5)
3638
(4, 5)
3639
(3, 6)
3640
(3, 6)
3641
(3, 6)
3642
(3, 6)
3643
(4, 5)
3644
(3, 6)
3645
(3, 6)
3646
(3, 7)
3647
(3, 6)
3648
(3, 6)
3649
(3, 6)
3650
(3, 5)
3651
(3, 5)
3652
(3, 5)
3653
(3, 5)
3654
(3, 5)
3655
(3, 5)
3656
(3, 5)
3657
(3, 5)
3658
(3, 5)
3659
(3, 6)
3660
(3, 6)
3661
(3, 7)
3662
(3, 7)
3663
(3, 6)
3664
(3, 7)
3665
(3, 6)
3666
(3, 6)
3667
(3, 6)
3668
(3, 5)
3669
(3, 5)
3670
(3, 5)
3671
(3, 5)
3672
(3, 5)
3673
(3, 5)
3674
(3, 5)
3675
(3, 6)
3676
(4, 5)
3677
(4, 5)
3678
(3, 6)
3679
(3, 6)
3680
(3, 6)
3681
(3, 6)
3682
(3, 6)
3683
(3, 7)
3684
(3, 6)
3685
(3, 6)
3686
(3, 6)
3687
(3, 7)
3688
(3, 7)
3689
(3, 6)
3690
(3, 6)
3691
(3, 6)
3692
(3, 7)
3693
(3, 7)
3694
(3, 6)
3695
(3, 6)
3696
(3, 6)
3697
(3, 7)
3698
(3, 6)
3699
(3, 6)
3700
(3, 6)
3701
(3, 6)
3702
(4, 5)
3703
(3, 6)
3704
(4, 5)
3705
(3, 6)
3706
(3, 7)
3707
(3, 7)
3708
(3, 6)
3709
(3, 6)
3710
(3, 6)
3711
(3, 6)
3712
(3, 6)
3713
(3, 6)
3714
(3, 6)
3715
(3, 6)
3716
(3, 6)
3717
(3, 6)
3718
(3, 6)
3719
(3, 6)
3720
(3, 6)
3721
(3, 6)
3722
(3, 6)
3723
(3, 6)
3724
(3, 6)
3725
(3, 6)
3726
(3, 6)
3727
(3, 6)
3728
(3, 6)
3729
(3, 6)
3730
(3, 6)
3731
(3, 6)
3732
(3, 6)
3733
(3, 7)
3734
(3, 6)
3735
(3, 6)
3736
(3, 6)
3737
(3, 6)
3738
(3, 7)
3739
(3, 7)
3740
(3, 6)
3741
(3, 7)
3742
(3, 6)
3743
(3, 6)
3744
(3, 6)
3745
(3, 7)
3746
(3, 6)
3747
(3, 7)
3748
(3, 7)
3749
(3, 7)
3750
(3, 7)
3751
(3, 7)
3752
(3, 7)
3753
(3, 7)
3754
(3, 7)
3755
(3, 7)
3756
(3, 7)
3757
(3, 7)
3758
(3, 7)
3759
(3, 7)
3760
(3, 7)
3761
(3, 7)
3762
(3, 7)
3763
(3, 7)
3764
(3, 7)
3765
(3, 7)
3766
(3, 7)
3767
(3, 7)
3768
(3, 7)
3769
(3, 7)
3770
(4, 5)
3771
(3, 7)
3772
(3, 7)
3773
(3, 7)
3774
(3, 7)
3775
(3, 7)
3776
(3, 7)
3777
(3, 7)
3778
(4, 5)
3779
(3, 7)
3780
(3, 7)
3781
(3, 7)
3782
(3, 7)
3783
(3, 7)
3784
(3, 7)
3785
(3, 7)
3786
(3, 7)
3787
(3, 7)
3788
(3, 7)
3789
(3, 7)
3790
(3, 7)
3791
(3, 7)
3792
(3, 7)
3793
(3, 7)
3794
(3, 7)
3795
(3, 7)
3796
(3, 7)
3797
(3, 7)
3798
(3, 7)
3799
(3, 7)
3800
(3, 7)
3801
(3, 7)
3802
(3, 7)
3803
(3, 7)
3804
(3, 7)
3805
(3, 7)
3806
(3, 7)
3807
(3, 7)
3808
(3, 7)
3809
(3, 7)
3810
(3, 7)
3811
(3, 7)
3812
(3, 7)
3813
(3, 7)
3814
(3, 7)
3815
(3, 7)
3816
(3, 7)
3817
(3, 7)
3818
(3, 7)
3819
(3, 7)
3820
(3, 7)
3821
(4, 6)
3822
(4, 6)
3823
(3, 7)
3824
(3, 7)
3825
(4, 5)
3826
(4, 5)
3827
(3, 7)
3828
(3, 7)
3829
(3, 7)
3830
(3, 7)
3831
(3, 7)
3832
(3, 7)
3833
(3, 7)
3834
(3, 7)
3835
(3, 7)
3836
(3, 7)
3837
(3, 7)
3838
(3, 7)
3839
(3, 7)
3840
(3, 7)
3841
(3, 7)
3842
(3, 7)
3843
(3, 7)
3844
(3, 7)
3845
(3, 7)
3846
(3, 7)
3847
(3, 7)
3848
(3, 7)
3849
(3, 7)
3850
(3, 7)
3851
(3, 7)
3852
(3, 7)
3853
(3, 7)
3854
(3, 7)
3855
(3, 7)
3856
(3, 7)
3857
(3, 7)
3858
(3, 7)
3859
(3, 7)
3860
(3, 7)
3861
(3, 7)
3862
(3, 7)
3863
(3, 7)
3864
(3, 7)
3865
(3, 7)
3866
(3, 7)
3867
(3, 7)
3868
(3, 7)
3869
(3, 7)
3870
(3, 7)
3871
(3, 7)
3872
(3, 7)
3873
(3, 7)
3874
(3, 7)
3875
(3, 7)
3876
(3, 7)
3877
(3, 7)
3878
(3, 7)
3879
(3, 7)
3880
(3, 7)
3881
(4, 6)
3882
(4, 5)
3883
(5, 5)
3884
(4, 6)
3885
(5, 5)
3886
(4, 6)
3887
(4, 6)
3888
(4, 5)
3889
(4, 5)
3890
(4, 6)
3891
(4, 6)
3892
(4, 5)
3893
(4, 6)
3894
(4, 6)
3895
(4, 6)
3896
(4, 6)
3897
(4, 6)
3898
(5, 5)
3899
(4, 5)
3900
(4, 5)
3901
(5, 5)
3902
(4, 6)
3903
(5, 6)
3904
(4, 6)
3905
(4, 6)
3906
(4, 6)
3907
(5, 6)
3908
(5, 6)
3909
(5, 5)
3910
(4, 6)
3911
(5, 5)
3912
(5, 5)
3913
(4, 6)
3914
(4, 6)
3915
(4, 6)
3916
(4, 6)
3917
(4, 6)
3918
(5, 6)
3919
(5, 6)
3920
(5, 6)
3921
(4, 6)
3922
(4, 6)
3923
(4, 6)
3924
(5, 6)
3925
(4, 7)
3926
(5, 6)
3927
(5, 6)
3928
(5, 6)
3929
(5, 6)
3930
(4, 6)
3931
(5, 6)
3932
(5, 6)
3933
(5, 6)
3934
(5, 6)
3935
(5, 6)
3936
(5, 6)
3937
(5, 6)
3938
(5, 6)
3939
(5, 6)
3940
(5, 6)
3941
(4, 6)
3942
(4, 6)
3943
(5, 7)
3944
(5, 7)
3945
(5, 6)
3946
(4, 7)
3947
(4, 7)
3948
(5, 6)
3949
(5, 6)
3950
(5, 6)
3951
(5, 6)
3952
(5, 6)
3953
(5, 6)
3954
(5, 6)
3955
(5, 6)
3956
(5, 6)
3957
(5, 6)
3958
(5, 6)
3959
(5, 6)
3960
(5, 6)
3961
(8, 1)
3962
(7, 1)
3963
(7, 1)
3964
(7, 1)
3965
(7, 1)
3966
(7, 1)
3967
(4, 7)
3968
(4, 7)
3969
(4, 7)
3970
(4, 7)
3971
(4, 7)
3972
(4, 7)
3973
(8, 1)
3974
(8, 1)
3975
(8, 1)
3976
(8, 1)
3977
(5, 5)
3978
(5, 5)
3979
(5, 5)
3980
(5, 5)
3981
(5, 5)
3982
(8, 1)
3983
(8, 1)
3984
(9, 2)
3985
(9, 2)
3986
(8, 1)
3987
(8, 1)
3988
(8, 1)
3989
(8, 1)
3990
(8, 1)
3991
(8, 2)
3992
(8, 1)
3993
(8, 1)
3994
(8, 1)
3995
(9, 2)
3996
(8, 1)
3997
(8, 1)
3998
(8, 1)
3999
(8, 1)
4000
(8, 2)
defaultdict(<function <lambda> at 0x2b0b241e32a8>, {(7, 3): 37, (4, 7): 28, (5, 7): 2, (5, 6): 49, (5, 4): 29, (2, 1): 82, (6, 2): 109, (1, 6): 300, (3, 7): 301, (5, 1): 61, (2, 5): 197, (10, 3): 10, (7, 2): 72, (1, 2): 1, (3, 3): 42, (8, 1): 55, (4, 4): 69, (6, 3): 72, (1, 5): 150, (3, 6): 300, (2, 2): 150, (3, 5): 300, (4, 1): 69, (1, 1): 40, (6, 4): 16, (3, 2): 88, (2, 6): 296, (8, 2): 114, (7, 1): 59, (4, 5): 149, (9, 3): 23, (5, 5): 31, (2, 3): 45, (4, 2): 59, (5, 3): 73, (8, 3): 43, (4, 6): 74, (9, 2): 17, (6, 1): 150, (3, 1): 30, (11, 3): 1, (4, 3): 118, (5, 2): 89})
4001
(8, 2)
4002
(8, 2)
4003
(8, 3)
4004
(8, 1)
4005
(8, 1)
4006
(8, 1)
4007
(8, 1)
4008
(8, 2)
4009
(8, 2)
4010
(8, 2)
4011
(8, 3)
4012
(8, 1)
4013
(8, 1)
4014
(8, 1)
4015
(8, 1)
4016
(8, 2)
4017
(8, 2)
4018
(8, 2)
4019
(8, 3)
4020
(8, 1)
4021
(8, 2)
4022
(5, 6)
4023
(8, 1)
4024
(5, 6)
4025
(5, 6)
4026
(9, 2)
4027
(5, 5)
4028
(5, 5)
4029
(9, 2)
4030
(5, 5)
4031
(9, 2)
4032
(9, 2)
4033
(9, 2)
4034
(5, 5)
4035
(5, 5)
4036
(9, 2)
4037
(9, 2)
4038
(9, 2)
4039
(9, 2)
4040
(9, 2)
4041
(9, 2)
4042
(9, 2)
4043
(5, 7)
4044
(5, 6)
4045
(5, 7)
4046
(8, 1)
4047
(8, 1)
4048
(4, 8)
4049
(4, 8)
4050
(4, 8)
4051
(4, 8)
4052
(5, 6)
4053
(5, 6)
4054
(4, 8)
4055
(4, 8)
4056
(6, 5)
4057
(6, 5)
4058
(6, 5)
4059
(6, 5)
4060
(6, 5)
4061
(9, 2)
4062
(4, 6)
4063
(8, 1)
4064
(8, 1)
4065
(8, 1)
4066
(9, 2)
4067
(8, 2)
4068
(8, 2)
4069
(8, 2)
4070
(8, 2)
4071
(8, 2)
4072
(8, 2)
4073
(8, 2)
4074
(9, 2)
4075
(8, 2)
4076
(8, 1)
4077
(8, 1)
4078
(7, 1)
4079
(7, 1)
4080
(7, 1)
4081
(7, 1)
4082
(7, 1)
4083
(9, 2)
4084
(8, 2)
4085
(8, 2)
4086
(8, 2)
4087
(8, 2)
4088
(8, 2)
4089
(8, 1)
4090
(8, 1)
4091
(7, 1)
4092
(7, 1)
4093
(7, 1)
4094
(7, 1)
4095
(7, 1)
4096
(8, 2)
4097
(8, 1)
4098
(8, 1)
4099
(7, 1)
4100
(7, 1)
4101
(7, 1)
4102
(7, 1)
4103
(7, 1)
4104
(8, 1)
4105
(8, 1)
4106
(4, 6)
4107
(9, 2)
4108
(5, 6)
4109
(5, 6)
4110
(5, 6)
4111
(5, 6)
4112
(5, 6)
4113
(8, 1)
4114
(8, 1)
4115
(8, 1)
4116
(4, 7)
4117
(4, 7)
4118
(8, 1)
4119
(5, 6)
4120
(9, 2)
4121
(9, 2)
4122
(9, 2)
4123
(9, 2)
4124
(9, 2)
4125
(9, 2)
4126
(9, 2)
4127
(8, 2)
4128
(9, 2)
4129
(8, 2)
4130
(9, 2)
4131
(9, 2)
4132
(9, 2)
4133
(9, 2)
4134
(9, 3)
4135
(9, 3)
4136
(9, 3)
4137
(9, 3)
4138
(9, 3)
4139
(9, 3)
4140
(9, 3)
4141
(9, 3)
4142
(9, 3)
4143
(9, 2)
4144
(8, 2)
4145
(8, 2)
4146
(8, 2)
4147
(8, 2)
4148
(8, 2)
4149
(8, 2)
4150
(8, 2)
4151
(8, 2)
4152
(9, 2)
4153
(9, 2)
4154
(9, 2)
4155
(9, 2)
4156
(9, 2)
4157
(8, 2)
4158
(9, 2)
4159
(8, 1)
4160
(9, 2)
4161
(9, 2)
4162
(8, 1)
4163
(7, 1)
4164
(7, 1)
4165
(7, 1)
4166
(7, 1)
4167
(7, 1)
4168
(9, 2)
4169
(9, 2)
4170
(9, 2)
4171
(9, 2)
4172
(9, 2)
4173
(8, 2)
4174
(8, 2)
4175
(9, 3)
4176
(9, 3)
4177
(9, 3)
4178
(9, 3)
4179
(9, 2)
4180
(9, 2)
4181
(9, 2)
4182
(9, 2)
4183
(9, 2)
4184
(9, 2)
4185
(9, 2)
4186
(9, 2)
4187
(9, 2)
4188
(9, 2)
4189
(9, 3)
4190
(9, 2)
4191
(9, 2)
4192
(9, 3)
4193
(9, 2)
4194
(9, 2)
4195
(9, 2)
4196
(9, 2)
4197
(9, 2)
4198
(9, 2)
4199
(9, 2)
4200
(9, 2)
4201
(9, 2)
4202
(9, 2)
4203
(9, 2)
4204
(9, 2)
4205
(9, 2)
4206
(9, 2)
4207
(9, 2)
4208
(9, 2)
4209
(9, 2)
4210
(9, 2)
4211
(9, 2)
4212
(9, 3)
4213
(9, 3)
4214
(9, 3)
4215
(9, 3)
4216
(9, 3)
4217
(9, 3)
4218
(9, 3)
4219
(9, 3)
4220
(9, 3)
4221
(9, 3)
4222
(9, 3)
4223
(9, 2)
4224
(9, 3)
4225
(9, 3)
4226
(9, 2)
4227
(9, 3)
4228
(9, 3)
4229
(9, 3)
4230
(9, 3)
4231
(9, 2)
4232
(9, 2)
4233
(9, 2)
4234
(9, 2)
4235
(9, 2)
4236
(9, 2)
4237
(9, 2)
4238
(9, 2)
4239
(9, 3)
4240
(9, 2)
4241
(9, 2)
4242
(9, 2)
4243
(9, 2)
4244
(10, 3)
4245
(10, 3)
4246
(10, 3)
4247
(10, 3)
4248
(10, 3)
4249
(9, 2)
4250
(9, 2)
4251
(9, 3)
4252
(9, 3)
4253
(9, 3)
4254
(9, 2)
4255
(9, 2)
4256
(9, 3)
4257
(9, 3)
4258
(9, 3)
4259
(9, 3)
4260
(9, 3)
4261
(9, 2)
4262
(9, 2)
4263
(9, 2)
4264
(9, 2)
4265
(9, 1)
4266
(9, 2)
4267
(9, 2)
4268
(9, 2)
4269
(9, 2)
4270
(9, 2)
4271
(9, 2)
4272
(9, 2)
4273
(9, 2)
4274
(9, 2)
4275
(9, 2)
4276
(9, 2)
4277
(9, 1)
4278
(9, 2)
4279
(9, 2)
4280
(5, 6)
4281
(4, 8)
4282
(4, 8)
4283
(4, 8)
4284
(8, 1)
4285
(9, 2)
4286
(8, 1)
4287
(8, 1)
4288
(9, 2)
4289
(4, 8)
4290
(4, 8)
4291
(8, 1)
4292
(9, 2)
4293
(9, 2)
4294
(8, 1)
4295
(8, 1)
4296
(8, 1)
4297
(8, 1)
4298
(8, 1)
4299
(8, 1)
4300
(8, 1)
4301
(9, 2)
4302
(8, 1)
4303
(8, 1)
4304
(8, 1)
4305
(8, 1)
4306
(8, 1)
4307
(8, 1)
4308
(8, 1)
4309
(8, 1)
4310
(8, 1)
4311
(8, 1)
4312
(8, 1)
4313
(8, 1)
4314
(8, 1)
4315
(8, 1)
4316
(8, 1)
4317
(8, 1)
4318
(8, 1)
4319
(8, 1)
4320
(7, 1)
4321
(7, 1)
4322
(7, 1)
4323
(7, 1)
4324
(7, 2)
4325
(6, 2)
4326
(6, 2)
4327
(6, 3)
4328
(6, 3)
4329
(6, 3)
4330
(6, 3)
4331
(6, 3)
4332
(6, 3)
4333
(5, 3)
4334
(5, 3)
4335
(5, 3)
4336
(5, 3)
4337
(5, 3)
4338
(6, 3)
4339
(5, 3)
4340
(5, 3)
4341
(5, 3)
4342
(5, 3)
4343
(5, 3)
4344
(5, 3)
4345
(5, 3)
4346
(5, 3)
4347
(5, 3)
4348
(5, 3)
4349
(5, 3)
4350
(5, 2)
4351
(5, 2)
4352
(5, 2)
4353
(4, 2)
4354
(4, 1)
4355
(4, 1)
4356
(4, 1)
4357
(4, 1)
4358
(4, 1)
4359
(3, 2)
4360
(3, 2)
4361
(3, 2)
4362
(3, 2)
4363
(3, 3)
4364
(3, 3)
4365
(3, 3)
4366
(3, 3)
4367
(3, 3)
4368
(2, 3)
4369
(2, 3)
4370
(2, 3)
4371
(2, 3)
4372
(2, 3)
4373
(2, 3)
4374
(2, 3)
4375
(2, 3)
4376
(2, 3)
4377
(2, 3)
4378
(2, 3)
4379
(2, 3)
4380
(2, 3)
4381
(2, 3)
4382
(2, 3)
4383
(2, 3)
4384
(2, 3)
4385
(2, 3)
4386
(2, 3)
4387
(2, 3)
4388
(2, 3)
4389
(2, 3)
4390
(2, 3)
4391
(2, 3)
4392
(2, 3)
4393
(2, 3)
4394
(2, 3)
4395
(2, 3)
4396
(2, 3)
4397
(2, 3)
4398
(2, 3)
4399
(2, 3)
4400
(2, 3)
4401
(3, 3)
4402
(3, 2)
4403
(3, 2)
4404
(3, 2)
4405
(3, 2)
4406
(3, 2)
4407
(3, 2)
4408
(3, 3)
4409
(3, 3)
4410
(3, 3)
4411
(3, 3)
4412
(3, 3)
4413
(3, 2)
4414
(3, 3)
4415
(3, 3)
4416
(3, 3)
4417
(3, 3)
4418
(3, 3)
4419
(3, 2)
4420
(3, 2)
4421
(3, 3)
4422
(3, 3)
4423
(3, 3)
4424
(3, 2)
4425
(3, 2)
4426
(3, 2)
4427
(3, 3)
4428
(3, 3)
4429
(3, 3)
4430
(3, 3)
4431
(3, 2)
4432
(3, 2)
4433
(3, 2)
4434
(3, 2)
4435
(3, 3)
4436
(3, 3)
4437
(3, 2)
4438
(3, 2)
4439
(3, 2)
4440
(2, 1)
4441
(2, 1)
4442
(2, 1)
4443
(2, 1)
4444
(2, 1)
4445
(1, 1)
4446
(1, 1)
4447
(1, 1)
4448
(1, 1)
4449
(1, 1)
4450
(1, 1)
4451
(3, 3)
4452
(3, 3)
4453
(3, 3)
4454
(3, 3)
4455
(3, 2)
4456
(3, 2)
4457
(3, 2)
4458
(2, 1)
4459
(2, 1)
4460
(2, 1)
4461
(2, 1)
4462
(2, 1)
4463
(1, 1)
4464
(1, 1)
4465
(1, 1)
4466
(3, 2)
4467
(3, 2)
4468
(3, 2)
4469
(2, 1)
4470
(2, 1)
4471
(2, 1)
4472
(2, 1)
4473
(2, 1)
4474
(1, 1)
4475
(1, 1)
4476
(1, 1)
4477
(3, 3)
4478
(3, 3)
4479
(3, 3)
4480
(3, 2)
4481
(3, 2)
4482
(3, 2)
4483
(3, 1)
4484
(2, 1)
4485
(2, 1)
4486
(2, 1)
4487
(2, 1)
4488
(2, 1)
4489
(2, 1)
4490
(1, 1)
4491
(1, 1)
4492
(1, 1)
4493
(1, 1)
4494
(4, 3)
4495
(4, 3)
4496
(3, 3)
4497
(3, 2)
4498
(3, 2)
4499
(3, 2)
4500
(3, 2)
defaultdict(<function <lambda> at 0x2b0b241e32a8>, {(7, 3): 37, (4, 7): 30, (5, 7): 4, (9, 1): 2, (4, 8): 11, (5, 6): 62, (5, 4): 29, (2, 1): 103, (6, 2): 111, (1, 6): 300, (3, 7): 301, (5, 1): 61, (2, 5): 197, (10, 3): 15, (7, 2): 73, (1, 2): 1, (3, 3): 75, (8, 1): 113, (4, 4): 69, (6, 3): 79, (1, 5): 150, (3, 6): 300, (2, 2): 150, (3, 5): 300, (4, 1): 74, (1, 1): 56, (6, 4): 16, (3, 2): 124, (2, 6): 296, (8, 2): 150, (7, 1): 83, (4, 5): 149, (9, 3): 64, (5, 5): 36, (2, 3): 78, (4, 2): 60, (6, 5): 5, (5, 3): 89, (8, 3): 46, (4, 6): 76, (9, 2): 131, (6, 1): 150, (3, 1): 31, (11, 3): 1, (4, 3): 120, (5, 2): 92})
4501
(2, 1)
4502
(2, 1)
4503
(2, 1)
4504
(2, 1)
4505
(2, 1)
4506
(4, 3)
4507
(4, 3)
4508
(4, 3)
4509
(4, 3)
4510
(4, 3)
4511
(4, 3)
4512
(4, 3)
4513
(4, 3)
4514
(3, 2)
4515
(4, 3)
4516
(4, 3)
4517
(4, 3)
4518
(4, 3)
4519
(4, 3)
4520
(4, 3)
4521
(3, 2)
4522
(4, 3)
4523
(4, 3)
4524
(4, 3)
4525
(4, 3)
4526
(4, 3)
4527
(4, 3)
4528
(4, 3)
4529
(4, 3)
4530
(4, 3)
4531
(4, 3)
4532
(4, 3)
4533
(4, 3)
4534
(4, 3)
4535
(4, 3)
4536
(4, 3)
4537
(4, 2)
4538
(3, 2)
4539
(3, 2)
4540
(4, 2)
4541
(4, 3)
4542
(3, 2)
4543
(3, 2)
4544
(3, 2)
4545
(4, 2)
4546
(4, 2)
4547
(3, 2)
4548
(4, 2)
4549
(4, 2)
4550
(4, 2)
4551
(3, 2)
4552
(3, 2)
4553
(3, 2)
4554
(3, 2)
4555
(4, 2)
4556
(4, 1)
4557
(4, 2)
4558
(4, 2)
4559
(4, 2)
4560
(4, 2)
4561
(3, 1)
4562
(4, 2)
4563
(3, 2)
4564
(3, 1)
4565
(4, 1)
4566
(4, 1)
4567
(4, 2)
4568
(4, 2)
4569
(4, 1)
4570
(3, 2)
4571
(3, 1)
4572
(3, 1)
4573
(3, 1)
4574
(3, 1)
4575
(3, 1)
4576
(3, 1)
4577
(3, 1)
4578
(3, 2)
4579
(3, 2)
4580
(3, 2)
4581
(3, 3)
4582
(3, 1)
4583
(3, 2)
4584
(4, 1)
4585
(4, 1)
4586
(4, 1)
4587
(4, 2)
4588
(3, 1)
4589
(4, 1)
4590
(4, 1)
4591
(4, 1)
4592
(4, 1)
4593
(4, 1)
4594
(4, 1)
4595
(4, 2)
4596
(4, 2)
4597
(4, 2)
4598
(4, 1)
4599
(4, 1)
4600
(4, 1)
4601
(4, 2)
4602
(4, 1)
4603
(4, 1)
4604
(4, 1)
4605
(4, 1)
4606
(4, 1)
4607
(4, 1)
4608
(4, 1)
4609
(4, 2)
4610
(4, 2)
4611
(4, 2)
4612
(4, 1)
4613
(4, 1)
4614
(4, 1)
4615
(4, 1)
4616
(4, 1)
4617
(4, 1)
4618
(4, 2)
4619
(4, 2)
4620
(4, 2)
4621
(4, 2)
4622
(4, 2)
4623
(3, 1)
4624
(3, 1)
4625
(3, 1)
4626
(3, 1)
4627
(3, 1)
4628
(3, 1)
4629
(3, 1)
4630
(3, 2)
4631
(3, 2)
4632
(3, 2)
4633
(3, 3)
4634
(4, 2)
4635
(4, 1)
4636
(4, 1)
4637
(4, 2)
4638
(4, 2)
4639
(4, 2)
4640
(3, 2)
4641
(4, 1)
4642
(4, 1)
4643
(4, 2)
4644
(4, 2)
4645
(4, 2)
4646
(5, 2)
4647
(5, 2)
4648
(4, 2)
4649
(4, 2)
4650
(4, 2)
4651
(5, 2)
4652
(5, 2)
4653
(4, 2)
4654
(5, 2)
4655
(5, 3)
4656
(4, 2)
4657
(4, 2)
4658
(4, 2)
4659
(4, 2)
4660
(4, 2)
4661
(4, 2)
4662
(5, 2)
4663
(5, 2)
4664
(5, 2)
4665
(4, 1)
4666
(4, 1)
4667
(4, 1)
4668
(4, 1)
4669
(5, 1)
4670
(4, 1)
4671
(5, 1)
4672
(5, 1)
4673
(4, 1)
4674
(5, 1)
4675
(5, 1)
4676
(4, 1)
4677
(5, 1)
4678
(5, 3)
4679
(4, 1)
4680
(5, 3)
4681
(5, 1)
4682
(5, 1)
4683
(5, 1)
4684
(5, 1)
4685
(4, 1)
4686
(5, 1)
4687
(5, 1)
4688
(5, 1)
4689
(5, 1)
4690
(4, 1)
4691
(5, 1)
4692
(5, 1)
4693
(5, 1)
4694
(5, 1)
4695
(5, 1)
4696
(5, 1)
4697
(5, 1)
4698
(5, 2)
4699
(5, 2)
4700
(5, 1)
4701
(5, 1)
4702
(5, 2)
4703
(5, 2)
4704
(6, 2)
4705
(6, 2)
4706
(6, 3)
4707
(6, 3)
4708
(5, 1)
4709
(5, 2)
4710
(5, 1)
4711
(5, 2)
4712
(5, 2)
4713
(6, 3)
4714
(6, 3)
4715
(6, 3)
4716
(6, 3)
4717
(6, 3)
4718
(6, 3)
4719
(6, 3)
4720
(6, 3)
4721
(5, 3)
4722
(6, 3)
4723
(5, 3)
4724
(5, 3)
4725
(5, 3)
4726
(5, 3)
4727
(5, 3)
4728
(5, 2)
4729
(5, 2)
4730
(5, 2)
4731
(4, 2)
4732
(4, 1)
4733
(4, 1)
4734
(4, 1)
4735
(4, 1)
4736
(4, 1)
4737
(3, 2)
4738
(3, 2)
4739
(3, 2)
4740
(3, 2)
4741
(5, 3)
4742
(5, 2)
4743
(5, 2)
4744
(5, 2)
4745
(5, 2)
4746
(4, 1)
4747
(4, 1)
4748
(4, 1)
4749
(4, 1)
4750
(4, 1)
4751
(4, 2)
4752
(5, 3)
4753
(5, 3)
4754
(5, 3)
4755
(5, 2)
4756
(5, 2)
4757
(5, 2)
4758
(4, 2)
4759
(4, 1)
4760
(4, 1)
4761
(4, 1)
4762
(4, 1)
4763
(4, 1)
4764
(5, 3)
4765
(5, 3)
4766
(5, 3)
4767
(5, 3)
4768
(5, 3)
4769
(6, 3)
4770
(5, 3)
4771
(5, 3)
4772
(5, 3)
4773
(5, 2)
4774
(5, 2)
4775
(5, 2)
4776
(5, 2)
4777
(4, 1)
4778
(4, 1)
4779
(4, 1)
4780
(4, 1)
4781
(4, 1)
4782
(4, 2)
4783
(5, 3)
4784
(5, 3)
4785
(5, 3)
4786
(6, 3)
4787
(6, 3)
4788
(5, 3)
4789
(5, 2)
4790
(5, 2)
4791
(5, 2)
4792
(5, 2)
4793
(5, 1)
4794
(4, 1)
4795
(4, 1)
4796
(5, 2)
4797
(5, 2)
4798
(6, 2)
4799
(5, 2)
4800
(5, 2)
4801
(5, 2)
4802
(5, 1)
4803
(5, 1)
4804
(5, 1)
4805
(4, 1)
4806
(4, 1)
4807
(4, 2)
4808
(4, 2)
4809
(4, 2)
4810
(5, 2)
4811
(6, 3)
4812
(6, 2)
4813
(6, 2)
4814
(6, 2)
4815
(5, 2)
4816
(5, 2)
4817
(5, 1)
4818
(5, 1)
4819
(5, 1)
4820
(5, 1)
4821
(4, 1)
4822
(4, 2)
4823
(4, 2)
4824
(4, 2)
4825
(4, 2)
4826
(3, 3)
4827
(5, 2)
4828
(5, 2)
4829
(6, 2)
4830
(5, 2)
4831
(6, 2)
4832
(6, 2)
4833
(5, 2)
4834
(6, 2)
4835
(5, 2)
4836
(5, 2)
4837
(5, 2)
4838
(5, 2)
4839
(6, 3)
4840
(6, 3)
4841
(6, 3)
4842
(6, 3)
4843
(6, 3)
4844
(6, 2)
4845
(6, 2)
4846
(5, 2)
4847
(5, 2)
4848
(5, 1)
4849
(5, 1)
4850
(5, 1)
4851
(6, 2)
4852
(6, 2)
4853
(6, 2)
4854
(5, 2)
4855
(5, 1)
4856
(5, 1)
4857
(5, 1)
4858
(6, 2)
4859
(6, 3)
4860
(6, 3)
4861
(6, 2)
4862
(6, 2)
4863
(6, 2)
4864
(5, 2)
4865
(5, 1)
4866
(5, 1)
4867
(5, 1)
4868
(6, 3)
4869
(6, 2)
4870
(6, 2)
4871
(5, 3)
4872
(6, 2)
4873
(5, 1)
4874
(5, 1)
4875
(5, 1)
4876
(5, 1)
4877
(5, 1)
4878
(5, 1)
4879
(4, 1)
4880
(4, 1)
4881
(4, 1)
4882
(4, 2)
4883
(6, 2)
4884
(6, 2)
4885
(6, 2)
4886
(6, 2)
4887
(5, 1)
4888
(5, 1)
4889
(6, 2)
4890
(7, 3)
4891
(7, 3)
4892
(7, 3)
4893
(6, 2)
4894
(6, 2)
4895
(7, 3)
4896
(6, 3)
4897
(6, 3)
4898
(6, 2)
4899
(6, 2)
4900
(6, 2)
4901
(6, 2)
4902
(5, 1)
4903
(5, 1)
4904
(5, 1)
4905
(5, 1)
4906
(5, 1)
4907
(5, 2)
4908
(4, 2)
4909
(4, 2)
4910
(4, 2)
4911
(7, 3)
4912
(6, 3)
4913
(6, 2)
4914
(6, 2)
4915
(6, 2)
4916
(6, 2)
4917
(5, 1)
4918
(5, 1)
4919
(5, 1)
4920
(5, 1)
4921
(5, 1)
4922
(5, 2)
4923
(4, 2)
4924
(4, 2)
4925
(4, 2)
4926
(7, 3)
4927
(6, 2)
4928
(5, 1)
4929
(5, 1)
4930
(5, 1)
4931
(6, 2)
4932
(6, 2)
4933
(5, 1)
4934
(5, 1)
4935
(7, 2)
4936
(5, 1)
4937
(5, 1)
4938
(5, 1)
4939
(5, 1)
4940
(7, 3)
4941
(7, 3)
4942
(7, 3)
4943
(5, 1)
4944
(7, 3)
4945
(7, 3)
4946
(7, 3)
4947
(7, 3)
4948
(5, 1)
4949
(5, 1)
4950
(5, 1)
4951
(5, 1)
4952
(5, 2)
4953
(5, 2)
4954
(5, 2)
4955
(5, 4)
4956
(7, 2)
4957
(7, 2)
4958
(7, 2)
4959
(7, 2)
4960
(7, 2)
4961
(7, 2)
4962
(5, 3)
4963
(5, 3)
4964
(5, 3)
4965
(5, 3)
4966
(5, 3)
4967
(5, 3)
4968
(7, 3)
4969
(7, 3)
4970
(7, 3)
4971
(7, 3)
4972
(7, 3)
4973
(7, 3)
4974
(7, 2)
4975
(5, 3)
4976
(5, 3)
4977
(5, 3)
4978
(7, 2)
4979
(7, 2)
4980
(7, 2)
4981
(7, 2)
4982
(7, 2)
4983
(7, 2)
4984
(7, 2)
4985
(7, 2)
4986
(7, 2)
4987
(5, 3)
4988
(5, 3)
4989
(5, 3)
4990
(5, 3)
4991
(5, 3)
4992
(5, 3)
4993
(7, 3)
4994
(7, 3)
4995
(7, 3)
4996
(7, 3)
4997
(7, 3)
4998
(7, 3)
4999
(5, 3)
5000
(5, 3)
defaultdict(<function <lambda> at 0x2b0b241e32a8>, {(7, 3): 62, (4, 7): 30, (5, 7): 4, (9, 1): 2, (4, 8): 11, (5, 6): 62, (5, 4): 30, (2, 1): 108, (6, 2): 151, (1, 6): 300, (3, 7): 301, (5, 1): 135, (2, 5): 197, (10, 3): 15, (7, 2): 90, (1, 2): 1, (3, 3): 78, (8, 1): 113, (4, 4): 69, (6, 3): 105, (1, 5): 150, (3, 6): 300, (2, 2): 150, (3, 5): 300, (4, 1): 145, (1, 1): 56, (6, 4): 16, (3, 2): 150, (2, 6): 296, (8, 2): 150, (7, 1): 83, (4, 5): 149, (9, 3): 64, (5, 5): 36, (2, 3): 78, (4, 2): 123, (6, 5): 5, (5, 3): 132, (8, 3): 46, (4, 6): 76, (9, 2): 131, (6, 1): 150, (3, 1): 49, (11, 3): 1, (4, 3): 150, (5, 2): 150})
5001
(5, 3)
5002
(5, 3)
5003
(5, 3)
5004
(7, 2)
5005
(7, 2)
5006
(7, 2)
5007
(5, 3)
5008
(5, 3)
5009
(5, 3)
5010
(5, 3)
5011
(5, 3)
5012
(7, 2)
5013
(7, 2)
5014
(7, 2)
5015
(5, 4)
5016
(7, 2)
5017
(7, 2)
5018
(7, 2)
5019
(7, 2)
5020
(7, 2)
5021
(7, 2)
5022
(7, 2)
5023
(7, 2)
5024
(7, 2)
5025
(7, 2)
5026
(5, 3)
5027
(5, 3)
5028
(5, 3)
5029
(5, 3)
5030
(5, 3)
5031
(7, 3)
5032
(7, 3)
5033
(7, 3)
5034
(7, 3)
5035
(7, 3)
5036
(7, 3)
5037
(5, 4)
5038
(5, 4)
5039
(5, 4)
5040
(5, 4)
5041
(5, 4)
5042
(5, 3)
5043
(5, 3)
5044
(5, 3)
5045
(5, 3)
5046
(5, 3)
5047
(7, 2)
5048
(7, 2)
5049
(7, 2)
5050
(7, 2)
5051
(7, 2)
5052
(7, 2)
5053
(7, 2)
5054
(7, 2)
5055
(7, 2)
5056
(7, 2)
5057
(7, 2)
5058
(7, 2)
5059
(7, 2)
5060
(7, 2)
5061
(7, 2)
5062
(7, 2)
5063
(7, 1)
5064
(7, 2)
5065
(7, 1)
5066
(7, 2)
5067
(7, 1)
5068
(8, 3)
5069
(8, 3)
5070
(8, 3)
5071
(7, 2)
5072
(8, 3)
5073
(8, 3)
5074
(8, 3)
5075
(5, 4)
5076
(5, 4)
5077
(5, 4)
5078
(7, 2)
5079
(7, 2)
5080
(7, 2)
5081
(5, 4)
5082
(5, 4)
5083
(5, 4)
5084
(5, 4)
5085
(5, 4)
5086
(7, 2)
5087
(7, 2)
5088
(7, 2)
5089
(7, 2)
5090
(7, 2)
5091
(7, 2)
5092
(7, 2)
5093
(8, 3)
5094
(8, 3)
5095
(8, 3)
5096
(5, 5)
5097
(8, 3)
5098
(8, 3)
5099
(7, 2)
5100
(8, 3)
5101
(8, 3)
5102
(8, 3)
5103
(8, 3)
5104
(7, 1)
5105
(5, 4)
5106
(5, 4)
5107
(5, 4)
5108
(5, 4)
5109
(5, 4)
5110
(5, 4)
5111
(5, 4)
5112
(5, 4)
5113
(5, 4)
5114
(5, 4)
5115
(8, 3)
5116
(8, 3)
5117
(8, 3)
5118
(8, 3)
5119
(8, 3)
5120
(8, 3)
5121
(8, 1)
5122
(8, 1)
5123
(8, 1)
5124
(8, 1)
5125
(8, 1)
5126
(5, 4)
5127
(5, 4)
5128
(5, 4)
5129
(5, 4)
5130
(5, 4)
5131
(8, 3)
5132
(8, 3)
5133
(8, 3)
5134
(8, 1)
5135
(8, 3)
5136
(8, 3)
5137
(8, 3)
5138
(8, 1)
5139
(8, 1)
5140
(8, 1)
5141
(5, 5)
5142
(5, 5)
5143
(5, 5)
5144
(5, 5)
5145
(5, 5)
5146
(5, 6)
5147
(8, 1)
5148
(8, 1)
5149
(8, 3)
5150
(8, 3)
5151
(8, 1)
5152
(8, 1)
5153
(8, 3)
5154
(8, 3)
5155
(8, 3)
5156
(8, 3)
5157
(8, 3)
5158
(8, 3)
5159
(8, 1)
5160
(5, 5)
5161
(5, 5)
5162
(5, 5)
5163
(5, 5)
5164
(5, 5)
5165
(8, 1)
5166
(8, 1)
5167
(8, 1)
5168
(9, 3)
5169
(9, 3)
5170
(9, 3)
5171
(9, 3)
5172
(9, 3)
5173
(5, 5)
5174
(5, 5)
5175
(5, 5)
5176
(5, 5)
5177
(5, 5)
5178
(9, 3)
5179
(8, 3)
5180
(9, 3)
5181
(9, 3)
5182
(8, 1)
5183
(8, 1)
5184
(8, 1)
5185
(9, 2)
5186
(9, 2)
5187
(9, 2)
5188
(9, 2)
5189
(9, 2)
5190
(8, 1)
5191
(8, 1)
5192
(8, 1)
5193
(8, 1)
5194
(7, 1)
5195
(7, 1)
5196
(7, 1)
5197
(7, 1)
5198
(7, 2)
5199
(8, 1)
5200
(8, 1)
5201
(10, 2)
5202
(10, 2)
5203
(10, 3)
5204
(10, 3)
5205
(9, 2)
5206
(9, 2)
5207
(9, 2)
5208
(9, 2)
5209
(9, 2)
5210
(9, 2)
5211
(9, 2)
5212
(9, 1)
5213
(9, 3)
5214
(9, 3)
5215
(9, 3)
5216
(9, 2)
5217
(9, 2)
5218
(8, 1)
5219
(9, 1)
5220
(10, 3)
5221
(10, 3)
5222
(5, 5)
5223
(5, 5)
5224
(5, 5)
5225
(5, 5)
5226
(5, 5)
5227
(4, 7)
5228
(4, 7)
5229
(9, 2)
5230
(8, 1)
5231
(8, 1)
5232
(8, 1)
5233
(8, 1)
5234
(8, 1)
5235
(8, 1)
5236
(7, 1)
5237
(7, 1)
5238
(7, 1)
5239
(7, 2)
5240
(7, 2)
5241
(8, 1)
5242
(8, 1)
5243
(8, 1)
5244
(8, 1)
5245
(9, 3)
5246
(9, 3)
5247
(9, 2)
5248
(9, 2)
5249
(9, 2)
5250
(9, 2)
5251
(9, 2)
5252
(5, 6)
5253
(5, 6)
5254
(9, 3)
5255
(9, 3)
5256
(9, 3)
5257
(9, 3)
5258
(9, 3)
5259
(9, 3)
5260
(9, 3)
5261
(9, 1)
5262
(9, 1)
5263
(9, 1)
5264
(5, 6)
5265
(5, 6)
5266
(5, 6)
5267
(10, 2)
5268
(9, 1)
5269
(5, 6)
5270
(5, 6)
5271
(5, 6)
5272
(4, 8)
5273
(4, 8)
5274
(4, 8)
5275
(6, 6)
5276
(6, 6)
5277
(4, 8)
5278
(4, 8)
5279
(4, 6)
5280
(5, 6)
5281
(10, 2)
5282
(10, 2)
5283
(9, 3)
5284
(9, 3)
5285
(9, 3)
5286
(9, 3)
5287
(9, 3)
5288
(9, 3)
5289
(9, 3)
5290
(9, 3)
5291
(10, 2)
5292
(10, 2)
5293
(5, 6)
5294
(9, 1)
5295
(10, 3)
5296
(10, 3)
5297
(9, 4)
5298
(6, 6)
5299
(10, 3)
5300
(9, 4)
5301
(9, 4)
5302
(6, 6)
5303
(6, 6)
5304
(10, 3)
5305
(9, 1)
5306
(5, 6)
5307
(5, 6)
5308
(9, 4)
5309
(9, 4)
5310
(9, 4)
5311
(10, 3)
5312
(9, 4)
5313
(9, 4)
5314
(10, 3)
5315
(5, 5)
5316
(5, 5)
5317
(5, 5)
5318
(9, 1)
5319
(5, 5)
5320
(5, 5)
5321
(9, 1)
5322
(5, 6)
5323
(5, 6)
5324
(5, 6)
5325
(5, 6)
5326
(5, 5)
5327
(5, 5)
5328
(6, 5)
5329
(5, 7)
5330
(6, 5)
5331
(5, 7)
5332
(5, 7)
5333
(5, 7)
5334
(5, 6)
5335
(5, 6)
5336
(5, 6)
5337
(5, 6)
5338
(5, 5)
5339
(5, 5)
5340
(6, 5)
5341
(5, 7)
5342
(6, 5)
5343
(9, 1)
5344
(9, 3)
5345
(9, 3)
5346
(9, 3)
5347
(9, 3)
5348
(9, 3)
5349
(9, 3)
5350
(9, 3)
5351
(9, 3)
5352
(5, 6)
5353
(5, 6)
5354
(5, 6)
5355
(9, 3)
5356
(5, 6)
5357
(5, 6)
5358
(4, 7)
5359
(4, 7)
5360
(4, 7)
5361
(6, 5)
5362
(6, 5)
5363
(4, 7)
5364
(5, 5)
5365
(5, 5)
5366
(5, 5)
5367
(5, 5)
5368
(5, 5)
5369
(5, 7)
5370
(5, 6)
5371
(5, 6)
5372
(5, 6)
5373
(5, 6)
5374
(5, 5)
5375
(6, 5)
5376
(6, 5)
5377
(5, 7)
5378
(5, 6)
5379
(5, 6)
5380
(5, 6)
5381
(5, 6)
5382
(5, 5)
5383
(6, 5)
5384
(6, 5)
5385
(5, 7)
5386
(5, 6)
5387
(5, 6)
5388
(5, 6)
5389
(5, 6)
5390
(5, 5)
5391
(6, 5)
5392
(6, 5)
5393
(9, 3)
5394
(9, 3)
5395
(9, 3)
5396
(9, 3)
5397
(9, 3)
5398
(9, 3)
5399
(5, 7)
5400
(5, 7)
5401
(5, 6)
5402
(5, 7)
5403
(5, 7)
5404
(9, 1)
5405
(10, 2)
5406
(10, 2)
5407
(9, 1)
5408
(9, 1)
5409
(9, 1)
5410
(9, 1)
5411
(9, 1)
5412
(9, 1)
5413
(9, 1)
5414
(5, 7)
5415
(5, 6)
5416
(4, 6)
5417
(4, 6)
5418
(4, 5)
5419
(4, 5)
5420
(4, 5)
5421
(5, 7)
5422
(5, 6)
5423
(5, 6)
5424
(4, 6)
5425
(4, 6)
5426
(4, 5)
5427
(4, 5)
5428
(4, 5)
5429
(4, 5)
5430
(4, 5)
5431
(4, 5)
5432
(4, 6)
5433
(4, 6)
5434
(4, 6)
5435
(4, 6)
5436
(4, 7)
5437
(4, 7)
5438
(4, 7)
5439
(4, 7)
5440
(4, 7)
5441
(4, 7)
5442
(5, 7)
5443
(5, 6)
5444
(5, 6)
5445
(5, 6)
5446
(5, 5)
5447
(5, 5)
5448
(5, 5)
5449
(5, 5)
5450
(5, 5)
5451
(5, 5)
5452
(5, 5)
5453
(5, 5)
5454
(5, 5)
5455
(5, 6)
5456
(5, 6)
5457
(5, 7)
5458
(5, 6)
5459
(4, 6)
5460
(4, 6)
5461
(4, 6)
5462
(4, 5)
5463
(4, 5)
5464
(4, 5)
5465
(4, 5)
5466
(4, 5)
5467
(4, 5)
5468
(4, 6)
5469
(4, 6)
5470
(4, 6)
5471
(4, 6)
5472
(4, 7)
5473
(4, 7)
5474
(4, 7)
5475
(4, 7)
5476
(5, 7)
5477
(5, 6)
5478
(5, 6)
5479
(5, 6)
5480
(5, 5)
5481
(6, 5)
5482
(6, 5)
5483
(5, 7)
5484
(4, 6)
5485
(4, 6)
5486
(4, 6)
5487
(4, 6)
5488
(4, 5)
5489
(4, 5)
5490
(4, 5)
5491
(4, 5)
5492
(4, 5)
5493
(4, 5)
5494
(4, 6)
5495
(4, 6)
5496
(4, 6)
5497
(4, 7)
5498
(4, 7)
5499
(4, 7)
5500
(4, 7)
defaultdict(<function <lambda> at 0x2b0b241e32a8>, {(7, 3): 68, (4, 7): 50, (5, 7): 22, (9, 1): 21, (4, 8): 16, (5, 6): 113, (5, 4): 59, (2, 1): 108, (6, 2): 151, (1, 6): 300, (9, 4): 8, (3, 7): 301, (5, 1): 135, (2, 5): 197, (10, 3): 25, (7, 2): 139, (1, 2): 1, (3, 3): 78, (8, 1): 150, (4, 4): 69, (6, 3): 105, (1, 5): 150, (3, 6): 300, (2, 2): 150, (3, 5): 300, (4, 1): 145, (1, 1): 56, (6, 4): 16, (3, 2): 150, (2, 6): 296, (6, 6): 5, (8, 2): 150, (7, 1): 94, (4, 5): 170, (9, 3): 107, (5, 5): 84, (2, 3): 78, (4, 2): 123, (6, 5): 19, (5, 3): 150, (8, 3): 82, (4, 6): 99, (9, 2): 151, (6, 1): 150, (3, 1): 49, (11, 3): 1, (4, 3): 150, (5, 2): 150, (10, 2): 9})
5501
(5, 7)
5502
(5, 6)
5503
(5, 6)
5504
(5, 6)
5505
(5, 5)
5506
(6, 5)
5507
(6, 5)
5508
(4, 7)
5509
(4, 6)
5510
(4, 6)
5511
(4, 6)
5512
(4, 6)
5513
(4, 5)
5514
(4, 5)
5515
(4, 5)
5516
(4, 5)
5517
(4, 5)
5518
(4, 5)
5519
(4, 6)
5520
(4, 6)
5521
(4, 7)
5522
(4, 7)
5523
(4, 7)
5524
(4, 7)
5525
(4, 7)
5526
(4, 7)
5527
(4, 6)
5528
(4, 6)
5529
(4, 6)
5530
(4, 5)
5531
(4, 5)
5532
(4, 5)
5533
(4, 5)
5534
(4, 5)
5535
(4, 5)
5536
(4, 5)
5537
(4, 5)
5538
(4, 5)
5539
(4, 6)
5540
(4, 6)
5541
(4, 7)
5542
(4, 6)
5543
(4, 6)
5544
(4, 6)
5545
(4, 6)
5546
(4, 5)
5547
(4, 5)
5548
(4, 5)
5549
(4, 5)
5550
(4, 5)
5551
(4, 5)
5552
(4, 6)
5553
(4, 7)
5554
(4, 7)
5555
(4, 7)
5556
(4, 7)
5557
(4, 7)
5558
(4, 6)
5559
(4, 6)
5560
(4, 6)
5561
(4, 5)
5562
(4, 5)
5563
(4, 5)
5564
(4, 5)
5565
(4, 5)
5566
(4, 5)
5567
(4, 5)
5568
(4, 5)
5569
(4, 5)
5570
(4, 6)
5571
(4, 6)
5572
(4, 7)
5573
(4, 6)
5574
(4, 6)
5575
(4, 6)
5576
(4, 6)
5577
(4, 5)
5578
(4, 5)
5579
(4, 5)
5580
(4, 5)
5581
(4, 5)
5582
(4, 5)
5583
(4, 7)
5584
(4, 7)
5585
(4, 7)
5586
(4, 7)
5587
(5, 7)
5588
(5, 6)
5589
(5, 6)
5590
(5, 6)
5591
(5, 5)
5592
(5, 5)
5593
(5, 5)
5594
(5, 5)
5595
(5, 5)
5596
(5, 5)
5597
(5, 5)
5598
(5, 5)
5599
(5, 5)
5600
(5, 6)
5601
(5, 6)
5602
(4, 7)
5603
(4, 6)
5604
(4, 6)
5605
(4, 6)
5606
(4, 6)
5607
(4, 5)
5608
(4, 5)
5609
(4, 5)
5610
(4, 5)
5611
(4, 5)
5612
(4, 5)
5613
(4, 6)
5614
(4, 6)
5615
(4, 7)
5616
(4, 7)
5617
(4, 6)
5618
(4, 6)
5619
(4, 6)
5620
(4, 5)
5621
(4, 5)
5622
(4, 5)
5623
(4, 5)
5624
(4, 5)
5625
(4, 5)
5626
(4, 5)
5627
(4, 5)
5628
(4, 5)
5629
(4, 6)
5630
(4, 6)
5631
(4, 7)
5632
(4, 6)
5633
(4, 6)
5634
(4, 6)
5635
(4, 6)
5636
(4, 5)
5637
(4, 5)
5638
(4, 7)
5639
(4, 7)
5640
(4, 6)
5641
(4, 6)
5642
(4, 6)
5643
(4, 5)
5644
(4, 7)
5645
(4, 6)
5646
(4, 6)
5647
(4, 6)
5648
(4, 6)
5649
(4, 7)
5650
(5, 7)
5651
(5, 6)
5652
(5, 6)
5653
(5, 6)
5654
(5, 5)
5655
(5, 5)
5656
(5, 5)
5657
(5, 5)
5658
(5, 5)
5659
(5, 5)
5660
(5, 5)
5661
(5, 5)
5662
(5, 5)
5663
(5, 6)
5664
(5, 6)
5665
(5, 7)
5666
(4, 6)
5667
(4, 6)
5668
(4, 6)
5669
(4, 6)
5670
(4, 7)
5671
(5, 7)
5672
(5, 6)
5673
(5, 6)
5674
(5, 6)
5675
(5, 5)
5676
(6, 5)
5677
(6, 5)
5678
(4, 7)
5679
(4, 6)
5680
(4, 6)
5681
(4, 6)
5682
(4, 6)
5683
(4, 7)
5684
(4, 7)
5685
(4, 6)
5686
(4, 6)
5687
(4, 6)
5688
(4, 7)
5689
(4, 6)
5690
(4, 7)
5691
(4, 7)
5692
(4, 7)
5693
(4, 7)
5694
(5, 7)
5695
(5, 6)
5696
(5, 6)
5697
(5, 6)
5698
(5, 5)
5699
(5, 5)
5700
(5, 5)
5701
(5, 5)
5702
(5, 5)
5703
(5, 5)
5704
(5, 5)
5705
(5, 5)
5706
(5, 5)
5707
(5, 6)
5708
(5, 6)
5709
(5, 7)
5710
(5, 6)
5711
(4, 7)
5712
(5, 7)
5713
(5, 6)
5714
(5, 6)
5715
(5, 6)
5716
(5, 5)
5717
(6, 5)
5718
(6, 5)
5719
(5, 7)
5720
(4, 7)
5721
(4, 7)
5722
(4, 7)
5723
(4, 7)
5724
(5, 7)
5725
(5, 6)
5726
(5, 7)
5727
(5, 6)
5728
(5, 6)
5729
(4, 7)
5730
(5, 7)
5731
(5, 6)
5732
(5, 6)
5733
(5, 6)
5734
(5, 5)
5735
(5, 5)
5736
(5, 5)
5737
(5, 5)
5738
(5, 5)
5739
(5, 5)
5740
(5, 5)
5741
(5, 5)
5742
(5, 5)
5743
(5, 6)
5744
(5, 6)
5745
(5, 7)
5746
(5, 6)
5747
(4, 7)
5748
(5, 7)
5749
(5, 7)
5750
(5, 6)
5751
(5, 7)
5752
(5, 6)
5753
(5, 6)
5754
(4, 7)
5755
(5, 7)
5756
(5, 7)
5757
(4, 7)
5758
(4, 7)
5759
(4, 7)
5760
(6, 5)
5761
(6, 5)
5762
(6, 5)
5763
(6, 5)
5764
(5, 6)
5765
(5, 7)
5766
(5, 7)
5767
(5, 7)
5768
(4, 7)
5769
(4, 7)
5770
(4, 7)
5771
(9, 1)
5772
(6, 5)
5773
(6, 5)
5774
(6, 6)
5775
(4, 7)
5776
(6, 6)
5777
(6, 6)
5778
(9, 4)
5779
(9, 4)
5780
(9, 4)
5781
(9, 4)
5782
(9, 4)
5783
(9, 4)
5784
(9, 4)
5785
(10, 2)
5786
(10, 2)
5787
(10, 2)
5788
(6, 5)
5789
(6, 5)
5790
(6, 5)
5791
(6, 6)
5792
(6, 6)
5793
(6, 6)
5794
(6, 6)
5795
(6, 5)
5796
(6, 5)
5797
(6, 5)
5798
(5, 7)
5799
(6, 5)
5800
(5, 7)
5801
(5, 7)
5802
(5, 7)
5803
(5, 7)
5804
(6, 5)
5805
(6, 5)
5806
(10, 3)
5807
(10, 3)
5808
(10, 2)
5809
(7, 5)
5810
(6, 6)
5811
(6, 7)
5812
(6, 6)
5813
(6, 6)
5814
(6, 6)
5815
(6, 6)
5816
(6, 5)
5817
(6, 5)
5818
(6, 5)
5819
(6, 7)
5820
(6, 6)
5821
(6, 6)
5822
(6, 6)
5823
(6, 6)
5824
(6, 5)
5825
(6, 5)
5826
(6, 5)
5827
(6, 7)
5828
(6, 6)
5829
(6, 6)
5830
(6, 6)
5831
(6, 6)
5832
(6, 5)
5833
(6, 5)
5834
(6, 5)
5835
(6, 7)
5836
(6, 7)
5837
(10, 3)
5838
(10, 3)
5839
(10, 3)
5840
(6, 7)
5841
(9, 1)
5842
(5, 6)
5843
(5, 6)
5844
(5, 7)
5845
(5, 6)
5846
(5, 6)
5847
(5, 6)
5848
(5, 6)
5849
(5, 5)
5850
(5, 5)
5851
(4, 7)
5852
(5, 5)
5853
(4, 7)
5854
(4, 7)
5855
(4, 7)
5856
(4, 7)
5857
(5, 7)
5858
(5, 6)
5859
(5, 6)
5860
(5, 6)
5861
(5, 6)
5862
(5, 5)
5863
(5, 5)
5864
(4, 7)
5865
(5, 5)
5866
(5, 7)
5867
(5, 6)
5868
(5, 6)
5869
(5, 6)
5870
(5, 6)
5871
(5, 5)
5872
(5, 5)
5873
(4, 7)
5874
(5, 5)
5875
(6, 7)
5876
(5, 6)
5877
(5, 6)
5878
(5, 6)
5879
(5, 5)
5880
(5, 5)
5881
(4, 5)
5882
(4, 5)
5883
(4, 5)
5884
(4, 5)
5885
(4, 5)
5886
(5, 7)
5887
(5, 6)
5888
(5, 6)
5889
(5, 6)
5890
(5, 6)
5891
(5, 5)
5892
(5, 5)
5893
(5, 5)
5894
(5, 5)
5895
(5, 5)
5896
(5, 5)
5897
(5, 6)
5898
(5, 6)
5899
(4, 6)
5900
(4, 6)
5901
(4, 7)
5902
(5, 7)
5903
(5, 6)
5904
(5, 6)
5905
(5, 6)
5906
(5, 5)
5907
(5, 5)
5908
(5, 5)
5909
(5, 5)
5910
(5, 5)
5911
(5, 5)
5912
(5, 5)
5913
(5, 5)
5914
(5, 5)
5915
(5, 6)
5916
(5, 6)
5917
(5, 7)
5918
(5, 6)
5919
(5, 6)
5920
(5, 6)
5921
(5, 6)
5922
(5, 5)
5923
(5, 5)
5924
(5, 5)
5925
(5, 5)
5926
(5, 5)
5927
(5, 5)
5928
(5, 6)
5929
(4, 6)
5930
(4, 6)
5931
(4, 6)
5932
(4, 7)
5933
(5, 7)
5934
(5, 6)
5935
(5, 6)
5936
(5, 6)
5937
(5, 5)
5938
(5, 5)
5939
(5, 5)
5940
(5, 5)
5941
(5, 5)
5942
(5, 5)
5943
(5, 5)
5944
(5, 5)
5945
(5, 5)
5946
(5, 6)
5947
(5, 6)
5948
(5, 7)
5949
(5, 6)
5950
(5, 6)
5951
(5, 6)
5952
(5, 6)
5953
(5, 5)
5954
(5, 5)
5955
(5, 5)
5956
(5, 5)
5957
(5, 5)
5958
(5, 5)
5959
(4, 6)
5960
(4, 6)
5961
(4, 6)
5962
(4, 6)
5963
(4, 7)
5964
(4, 7)
5965
(5, 7)
5966
(5, 6)
5967
(5, 6)
5968
(5, 6)
5969
(4, 5)
5970
(4, 5)
5971
(4, 5)
5972
(4, 5)
5973
(4, 5)
5974
(4, 5)
5975
(5, 7)
5976
(5, 6)
5977
(5, 6)
5978
(5, 6)
5979
(5, 6)
5980
(5, 5)
5981
(5, 5)
5982
(5, 5)
5983
(5, 5)
5984
(5, 5)
5985
(4, 5)
5986
(4, 6)
5987
(4, 6)
5988
(4, 6)
5989
(4, 6)
5990
(4, 7)
5991
(4, 7)
5992
(5, 7)
5993
(5, 6)
5994
(5, 6)
5995
(5, 6)
5996
(5, 5)
5997
(5, 5)
5998
(5, 5)
5999
(5, 5)
6000
(5, 5)
defaultdict(<function <lambda> at 0x2b0b241e32a8>, {(7, 3): 68, (4, 7): 113, (5, 7): 59, (9, 1): 23, (4, 8): 16, (5, 6): 203, (5, 4): 59, (2, 1): 108, (6, 2): 151, (1, 6): 300, (9, 4): 15, (3, 7): 301, (5, 1): 135, (2, 5): 197, (10, 3): 30, (7, 2): 139, (1, 2): 1, (6, 7): 7, (3, 3): 78, (8, 1): 150, (4, 4): 69, (6, 3): 105, (1, 5): 150, (3, 6): 300, (2, 2): 150, (3, 5): 300, (4, 1): 145, (1, 1): 56, (6, 4): 16, (3, 2): 150, (2, 6): 296, (6, 6): 25, (8, 2): 150, (7, 1): 94, (4, 5): 236, (9, 3): 107, (5, 5): 180, (7, 5): 1, (2, 3): 78, (4, 2): 123, (6, 5): 49, (5, 3): 150, (8, 3): 82, (4, 6): 171, (9, 2): 151, (6, 1): 150, (3, 1): 49, (11, 3): 1, (4, 3): 150, (5, 2): 150, (10, 2): 13})
6001
(5, 5)
6002
(5, 5)
6003
(5, 5)
6004
(5, 5)
6005
(5, 6)
6006
(5, 6)
6007
(5, 7)
6008
(5, 6)
6009
(5, 6)
6010
(5, 6)
6011
(5, 6)
6012
(5, 5)
6013
(5, 5)
6014
(5, 5)
6015
(5, 5)
6016
(4, 5)
6017
(4, 5)
6018
(4, 6)
6019
(4, 6)
6020
(4, 6)
6021
(4, 6)
6022
(4, 7)
6023
(4, 7)
6024
(4, 7)
6025
(4, 7)
6026
(4, 7)
6027
(5, 7)
6028
(5, 6)
6029
(5, 6)
6030
(5, 6)
6031
(5, 5)
6032
(5, 5)
6033
(5, 5)
6034
(5, 5)
6035
(5, 5)
6036
(5, 5)
6037
(5, 5)
6038
(5, 5)
6039
(5, 5)
6040
(5, 6)
6041
(5, 6)
6042
(5, 7)
6043
(5, 6)
6044
(5, 6)
6045
(5, 6)
6046
(5, 6)
6047
(5, 5)
6048
(5, 5)
6049
(5, 5)
6050
(5, 5)
6051
(4, 5)
6052
(4, 5)
6053
(4, 6)
6054
(4, 6)
6055
(4, 6)
6056
(4, 6)
6057
(4, 7)
6058
(5, 7)
6059
(5, 6)
6060
(5, 6)
6061
(5, 6)
6062
(4, 5)
6063
(4, 5)
6064
(4, 5)
6065
(4, 5)
6066
(4, 5)
6067
(5, 7)
6068
(5, 6)
6069
(5, 6)
6070
(5, 6)
6071
(5, 6)
6072
(5, 5)
6073
(5, 5)
6074
(5, 5)
6075
(4, 5)
6076
(4, 5)
6077
(4, 5)
6078
(4, 6)
6079
(4, 6)
6080
(4, 6)
6081
(4, 6)
6082
(4, 7)
6083
(4, 7)
6084
(5, 7)
6085
(5, 6)
6086
(5, 6)
6087
(6, 6)
6088
(6, 5)
6089
(6, 5)
6090
(6, 5)
6091
(5, 7)
6092
(5, 6)
6093
(5, 6)
6094
(5, 6)
6095
(5, 6)
6096
(5, 5)
6097
(5, 5)
6098
(4, 5)
6099
(4, 5)
6100
(4, 5)
6101
(4, 5)
6102
(4, 6)
6103
(4, 6)
6104
(4, 6)
6105
(4, 6)
6106
(4, 7)
6107
(5, 7)
6108
(5, 6)
6109
(5, 6)
6110
(6, 6)
6111
(6, 5)
6112
(6, 5)
6113
(6, 5)
6114
(5, 7)
6115
(5, 6)
6116
(5, 6)
6117
(5, 6)
6118
(5, 6)
6119
(5, 5)
6120
(4, 5)
6121
(4, 5)
6122
(4, 5)
6123
(4, 5)
6124
(4, 5)
6125
(4, 6)
6126
(4, 6)
6127
(4, 6)
6128
(4, 6)
6129
(4, 7)
6130
(4, 7)
6131
(5, 7)
6132
(5, 6)
6133
(5, 6)
6134
(5, 6)
6135
(5, 5)
6136
(5, 5)
6137
(5, 5)
6138
(5, 5)
6139
(5, 5)
6140
(5, 5)
6141
(5, 5)
6142
(5, 5)
6143
(5, 5)
6144
(5, 6)
6145
(5, 6)
6146
(5, 7)
6147
(5, 6)
6148
(5, 6)
6149
(5, 6)
6150
(5, 6)
6151
(4, 5)
6152
(4, 5)
6153
(4, 5)
6154
(4, 5)
6155
(4, 5)
6156
(4, 5)
6157
(4, 6)
6158
(4, 6)
6159
(4, 6)
6160
(4, 6)
6161
(4, 7)
6162
(5, 7)
6163
(5, 6)
6164
(4, 6)
6165
(4, 6)
6166
(4, 5)
6167
(4, 5)
6168
(4, 5)
6169
(5, 7)
6170
(5, 6)
6171
(5, 6)
6172
(5, 6)
6173
(4, 6)
6174
(4, 5)
6175
(4, 5)
6176
(4, 5)
6177
(4, 5)
6178
(4, 5)
6179
(4, 5)
6180
(4, 6)
6181
(4, 6)
6182
(4, 6)
6183
(4, 6)
6184
(4, 7)
6185
(4, 7)
6186
(5, 7)
6187
(5, 6)
6188
(5, 6)
6189
(5, 6)
6190
(5, 5)
6191
(5, 5)
6192
(5, 5)
6193
(5, 5)
6194
(5, 5)
6195
(5, 5)
6196
(5, 5)
6197
(5, 5)
6198
(5, 5)
6199
(5, 6)
6200
(5, 6)
6201
(5, 7)
6202
(5, 6)
6203
(5, 6)
6204
(4, 6)
6205
(4, 6)
6206
(4, 5)
6207
(4, 5)
6208
(4, 5)
6209
(4, 5)
6210
(4, 5)
6211
(4, 5)
6212
(4, 6)
6213
(4, 6)
6214
(4, 6)
6215
(4, 6)
6216
(4, 7)
6217
(4, 7)
6218
(4, 7)
6219
(4, 7)
6220
(4, 7)
6221
(4, 7)
6222
(5, 7)
6223
(5, 6)
6224
(5, 6)
6225
(5, 6)
6226
(5, 5)
6227
(5, 5)
6228
(5, 5)
6229
(5, 5)
6230
(5, 5)
6231
(5, 5)
6232
(5, 5)
6233
(5, 5)
6234
(5, 5)
6235
(5, 6)
6236
(5, 6)
6237
(5, 7)
6238
(5, 6)
6239
(4, 6)
6240
(4, 6)
6241
(4, 6)
6242
(4, 5)
6243
(4, 5)
6244
(4, 5)
6245
(4, 5)
6246
(4, 5)
6247
(4, 5)
6248
(4, 6)
6249
(4, 6)
6250
(4, 6)
6251
(4, 6)
6252
(4, 7)
6253
(4, 7)
6254
(4, 7)
6255
(4, 7)
6256
(5, 7)
6257
(5, 6)
6258
(5, 6)
6259
(5, 6)
6260
(5, 5)
6261
(6, 5)
6262
(6, 5)
6263
(5, 7)
6264
(4, 6)
6265
(4, 6)
6266
(4, 6)
6267
(4, 6)
6268
(4, 5)
6269
(4, 5)
6270
(4, 5)
6271
(4, 5)
6272
(4, 5)
6273
(4, 5)
6274
(4, 6)
6275
(4, 6)
6276
(4, 6)
6277
(4, 7)
6278
(4, 7)
6279
(4, 7)
6280
(4, 7)
6281
(4, 7)
6282
(5, 7)
6283
(5, 6)
6284
(5, 6)
6285
(5, 6)
6286
(5, 5)
6287
(5, 5)
6288
(5, 5)
6289
(5, 5)
6290
(5, 5)
6291
(5, 5)
6292
(5, 5)
6293
(5, 5)
6294
(5, 5)
6295
(4, 7)
6296
(4, 6)
6297
(4, 6)
6298
(4, 6)
6299
(4, 6)
6300
(4, 5)
6301
(4, 5)
6302
(4, 5)
6303
(4, 5)
6304
(4, 5)
6305
(4, 5)
6306
(4, 6)
6307
(4, 6)
6308
(4, 7)
6309
(4, 7)
6310
(4, 7)
6311
(4, 7)
6312
(4, 7)
6313
(4, 7)
6314
(4, 6)
6315
(4, 6)
6316
(4, 6)
6317
(4, 5)
6318
(4, 5)
6319
(4, 5)
6320
(4, 5)
6321
(4, 7)
6322
(4, 6)
6323
(4, 6)
6324
(4, 6)
6325
(4, 6)
6326
(4, 7)
6327
(4, 7)
6328
(4, 7)
6329
(4, 7)
6330
(4, 7)
6331
(4, 6)
6332
(4, 6)
6333
(4, 6)
6334
(4, 7)
6335
(4, 6)
6336
(4, 6)
6337
(4, 6)
6338
(4, 6)
6339
(4, 7)
6340
(4, 7)
6341
(4, 7)
6342
(4, 7)
6343
(4, 7)
6344
(5, 7)
6345
(4, 7)
6346
(4, 6)
6347
(4, 6)
6348
(4, 6)
6349
(4, 6)
6350
(4, 7)
6351
(4, 7)
6352
(4, 6)
6353
(4, 6)
6354
(4, 6)
6355
(4, 7)
6356
(4, 6)
6357
(4, 6)
6358
(4, 6)
6359
(4, 6)
6360
(4, 7)
6361
(4, 7)
6362
(4, 6)
6363
(4, 6)
6364
(4, 6)
6365
(4, 7)
6366
(4, 6)
6367
(4, 6)
6368
(4, 6)
6369
(4, 6)
6370
(4, 7)
6371
(5, 7)
6372
(5, 7)
6373
(4, 6)
6374
(4, 6)
6375
(4, 6)
6376
(4, 6)
6377
(4, 7)
6378
(5, 7)
6379
(4, 7)
6380
(4, 6)
6381
(4, 6)
6382
(4, 6)
6383
(4, 6)
6384
(4, 7)
6385
(4, 7)
6386
(4, 6)
6387
(4, 6)
6388
(4, 6)
6389
(4, 7)
6390
(4, 6)
6391
(4, 6)
6392
(4, 6)
6393
(4, 6)
6394
(4, 7)
6395
(4, 7)
6396
(4, 6)
6397
(4, 6)
6398
(4, 6)
6399
(4, 7)
6400
(4, 6)
6401
(4, 6)
6402
(4, 6)
6403
(4, 6)
6404
(4, 7)
6405
(5, 7)
6406
(5, 7)
6407
(4, 7)
6408
(5, 7)
6409
(5, 7)
6410
(4, 6)
6411
(4, 6)
6412
(4, 6)
6413
(4, 6)
6414
(4, 7)
6415
(5, 7)
6416
(4, 7)
6417
(4, 7)
6418
(4, 7)
6419
(5, 7)
6420
(5, 7)
6421
(4, 7)
6422
(5, 7)
6423
(5, 7)
6424
(4, 7)
6425
(5, 7)
6426
(5, 7)
6427
(4, 7)
6428
(5, 7)
6429
(5, 7)
6430
(5, 7)
6431
(4, 7)
6432
(4, 7)
6433
(4, 7)
6434
(4, 7)
6435
(4, 7)
6436
(6, 5)
6437
(4, 7)
6438
(4, 7)
6439
(4, 7)
6440
(4, 7)
6441
(5, 7)
6442
(5, 7)
6443
(5, 7)
6444
(5, 7)
6445
(5, 7)
6446
(5, 7)
6447
(5, 7)
6448
(5, 7)
6449
(5, 7)
6450
(5, 7)
6451
(4, 7)
6452
(5, 7)
6453
(5, 7)
6454
(5, 7)
6455
(4, 7)
6456
(5, 7)
6457
(5, 7)
6458
(5, 7)
6459
(5, 7)
6460
(5, 7)
6461
(5, 7)
6462
(6, 5)
6463
(5, 7)
6464
(5, 7)
6465
(5, 7)
6466
(5, 7)
6467
(5, 7)
6468
(5, 7)
6469
(5, 7)
6470
(5, 7)
6471
(6, 5)
6472
(4, 7)
6473
(5, 7)
6474
(6, 6)
6475
(6, 6)
6476
(6, 6)
6477
(6, 5)
6478
(6, 5)
6479
(7, 5)
6480
(5, 7)
6481
(5, 7)
6482
(5, 7)
6483
(4, 7)
6484
(6, 7)
6485
(5, 7)
6486
(5, 7)
6487
(6, 7)
6488
(6, 7)
6489
(6, 7)
6490
(5, 6)
6491
(4, 7)
6492
(4, 7)
6493
(4, 7)
6494
(5, 7)
6495
(5, 6)
6496
(5, 6)
6497
(5, 6)
6498
(5, 6)
6499
(5, 5)
6500
(5, 5)
defaultdict(<function <lambda> at 0x2b0b241e32a8>, {(7, 3): 68, (4, 7): 202, (5, 7): 131, (9, 1): 23, (4, 8): 16, (5, 6): 274, (5, 4): 59, (2, 1): 108, (6, 2): 151, (1, 6): 300, (9, 4): 15, (3, 7): 301, (5, 1): 135, (2, 5): 197, (10, 3): 30, (7, 2): 139, (1, 2): 1, (6, 7): 11, (3, 3): 78, (8, 1): 150, (4, 4): 69, (6, 3): 105, (1, 5): 150, (3, 6): 300, (2, 2): 150, (3, 5): 300, (4, 1): 145, (1, 1): 56, (6, 4): 16, (3, 2): 150, (2, 6): 296, (6, 6): 30, (8, 2): 150, (7, 1): 94, (4, 5): 300, (9, 3): 107, (5, 5): 246, (7, 5): 2, (2, 3): 78, (4, 2): 123, (6, 5): 62, (5, 3): 150, (8, 3): 82, (4, 6): 286, (9, 2): 151, (6, 1): 150, (3, 1): 49, (11, 3): 1, (4, 3): 150, (5, 2): 150, (10, 2): 13})
6501
(4, 7)
6502
(5, 5)
6503
(4, 7)
6504
(4, 7)
6505
(4, 7)
6506
(7, 5)
6507
(6, 7)
6508
(7, 5)
6509
(6, 7)
6510
(6, 7)
6511
(6, 7)
6512
(4, 7)
6513
(4, 7)
6514
(4, 7)
6515
(4, 7)
6516
(4, 7)
6517
(5, 7)
6518
(5, 6)
6519
(5, 6)
6520
(5, 6)
6521
(5, 6)
6522
(5, 5)
6523
(5, 5)
6524
(4, 7)
6525
(6, 5)
6526
(4, 7)
6527
(4, 7)
6528
(4, 7)
6529
(4, 7)
6530
(5, 7)
6531
(5, 6)
6532
(5, 6)
6533
(5, 6)
6534
(5, 6)
6535
(5, 5)
6536
(4, 7)
6537
(5, 7)
6538
(5, 6)
6539
(5, 6)
6540
(5, 6)
6541
(5, 6)
6542
(5, 5)
6543
(4, 7)
6544
(4, 7)
6545
(4, 7)
6546
(4, 7)
6547
(4, 7)
6548
(4, 7)
6549
(4, 7)
6550
(4, 7)
6551
(4, 7)
6552
(4, 7)
6553
(5, 7)
6554
(5, 6)
6555
(5, 6)
6556
(5, 6)
6557
(5, 6)
6558
(5, 5)
6559
(5, 5)
6560
(6, 5)
6561
(7, 5)
6562
(7, 5)
6563
(7, 5)
6564
(4, 7)
6565
(4, 7)
6566
(4, 7)
6567
(4, 7)
6568
(4, 7)
6569
(4, 7)
6570
(4, 7)
6571
(4, 7)
6572
(4, 7)
6573
(4, 7)
6574
(4, 7)
6575
(4, 7)
6576
(5, 7)
6577
(4, 7)
6578
(4, 7)
6579
(4, 7)
6580
(4, 7)
6581
(4, 7)
6582
(4, 7)
6583
(4, 7)
6584
(4, 7)
6585
(5, 7)
6586
(4, 7)
6587
(5, 7)
6588
(4, 7)
6589
(5, 7)
6590
(5, 6)
6591
(5, 6)
6592
(5, 6)
6593
(5, 6)
6594
(5, 5)
6595
(6, 5)
6596
(6, 5)
6597
(10, 2)
6598
(10, 2)
6599
(10, 2)
6600
(10, 2)
6601
(9, 1)
6602
(4, 7)
6603
(4, 7)
6604
(4, 7)
6605
(4, 7)
6606
(5, 7)
6607
(5, 6)
6608
(5, 6)
6609
(5, 6)
6610
(5, 6)
6611
(6, 5)
6612
(6, 5)
6613
(6, 5)
6614
(5, 7)
6615
(5, 6)
6616
(5, 6)
6617
(5, 7)
6618
(5, 7)
6619
(5, 7)
6620
(4, 7)
6621
(4, 7)
6622
(4, 7)
6623
(4, 7)
6624
(4, 7)
6625
(5, 7)
6626
(5, 7)
6627
(4, 7)
6628
(5, 7)
6629
(4, 7)
6630
(5, 7)
6631
(5, 7)
6632
(5, 7)
6633
(6, 5)
6634
(6, 5)
6635
(6, 5)
6636
(4, 7)
6637
(4, 7)
6638
(4, 7)
6639
(6, 5)
6640
(4, 7)
6641
(4, 7)
6642
(4, 7)
6643
(4, 7)
6644
(9, 1)
6645
(9, 1)
6646
(9, 1)
6647
(9, 1)
6648
(5, 7)
6649
(5, 7)
6650
(4, 7)
6651
(4, 7)
6652
(4, 7)
6653
(4, 7)
6654
(4, 7)
6655
(5, 7)
6656
(4, 7)
6657
(4, 7)
6658
(5, 7)
6659
(5, 7)
6660
(5, 7)
6661
(5, 7)
6662
(4, 7)
6663
(4, 7)
6664
(5, 7)
6665
(4, 7)
6666
(6, 5)
6667
(6, 5)
6668
(6, 5)
6669
(4, 7)
6670
(4, 7)
6671
(4, 7)
6672
(4, 7)
6673
(4, 7)
6674
(4, 7)
6675
(4, 7)
6676
(5, 7)
6677
(5, 7)
6678
(4, 7)
6679
(5, 7)
6680
(5, 7)
6681
(5, 7)
6682
(5, 7)
6683
(5, 7)
6684
(5, 7)
6685
(5, 7)
6686
(5, 7)
6687
(10, 2)
6688
(10, 2)
6689
(6, 5)
6690
(4, 7)
6691
(4, 7)
6692
(4, 7)
6693
(4, 7)
6694
(4, 7)
6695
(4, 7)
6696
(4, 7)
6697
(4, 7)
6698
(4, 7)
6699
(5, 7)
6700
(5, 7)
6701
(5, 7)
6702
(5, 7)
6703
(5, 7)
6704
(5, 7)
6705
(6, 5)
6706
(6, 5)
6707
(6, 5)
6708
(4, 7)
6709
(4, 7)
6710
(4, 7)
6711
(6, 5)
6712
(5, 7)
6713
(5, 7)
6714
(5, 7)
6715
(5, 7)
6716
(5, 7)
6717
(5, 7)
6718
(5, 7)
6719
(5, 7)
6720
(5, 7)
6721
(4, 9)
6722
(9, 3)
6723
(4, 9)
6724
(4, 9)
6725
(9, 3)
6726
(9, 3)
6727
(6, 5)
6728
(6, 5)
6729
(9, 3)
6730
(4, 9)
6731
(5, 7)
6732
(4, 9)
6733
(5, 7)
6734
(5, 7)
6735
(5, 7)
6736
(5, 7)
6737
(5, 7)
6738
(5, 7)
6739
(6, 5)
6740
(5, 7)
6741
(5, 7)
6742
(5, 7)
6743
(5, 7)
6744
(5, 7)
6745
(5, 7)
6746
(5, 7)
6747
(5, 7)
6748
(5, 7)
6749
(5, 7)
6750
(5, 7)
6751
(5, 7)
6752
(4, 7)
6753
(5, 7)
6754
(5, 7)
6755
(4, 7)
6756
(5, 7)
6757
(5, 7)
6758
(4, 7)
6759
(5, 7)
6760
(9, 4)
6761
(6, 5)
6762
(9, 4)
6763
(6, 5)
6764
(9, 4)
6765
(6, 5)
6766
(5, 7)
6767
(5, 7)
6768
(5, 7)
6769
(5, 7)
6770
(5, 7)
6771
(5, 7)
6772
(5, 7)
6773
(5, 7)
6774
(5, 7)
6775
(5, 7)
6776
(5, 7)
6777
(5, 7)
6778
(5, 7)
6779
(5, 7)
6780
(5, 7)
6781
(5, 7)
6782
(5, 7)
6783
(5, 7)
6784
(5, 7)
6785
(5, 7)
6786
(5, 7)
6787
(5, 7)
6788
(5, 7)
6789
(5, 7)
6790
(10, 2)
6791
(10, 2)
6792
(9, 3)
6793
(9, 3)
6794
(9, 3)
6795
(10, 2)
6796
(6, 5)
6797
(10, 2)
6798
(9, 3)
6799
(9, 3)
6800
(9, 3)
6801
(5, 7)
6802
(5, 7)
6803
(5, 7)
6804
(5, 7)
6805
(5, 7)
6806
(5, 7)
6807
(5, 7)
6808
(5, 7)
6809
(5, 7)
6810
(5, 7)
6811
(5, 7)
6812
(5, 7)
6813
(5, 7)
6814
(5, 7)
6815
(6, 6)
6816
(9, 4)
6817
(9, 4)
6818
(9, 4)
6819
(9, 4)
6820
(5, 7)
6821
(6, 6)
6822
(6, 6)
6823
(6, 6)
6824
(6, 6)
6825
(6, 5)
6826
(6, 5)
6827
(6, 5)
6828
(9, 4)
6829
(5, 7)
6830
(6, 6)
6831
(6, 6)
6832
(6, 6)
6833
(6, 6)
6834
(6, 5)
6835
(6, 5)
6836
(6, 5)
6837
(5, 7)
6838
(5, 7)
6839
(5, 7)
6840
(5, 7)
6841
(5, 7)
6842
(6, 7)
6843
(6, 6)
6844
(6, 6)
6845
(6, 6)
6846
(6, 6)
6847
(6, 5)
6848
(6, 5)
6849
(6, 5)
6850
(6, 7)
6851
(6, 6)
6852
(6, 6)
6853
(6, 6)
6854
(6, 6)
6855
(6, 5)
6856
(6, 5)
6857
(6, 5)
6858
(6, 7)
6859
(6, 6)
6860
(6, 6)
6861
(6, 6)
6862
(6, 6)
6863
(6, 5)
6864
(6, 5)
6865
(6, 5)
6866
(6, 7)
6867
(6, 7)
6868
(6, 6)
6869
(6, 6)
6870
(6, 6)
6871
(6, 6)
6872
(6, 5)
6873
(6, 5)
6874
(7, 5)
6875
(6, 7)
6876
(6, 6)
6877
(6, 6)
6878
(6, 6)
6879
(6, 6)
6880
(6, 5)
6881
(6, 5)
6882
(6, 7)
6883
(6, 6)
6884
(6, 6)
6885
(6, 6)
6886
(6, 6)
6887
(6, 5)
6888
(6, 5)
6889
(6, 6)
6890
(6, 7)
6891
(6, 6)
6892
(6, 6)
6893
(6, 6)
6894
(6, 6)
6895
(6, 5)
6896
(6, 5)
6897
(7, 5)
6898
(6, 7)
6899
(6, 6)
6900
(6, 6)
6901
(6, 6)
6902
(6, 6)
6903
(6, 5)
6904
(6, 5)
6905
(7, 5)
6906
(6, 7)
6907
(6, 6)
6908
(6, 6)
6909
(6, 6)
6910
(6, 6)
6911
(6, 5)
6912
(6, 5)
6913
(7, 5)
6914
(6, 7)
6915
(6, 7)
6916
(6, 7)
6917
(6, 5)
6918
(6, 5)
6919
(10, 2)
6920
(10, 2)
6921
(6, 7)
6922
(6, 7)
6923
(6, 7)
6924
(6, 7)
6925
(6, 7)
6926
(7, 5)
6927
(7, 5)
6928
(7, 5)
6929
(6, 6)
6930
(6, 7)
6931
(6, 7)
6932
(6, 7)
6933
(6, 7)
6934
(6, 7)
6935
(7, 5)
6936
(5, 7)
6937
(5, 7)
6938
(5, 7)
6939
(5, 7)
6940
(5, 7)
6941
(5, 7)
6942
(5, 7)
6943
(5, 7)
6944
(6, 7)
6945
(6, 6)
6946
(6, 7)
6947
(6, 6)
6948
(6, 7)
6949
(6, 6)
6950
(7, 5)
6951
(7, 5)
6952
(7, 5)
6953
(7, 5)
6954
(6, 7)
6955
(6, 7)
6956
(6, 7)
6957
(7, 5)
6958
(7, 5)
6959
(7, 5)
6960
(5, 7)
6961
(5, 7)
6962
(5, 7)
6963
(5, 7)
6964
(5, 7)
6965
(4, 9)
6966
(4, 9)
6967
(4, 9)
6968
(4, 9)
6969
(5, 7)
6970
(5, 7)
6971
(4, 9)
6972
(5, 7)
6973
(5, 7)
6974
(5, 7)
6975
(5, 7)
6976
(5, 7)
6977
(5, 7)
6978
(5, 7)
6979
(10, 2)
6980
(5, 7)
6981
(5, 7)
6982
(5, 7)
6983
(5, 7)
6984
(10, 2)
6985
(10, 2)
6986
(5, 7)
6987
(5, 7)
6988
(5, 7)
6989
(5, 7)
6990
(5, 7)
6991
(5, 7)
6992
(5, 7)
6993
(6, 6)
6994
(5, 7)
6995
(5, 7)
6996
(5, 7)
6997
(5, 7)
6998
(5, 7)
6999
(5, 7)
7000
(5, 7)
defaultdict(<function <lambda> at 0x2b0b241e32a8>, {(7, 3): 68, (4, 7): 300, (5, 7): 292, (9, 1): 28, (4, 8): 16, (5, 6): 300, (5, 4): 59, (2, 1): 108, (6, 2): 151, (1, 6): 300, (9, 4): 23, (3, 7): 301, (5, 1): 135, (2, 5): 197, (10, 3): 30, (7, 2): 139, (1, 2): 1, (6, 7): 44, (3, 3): 78, (8, 1): 150, (4, 4): 69, (6, 3): 105, (1, 5): 150, (3, 6): 300, (2, 2): 150, (3, 5): 300, (4, 1): 145, (1, 1): 56, (6, 4): 16, (3, 2): 150, (2, 6): 296, (6, 6): 81, (8, 2): 150, (7, 1): 94, (4, 5): 300, (9, 3): 117, (5, 5): 254, (7, 5): 22, (2, 3): 78, (4, 2): 123, (6, 5): 117, (5, 3): 150, (8, 3): 82, (4, 6): 286, (9, 2): 151, (6, 1): 150, (3, 1): 49, (11, 3): 1, (4, 9): 10, (4, 3): 150, (5, 2): 150, (10, 2): 28})
7001
(5, 7)
7002
(5, 7)
7003
(5, 7)
7004
(5, 7)
7005
(5, 7)
7006
(5, 7)
7007
(5, 7)
7008
(5, 7)
7009
(6, 5)
7010
(6, 5)
7011
(6, 5)
7012
(6, 5)
7013
(6, 5)
7014
(6, 5)
7015
(6, 5)
7016
(4, 8)
7017
(4, 8)
7018
(6, 5)
7019
(6, 5)
7020
(6, 5)
7021
(6, 5)
7022
(6, 5)
7023
(6, 5)
7024
(6, 6)
7025
(6, 6)
7026
(6, 6)
7027
(6, 6)
7028
(6, 5)
7029
(6, 5)
7030
(7, 5)
7031
(6, 7)
7032
(7, 5)
7033
(10, 2)
7034
(10, 2)
7035
(10, 2)
7036
(10, 2)
7037
(6, 5)
7038
(6, 5)
7039
(6, 7)
7040
(6, 6)
7041
(6, 6)
7042
(6, 6)
7043
(6, 6)
7044
(6, 5)
7045
(6, 5)
7046
(6, 7)
7047
(6, 6)
7048
(6, 6)
7049
(6, 6)
7050
(6, 6)
7051
(6, 5)
7052
(6, 5)
7053
(6, 7)
7054
(6, 6)
7055
(6, 6)
7056
(6, 6)
7057
(6, 6)
7058
(6, 5)
7059
(6, 5)
7060
(6, 7)
7061
(9, 3)
7062
(6, 7)
7063
(6, 6)
7064
(6, 6)
7065
(6, 6)
7066
(6, 6)
7067
(6, 5)
7068
(7, 5)
7069
(7, 5)
7070
(6, 7)
7071
(6, 6)
7072
(6, 6)
7073
(6, 6)
7074
(6, 6)
7075
(6, 5)
7076
(7, 5)
7077
(7, 5)
7078
(9, 3)
7079
(6, 7)
7080
(6, 6)
7081
(6, 6)
7082
(6, 6)
7083
(6, 6)
7084
(6, 5)
7085
(7, 5)
7086
(6, 7)
7087
(6, 7)
7088
(3, 8)
7089
(6, 5)
7090
(7, 5)
7091
(6, 5)
7092
(6, 5)
7093
(6, 5)
7094
(6, 7)
7095
(6, 6)
7096
(6, 6)
7097
(6, 6)
7098
(6, 6)
7099
(6, 5)
7100
(7, 5)
7101
(6, 7)
7102
(6, 6)
7103
(6, 6)
7104
(6, 6)
7105
(6, 6)
7106
(6, 5)
7107
(7, 5)
7108
(6, 7)
7109
(6, 6)
7110
(6, 6)
7111
(6, 6)
7112
(6, 6)
7113
(6, 5)
7114
(7, 5)
7115
(9, 1)
7116
(9, 1)
7117
(6, 7)
7118
(6, 6)
7119
(6, 6)
7120
(6, 6)
7121
(6, 6)
7122
(7, 5)
7123
(7, 5)
7124
(7, 5)
7125
(6, 7)
7126
(6, 6)
7127
(6, 6)
7128
(6, 6)
7129
(6, 6)
7130
(7, 5)
7131
(7, 5)
7132
(7, 5)
7133
(6, 7)
7134
(6, 6)
7135
(6, 6)
7136
(6, 6)
7137
(6, 6)
7138
(7, 5)
7139
(7, 5)
7140
(7, 5)
7141
(6, 7)
7142
(6, 7)
7143
(6, 7)
7144
(6, 7)
7145
(6, 6)
7146
(6, 7)
7147
(6, 7)
7148
(6, 7)
7149
(6, 6)
7150
(6, 6)
7151
(6, 6)
7152
(6, 5)
7153
(6, 5)
7154
(6, 5)
7155
(6, 5)
7156
(6, 5)
7157
(6, 5)
7158
(6, 5)
7159
(6, 5)
7160
(6, 5)
7161
(6, 6)
7162
(6, 6)
7163
(6, 7)
7164
(6, 6)
7165
(6, 6)
7166
(6, 6)
7167
(6, 5)
7168
(7, 5)
7169
(7, 5)
7170
(6, 7)
7171
(6, 6)
7172
(6, 6)
7173
(6, 6)
7174
(6, 5)
7175
(6, 5)
7176
(6, 5)
7177
(6, 5)
7178
(6, 5)
7179
(6, 5)
7180
(6, 5)
7181
(6, 5)
7182
(6, 5)
7183
(6, 6)
7184
(6, 6)
7185
(6, 7)
7186
(6, 6)
7187
(6, 6)
7188
(6, 6)
7189
(6, 5)
7190
(6, 5)
7191
(6, 5)
7192
(6, 5)
7193
(6, 5)
7194
(6, 5)
7195
(6, 5)
7196
(6, 5)
7197
(6, 5)
7198
(6, 6)
7199
(6, 6)
7200
(6, 7)
7201
(6, 7)
7202
(6, 7)
7203
(6, 6)
7204
(6, 6)
7205
(6, 6)
7206
(6, 5)
7207
(6, 5)
7208
(6, 5)
7209
(6, 5)
7210
(6, 5)
7211
(6, 5)
7212
(6, 5)
7213
(6, 5)
7214
(6, 5)
7215
(6, 6)
7216
(6, 6)
7217
(6, 7)
7218
(6, 7)
7219
(6, 7)
7220
(6, 7)
7221
(6, 7)
7222
(6, 7)
7223
(6, 7)
7224
(6, 7)
7225
(9, 1)
7226
(9, 1)
7227
(9, 1)
7228
(9, 1)
7229
(9, 1)
7230
(9, 1)
7231
(9, 1)
7232
(9, 1)
7233
(9, 1)
7234
(9, 1)
7235
(9, 1)
7236
(9, 1)
7237
(9, 3)
7238
(9, 3)
7239
(6, 7)
7240
(6, 7)
7241
(6, 7)
7242
(9, 3)
7243
(9, 3)
7244
(6, 7)
7245
(9, 3)
7246
(6, 7)
7247
(7, 5)
7248
(3, 8)
7249
(3, 8)
7250
(3, 8)
7251
(3, 8)
7252
(3, 8)
7253
(3, 8)
7254
(3, 8)
7255
(3, 8)
7256
(3, 8)
7257
(3, 8)
7258
(3, 8)
7259
(3, 8)
7260
(3, 8)
7261
(3, 8)
7262
(3, 8)
7263
(3, 8)
7264
(3, 8)
7265
(3, 8)
7266
(3, 8)
7267
(3, 8)
7268
(3, 8)
7269
(3, 8)
7270
(3, 8)
7271
(3, 8)
7272
(3, 8)
7273
(3, 8)
7274
(3, 8)
7275
(3, 8)
7276
(3, 8)
7277
(3, 8)
7278
(3, 8)
7279
(3, 8)
7280
(3, 8)
7281
(3, 8)
7282
(3, 8)
7283
(3, 8)
7284
(3, 8)
7285
(3, 8)
7286
(3, 8)
7287
(3, 8)
7288
(3, 8)
7289
(3, 8)
7290
(3, 8)
7291
(3, 8)
7292
(3, 8)
7293
(3, 8)
7294
(3, 8)
7295
(3, 8)
7296
(3, 8)
7297
(3, 8)
7298
(3, 8)
7299
(3, 8)
7300
(3, 8)
7301
(3, 8)
7302
(3, 8)
7303
(3, 8)
7304
(3, 8)
7305
(3, 8)
7306
(3, 8)
7307
(3, 8)
7308
(3, 8)
7309
(3, 8)
7310
(3, 8)
7311
(3, 8)
7312
(3, 8)
7313
(3, 8)
7314
(3, 8)
7315
(3, 8)
7316
(3, 8)
7317
(3, 8)
7318
(3, 8)
7319
(3, 8)
7320
(3, 8)
7321
(3, 8)
7322
(3, 8)
7323
(3, 8)
7324
(3, 8)
7325
(3, 8)
7326
(3, 8)
7327
(3, 8)
7328
(3, 8)
7329
(3, 8)
7330
(3, 8)
7331
(3, 8)
7332
(3, 8)
7333
(3, 8)
7334
(3, 8)
7335
(3, 8)
7336
(3, 8)
7337
(3, 8)
7338
(3, 8)
7339
(3, 8)
7340
(3, 8)
7341
(3, 8)
7342
(3, 8)
7343
(3, 8)
7344
(3, 8)
7345
(3, 8)
7346
(3, 8)
7347
(3, 8)
7348
(3, 8)
7349
(3, 8)
7350
(3, 8)
7351
(3, 8)
7352
(3, 8)
7353
(3, 8)
7354
(3, 8)
7355
(3, 8)
7356
(3, 8)
7357
(3, 8)
7358
(3, 8)
7359
(3, 8)
7360
(3, 8)
7361
(3, 8)
7362
(3, 8)
7363
(3, 8)
7364
(3, 8)
7365
(4, 8)
7366
(3, 8)
7367
(3, 8)
7368
(3, 8)
7369
(3, 8)
7370
(3, 8)
7371
(3, 8)
7372
(3, 8)
7373
(3, 8)
7374
(3, 8)
7375
(3, 8)
7376
(3, 8)
7377
(3, 8)
7378
(3, 8)
7379
(3, 8)
7380
(3, 8)
7381
(3, 8)
7382
(3, 8)
7383
(3, 8)
7384
(3, 8)
7385
(3, 8)
7386
(3, 8)
7387
(3, 8)
7388
(3, 8)
7389
(3, 8)
7390
(3, 8)
7391
(3, 8)
7392
(3, 8)
7393
(3, 8)
7394
(3, 8)
7395
(3, 8)
7396
(3, 8)
7397
(3, 8)
7398
(4, 8)
7399
(4, 8)
7400
(4, 8)
7401
(4, 8)
7402
(7, 5)
7403
(4, 8)
7404
(7, 5)
7405
(7, 5)
7406
(7, 5)
7407
(7, 5)
7408
(7, 5)
7409
(6, 7)
7410
(6, 7)
7411
(6, 7)
7412
(7, 5)
7413
(7, 5)
7414
(7, 5)
7415
(4, 8)
7416
(6, 7)
7417
(6, 7)
7418
(6, 7)
7419
(6, 7)
7420
(6, 7)
7421
(7, 5)
7422
(4, 8)
7423
(7, 5)
7424
(7, 5)
7425
(7, 5)
7426
(4, 9)
7427
(4, 9)
7428
(4, 9)
7429
(4, 9)
7430
(4, 9)
7431
(4, 8)
7432
(7, 5)
7433
(7, 5)
7434
(7, 5)
7435
(7, 5)
7436
(4, 8)
7437
(4, 8)
7438
(4, 8)
7439
(4, 8)
7440
(4, 8)
7441
(4, 8)
7442
(4, 8)
7443
(9, 4)
7444
(9, 4)
7445
(9, 4)
7446
(9, 4)
7447
(10, 2)
7448
(10, 2)
7449
(10, 2)
7450
(10, 2)
7451
(7, 5)
7452
(7, 5)
7453
(7, 5)
7454
(10, 1)
7455
(4, 8)
7456
(9, 4)
7457
(9, 4)
7458
(9, 4)
7459
(9, 4)
7460
(9, 4)
7461
(6, 6)
7462
(6, 6)
7463
(6, 6)
7464
(6, 6)
7465
(6, 6)
7466
(4, 8)
7467
(6, 5)
7468
(6, 5)
7469
(6, 5)
7470
(6, 7)
7471
(6, 7)
7472
(6, 7)
7473
(6, 5)
7474
(6, 7)
7475
(6, 7)
7476
(6, 7)
7477
(6, 7)
7478
(6, 7)
7479
(6, 7)
7480
(4, 8)
7481
(6, 7)
7482
(6, 7)
7483
(6, 7)
7484
(6, 5)
7485
(6, 7)
7486
(6, 7)
7487
(6, 7)
7488
(6, 5)
7489
(6, 7)
7490
(6, 7)
7491
(6, 7)
7492
(6, 7)
7493
(6, 7)
7494
(5, 8)
7495
(6, 7)
7496
(6, 7)
7497
(6, 7)
7498
(6, 7)
7499
(6, 7)
7500
(6, 7)
defaultdict(<function <lambda> at 0x2b0b241e32a8>, {(7, 3): 68, (4, 7): 300, (5, 7): 300, (9, 1): 42, (4, 8): 37, (5, 6): 300, (5, 4): 59, (2, 1): 108, (6, 2): 151, (1, 6): 300, (9, 4): 32, (3, 7): 301, (5, 1): 135, (2, 5): 197, (10, 3): 30, (7, 2): 139, (1, 2): 1, (6, 7): 120, (3, 3): 78, (8, 1): 150, (4, 4): 69, (6, 3): 105, (1, 5): 150, (5, 8): 1, (3, 6): 300, (2, 2): 150, (3, 5): 300, (4, 1): 145, (1, 1): 56, (6, 4): 16, (3, 2): 150, (2, 6): 296, (6, 6): 162, (8, 2): 150, (7, 1): 94, (4, 5): 300, (9, 3): 124, (5, 5): 254, (7, 5): 65, (2, 3): 78, (10, 1): 1, (4, 2): 123, (6, 5): 193, (5, 3): 150, (8, 3): 82, (4, 6): 286, (9, 2): 151, (6, 1): 150, (3, 1): 49, (11, 3): 1, (4, 9): 15, (3, 8): 150, (4, 3): 150, (5, 2): 150, (10, 2): 36})
7501
(4, 8)
7502
(6, 7)
7503
(6, 7)
7504
(6, 7)
7505
(6, 7)
7506
(6, 7)
7507
(6, 7)
7508
(6, 7)
7509
(7, 5)
7510
(6, 7)
7511
(6, 7)
7512
(6, 7)
7513
(6, 7)
7514
(6, 7)
7515
(6, 7)
7516
(6, 7)
7517
(6, 7)
7518
(6, 6)
7519
(6, 7)
7520
(6, 7)
7521
(6, 7)
7522
(6, 7)
7523
(6, 7)
7524
(6, 5)
7525
(6, 5)
7526
(6, 5)
7527
(4, 8)
7528
(6, 7)
7529
(4, 8)
7530
(6, 7)
7531
(6, 7)
7532
(6, 7)
7533
(6, 7)
7534
(6, 7)
7535
(7, 5)
7536
(7, 5)
7537
(7, 5)
7538
(7, 5)
7539
(7, 5)
7540
(4, 8)
7541
(4, 8)
7542
(4, 8)
7543
(4, 8)
7544
(4, 8)
7545
(6, 7)
7546
(6, 7)
7547
(6, 7)
7548
(6, 7)
7549
(4, 8)
7550
(7, 5)
7551
(7, 5)
7552
(7, 5)
7553
(6, 6)
7554
(10, 3)
7555
(10, 3)
7556
(10, 3)
7557
(6, 6)
7558
(6, 6)
7559
(4, 8)
7560
(4, 8)
7561
(4, 8)
7562
(7, 5)
7563
(4, 8)
7564
(7, 5)
7565
(4, 8)
7566
(4, 8)
7567
(4, 8)
7568
(4, 8)
7569
(10, 3)
7570
(9, 3)
7571
(10, 3)
7572
(10, 3)
7573
(7, 5)
7574
(7, 5)
7575
(7, 5)
7576
(7, 5)
7577
(5, 8)
7578
(11, 2)
7579
(11, 2)
7580
(6, 6)
7581
(6, 6)
7582
(6, 6)
7583
(7, 5)
7584
(7, 5)
7585
(7, 5)
7586
(7, 5)
7587
(10, 1)
7588
(5, 8)
7589
(5, 8)
7590
(4, 8)
7591
(5, 8)
7592
(10, 2)
7593
(10, 1)
7594
(10, 1)
7595
(4, 8)
7596
(4, 8)
7597
(4, 8)
7598
(4, 8)
7599
(4, 8)
7600
(4, 8)
7601
(4, 8)
7602
(4, 8)
7603
(7, 6)
7604
(7, 6)
7605
(7, 6)
7606
(11, 2)
7607
(11, 2)
7608
(10, 2)
7609
(10, 2)
7610
(6, 6)
7611
(6, 6)
7612
(6, 6)
7613
(7, 5)
7614
(4, 8)
7615
(4, 8)
7616
(4, 8)
7617
(6, 6)
7618
(9, 4)
7619
(9, 4)
7620
(9, 4)
7621
(4, 8)
7622
(4, 8)
7623
(4, 8)
7624
(9, 4)
7625
(9, 4)
7626
(4, 8)
7627
(4, 8)
7628
(4, 8)
7629
(4, 8)
7630
(4, 8)
7631
(10, 1)
7632
(6, 6)
7633
(4, 9)
7634
(4, 9)
7635
(4, 9)
7636
(6, 6)
7637
(7, 5)
7638
(7, 5)
7639
(7, 5)
7640
(7, 5)
7641
(9, 4)
7642
(9, 4)
7643
(9, 4)
7644
(9, 4)
7645
(9, 4)
7646
(10, 2)
7647
(4, 8)
7648
(7, 5)
7649
(7, 5)
7650
(7, 5)
7651
(10, 3)
7652
(10, 3)
7653
(10, 3)
7654
(10, 3)
7655
(4, 8)
7656
(4, 8)
7657
(4, 8)
7658
(4, 8)
7659
(10, 2)
7660
(10, 3)
7661
(10, 3)
7662
(10, 3)
7663
(10, 3)
7664
(10, 1)
7665
(10, 1)
7666
(7, 5)
7667
(7, 5)
7668
(7, 5)
7669
(10, 2)
7670
(7, 6)
7671
(4, 8)
7672
(4, 8)
7673
(4, 8)
7674
(4, 8)
7675
(4, 8)
7676
(7, 5)
7677
(7, 6)
7678
(7, 6)
7679
(7, 6)
7680
(6, 6)
7681
(6, 6)
7682
(4, 8)
7683
(4, 8)
7684
(4, 8)
7685
(4, 8)
7686
(4, 8)
7687
(4, 9)
7688
(4, 9)
7689
(4, 9)
7690
(7, 6)
7691
(7, 6)
7692
(7, 6)
7693
(11, 1)
7694
(4, 9)
7695
(4, 9)
7696
(7, 6)
7697
(7, 6)
7698
(10, 2)
7699
(10, 2)
7700
(10, 2)
7701
(4, 8)
7702
(4, 8)
7703
(4, 8)
7704
(4, 8)
7705
(4, 8)
7706
(6, 6)
7707
(6, 6)
7708
(6, 6)
7709
(4, 8)
7710
(4, 8)
7711
(4, 8)
7712
(5, 8)
7713
(5, 8)
7714
(4, 8)
7715
(4, 8)
7716
(4, 8)
7717
(4, 8)
7718
(4, 8)
7719
(11, 2)
7720
(10, 2)
7721
(11, 2)
7722
(11, 2)
7723
(11, 2)
7724
(6, 6)
7725
(6, 6)
7726
(6, 6)
7727
(11, 1)
7728
(11, 1)
7729
(11, 1)
7730
(10, 2)
7731
(4, 8)
7732
(4, 8)
7733
(4, 8)
7734
(4, 8)
7735
(4, 8)
7736
(7, 6)
7737
(10, 2)
7738
(10, 2)
7739
(7, 7)
7740
(6, 6)
7741
(6, 6)
7742
(10, 2)
7743
(10, 2)
7744
(10, 2)
7745
(10, 2)
7746
(6, 6)
7747
(6, 6)
7748
(6, 6)
7749
(7, 6)
7750
(7, 6)
7751
(7, 6)
7752
(10, 3)
7753
(10, 3)
7754
(10, 3)
7755
(10, 3)
7756
(11, 2)
7757
(7, 6)
7758
(7, 6)
7759
(7, 6)
7760
(7, 6)
7761
(7, 7)
7762
(10, 3)
7763
(10, 3)
7764
(10, 3)
7765
(10, 3)
7766
(10, 3)
7767
(4, 9)
7768
(4, 9)
7769
(4, 9)
7770
(11, 2)
7771
(7, 6)
7772
(7, 6)
7773
(11, 2)
7774
(4, 9)
7775
(4, 9)
7776
(4, 8)
7777
(4, 8)
7778
(4, 8)
7779
(4, 8)
7780
(4, 8)
7781
(10, 3)
7782
(10, 3)
7783
(10, 3)
7784
(9, 5)
7785
(8, 5)
7786
(8, 4)
7787
(8, 4)
7788
(8, 4)
7789
(8, 4)
7790
(8, 4)
7791
(8, 4)
7792
(8, 4)
7793
(8, 4)
7794
(8, 3)
7795
(8, 3)
7796
(8, 3)
7797
(8, 3)
7798
(8, 3)
7799
(8, 3)
7800
(8, 3)
7801
(8, 3)
7802
(8, 3)
7803
(8, 3)
7804
(8, 3)
7805
(8, 3)
7806
(8, 3)
7807
(8, 3)
7808
(8, 3)
7809
(8, 3)
7810
(8, 3)
7811
(8, 3)
7812
(8, 3)
7813
(8, 3)
7814
(8, 4)
7815
(8, 4)
7816
(8, 4)
7817
(8, 4)
7818
(8, 4)
7819
(8, 4)
7820
(8, 4)
7821
(8, 4)
7822
(8, 4)
7823
(8, 4)
7824
(8, 4)
7825
(8, 4)
7826
(8, 4)
7827
(8, 4)
7828
(8, 4)
7829
(8, 4)
7830
(8, 4)
7831
(8, 5)
7832
(8, 5)
7833
(8, 4)
7834
(8, 4)
7835
(8, 4)
7836
(8, 4)
7837
(8, 4)
7838
(8, 4)
7839
(8, 4)
7840
(8, 4)
7841
(8, 3)
7842
(8, 3)
7843
(8, 3)
7844
(8, 3)
7845
(8, 3)
7846
(8, 3)
7847
(8, 3)
7848
(8, 3)
7849
(8, 3)
7850
(8, 3)
7851
(8, 3)
7852
(8, 3)
7853
(8, 3)
7854
(8, 3)
7855
(8, 3)
7856
(8, 3)
7857
(8, 3)
7858
(8, 3)
7859
(8, 3)
7860
(8, 3)
7861
(8, 3)
7862
(8, 3)
7863
(8, 4)
7864
(8, 4)
7865
(8, 4)
7866
(8, 4)
7867
(8, 4)
7868
(8, 4)
7869
(8, 4)
7870
(8, 4)
7871
(8, 4)
7872
(8, 4)
7873
(8, 4)
7874
(8, 4)
7875
(8, 4)
7876
(8, 4)
7877
(8, 4)
7878
(8, 4)
7879
(8, 4)
7880
(8, 4)
7881
(8, 4)
7882
(8, 4)
7883
(8, 4)
7884
(8, 4)
7885
(8, 4)
7886
(8, 5)
7887
(8, 5)
7888
(8, 4)
7889
(8, 4)
7890
(8, 4)
7891
(8, 4)
7892
(8, 4)
7893
(8, 4)
7894
(8, 4)
7895
(8, 4)
7896
(8, 3)
7897
(8, 3)
7898
(8, 3)
7899
(8, 3)
7900
(8, 3)
7901
(8, 3)
7902
(8, 3)
7903
(8, 3)
7904
(8, 3)
7905
(8, 3)
7906
(8, 3)
7907
(8, 3)
7908
(8, 3)
7909
(8, 3)
7910
(8, 3)
7911
(8, 3)
7912
(8, 3)
7913
(8, 3)
7914
(8, 3)
7915
(8, 3)
7916
(8, 3)
7917
(8, 3)
7918
(8, 3)
7919
(8, 4)
7920
(8, 4)
7921
(8, 4)
7922
(8, 4)
7923
(8, 4)
7924
(8, 4)
7925
(8, 4)
7926
(8, 4)
7927
(8, 4)
7928
(8, 4)
7929
(8, 4)
7930
(8, 4)
7931
(8, 4)
7932
(8, 4)
7933
(8, 4)
7934
(8, 4)
7935
(8, 4)
7936
(8, 4)
7937
(8, 4)
7938
(8, 4)
7939
(8, 4)
7940
(8, 4)
7941
(8, 4)
7942
(8, 5)
7943
(8, 5)
7944
(8, 4)
7945
(8, 4)
7946
(8, 4)
7947
(8, 4)
7948
(8, 4)
7949
(8, 4)
7950
(8, 4)
7951
(8, 4)
7952
(8, 3)
7953
(8, 3)
7954
(8, 3)
7955
(8, 4)
7956
(8, 4)
7957
(8, 4)
7958
(8, 4)
7959
(8, 4)
7960
(8, 4)
7961
(8, 4)
7962
(8, 4)
7963
(8, 4)
7964
(8, 4)
7965
(8, 4)
7966
(8, 4)
7967
(8, 4)
7968
(8, 4)
7969
(8, 4)
7970
(8, 4)
7971
(8, 4)
7972
(8, 4)
7973
(8, 4)
7974
(8, 4)
7975
(8, 5)
7976
(8, 5)
7977
(7, 5)
7978
(8, 5)
7979
(7, 5)
7980
(7, 5)
7981
(8, 5)
7982
(7, 5)
7983
(7, 5)
7984
(7, 5)
7985
(8, 5)
7986
(8, 5)
7987
(8, 5)
7988
(8, 5)
7989
(7, 5)
7990
(8, 5)
7991
(8, 5)
7992
(8, 5)
7993
(8, 5)
7994
(8, 5)
7995
(8, 5)
7996
(8, 5)
7997
(8, 5)
7998
(8, 5)
7999
(8, 5)
8000
(8, 5)
defaultdict(<function <lambda> at 0x2b0b241e32a8>, {(7, 3): 68, (4, 7): 300, (5, 7): 300, (9, 1): 42, (4, 8): 112, (5, 6): 300, (11, 2): 11, (5, 4): 59, (2, 1): 108, (6, 2): 151, (1, 6): 300, (9, 4): 42, (3, 7): 301, (5, 1): 135, (2, 5): 197, (10, 3): 56, (7, 2): 139, (1, 2): 1, (6, 7): 150, (3, 3): 78, (8, 1): 150, (8, 5): 26, (7, 6): 22, (4, 4): 69, (6, 3): 105, (1, 5): 150, (11, 1): 4, (5, 8): 7, (3, 6): 300, (2, 2): 150, (3, 5): 300, (4, 1): 145, (1, 1): 56, (6, 4): 16, (3, 2): 150, (2, 6): 296, (6, 6): 188, (8, 2): 150, (7, 1): 94, (4, 5): 300, (9, 3): 125, (5, 5): 254, (7, 7): 2, (7, 5): 103, (2, 3): 78, (10, 1): 7, (4, 2): 123, (6, 5): 196, (5, 3): 150, (8, 3): 150, (4, 6): 286, (9, 2): 151, (6, 1): 150, (3, 1): 49, (11, 3): 1, (4, 9): 28, (3, 8): 150, (4, 3): 150, (9, 5): 1, (8, 4): 115, (5, 2): 150, (10, 2): 53})
8001
(8, 4)
8002
(8, 4)
8003
(8, 4)
8004
(8, 4)
8005
(8, 4)
8006
(8, 4)
8007
(8, 4)
8008
(8, 4)
8009
(8, 4)
8010
(8, 4)
8011
(8, 4)
8012
(8, 4)
8013
(8, 4)
8014
(8, 4)
8015
(8, 4)
8016
(8, 4)
8017
(8, 4)
8018
(8, 4)
8019
(8, 4)
8020
(8, 4)
8021
(8, 4)
8022
(8, 4)
8023
(8, 4)
8024
(8, 4)
8025
(8, 4)
8026
(8, 4)
8027
(8, 4)
8028
(8, 4)
8029
(8, 5)
8030
(8, 5)
8031
(8, 5)
8032
(8, 5)
8033
(8, 5)
8034
(7, 5)
8035
(8, 5)
8036
(7, 5)
8037
(7, 5)
8038
(7, 5)
8039
(7, 5)
8040
(7, 5)
8041
(8, 5)
8042
(7, 5)
8043
(7, 5)
8044
(7, 5)
8045
(7, 5)
8046
(7, 5)
8047
(8, 5)
8048
(8, 5)
8049
(8, 5)
8050
(8, 5)
8051
(8, 5)
8052
(8, 5)
8053
(8, 5)
8054
(7, 5)
8055
(8, 5)
8056
(8, 5)
8057
(8, 5)
8058
(8, 5)
8059
(8, 5)
8060
(8, 5)
8061
(8, 5)
8062
(8, 5)
8063
(8, 5)
8064
(8, 5)
8065
(8, 5)
8066
(11, 2)
8067
(12, 2)
8068
(12, 3)
8069
(8, 5)
8070
(8, 5)
8071
(8, 5)
8072
(8, 5)
8073
(8, 5)
8074
(7, 5)
8075
(8, 5)
8076
(7, 5)
8077
(7, 5)
8078
(8, 5)
8079
(7, 5)
8080
(7, 5)
8081
(7, 5)
8082
(8, 5)
8083
(8, 4)
8084
(8, 4)
8085
(8, 4)
8086
(8, 4)
8087
(8, 4)
8088
(8, 4)
8089
(8, 4)
8090
(8, 4)
8091
(8, 5)
8092
(8, 5)
8093
(8, 5)
8094
(7, 5)
8095
(8, 5)
8096
(8, 5)
8097
(8, 5)
8098
(8, 5)
8099
(8, 5)
8100
(8, 5)
8101
(8, 5)
8102
(8, 5)
8103
(8, 5)
8104
(8, 5)
8105
(8, 5)
8106
(7, 5)
8107
(8, 5)
8108
(7, 5)
8109
(7, 5)
8110
(7, 5)
8111
(7, 5)
8112
(7, 5)
8113
(8, 5)
8114
(7, 5)
8115
(7, 5)
8116
(7, 5)
8117
(7, 5)
8118
(8, 5)
8119
(8, 5)
8120
(8, 5)
8121
(8, 5)
8122
(8, 5)
8123
(8, 5)
8124
(8, 5)
8125
(7, 5)
8126
(8, 5)
8127
(8, 5)
8128
(8, 5)
8129
(8, 5)
8130
(8, 5)
8131
(8, 5)
8132
(8, 5)
8133
(8, 5)
8134
(8, 5)
8135
(8, 5)
8136
(8, 5)
8137
(8, 5)
8138
(11, 2)
8139
(12, 2)
8140
(12, 3)
8141
(11, 2)
8142
(12, 2)
8143
(12, 3)
8144
(8, 5)
8145
(8, 5)
8146
(8, 5)
8147
(8, 5)
8148
(6, 6)
8149
(4, 8)
8150
(4, 8)
8151
(4, 8)
8152
(11, 1)
8153
(11, 1)
8154
(8, 5)
8155
(8, 5)
8156
(8, 5)
8157
(8, 5)
8158
(8, 5)
8159
(8, 5)
8160
(8, 5)
8161
(8, 5)
8162
(7, 5)
8163
(7, 5)
8164
(7, 5)
8165
(7, 5)
8166
(7, 5)
8167
(7, 5)
8168
(7, 5)
8169
(7, 5)
8170
(7, 5)
8171
(7, 5)
8172
(8, 5)
8173
(8, 5)
8174
(8, 5)
8175
(7, 5)
8176
(7, 5)
8177
(7, 5)
8178
(8, 5)
8179
(8, 5)
8180
(8, 5)
8181
(7, 5)
8182
(7, 5)
8183
(7, 5)
8184
(8, 5)
8185
(8, 5)
8186
(8, 5)
8187
(8, 5)
8188
(7, 5)
8189
(7, 5)
8190
(7, 5)
8191
(7, 5)
8192
(7, 5)
8193
(7, 5)
8194
(7, 5)
8195
(7, 5)
8196
(7, 5)
8197
(7, 5)
8198
(7, 5)
8199
(7, 5)
8200
(7, 5)
8201
(7, 5)
8202
(8, 5)
8203
(8, 5)
8204
(8, 5)
8205
(7, 5)
8206
(7, 5)
8207
(7, 5)
8208
(8, 5)
8209
(8, 5)
8210
(8, 5)
8211
(7, 5)
8212
(7, 5)
8213
(7, 5)
8214
(7, 5)
8215
(7, 5)
8216
(7, 5)
8217
(6, 5)
8218
(6, 5)
8219
(6, 6)
8220
(6, 6)
8221
(7, 5)
8222
(8, 5)
8223
(7, 5)
8224
(7, 5)
8225
(7, 5)
8226
(7, 5)
8227
(8, 5)
8228
(8, 5)
8229
(8, 5)
8230
(8, 5)
8231
(7, 5)
8232
(7, 5)
8233
(7, 5)
8234
(7, 5)
8235
(7, 5)
8236
(7, 5)
8237
(7, 5)
8238
(7, 5)
8239
(8, 5)
8240
(7, 5)
8241
(7, 5)
8242
(7, 5)
8243
(6, 6)
8244
(6, 6)
8245
(7, 5)
8246
(7, 5)
8247
(7, 5)
8248
(7, 5)
8249
(6, 6)
8250
(6, 6)
8251
(8, 5)
8252
(7, 5)
8253
(7, 5)
8254
(7, 5)
8255
(7, 5)
8256
(7, 5)
8257
(8, 5)
8258
(8, 5)
8259
(8, 5)
8260
(8, 5)
8261
(8, 5)
8262
(8, 5)
8263
(7, 5)
8264
(7, 5)
8265
(7, 5)
8266
(7, 5)
8267
(8, 5)
8268
(8, 5)
8269
(8, 5)
8270
(8, 5)
8271
(8, 5)
8272
(7, 5)
8273
(7, 5)
8274
(7, 5)
8275
(8, 5)
8276
(7, 5)
8277
(8, 5)
8278
(8, 5)
8279
(8, 5)
8280
(8, 5)
8281
(8, 5)
8282
(7, 5)
8283
(8, 5)
8284
(7, 5)
8285
(7, 5)
8286
(7, 5)
8287
(7, 5)
8288
(7, 5)
8289
(8, 5)
8290
(8, 5)
8291
(7, 5)
8292
(8, 5)
8293
(4, 8)
8294
(4, 8)
8295
(4, 8)
8296
(7, 5)
8297
(4, 8)
8298
(7, 5)
8299
(7, 5)
8300
(7, 5)
8301
(7, 5)
8302
(4, 8)
8303
(4, 8)
8304
(4, 8)
8305
(4, 8)
8306
(4, 8)
8307
(10, 2)
8308
(10, 2)
8309
(10, 2)
8310
(11, 3)
8311
(11, 3)
8312
(10, 3)
8313
(10, 2)
8314
(10, 2)
8315
(10, 2)
8316
(10, 2)
8317
(9, 1)
8318
(9, 1)
8319
(9, 1)
8320
(9, 1)
8321
(9, 1)
8322
(11, 3)
8323
(7, 5)
8324
(7, 5)
8325
(7, 5)
8326
(7, 5)
8327
(7, 5)
8328
(7, 5)
8329
(7, 5)
8330
(7, 5)
8331
(7, 5)
8332
(7, 5)
8333
(7, 5)
8334
(7, 5)
8335
(7, 5)
8336
(11, 3)
8337
(11, 3)
8338
(11, 3)
8339
(11, 3)
8340
(10, 2)
8341
(10, 2)
8342
(11, 3)
8343
(11, 3)
8344
(10, 2)
8345
(10, 2)
8346
(10, 2)
8347
(10, 1)
8348
(9, 1)
8349
(9, 1)
8350
(9, 1)
8351
(9, 1)
8352
(10, 2)
8353
(11, 2)
8354
(10, 2)
8355
(10, 1)
8356
(10, 1)
8357
(9, 1)
8358
(9, 1)
8359
(9, 1)
8360
(9, 1)
8361
(9, 1)
8362
(11, 3)
8363
(11, 3)
8364
(11, 3)
8365
(11, 3)
8366
(11, 2)
8367
(11, 2)
8368
(10, 2)
8369
(10, 2)
8370
(10, 2)
8371
(10, 1)
8372
(10, 1)
8373
(9, 1)
8374
(9, 1)
8375
(9, 1)
8376
(10, 2)
8377
(10, 2)
8378
(10, 2)
8379
(10, 1)
8380
(10, 1)
8381
(9, 1)
8382
(9, 1)
8383
(9, 1)
8384
(10, 2)
8385
(10, 2)
8386
(10, 1)
8387
(10, 1)
8388
(10, 1)
8389
(9, 1)
8390
(9, 1)
8391
(9, 1)
8392
(9, 1)
8393
(9, 1)
8394
(11, 3)
8395
(10, 2)
8396
(11, 3)
8397
(11, 3)
8398
(11, 3)
8399
(11, 3)
8400
(11, 2)
8401
(11, 2)
8402
(11, 2)
8403
(10, 2)
8404
(10, 2)
8405
(10, 1)
8406
(10, 1)
8407
(10, 1)
8408
(9, 1)
8409
(9, 1)
8410
(11, 2)
8411
(10, 2)
8412
(10, 2)
8413
(10, 1)
8414
(10, 1)
8415
(10, 1)
8416
(9, 1)
8417
(9, 1)
8418
(11, 2)
8419
(10, 2)
8420
(10, 1)
8421
(10, 1)
8422
(10, 1)
8423
(10, 1)
8424
(9, 1)
8425
(9, 1)
8426
(9, 1)
8427
(9, 1)
8428
(9, 1)
8429
(11, 3)
8430
(11, 3)
8431
(11, 2)
8432
(10, 2)
8433
(10, 1)
8434
(10, 1)
8435
(10, 1)
8436
(9, 1)
8437
(9, 1)
8438
(9, 1)
8439
(9, 1)
8440
(9, 1)
8441
(11, 3)
8442
(11, 3)
8443
(11, 3)
8444
(11, 3)
8445
(11, 2)
8446
(11, 2)
8447
(11, 3)
8448
(11, 3)
8449
(11, 3)
8450
(11, 2)
8451
(11, 2)
8452
(11, 2)
8453
(10, 2)
8454
(10, 1)
8455
(10, 1)
8456
(10, 1)
8457
(10, 1)
8458
(9, 1)
8459
(11, 3)
8460
(11, 2)
8461
(11, 2)
8462
(10, 2)
8463
(10, 1)
8464
(10, 1)
8465
(10, 1)
8466
(10, 1)
8467
(9, 1)
8468
(12, 3)
8469
(12, 3)
8470
(11, 3)
8471
(11, 3)
8472
(11, 2)
8473
(11, 2)
8474
(11, 2)
8475
(11, 2)
8476
(11, 2)
8477
(10, 1)
8478
(10, 1)
8479
(10, 1)
8480
(10, 1)
8481
(10, 1)
8482
(11, 2)
8483
(11, 2)
8484
(11, 2)
8485
(10, 1)
8486
(10, 1)
8487
(10, 1)
8488
(10, 1)
8489
(10, 1)
8490
(11, 2)
8491
(11, 2)
8492
(11, 1)
8493
(10, 1)
8494
(10, 1)
8495
(10, 1)
8496
(10, 1)
8497
(10, 1)
8498
(9, 1)
8499
(9, 1)
8500
(9, 1)
defaultdict(<function <lambda> at 0x2b0b241e32a8>, {(7, 3): 68, (4, 7): 300, (5, 7): 300, (9, 1): 86, (4, 8): 124, (5, 6): 300, (11, 2): 40, (5, 4): 59, (2, 1): 108, (6, 2): 151, (1, 6): 300, (9, 4): 42, (3, 7): 301, (5, 1): 135, (2, 5): 197, (10, 3): 57, (7, 2): 139, (1, 2): 1, (12, 2): 3, (6, 7): 150, (3, 3): 78, (8, 1): 150, (8, 5): 150, (7, 6): 22, (4, 4): 69, (6, 3): 105, (1, 5): 150, (11, 1): 7, (5, 8): 7, (3, 6): 300, (2, 2): 150, (3, 5): 300, (4, 1): 145, (1, 1): 56, (12, 3): 5, (6, 4): 16, (3, 2): 150, (2, 6): 296, (6, 6): 195, (8, 2): 150, (7, 1): 94, (4, 5): 300, (9, 3): 125, (5, 5): 254, (7, 7): 2, (7, 5): 230, (2, 3): 78, (10, 1): 53, (4, 2): 123, (6, 5): 198, (5, 3): 150, (8, 3): 150, (4, 6): 286, (9, 2): 151, (6, 1): 150, (3, 1): 49, (11, 3): 31, (4, 9): 28, (3, 8): 150, (4, 3): 150, (9, 5): 1, (8, 4): 151, (5, 2): 150, (10, 2): 84})
8501
(12, 3)
8502
(12, 3)
8503
(12, 3)
8504
(12, 3)
8505
(12, 3)
8506
(12, 3)
8507
(12, 3)
8508
(12, 3)
8509
(11, 2)
8510
(11, 2)
8511
(10, 1)
8512
(10, 1)
8513
(10, 1)
8514
(10, 1)
8515
(10, 1)
8516
(9, 1)
8517
(9, 1)
8518
(9, 1)
8519
(9, 1)
8520
(11, 2)
8521
(10, 1)
8522
(10, 1)
8523
(10, 1)
8524
(10, 1)
8525
(10, 1)
8526
(9, 1)
8527
(9, 1)
8528
(9, 1)
8529
(9, 1)
8530
(12, 3)
8531
(12, 3)
8532
(12, 3)
8533
(11, 2)
8534
(12, 3)
8535
(12, 3)
8536
(12, 3)
8537
(12, 3)
8538
(12, 3)
8539
(12, 3)
8540
(12, 3)
8541
(12, 3)
8542
(12, 3)
8543
(12, 3)
8544
(12, 3)
8545
(12, 3)
8546
(12, 3)
8547
(11, 2)
8548
(5, 8)
8549
(5, 8)
8550
(7, 6)
8551
(10, 2)
8552
(10, 2)
8553
(11, 1)
8554
(10, 2)
8555
(10, 2)
8556
(10, 2)
8557
(10, 2)
8558
(11, 1)
8559
(10, 2)
8560
(12, 2)
8561
(11, 2)
8562
(12, 2)
8563
(11, 2)
8564
(11, 1)
8565
(11, 1)
8566
(10, 1)
8567
(10, 1)
8568
(10, 1)
8569
(10, 1)
8570
(10, 1)
8571
(9, 1)
8572
(9, 1)
8573
(10, 2)
8574
(7, 6)
8575
(7, 6)
8576
(7, 6)
8577
(7, 5)
8578
(7, 5)
8579
(7, 5)
8580
(7, 5)
8581
(7, 5)
8582
(10, 2)
8583
(10, 2)
8584
(10, 2)
8585
(7, 5)
8586
(7, 5)
8587
(7, 5)
8588
(7, 5)
8589
(7, 5)
8590
(4, 8)
8591
(4, 8)
8592
(4, 8)
8593
(7, 6)
8594
(7, 6)
8595
(4, 8)
8596
(4, 8)
8597
(12, 3)
8598
(12, 3)
8599
(12, 2)
8600
(12, 3)
8601
(7, 5)
8602
(12, 2)
8603
(5, 9)
8604
(10, 3)
8605
(10, 3)
8606
(10, 3)
8607
(10, 3)
8608
(10, 2)
8609
(10, 3)
8610
(10, 3)
8611
(10, 3)
8612
(10, 3)
8613
(10, 2)
8614
(10, 3)
8615
(10, 3)
8616
(10, 3)
8617
(10, 2)
8618
(11, 3)
8619
(11, 3)
8620
(10, 3)
8621
(10, 3)
8622
(10, 2)
8623
(10, 2)
8624
(11, 3)
8625
(11, 3)
8626
(10, 2)
8627
(10, 2)
8628
(10, 2)
8629
(10, 1)
8630
(9, 1)
8631
(9, 1)
8632
(9, 1)
8633
(9, 1)
8634
(10, 2)
8635
(10, 1)
8636
(9, 1)
8637
(9, 1)
8638
(9, 1)
8639
(9, 1)
8640
(11, 3)
8641
(11, 3)
8642
(11, 3)
8643
(11, 3)
8644
(10, 2)
8645
(11, 3)
8646
(11, 3)
8647
(11, 3)
8648
(11, 3)
8649
(10, 2)
8650
(10, 2)
8651
(10, 2)
8652
(10, 2)
8653
(10, 1)
8654
(9, 1)
8655
(9, 1)
8656
(9, 1)
8657
(9, 1)
8658
(11, 2)
8659
(10, 2)
8660
(10, 2)
8661
(10, 2)
8662
(10, 1)
8663
(9, 1)
8664
(9, 1)
8665
(9, 1)
8666
(9, 1)
8667
(11, 2)
8668
(11, 3)
8669
(11, 3)
8670
(11, 3)
8671
(11, 3)
8672
(11, 3)
8673
(10, 2)
8674
(10, 2)
8675
(10, 2)
8676
(10, 2)
8677
(10, 1)
8678
(9, 1)
8679
(9, 1)
8680
(11, 2)
8681
(11, 2)
8682
(10, 2)
8683
(10, 2)
8684
(10, 2)
8685
(10, 1)
8686
(10, 1)
8687
(10, 1)
8688
(9, 1)
8689
(9, 1)
8690
(10, 2)
8691
(10, 2)
8692
(10, 2)
8693
(10, 1)
8694
(10, 1)
8695
(10, 1)
8696
(9, 1)
8697
(9, 1)
8698
(10, 2)
8699
(10, 2)
8700
(10, 1)
8701
(10, 1)
8702
(10, 1)
8703
(9, 1)
8704
(9, 1)
8705
(9, 1)
8706
(9, 1)
8707
(9, 1)
8708
(9, 1)
8709
(11, 3)
8710
(11, 3)
8711
(11, 3)
8712
(11, 3)
8713
(11, 3)
8714
(11, 3)
8715
(11, 2)
8716
(11, 2)
8717
(11, 2)
8718
(10, 2)
8719
(10, 2)
8720
(10, 1)
8721
(10, 1)
8722
(10, 1)
8723
(10, 1)
8724
(9, 1)
8725
(11, 2)
8726
(10, 2)
8727
(10, 2)
8728
(10, 1)
8729
(10, 1)
8730
(10, 1)
8731
(11, 2)
8732
(10, 2)
8733
(10, 1)
8734
(10, 1)
8735
(10, 1)
8736
(10, 1)
8737
(10, 1)
8738
(9, 1)
8739
(9, 1)
8740
(9, 1)
8741
(9, 1)
8742
(11, 3)
8743
(11, 3)
8744
(11, 3)
8745
(11, 3)
8746
(11, 3)
8747
(11, 2)
8748
(11, 2)
8749
(11, 2)
8750
(11, 2)
8751
(10, 2)
8752
(10, 1)
8753
(10, 1)
8754
(10, 1)
8755
(10, 1)
8756
(10, 1)
8757
(11, 2)
8758
(11, 2)
8759
(10, 2)
8760
(10, 1)
8761
(10, 1)
8762
(10, 1)
8763
(11, 2)
8764
(11, 2)
8765
(10, 1)
8766
(10, 1)
8767
(10, 1)
8768
(10, 1)
8769
(10, 1)
8770
(10, 1)
8771
(9, 1)
8772
(9, 1)
8773
(9, 1)
8774
(11, 3)
8775
(11, 3)
8776
(11, 2)
8777
(11, 2)
8778
(11, 2)
8779
(10, 2)
8780
(10, 1)
8781
(10, 1)
8782
(10, 1)
8783
(11, 3)
8784
(12, 3)
8785
(12, 3)
8786
(11, 3)
8787
(11, 3)
8788
(11, 2)
8789
(11, 2)
8790
(11, 2)
8791
(11, 2)
8792
(11, 2)
8793
(10, 1)
8794
(10, 1)
8795
(10, 1)
8796
(10, 1)
8797
(10, 1)
8798
(10, 2)
8799
(11, 2)
8800
(11, 2)
8801
(11, 2)
8802
(10, 1)
8803
(10, 1)
8804
(10, 1)
8805
(11, 2)
8806
(11, 2)
8807
(11, 1)
8808
(10, 1)
8809
(10, 1)
8810
(10, 1)
8811
(10, 1)
8812
(10, 1)
8813
(10, 1)
8814
(9, 1)
8815
(9, 1)
8816
(12, 3)
8817
(12, 3)
8818
(12, 3)
8819
(12, 3)
8820
(12, 3)
8821
(12, 3)
8822
(12, 3)
8823
(12, 3)
8824
(11, 2)
8825
(12, 3)
8826
(12, 3)
8827
(12, 3)
8828
(12, 3)
8829
(12, 3)
8830
(12, 3)
8831
(11, 2)
8832
(11, 2)
8833
(12, 3)
8834
(12, 3)
8835
(12, 3)
8836
(12, 3)
8837
(12, 3)
8838
(12, 3)
8839
(12, 3)
8840
(11, 2)
8841
(12, 3)
8842
(10, 2)
8843
(10, 1)
8844
(10, 1)
8845
(10, 1)
8846
(10, 1)
8847
(10, 1)
8848
(10, 2)
8849
(10, 1)
8850
(10, 1)
8851
(10, 1)
8852
(10, 1)
8853
(10, 1)
8854
(12, 3)
8855
(10, 2)
8856
(11, 2)
8857
(11, 2)
8858
(12, 2)
8859
(12, 2)
8860
(12, 3)
8861
(12, 3)
8862
(12, 3)
8863
(12, 3)
8864
(12, 3)
8865
(12, 3)
8866
(12, 3)
8867
(12, 3)
8868
(12, 3)
8869
(12, 3)
8870
(10, 2)
8871
(12, 3)
8872
(9, 5)
8873
(12, 3)
8874
(12, 3)
8875
(9, 5)
8876
(12, 3)
8877
(12, 3)
8878
(6, 6)
8879
(6, 6)
8880
(6, 6)
8881
(11, 2)
8882
(11, 2)
8883
(6, 6)
8884
(6, 6)
8885
(12, 3)
8886
(11, 2)
8887
(12, 3)
8888
(12, 3)
8889
(10, 2)
8890
(10, 1)
8891
(10, 1)
8892
(9, 1)
8893
(9, 1)
8894
(9, 1)
8895
(9, 1)
8896
(9, 1)
8897
(12, 3)
8898
(12, 3)
8899
(12, 3)
8900
(9, 5)
8901
(9, 5)
8902
(7, 5)
8903
(7, 5)
8904
(7, 5)
8905
(12, 3)
8906
(12, 3)
8907
(12, 3)
8908
(12, 3)
8909
(12, 3)
8910
(12, 3)
8911
(12, 3)
8912
(12, 3)
8913
(12, 3)
8914
(12, 3)
8915
(4, 9)
8916
(10, 2)
8917
(10, 2)
8918
(11, 2)
8919
(11, 2)
8920
(11, 2)
8921
(11, 2)
8922
(11, 2)
8923
(12, 3)
8924
(12, 3)
8925
(12, 3)
8926
(12, 3)
8927
(12, 3)
8928
(4, 9)
8929
(12, 3)
8930
(12, 3)
8931
(12, 3)
8932
(12, 3)
8933
(12, 3)
8934
(12, 2)
8935
(12, 2)
8936
(12, 3)
8937
(12, 2)
8938
(12, 2)
8939
(12, 3)
8940
(9, 5)
8941
(12, 2)
8942
(12, 2)
8943
(12, 3)
8944
(9, 5)
8945
(9, 5)
8946
(12, 2)
8947
(12, 2)
8948
(6, 6)
8949
(6, 6)
8950
(6, 6)
8951
(4, 9)
8952
(11, 2)
8953
(11, 2)
8954
(11, 2)
8955
(4, 8)
8956
(4, 8)
8957
(4, 8)
8958
(11, 2)
8959
(11, 2)
8960
(4, 8)
8961
(4, 8)
8962
(4, 9)
8963
(4, 9)
8964
(4, 9)
8965
(4, 9)
8966
(4, 9)
8967
(12, 2)
8968
(10, 2)
8969
(10, 2)
8970
(11, 2)
8971
(11, 2)
8972
(4, 8)
8973
(4, 8)
8974
(4, 8)
8975
(4, 8)
8976
(4, 8)
8977
(11, 2)
8978
(11, 2)
8979
(12, 2)
8980
(12, 2)
8981
(10, 2)
8982
(9, 1)
8983
(9, 1)
8984
(9, 1)
8985
(9, 1)
8986
(9, 1)
8987
(9, 1)
8988
(12, 2)
8989
(12, 2)
8990
(10, 2)
8991
(9, 1)
8992
(9, 1)
8993
(9, 1)
8994
(9, 1)
8995
(9, 1)
8996
(10, 2)
8997
(7, 6)
8998
(12, 3)
8999
(12, 3)
9000
(12, 3)
defaultdict(<function <lambda> at 0x2b0b241e32a8>, {(7, 3): 68, (4, 7): 300, (5, 7): 300, (9, 1): 150, (4, 8): 139, (5, 6): 300, (11, 2): 100, (5, 4): 59, (2, 1): 108, (6, 2): 151, (1, 6): 300, (9, 4): 42, (3, 7): 301, (5, 1): 135, (2, 5): 197, (10, 3): 70, (7, 2): 139, (1, 2): 1, (12, 2): 22, (6, 7): 150, (3, 3): 78, (8, 1): 150, (8, 5): 150, (7, 6): 29, (4, 4): 69, (6, 3): 105, (1, 5): 150, (11, 1): 12, (5, 8): 9, (3, 6): 300, (2, 2): 150, (3, 5): 300, (4, 1): 145, (1, 1): 56, (12, 3): 104, (6, 4): 16, (3, 2): 150, (2, 6): 296, (6, 6): 203, (8, 2): 150, (7, 1): 94, (4, 5): 300, (9, 3): 125, (5, 5): 254, (7, 7): 2, (5, 9): 1, (7, 5): 244, (2, 3): 78, (10, 1): 137, (4, 2): 123, (6, 5): 198, (5, 3): 150, (8, 3): 150, (4, 6): 286, (9, 2): 151, (6, 1): 150, (3, 1): 49, (11, 3): 64, (4, 9): 36, (3, 8): 150, (4, 3): 150, (9, 5): 8, (8, 4): 151, (5, 2): 150, (10, 2): 145})
9001
(12, 3)
9002
(12, 3)
9003
(11, 1)
9004
(11, 2)
9005
(12, 2)
9006
(10, 2)
9007
(12, 2)
9008
(12, 2)
9009
(7, 6)
9010
(7, 6)
9011
(7, 6)
9012
(4, 8)
9013
(4, 8)
9014
(4, 8)
9015
(4, 8)
9016
(4, 8)
9017
(12, 3)
9018
(12, 3)
9019
(12, 3)
9020
(12, 3)
9021
(12, 3)
9022
(12, 3)
9023
(12, 3)
9024
(12, 3)
9025
(12, 3)
9026
(12, 3)
9027
(7, 6)
9028
(7, 6)
9029
(7, 6)
9030
(11, 2)
9031
(11, 2)
9032
(11, 2)
9033
(12, 2)
9034
(11, 2)
9035
(11, 2)
9036
(9, 5)
9037
(9, 4)
9038
(9, 4)
9039
(9, 4)
9040
(9, 4)
9041
(9, 4)
9042
(9, 4)
9043
(9, 4)
9044
(9, 4)
9045
(9, 3)
9046
(9, 3)
9047
(9, 3)
9048
(9, 3)
9049
(9, 3)
9050
(9, 3)
9051
(9, 3)
9052
(9, 3)
9053
(9, 3)
9054
(9, 3)
9055
(9, 3)
9056
(9, 3)
9057
(9, 3)
9058
(9, 3)
9059
(9, 3)
9060
(9, 3)
9061
(9, 3)
9062
(9, 3)
9063
(9, 3)
9064
(9, 3)
9065
(9, 4)
9066
(9, 4)
9067
(9, 4)
9068
(9, 4)
9069
(9, 4)
9070
(9, 4)
9071
(9, 4)
9072
(9, 4)
9073
(9, 4)
9074
(9, 4)
9075
(9, 4)
9076
(9, 4)
9077
(9, 4)
9078
(9, 4)
9079
(9, 4)
9080
(9, 4)
9081
(9, 4)
9082
(9, 4)
9083
(9, 5)
9084
(12, 3)
9085
(12, 3)
9086
(12, 3)
9087
(12, 3)
9088
(12, 3)
9089
(11, 2)
9090
(11, 2)
9091
(11, 2)
9092
(12, 2)
9093
(11, 2)
9094
(4, 9)
9095
(4, 9)
9096
(4, 9)
9097
(4, 9)
9098
(4, 9)
9099
(10, 2)
9100
(9, 5)
9101
(10, 2)
9102
(9, 5)
9103
(9, 5)
9104
(10, 2)
9105
(7, 6)
9106
(7, 6)
9107
(7, 6)
9108
(12, 2)
9109
(12, 2)
9110
(11, 2)
9111
(11, 2)
9112
(6, 6)
9113
(12, 3)
9114
(12, 3)
9115
(12, 3)
9116
(12, 3)
9117
(12, 3)
9118
(7, 6)
9119
(9, 5)
9120
(7, 6)
9121
(7, 6)
9122
(9, 5)
9123
(7, 6)
9124
(9, 5)
9125
(12, 3)
9126
(12, 3)
9127
(12, 3)
9128
(12, 3)
9129
(12, 3)
9130
(4, 10)
9131
(12, 3)
9132
(4, 10)
9133
(12, 3)
9134
(4, 10)
9135
(12, 3)
9136
(12, 3)
9137
(12, 3)
9138
(4, 10)
9139
(11, 2)
9140
(11, 2)
9141
(12, 3)
9142
(12, 3)
9143
(12, 3)
9144
(4, 9)
9145
(4, 9)
9146
(4, 9)
9147
(4, 9)
9148
(4, 9)
9149
(11, 1)
9150
(7, 6)
9151
(9, 5)
9152
(9, 5)
9153
(9, 4)
9154
(9, 4)
9155
(9, 4)
9156
(9, 4)
9157
(9, 4)
9158
(9, 4)
9159
(9, 3)
9160
(9, 3)
9161
(9, 3)
9162
(9, 3)
9163
(9, 3)
9164
(9, 4)
9165
(9, 4)
9166
(9, 4)
9167
(9, 4)
9168
(9, 4)
9169
(9, 4)
9170
(9, 4)
9171
(9, 4)
9172
(9, 4)
9173
(9, 4)
9174
(9, 4)
9175
(9, 4)
9176
(9, 4)
9177
(9, 4)
9178
(9, 5)
9179
(9, 5)
9180
(9, 5)
9181
(9, 5)
9182
(9, 5)
9183
(9, 5)
9184
(9, 5)
9185
(9, 5)
9186
(9, 4)
9187
(9, 4)
9188
(9, 4)
9189
(9, 4)
9190
(9, 4)
9191
(9, 4)
9192
(9, 4)
9193
(9, 4)
9194
(9, 4)
9195
(9, 4)
9196
(9, 4)
9197
(9, 4)
9198
(9, 4)
9199
(9, 4)
9200
(9, 4)
9201
(9, 4)
9202
(9, 4)
9203
(9, 4)
9204
(9, 4)
9205
(9, 4)
9206
(9, 4)
9207
(9, 5)
9208
(9, 5)
9209
(9, 5)
9210
(9, 5)
9211
(9, 5)
9212
(9, 5)
9213
(9, 5)
9214
(9, 5)
9215
(9, 5)
9216
(9, 5)
9217
(12, 3)
9218
(12, 3)
9219
(12, 3)
9220
(12, 3)
9221
(12, 3)
9222
(9, 5)
9223
(9, 5)
9224
(9, 4)
9225
(9, 4)
9226
(9, 4)
9227
(9, 4)
9228
(9, 4)
9229
(9, 4)
9230
(9, 4)
9231
(9, 4)
9232
(9, 4)
9233
(9, 4)
9234
(9, 4)
9235
(9, 4)
9236
(9, 4)
9237
(9, 4)
9238
(9, 4)
9239
(9, 4)
9240
(9, 4)
9241
(9, 4)
9242
(9, 4)
9243
(9, 4)
9244
(9, 4)
9245
(9, 4)
9246
(9, 5)
9247
(9, 5)
9248
(9, 5)
9249
(9, 5)
9250
(9, 5)
9251
(9, 5)
9252
(9, 5)
9253
(9, 4)
9254
(9, 4)
9255
(9, 4)
9256
(9, 4)
9257
(9, 4)
9258
(9, 4)
9259
(9, 4)
9260
(9, 4)
9261
(9, 4)
9262
(9, 4)
9263
(9, 4)
9264
(9, 4)
9265
(9, 4)
9266
(9, 4)
9267
(9, 4)
9268
(9, 4)
9269
(9, 4)
9270
(9, 4)
9271
(9, 4)
9272
(9, 4)
9273
(9, 5)
9274
(9, 5)
9275
(9, 5)
9276
(9, 5)
9277
(9, 5)
9278
(9, 5)
9279
(9, 5)
9280
(7, 6)
9281
(9, 5)
9282
(6, 6)
9283
(6, 6)
9284
(6, 6)
9285
(6, 6)
9286
(6, 6)
9287
(6, 6)
9288
(11, 1)
9289
(4, 8)
9290
(4, 8)
9291
(4, 8)
9292
(12, 2)
9293
(11, 1)
9294
(11, 1)
9295
(9, 5)
9296
(9, 5)
9297
(4, 8)
9298
(4, 8)
9299
(11, 1)
9300
(11, 2)
9301
(11, 2)
9302
(11, 2)
9303
(9, 5)
9304
(6, 6)
9305
(6, 6)
9306
(6, 6)
9307
(12, 3)
9308
(12, 3)
9309
(12, 3)
9310
(9, 5)
9311
(9, 5)
9312
(12, 3)
9313
(12, 3)
9314
(12, 2)
9315
(9, 5)
9316
(9, 5)
9317
(9, 5)
9318
(9, 5)
9319
(12, 2)
9320
(12, 2)
9321
(12, 2)
9322
(12, 2)
9323
(9, 5)
9324
(9, 5)
9325
(11, 2)
9326
(9, 5)
9327
(9, 5)
9328
(9, 5)
9329
(9, 5)
9330
(9, 5)
9331
(12, 3)
9332
(9, 5)
9333
(9, 5)
9334
(12, 3)
9335
(9, 5)
9336
(9, 5)
9337
(9, 5)
9338
(9, 5)
9339
(4, 10)
9340
(4, 10)
9341
(4, 10)
9342
(9, 5)
9343
(9, 5)
9344
(9, 5)
9345
(4, 10)
9346
(4, 10)
9347
(4, 9)
9348
(4, 9)
9349
(9, 5)
9350
(9, 5)
9351
(4, 9)
9352
(9, 5)
9353
(9, 5)
9354
(4, 9)
9355
(4, 9)
9356
(9, 5)
9357
(9, 5)
9358
(11, 1)
9359
(11, 1)
9360
(11, 1)
9361
(11, 1)
9362
(9, 5)
9363
(11, 2)
9364
(9, 5)
9365
(9, 5)
9366
(11, 2)
9367
(12, 2)
9368
(7, 6)
9369
(4, 9)
9370
(4, 9)
9371
(4, 9)
9372
(7, 6)
9373
(7, 6)
9374
(9, 5)
9375
(9, 5)
9376
(4, 9)
9377
(4, 9)
9378
(7, 6)
9379
(9, 5)
9380
(7, 6)
9381
(9, 5)
9382
(9, 5)
9383
(9, 5)
9384
(9, 5)
9385
(9, 5)
9386
(9, 5)
9387
(4, 9)
9388
(4, 9)
9389
(12, 2)
9390
(4, 9)
9391
(11, 1)
9392
(11, 1)
9393
(11, 1)
9394
(4, 9)
9395
(4, 9)
9396
(11, 1)
9397
(11, 1)
9398
(9, 5)
9399
(9, 5)
9400
(9, 5)
9401
(9, 5)
9402
(12, 4)
9403
(12, 4)
9404
(12, 4)
9405
(9, 5)
9406
(12, 4)
9407
(12, 4)
9408
(9, 5)
9409
(9, 5)
9410
(11, 1)
9411
(11, 1)
9412
(11, 1)
9413
(11, 1)
9414
(11, 1)
9415
(11, 1)
9416
(11, 2)
9417
(11, 2)
9418
(11, 2)
9419
(11, 3)
9420
(11, 1)
9421
(11, 1)
9422
(11, 1)
9423
(11, 1)
9424
(11, 1)
9425
(11, 1)
9426
(11, 2)
9427
(11, 2)
9428
(11, 2)
9429
(11, 3)
9430
(11, 1)
9431
(11, 1)
9432
(11, 1)
9433
(11, 1)
9434
(11, 1)
9435
(11, 1)
9436
(11, 2)
9437
(11, 2)
9438
(11, 2)
9439
(11, 3)
9440
(7, 6)
9441
(7, 6)
9442
(7, 6)
9443
(12, 2)
9444
(12, 2)
9445
(9, 5)
9446
(10, 2)
9447
(9, 5)
9448
(9, 5)
9449
(10, 2)
9450
(9, 5)
9451
(9, 5)
9452
(9, 5)
9453
(7, 6)
9454
(12, 4)
9455
(12, 4)
9456
(12, 4)
9457
(7, 6)
9458
(7, 6)
9459
(9, 5)
9460
(9, 5)
9461
(7, 6)
9462
(12, 4)
9463
(12, 4)
9464
(7, 6)
9465
(7, 6)
9466
(7, 6)
9467
(7, 6)
9468
(9, 5)
9469
(7, 6)
9470
(7, 6)
9471
(11, 1)
9472
(9, 5)
9473
(9, 5)
9474
(9, 5)
9475
(9, 5)
9476
(9, 5)
9477
(9, 5)
9478
(9, 5)
9479
(9, 5)
9480
(9, 5)
9481
(9, 5)
9482
(8, 6)
9483
(8, 6)
9484
(5, 9)
9485
(5, 9)
9486
(9, 5)
9487
(9, 5)
9488
(9, 5)
9489
(4, 9)
9490
(4, 9)
9491
(4, 9)
9492
(4, 9)
9493
(4, 9)
9494
(9, 5)
9495
(9, 5)
9496
(9, 5)
9497
(9, 5)
9498
(9, 5)
9499
(12, 2)
9500
(12, 2)
defaultdict(<function <lambda> at 0x2b0b241e32a8>, {(7, 3): 68, (4, 7): 300, (5, 7): 300, (9, 1): 150, (4, 8): 149, (5, 6): 300, (11, 2): 129, (5, 4): 59, (2, 1): 108, (6, 2): 151, (1, 6): 300, (9, 4): 151, (3, 7): 301, (5, 1): 135, (2, 5): 197, (10, 3): 70, (7, 2): 139, (1, 2): 1, (12, 2): 41, (6, 7): 150, (3, 3): 78, (8, 1): 150, (8, 5): 150, (7, 6): 62, (4, 4): 69, (6, 3): 105, (1, 5): 150, (11, 1): 46, (5, 8): 9, (3, 6): 300, (2, 2): 150, (8, 6): 2, (3, 5): 300, (4, 1): 145, (1, 1): 56, (12, 3): 151, (6, 4): 16, (3, 2): 150, (2, 6): 296, (6, 6): 213, (8, 2): 150, (4, 10): 9, (7, 1): 94, (4, 5): 300, (9, 3): 150, (5, 5): 254, (7, 7): 2, (5, 9): 3, (7, 5): 244, (2, 3): 78, (10, 1): 137, (4, 2): 123, (6, 5): 198, (5, 3): 150, (8, 3): 150, (4, 6): 286, (9, 2): 151, (6, 1): 150, (3, 1): 49, (11, 3): 67, (4, 9): 66, (3, 8): 150, (12, 4): 10, (4, 3): 150, (9, 5): 130, (8, 4): 151, (5, 2): 150, (10, 2): 151})
9501
(12, 2)
9502
(11, 2)
9503
(12, 2)
9504
(11, 2)
9505
(9, 5)
9506
(9, 5)
9507
(7, 6)
9508
(7, 6)
9509
(7, 6)
9510
(7, 6)
9511
(7, 6)
9512
(7, 6)
9513
(7, 6)
9514
(7, 6)
9515
(4, 10)
9516
(4, 10)
9517
(4, 10)
9518
(9, 5)
9519
(9, 5)
9520
(9, 5)
9521
(4, 10)
9522
(4, 10)
9523
(7, 6)
9524
(7, 6)
9525
(7, 6)
9526
(7, 6)
9527
(7, 6)
9528
(11, 1)
9529
(9, 5)
9530
(12, 2)
9531
(12, 2)
9532
(12, 2)
9533
(9, 5)
9534
(12, 4)
9535
(12, 4)
9536
(12, 4)
9537
(11, 2)
9538
(12, 4)
9539
(12, 4)
9540
(4, 9)
9541
(7, 6)
9542
(7, 6)
9543
(7, 6)
9544
(7, 6)
9545
(7, 7)
9546
(7, 7)
9547
(7, 7)
9548
(7, 7)
9549
(7, 7)
9550
(7, 7)
9551
(7, 6)
9552
(7, 6)
9553
(7, 6)
9554
(7, 6)
9555
(7, 7)
9556
(7, 6)
9557
(7, 6)
9558
(7, 6)
9559
(7, 7)
9560
(7, 6)
9561
(7, 6)
9562
(7, 6)
9563
(6, 6)
9564
(6, 5)
9565
(6, 5)
9566
(6, 5)
9567
(6, 5)
9568
(6, 5)
9569
(6, 5)
9570
(6, 6)
9571
(6, 6)
9572
(6, 6)
9573
(6, 6)
9574
(6, 6)
9575
(6, 6)
9576
(6, 6)
9577
(6, 6)
9578
(7, 7)
9579
(7, 6)
9580
(7, 6)
9581
(7, 6)
9582
(7, 7)
9583
(7, 6)
9584
(7, 6)
9585
(6, 6)
9586
(6, 6)
9587
(6, 5)
9588
(6, 5)
9589
(6, 5)
9590
(6, 5)
9591
(6, 5)
9592
(6, 5)
9593
(6, 6)
9594
(6, 6)
9595
(6, 6)
9596
(6, 6)
9597
(6, 6)
9598
(6, 6)
9599
(7, 7)
9600
(7, 6)
9601
(7, 6)
9602
(7, 6)
9603
(7, 7)
9604
(7, 6)
9605
(6, 6)
9606
(6, 6)
9607
(6, 6)
9608
(6, 5)
9609
(6, 5)
9610
(6, 5)
9611
(6, 5)
9612
(6, 5)
9613
(6, 5)
9614
(6, 6)
9615
(6, 6)
9616
(6, 6)
9617
(6, 6)
9618
(6, 6)
9619
(7, 7)
9620
(7, 6)
9621
(7, 6)
9622
(7, 6)
9623
(7, 7)
9624
(6, 6)
9625
(6, 6)
9626
(6, 6)
9627
(6, 6)
9628
(6, 5)
9629
(6, 5)
9630
(6, 5)
9631
(6, 5)
9632
(6, 5)
9633
(7, 7)
9634
(7, 6)
9635
(7, 6)
9636
(7, 6)
9637
(6, 7)
9638
(6, 6)
9639
(6, 6)
9640
(6, 6)
9641
(6, 6)
9642
(6, 5)
9643
(6, 5)
9644
(6, 5)
9645
(6, 5)
9646
(6, 5)
9647
(6, 5)
9648
(6, 6)
9649
(6, 6)
9650
(6, 7)
9651
(7, 6)
9652
(7, 6)
9653
(7, 6)
9654
(6, 7)
9655
(6, 6)
9656
(6, 6)
9657
(6, 6)
9658
(6, 6)
9659
(6, 5)
9660
(6, 5)
9661
(6, 5)
9662
(6, 5)
9663
(6, 5)
9664
(6, 5)
9665
(6, 6)
9666
(6, 7)
9667
(6, 6)
9668
(6, 6)
9669
(6, 6)
9670
(6, 5)
9671
(5, 5)
9672
(5, 5)
9673
(5, 5)
9674
(5, 5)
9675
(5, 5)
9676
(6, 7)
9677
(6, 6)
9678
(6, 6)
9679
(6, 6)
9680
(6, 6)
9681
(6, 5)
9682
(6, 5)
9683
(6, 5)
9684
(6, 5)
9685
(6, 5)
9686
(6, 5)
9687
(6, 7)
9688
(6, 6)
9689
(7, 6)
9690
(7, 6)
9691
(6, 7)
9692
(6, 6)
9693
(6, 6)
9694
(6, 6)
9695
(6, 6)
9696
(6, 5)
9697
(6, 5)
9698
(6, 5)
9699
(6, 5)
9700
(6, 5)
9701
(5, 5)
9702
(6, 7)
9703
(6, 6)
9704
(6, 6)
9705
(6, 6)
9706
(6, 5)
9707
(6, 5)
9708
(6, 5)
9709
(6, 5)
9710
(6, 5)
9711
(6, 5)
9712
(6, 5)
9713
(6, 5)
9714
(6, 5)
9715
(6, 6)
9716
(6, 6)
9717
(6, 7)
9718
(6, 6)
9719
(6, 6)
9720
(6, 6)
9721
(6, 6)
9722
(6, 5)
9723
(6, 5)
9724
(6, 5)
9725
(6, 5)
9726
(6, 7)
9727
(6, 6)
9728
(6, 6)
9729
(6, 6)
9730
(6, 7)
9731
(6, 6)
9732
(6, 6)
9733
(6, 6)
9734
(6, 6)
9735
(6, 7)
9736
(6, 6)
9737
(7, 6)
9738
(7, 6)
9739
(6, 7)
9740
(6, 6)
9741
(6, 6)
9742
(6, 6)
9743
(6, 6)
9744
(6, 7)
9745
(6, 6)
9746
(7, 6)
9747
(7, 6)
9748
(6, 7)
9749
(6, 6)
9750
(6, 6)
9751
(6, 6)
9752
(6, 6)
9753
(6, 7)
9754
(6, 6)
9755
(6, 6)
9756
(6, 6)
9757
(6, 7)
9758
(6, 6)
9759
(6, 6)
9760
(6, 6)
9761
(6, 6)
9762
(6, 7)
9763
(6, 6)
9764
(6, 6)
9765
(6, 7)
9766
(6, 7)
9767
(7, 6)
9768
(7, 6)
9769
(7, 6)
9770
(6, 7)
9771
(6, 7)
9772
(6, 7)
9773
(6, 7)
9774
(6, 7)
9775
(6, 7)
9776
(6, 7)
9777
(6, 7)
9778
(6, 7)
9779
(6, 7)
9780
(6, 7)
9781
(6, 7)
9782
(6, 7)
9783
(6, 7)
9784
(6, 7)
9785
(6, 7)
9786
(6, 7)
9787
(6, 7)
9788
(6, 7)
9789
(6, 7)
9790
(6, 7)
9791
(6, 7)
9792
(6, 7)
9793
(6, 7)
9794
(6, 7)
9795
(6, 7)
9796
(6, 7)
9797
(6, 7)
9798
(6, 7)
9799
(6, 7)
9800
(6, 7)
9801
(6, 7)
9802
(6, 7)
9803
(6, 7)
9804
(6, 7)
9805
(6, 7)
9806
(6, 7)
9807
(6, 7)
9808
(6, 7)
9809
(6, 7)
9810
(6, 7)
9811
(6, 7)
9812
(6, 7)
9813
(6, 7)
9814
(6, 7)
9815
(6, 7)
9816
(6, 7)
9817
(7, 6)
9818
(7, 6)
9819
(7, 6)
9820
(7, 6)
9821
(6, 7)
9822
(7, 6)
9823
(7, 6)
9824
(7, 6)
9825
(7, 6)
9826
(6, 7)
9827
(7, 6)
9828
(7, 6)
9829
(7, 6)
9830
(7, 6)
9831
(6, 7)
9832
(6, 7)
9833
(6, 7)
9834
(6, 7)
9835
(6, 7)
9836
(6, 7)
9837
(6, 7)
9838
(6, 7)
9839
(6, 7)
9840
(6, 7)
9841
(6, 7)
9842
(7, 7)
9843
(7, 6)
9844
(7, 6)
9845
(7, 6)
9846
(7, 6)
9847
(7, 7)
9848
(7, 6)
9849
(7, 6)
9850
(7, 6)
9851
(7, 6)
9852
(7, 7)
9853
(7, 6)
9854
(7, 6)
9855
(7, 6)
9856
(7, 6)
9857
(6, 7)
9858
(6, 7)
9859
(6, 7)
9860
(6, 7)
9861
(6, 7)
9862
(6, 7)
9863
(6, 7)
9864
(6, 7)
9865
(6, 7)
9866
(6, 7)
9867
(6, 7)
9868
(6, 7)
9869
(6, 7)
9870
(6, 7)
9871
(6, 7)
9872
(6, 7)
9873
(6, 7)
9874
(6, 7)
9875
(6, 7)
9876
(7, 6)
9877
(7, 6)
9878
(7, 6)
9879
(7, 6)
9880
(6, 7)
9881
(7, 6)
9882
(7, 6)
9883
(7, 6)
9884
(7, 6)
9885
(6, 7)
9886
(7, 6)
9887
(7, 6)
9888
(7, 6)
9889
(7, 6)
9890
(6, 7)
9891
(6, 7)
9892
(6, 7)
9893
(6, 7)
9894
(6, 7)
9895
(6, 7)
9896
(6, 7)
9897
(6, 7)
9898
(6, 7)
9899
(6, 7)
9900
(6, 7)
9901
(6, 7)
9902
(6, 7)
9903
(7, 7)
9904
(7, 6)
9905
(7, 6)
9906
(7, 6)
9907
(6, 7)
9908
(7, 7)
9909
(7, 6)
9910
(7, 6)
9911
(7, 6)
9912
(6, 7)
9913
(7, 7)
9914
(6, 7)
9915
(6, 7)
9916
(6, 7)
9917
(6, 7)
9918
(6, 7)
9919
(6, 7)
9920
(6, 7)
9921
(6, 7)
9922
(6, 7)
9923
(6, 7)
9924
(6, 7)
9925
(6, 7)
9926
(6, 7)
9927
(6, 7)
9928
(6, 7)
9929
(6, 7)
9930
(6, 7)
9931
(6, 7)
9932
(6, 7)
9933
(6, 7)
9934
(6, 7)
9935
(6, 7)
9936
(6, 7)
9937
(6, 7)
9938
(7, 7)
9939
(7, 6)
9940
(7, 6)
9941
(7, 6)
9942
(7, 6)
9943
(7, 7)
9944
(7, 6)
9945
(7, 6)
9946
(7, 6)
9947
(7, 7)
9948
(7, 7)
9949
(7, 6)
9950
(7, 6)
9951
(7, 6)
9952
(7, 7)
9953
(7, 7)
9954
(7, 7)
9955
(7, 7)
9956
(7, 6)
9957
(7, 6)
9958
(7, 6)
9959
(6, 7)
9960
(6, 7)
9961
(6, 7)
9962
(6, 7)
9963
(6, 7)
9964
(6, 7)
9965
(6, 7)
9966
(6, 7)
9967
(6, 7)
9968
(6, 7)
9969
(7, 7)
9970
(7, 6)
9971
(7, 6)
9972
(7, 6)
9973
(7, 6)
9974
(7, 7)
9975
(7, 6)
9976
(7, 6)
9977
(7, 6)
9978
(7, 6)
9979
(7, 7)
9980
(7, 7)
9981
(7, 6)
9982
(7, 6)
9983
(7, 6)
9984
(7, 6)
9985
(7, 7)
9986
(7, 6)
9987
(7, 6)
9988
(7, 6)
9989
(7, 6)
9990
(7, 7)
9991
(7, 6)
9992
(7, 6)
9993
(7, 6)
9994
(7, 6)
9995
(7, 7)
9996
(7, 7)
9997
(7, 7)
9998
(7, 7)
9999
(7, 7)
10000
(7, 7)
defaultdict(<function <lambda> at 0x2b0b241e32a8>, {(7, 3): 68, (4, 7): 300, (5, 7): 300, (9, 1): 150, (4, 8): 149, (5, 6): 300, (11, 2): 132, (5, 4): 59, (2, 1): 108, (6, 2): 151, (1, 6): 300, (9, 4): 151, (3, 7): 301, (5, 1): 135, (2, 5): 197, (10, 3): 70, (7, 2): 139, (1, 2): 1, (12, 2): 46, (6, 7): 300, (3, 3): 78, (8, 1): 150, (8, 5): 150, (7, 6): 191, (4, 4): 69, (6, 3): 105, (1, 5): 150, (11, 1): 47, (5, 8): 9, (3, 6): 300, (2, 2): 150, (8, 6): 2, (3, 5): 300, (4, 1): 145, (1, 1): 56, (12, 3): 151, (6, 4): 16, (3, 2): 150, (2, 6): 296, (6, 6): 300, (8, 2): 150, (4, 10): 14, (7, 1): 94, (4, 5): 300, (9, 3): 150, (5, 5): 260, (7, 7): 43, (5, 9): 3, (7, 5): 244, (2, 3): 78, (10, 1): 137, (4, 2): 123, (6, 5): 258, (5, 3): 150, (8, 3): 150, (4, 6): 286, (9, 2): 151, (6, 1): 150, (3, 1): 49, (11, 3): 67, (4, 9): 67, (3, 8): 150, (12, 4): 15, (4, 3): 150, (9, 5): 137, (8, 4): 151, (5, 2): 150, (10, 2): 151})
10001
(7, 7)
10002
(7, 7)
10003
(7, 7)
10004
(7, 7)
10005
(7, 7)
10006
(7, 7)
10007
(7, 7)
10008
(7, 7)
10009
(7, 7)
10010
(7, 7)
10011
(7, 7)
10012
(7, 7)
10013
(7, 7)
10014
(7, 7)
10015
(7, 7)
10016
(7, 7)
10017
(7, 7)
10018
(7, 7)
10019
(7, 7)
10020
(7, 7)
10021
(7, 7)
10022
(7, 7)
10023
(7, 7)
10024
(7, 7)
10025
(7, 7)
10026
(7, 7)
10027
(7, 7)
10028
(7, 7)
10029
(7, 7)
10030
(7, 7)
10031
(7, 7)
10032
(7, 7)
10033
(7, 7)
10034
(7, 7)
10035
(7, 7)
10036
(7, 7)
10037
(7, 7)
10038
(7, 7)
10039
(7, 7)
10040
(7, 7)
10041
(7, 7)
10042
(7, 7)
10043
(7, 7)
10044
(7, 7)
10045
(7, 7)
10046
(7, 7)
10047
(7, 7)
10048
(7, 7)
10049
(7, 7)
10050
(7, 7)
10051
(7, 7)
10052
(7, 7)
10053
(7, 7)
10054
(7, 7)
10055
(7, 7)
10056
(7, 7)
10057
(7, 7)
10058
(7, 7)
10059
(7, 7)
10060
(7, 7)
10061
(7, 7)
10062
(7, 7)
10063
(7, 7)
10064
(7, 7)
10065
(7, 7)
10066
(7, 7)
10067
(7, 7)
10068
(7, 7)
10069
(7, 7)
10070
(7, 7)
10071
(7, 7)
10072
(7, 7)
10073
(7, 7)
10074
(7, 7)
10075
(7, 7)
10076
(7, 7)
10077
(7, 7)
10078
(7, 7)
10079
(7, 7)
10080
(7, 7)
10081
(7, 7)
10082
(7, 7)
10083
(7, 7)
10084
(7, 7)
10085
(7, 7)
10086
(7, 7)
10087
(7, 7)
10088
(7, 7)
10089
(7, 7)
10090
(7, 7)
10091
(7, 7)
10092
(7, 7)
10093
(7, 7)
10094
(7, 7)
10095
(7, 7)
10096
(7, 7)
10097
(7, 7)
10098
(7, 7)
10099
(7, 7)
10100
(7, 7)
10101
(7, 7)
10102
(7, 7)
10103
(7, 7)
10104
(7, 7)
10105
(7, 7)
10106
(7, 7)
10107
(7, 7)
10108
(9, 5)
10109
(9, 5)
10110
(7, 6)
10111
(7, 6)
10112
(12, 2)
10113
(9, 5)
10114
(9, 5)
10115
(9, 5)
10116
(9, 5)
10117
(12, 4)
10118
(12, 4)
10119
(12, 4)
10120
(12, 4)
10121
(12, 4)
10122
(4, 9)
10123
(4, 9)
10124
(4, 9)
10125
(4, 9)
10126
(4, 9)
10127
(9, 5)
10128
(9, 5)
10129
(11, 1)
10130
(7, 6)
10131
(9, 5)
10132
(4, 9)
10133
(9, 5)
10134
(4, 9)
10135
(9, 5)
10136
(4, 9)
10137
(4, 9)
10138
(9, 5)
10139
(4, 9)
10140
(9, 5)
10141
(9, 5)
10142
(11, 1)
10143
(11, 1)
10144
(11, 1)
10145
(11, 1)
10146
(11, 1)
10147
(11, 1)
10148
(11, 2)
10149
(11, 2)
10150
(11, 2)
10151
(11, 3)
10152
(11, 1)
10153
(11, 1)
10154
(11, 1)
10155
(11, 1)
10156
(11, 1)
10157
(11, 1)
10158
(11, 2)
10159
(11, 2)
10160
(11, 2)
10161
(11, 3)
10162
(12, 2)
10163
(12, 2)
10164
(11, 2)
10165
(11, 2)
10166
(7, 6)
10167
(12, 2)
10168
(12, 2)
10169
(4, 9)
10170
(4, 9)
10171
(4, 9)
10172
(4, 9)
10173
(4, 9)
10174
(12, 4)
10175
(12, 4)
10176
(12, 4)
10177
(12, 2)
10178
(12, 2)
10179
(12, 2)
10180
(12, 4)
10181
(12, 4)
10182
(11, 2)
10183
(11, 2)
10184
(11, 2)
10185
(7, 6)
10186
(7, 6)
10187
(7, 6)
10188
(12, 4)
10189
(13, 2)
10190
(12, 4)
10191
(12, 4)
10192
(13, 2)
10193
(13, 2)
10194
(12, 4)
10195
(12, 4)
10196
(13, 2)
10197
(12, 2)
10198
(4, 9)
10199
(4, 9)
10200
(4, 9)
10201
(4, 9)
10202
(4, 9)
10203
(4, 9)
10204
(4, 9)
10205
(4, 9)
10206
(4, 9)
10207
(4, 9)
10208
(13, 2)
10209
(12, 1)
10210
(12, 4)
10211
(12, 4)
10212
(12, 4)
10213
(12, 4)
10214
(13, 2)
10215
(12, 4)
10216
(12, 4)
10217
(12, 4)
10218
(11, 2)
10219
(11, 2)
10220
(12, 4)
10221
(12, 4)
10222
(7, 6)
10223
(12, 1)
10224
(12, 1)
10225
(12, 1)
10226
(12, 1)
10227
(12, 1)
10228
(12, 1)
10229
(8, 6)
10230
(8, 6)
10231
(4, 9)
10232
(4, 9)
10233
(4, 9)
10234
(8, 6)
10235
(8, 6)
10236
(4, 9)
10237
(4, 9)
10238
(8, 6)
10239
(8, 6)
10240
(13, 1)
10241
(13, 1)
10242
(13, 1)
10243
(13, 1)
10244
(12, 1)
10245
(8, 6)
10246
(8, 6)
10247
(12, 1)
10248
(12, 1)
10249
(8, 6)
10250
(8, 6)
10251
(4, 9)
10252
(4, 9)
10253
(4, 9)
10254
(4, 9)
10255
(4, 9)
10256
(13, 1)
10257
(4, 9)
10258
(4, 9)
10259
(4, 9)
10260
(4, 9)
10261
(4, 9)
10262
(7, 6)
10263
(12, 1)
10264
(12, 1)
10265
(12, 1)
10266
(13, 1)
10267
(12, 1)
10268
(12, 1)
10269
(12, 1)
10270
(12, 1)
10271
(12, 1)
10272
(12, 1)
10273
(12, 1)
10274
(13, 1)
10275
(13, 1)
10276
(13, 1)
10277
(13, 1)
10278
(12, 4)
10279
(12, 4)
10280
(12, 4)
10281
(12, 4)
10282
(12, 4)
10283
(7, 6)
10284
(8, 6)
10285
(8, 6)
10286
(8, 6)
10287
(8, 6)
10288
(12, 4)
10289
(12, 4)
10290
(12, 4)
10291
(12, 4)
10292
(12, 4)
10293
(12, 1)
10294
(13, 1)
10295
(13, 1)
10296
(13, 1)
10297
(13, 1)
10298
(13, 1)
10299
(13, 1)
10300
(4, 9)
10301
(4, 9)
10302
(4, 9)
10303
(4, 9)
10304
(4, 9)
10305
(13, 1)
10306
(13, 1)
10307
(13, 1)
10308
(13, 1)
10309
(12, 1)
10310
(12, 1)
10311
(12, 1)
10312
(12, 1)
10313
(12, 1)
10314
(4, 10)
10315
(8, 6)
10316
(8, 6)
10317
(5, 10)
10318
(5, 10)
10319
(12, 1)
10320
(4, 9)
10321
(4, 9)
10322
(4, 9)
10323
(13, 1)
10324
(13, 1)
10325
(13, 1)
10326
(4, 9)
10327
(4, 9)
10328
(13, 1)
10329
(12, 4)
10330
(12, 4)
10331
(12, 4)
10332
(12, 4)
10333
(8, 6)
10334
(8, 6)
10335
(12, 1)
10336
(12, 1)
10337
(12, 1)
10338
(12, 1)
10339
(13, 1)
10340
(13, 1)
10341
(13, 2)
10342
(13, 2)
10343
(14, 2)
10344
(14, 2)
10345
(14, 3)
10346
(13, 1)
10347
(13, 2)
10348
(13, 2)
10349
(14, 2)
10350
(14, 2)
10351
(14, 3)
10352
(13, 1)
10353
(13, 2)
10354
(13, 2)
10355
(14, 2)
10356
(14, 2)
10357
(14, 3)
10358
(13, 1)
10359
(13, 1)
10360
(13, 1)
10361
(12, 1)
10362
(13, 2)
10363
(13, 2)
10364
(13, 2)
10365
(13, 2)
10366
(13, 3)
10367
(12, 4)
10368
(12, 4)
10369
(12, 4)
10370
(12, 4)
10371
(12, 4)
10372
(14, 1)
10373
(14, 2)
10374
(14, 2)
10375
(12, 1)
10376
(12, 1)
10377
(13, 2)
10378
(13, 2)
10379
(13, 2)
10380
(13, 2)
10381
(13, 3)
10382
(13, 2)
10383
(13, 2)
10384
(13, 2)
10385
(13, 2)
10386
(13, 3)
10387
(13, 2)
10388
(13, 2)
10389
(13, 2)
10390
(13, 2)
10391
(13, 3)
10392
(13, 2)
10393
(4, 10)
10394
(4, 10)
10395
(4, 10)
10396
(4, 10)
10397
(4, 10)
10398
(14, 2)
10399
(14, 2)
10400
(15, 3)
10401
(15, 3)
10402
(13, 1)
10403
(8, 6)
10404
(8, 6)
10405
(8, 6)
10406
(8, 6)
10407
(13, 1)
10408
(14, 2)
10409
(14, 2)
10410
(14, 2)
10411
(14, 2)
10412
(14, 3)
10413
(14, 3)
10414
(8, 6)
10415
(8, 6)
10416
(8, 6)
10417
(8, 6)
10418
(4, 9)
10419
(4, 9)
10420
(4, 9)
10421
(4, 9)
10422
(4, 9)
10423
(4, 10)
10424
(4, 10)
10425
(4, 10)
10426
(4, 10)
10427
(4, 10)
10428
(8, 6)
10429
(15, 3)
10430
(14, 3)
10431
(14, 3)
10432
(14, 3)
10433
(14, 3)
10434
(14, 3)
10435
(15, 3)
10436
(14, 3)
10437
(14, 3)
10438
(14, 3)
10439
(8, 7)
10440
(8, 7)
10441
(15, 3)
10442
(15, 3)
10443
(14, 3)
10444
(15, 3)
10445
(14, 3)
10446
(14, 3)
10447
(14, 3)
10448
(14, 3)
10449
(14, 3)
10450
(14, 3)
10451
(14, 3)
10452
(14, 2)
10453
(15, 3)
10454
(14, 3)
10455
(14, 3)
10456
(14, 3)
10457
(14, 2)
10458
(14, 3)
10459
(14, 3)
10460
(14, 3)
10461
(15, 3)
10462
(14, 2)
10463
(12, 5)
10464
(12, 5)
10465
(12, 5)
10466
(12, 5)
10467
(12, 5)
10468
(14, 2)
10469
(15, 3)
10470
(12, 5)
10471
(12, 5)
10472
(12, 5)
10473
(12, 5)
10474
(12, 5)
10475
(8, 6)
10476
(14, 2)
10477
(14, 2)
10478
(14, 2)
10479
(8, 6)
10480
(8, 6)
10481
(8, 6)
10482
(8, 6)
10483
(8, 5)
10484
(8, 5)
10485
(8, 5)
10486
(8, 5)
10487
(8, 5)
10488
(8, 4)
10489
(8, 4)
10490
(8, 4)
10491
(8, 4)
10492
(8, 4)
10493
(8, 4)
10494
(8, 3)
10495
(8, 3)
10496
(8, 3)
10497
(8, 3)
10498
(8, 3)
10499
(8, 2)
10500
(8, 3)
defaultdict(<function <lambda> at 0x2b0b241e32a8>, {(7, 3): 68, (4, 7): 300, (5, 7): 300, (12, 1): 34, (9, 1): 150, (4, 8): 149, (5, 6): 300, (11, 2): 145, (5, 4): 59, (2, 1): 108, (12, 5): 10, (8, 7): 2, (6, 2): 151, (1, 6): 300, (9, 4): 151, (3, 7): 301, (13, 2): 29, (5, 1): 135, (2, 5): 197, (10, 3): 70, (7, 2): 139, (1, 2): 1, (12, 2): 55, (6, 7): 300, (3, 3): 78, (13, 3): 4, (8, 1): 150, (8, 5): 155, (7, 6): 201, (4, 4): 69, (6, 3): 105, (1, 5): 150, (14, 1): 1, (11, 1): 60, (5, 8): 9, (3, 6): 300, (2, 2): 150, (8, 6): 34, (3, 5): 300, (4, 1): 145, (1, 1): 56, (12, 3): 151, (6, 4): 16, (3, 2): 150, (2, 6): 296, (6, 6): 300, (8, 2): 151, (4, 10): 25, (7, 1): 94, (4, 5): 300, (15, 3): 10, (9, 3): 150, (5, 5): 260, (7, 7): 150, (5, 9): 3, (7, 5): 244, (2, 3): 78, (10, 1): 137, (4, 2): 123, (14, 2): 21, (6, 5): 258, (5, 3): 150, (13, 1): 33, (8, 3): 156, (5, 10): 2, (4, 6): 286, (9, 2): 151, (6, 1): 150, (3, 1): 49, (11, 3): 69, (4, 9): 122, (3, 8): 150, (12, 4): 58, (4, 3): 150, (14, 3): 27, (9, 5): 151, (8, 4): 157, (5, 2): 150, (10, 2): 151})
10501
(8, 2)
10502
(8, 2)
10503
(8, 2)
10504
(8, 2)
10505
(8, 2)
10506
(8, 2)
10507
(7, 3)
10508
(7, 3)
10509
(7, 3)
10510
(7, 3)
10511
(7, 3)
10512
(7, 3)
10513
(7, 3)
10514
(7, 3)
10515
(7, 3)
10516
(7, 3)
10517
(7, 3)
10518
(6, 3)
10519
(6, 3)
10520
(6, 3)
10521
(6, 3)
10522
(6, 3)
10523
(6, 3)
10524
(6, 3)
10525
(6, 3)
10526
(6, 3)
10527
(5, 3)
10528
(6, 3)
10529
(5, 3)
10530
(5, 3)
10531
(5, 3)
10532
(5, 3)
10533
(5, 3)
10534
(5, 3)
10535
(5, 3)
10536
(5, 3)
10537
(5, 3)
10538
(5, 2)
10539
(5, 3)
10540
(5, 3)
10541
(5, 3)
10542
(5, 3)
10543
(5, 3)
10544
(5, 2)
10545
(5, 3)
10546
(5, 3)
10547
(5, 3)
10548
(5, 3)
10549
(5, 3)
10550
(5, 3)
10551
(5, 3)
10552
(5, 3)
10553
(5, 2)
10554
(5, 2)
10555
(6, 3)
10556
(5, 3)
10557
(5, 3)
10558
(5, 3)
10559
(5, 3)
10560
(5, 3)
10561
(5, 2)
10562
(6, 3)
10563
(5, 3)
10564
(5, 3)
10565
(5, 3)
10566
(5, 3)
10567
(5, 2)
10568
(5, 3)
10569
(5, 3)
10570
(5, 3)
10571
(5, 3)
10572
(5, 2)
10573
(5, 2)
10574
(5, 2)
10575
(5, 3)
10576
(5, 2)
10577
(4, 2)
10578
(4, 1)
10579
(4, 1)
10580
(4, 1)
10581
(4, 1)
10582
(4, 1)
10583
(3, 2)
10584
(3, 2)
10585
(3, 2)
10586
(3, 2)
10587
(3, 3)
10588
(3, 3)
10589
(3, 3)
10590
(3, 3)
10591
(3, 3)
10592
(2, 3)
10593
(2, 3)
10594
(2, 3)
10595
(2, 3)
10596
(2, 3)
10597
(2, 3)
10598
(2, 3)
10599
(2, 3)
10600
(2, 3)
     $$$$$$$$$$$$$$$$$$$$
     $444444444444444444$
     $444444444444444444$
     $4$4444444444444444$
     $$$$444$$$$$4444$$$$
     $44444444$444444444$
     $444444444444444444$
     $444444444444444444$
     $$$$44$$$$$$$444$$$$
     $44$444444444444$44$
     $44$444444444444$44$
     $444444$44444444444$
     $$$$$$$$$$$$$$$$$$$$

WIN!
defaultdict(<function <lambda> at 0x2b0b241e32a8>, {(7, 3): 79, (4, 7): 300, (5, 7): 300, (12, 1): 34, (9, 1): 150, (4, 8): 149, (5, 6): 300, (11, 2): 145, (5, 4): 59, (2, 1): 108, (12, 5): 10, (8, 7): 2, (6, 2): 151, (1, 6): 300, (9, 4): 151, (3, 7): 301, (13, 2): 29, (5, 1): 135, (2, 5): 197, (10, 3): 70, (7, 2): 139, (1, 2): 1, (12, 2): 55, (6, 7): 300, (3, 3): 83, (13, 3): 4, (8, 1): 150, (8, 5): 155, (7, 6): 201, (4, 4): 69, (6, 3): 117, (1, 5): 150, (14, 1): 1, (11, 1): 60, (5, 8): 9, (3, 6): 300, (2, 2): 150, (8, 6): 34, (3, 5): 300, (4, 1): 150, (1, 1): 56, (12, 3): 151, (6, 4): 16, (3, 2): 154, (2, 6): 296, (6, 6): 300, (8, 2): 157, (4, 10): 25, (7, 1): 94, (4, 5): 300, (15, 3): 10, (9, 3): 150, (5, 5): 260, (7, 7): 150, (5, 9): 3, (7, 5): 244, (2, 3): 87, (10, 1): 137, (4, 2): 124, (14, 2): 21, (6, 5): 258, (5, 3): 187, (13, 1): 33, (8, 3): 156, (5, 10): 2, (4, 6): 286, (9, 2): 151, (6, 1): 150, (3, 1): 49, (11, 3): 69, (4, 9): 122, (3, 8): 150, (12, 4): 58, (4, 3): 150, (14, 3): 27, (9, 5): 151, (8, 4): 157, (5, 2): 160, (10, 2): 151})
<__main__.Node instance at 0x2b0b5e2ab908>
133
10600
True
1030.06556511
