STARTING!
step1
step2
step3
a
b
c
]0;IPython: eshnich/vgdl]0;IPython: eshnich/vgdladded self, <class 'ontology.Immovable'>
added self, <class 'ontology.Passive'>
added self, <class 'core.Resource'>
added parent, <class 'core.Resource'>
added self, <class 'ontology.ResourcePack'>
added self, <class 'ontology.Flicker'>
added self, <class 'ontology.Spreader'>
added self, <class 'ontology.SpriteProducer'>
added self, <class 'ontology.Portal'>
added self, <class 'ontology.SpawnPoint'>
added self, <class 'ontology.RandomNPC'>
added self, <class 'ontology.OrientedSprite'>
added self, <class 'ontology.Conveyor'>
added self, <class 'ontology.Missile'>
added self, <class 'ontology.OrientedFlicker'>
added self, <class 'ontology.Walker'>
added self, <class 'ontology.WalkJumper'>
added self, <class 'ontology.RandomInertial'>
added self, <class 'ontology.RandomMissile'>
added self, <class 'ontology.ErraticMissile'>
added self, <class 'ontology.Bomber'>
added self, <class 'ontology.Chaser'>
added self, <class 'ontology.Fleeing'>
added self, <class 'ontology.AStarChaser'>
added self, <class 'ontology.MovingAvatar'>
added self, <class 'ontology.HorizontalAvatar'>
added self, <class 'ontology.VerticalAvatar'>
added self, <class 'ontology.FlakAvatar'>
added self, <class 'ontology.OrientedAvatar'>
added parent, <class 'ontology.OrientedAvatar'>
added self, <class 'ontology.ShootAvatar'>
added parent, <class 'ontology.ShootAvatar'>
added self, <class 'ontology.AimedAvatar'>
added parent, <class 'ontology.AimedAvatar'>
added self, <class 'ontology.AimedFlakAvatar'>
<class 'ontology.OrientedAvatar'> already in tree.
added self, <class 'ontology.RotatingAvatar'>
added self, <class 'ontology.RotatingFlippingAvatar'>
added self, <class 'ontology.NoisyRotatingFlippingAvatar'>
<class 'ontology.ShootAvatar'> already in tree.
<class 'ontology.AimedAvatar'> already in tree.
<class 'ontology.AimedFlakAvatar'> already in tree.
added self, <class 'ontology.InertialAvatar'>
added self, <class 'ontology.MarioAvatar'>
step4
FINISHED IMPORTS
FINISHED SETTING VALUES
<module 'examples.continuousphysics.montezuma_3' from 'examples/continuousphysics/montezuma_3.pyc'>
max nodes 9223372036854775807
1
(13, 3)
2
(12, 3)
3
(12, 3)
4
(12, 3)
5
(12, 3)
6
(12, 3)
7
(12, 3)
8
(12, 3)
9
(12, 3)
10
(12, 3)
11
(12, 3)
12
(12, 3)
13
(12, 3)
14
(12, 3)
15
(12, 2)
16
(11, 2)
17
(11, 2)
18
(11, 2)
19
(11, 2)
20
(11, 2)
21
(11, 2)
22
(11, 2)
23
(11, 2)
24
(11, 2)
25
(10, 2)
26
(10, 2)
27
(10, 2)
28
(10, 3)
29
(10, 3)
30
(10, 3)
31
(10, 3)
32
(10, 2)
33
(10, 2)
34
(10, 3)
35
(10, 3)
36
(10, 3)
37
(10, 3)
38
(10, 2)
39
(10, 2)
40
(9, 3)
41
(9, 3)
42
(9, 3)
43
(9, 3)
44
(10, 3)
45
(9, 3)
46
(9, 3)
47
(9, 3)
48
(9, 3)
49
(9, 3)
50
(9, 2)
51
(9, 2)
52
(9, 1)
53
(9, 1)
54
(8, 1)
55
(8, 1)
56
(8, 1)
57
(8, 1)
58
(7, 1)
59
(7, 1)
60
(7, 1)
61
(7, 2)
62
(6, 2)
63
(6, 2)
64
(6, 2)
65
(6, 2)
66
(6, 2)
67
(6, 2)
68
(6, 2)
69
(6, 2)
70
(5, 2)
71
(5, 2)
72
(5, 2)
73
(5, 2)
74
(5, 2)
75
(5, 2)
76
(5, 2)
77
(5, 2)
78
(4, 2)
79
(4, 2)
80
(4, 2)
81
(4, 2)
82
(4, 2)
83
(4, 2)
84
(4, 2)
85
(4, 2)
86
(3, 2)
87
(3, 2)
88
(3, 2)
89
(3, 2)
90
(3, 2)
91
(3, 2)
92
(3, 2)
93
(3, 2)
94
(2, 2)
95
(2, 2)
96
(2, 2)
97
(2, 2)
98
(2, 2)
99
(2, 2)
100
(2, 2)
101
(2, 2)
102
(1, 2)
103
(1, 2)
104
(1, 2)
105
(1, 2)
106
(1, 2)
107
(1, 2)
108
(1, 2)
109
(1, 2)
110
(1, 2)
111
(1, 2)
112
(1, 2)
113
(1, 2)
114
(1, 2)
115
(1, 2)
116
(1, 2)
117
(1, 2)
118
(1, 2)
119
(1, 2)
120
(1, 2)
121
(1, 2)
122
(1, 2)
123
(1, 2)
124
(2, 2)
125
(2, 2)
126
(1, 2)
127
(1, 2)
128
(1, 2)
129
(1, 2)
130
(1, 2)
131
(1, 2)
132
(1, 2)
133
(1, 2)
134
(1, 2)
135
(1, 2)
136
(1, 2)
137
(1, 2)
138
(1, 2)
139
(1, 2)
140
(1, 2)
141
(1, 2)
142
(1, 2)
143
(1, 2)
144
(1, 2)
145
(1, 2)
146
(1, 2)
147
(1, 2)
148
(1, 2)
149
(1, 2)
150
(1, 2)
151
(1, 2)
152
(1, 2)
153
(1, 2)
154
(1, 2)
155
(1, 2)
156
(1, 2)
157
(1, 2)
158
(1, 2)
159
(1, 2)
160
(1, 2)
161
(1, 2)
162
(1, 2)
163
(1, 2)
164
(1, 2)
165
(1, 2)
166
(1, 2)
167
(1, 2)
168
(1, 2)
169
(1, 2)
170
(1, 2)
171
(1, 2)
172
(2, 2)
173
(2, 2)
174
(2, 2)
175
(2, 2)
176
(1, 2)
177
(1, 2)
178
(2, 2)
179
(2, 2)
180
(1, 2)
181
(1, 2)
182
(1, 2)
183
(2, 2)
184
(2, 2)
185
(2, 2)
186
(2, 2)
187
(1, 2)
188
(1, 2)
189
(1, 1)
190
(1, 1)
191
(1, 1)
192
(1, 1)
193
(1, 1)
194
(1, 1)
195
(1, 1)
196
(1, 1)
197
(1, 1)
198
(1, 1)
199
(2, 2)
200
(2, 2)
201
(1, 2)
202
(1, 2)
203
(1, 1)
204
(1, 1)
205
(1, 1)
206
(1, 1)
207
(1, 1)
208
(1, 1)
209
(1, 1)
210
(2, 2)
211
(1, 2)
212
(1, 1)
213
(1, 1)
214
(1, 1)
215
(1, 1)
216
(1, 1)
217
(1, 1)
218
(1, 1)
219
(1, 1)
220
(1, 1)
221
(1, 1)
222
(1, 1)
223
(1, 1)
224
(1, 1)
225
(2, 2)
226
(1, 1)
227
(1, 1)
228
(1, 1)
229
(1, 1)
230
(1, 1)
231
(2, 2)
232
(1, 1)
233
(1, 1)
234
(1, 1)
235
(1, 1)
236
(1, 1)
237
(1, 1)
238
(1, 1)
239
(1, 1)
240
(1, 2)
241
(1, 2)
242
(1, 1)
243
(1, 1)
244
(1, 1)
245
(1, 1)
246
(1, 1)
247
(1, 2)
248
(1, 2)
249
(1, 2)
250
(1, 2)
251
(1, 2)
252
(1, 2)
253
(1, 1)
254
(1, 1)
255
(1, 1)
256
(1, 1)
257
(1, 1)
258
(1, 1)
259
(1, 1)
260
(1, 1)
261
(1, 1)
262
(1, 1)
263
(1, 1)
264
(1, 1)
265
(1, 1)
266
(1, 1)
267
(2, 2)
268
(2, 2)
269
(2, 2)
270
(2, 2)
271
(1, 2)
272
(1, 1)
273
(1, 1)
274
(1, 1)
275
(1, 1)
276
(1, 1)
277
(1, 1)
278
(1, 1)
279
(1, 1)
280
(1, 1)
281
(1, 1)
282
(2, 2)
283
(1, 1)
284
(2, 2)
285
(1, 2)
286
(1, 2)
287
(2, 2)
288
(1, 2)
289
(1, 2)
290
(2, 2)
291
(1, 1)
292
(2, 2)
293
(2, 2)
294
(2, 2)
295
(2, 2)
296
(2, 2)
297
(2, 2)
298
(2, 2)
299
(2, 2)
300
(1, 1)
301
(1, 1)
302
(1, 1)
303
(1, 1)
304
(1, 1)
305
(1, 1)
306
(1, 1)
307
(1, 1)
308
(1, 1)
309
(1, 1)
310
(1, 1)
311
(2, 2)
312
(2, 2)
313
(1, 1)
314
(1, 1)
315
(1, 1)
316
(1, 1)
317
(1, 1)
318
(1, 1)
319
(1, 1)
320
(1, 1)
321
(1, 1)
322
(1, 1)
323
(1, 1)
324
(1, 1)
325
(1, 1)
326
(2, 2)
327
(2, 2)
328
(2, 2)
329
(2, 2)
330
(3, 2)
331
(3, 2)
332
(2, 2)
333
(2, 2)
334
(2, 2)
335
(2, 1)
336
(1, 1)
337
(1, 1)
338
(1, 1)
339
(1, 1)
340
(1, 1)
341
(1, 1)
342
(1, 1)
343
(1, 1)
344
(1, 1)
345
(1, 1)
346
(3, 2)
347
(2, 2)
348
(2, 2)
349
(2, 2)
350
(2, 1)
351
(1, 1)
352
(1, 1)
353
(1, 1)
354
(1, 1)
355
(1, 1)
356
(1, 1)
357
(1, 1)
358
(2, 2)
359
(2, 2)
360
(2, 2)
361
(1, 1)
362
(1, 1)
363
(2, 2)
364
(2, 2)
365
(2, 2)
366
(2, 1)
367
(3, 2)
368
(3, 2)
369
(3, 2)
370
(3, 2)
371
(2, 2)
372
(2, 2)
373
(2, 1)
374
(2, 1)
375
(1, 1)
376
(1, 1)
377
(1, 1)
378
(1, 1)
379
(1, 1)
380
(1, 1)
381
(1, 1)
382
(1, 1)
383
(1, 1)
384
(3, 2)
385
(3, 2)
386
(3, 2)
387
(3, 2)
388
(2, 2)
389
(2, 2)
390
(2, 1)
391
(2, 1)
392
(1, 1)
393
(1, 1)
394
(1, 1)
395
(1, 1)
396
(1, 1)
397
(1, 1)
398
(3, 2)
399
(3, 2)
400
(2, 2)
401
(2, 1)
402
(2, 1)
403
(2, 1)
404
(1, 1)
405
(1, 1)
406
(1, 1)
407
(1, 1)
408
(1, 1)
409
(1, 1)
410
(1, 1)
411
(1, 1)
412
(1, 1)
413
(1, 1)
414
(1, 1)
415
(3, 2)
416
(1, 2)
417
(1, 2)
418
(1, 1)
419
(1, 1)
420
(1, 1)
421
(1, 1)
422
(1, 1)
423
(1, 1)
424
(3, 2)
425
(1, 1)
426
(2, 2)
427
(3, 2)
428
(3, 2)
429
(3, 2)
430
(2, 2)
431
(1, 2)
432
(2, 2)
433
(2, 2)
434
(2, 2)
435
(1, 2)
436
(1, 2)
437
(2, 1)
438
(2, 1)
439
(3, 2)
440
(2, 2)
441
(3, 2)
442
(1, 2)
443
(1, 2)
444
(1, 2)
445
(1, 2)
446
(1, 2)
447
(1, 2)
448
(1, 2)
449
(2, 2)
450
(2, 2)
451
(3, 2)
452
(3, 2)
453
(3, 2)
454
(3, 2)
455
(3, 2)
456
(3, 2)
457
(2, 1)
458
(2, 1)
459
(2, 1)
460
(2, 1)
461
(2, 1)
462
(3, 2)
463
(3, 2)
464
(3, 2)
465
(3, 2)
466
(1, 2)
467
(3, 2)
468
(3, 1)
469
(2, 1)
470
(2, 1)
471
(1, 2)
472
(1, 2)
473
(3, 2)
474
(4, 2)
475
(4, 2)
476
(3, 2)
477
(3, 2)
478
(3, 2)
479
(3, 1)
480
(2, 1)
481
(2, 1)
482
(2, 1)
483
(2, 1)
484
(2, 1)
485
(4, 2)
486
(3, 2)
487
(3, 2)
488
(3, 2)
489
(3, 1)
490
(2, 1)
491
(2, 1)
492
(2, 1)
493
(2, 1)
494
(2, 1)
495
(3, 2)
496
(2, 1)
497
(3, 2)
498
(2, 1)
499
(2, 1)
500
(2, 1)
defaultdict(<function <lambda> at 0x2adab06f0c80>, {(1, 2): 106, (12, 2): 1, (3, 2): 48, (3, 1): 3, (9, 1): 2, (13, 3): 1, (9, 2): 2, (5, 2): 8, (11, 2): 9, (9, 3): 9, (7, 1): 3, (8, 1): 4, (2, 1): 33, (6, 2): 8, (7, 2): 1, (2, 2): 72, (4, 2): 11, (10, 3): 9, (1, 1): 150, (12, 3): 13, (10, 2): 7})
501
(2, 1)
502
(2, 1)
503
(3, 2)
504
(3, 2)
505
(3, 2)
506
(1, 2)
507
(2, 1)
508
(2, 1)
509
(2, 1)
510
(2, 1)
511
(2, 1)
512
(2, 1)
513
(2, 1)
514
(2, 1)
515
(2, 2)
516
(2, 2)
517
(2, 2)
518
(2, 2)
519
(2, 2)
520
(2, 2)
521
(2, 2)
522
(2, 2)
523
(2, 3)
524
(2, 3)
525
(2, 3)
526
(2, 3)
527
(2, 3)
528
(1, 3)
529
(1, 3)
530
(1, 3)
531
(1, 3)
532
(1, 3)
533
(1, 3)
534
(1, 3)
535
(1, 3)
536
(1, 3)
537
(1, 3)
538
(1, 3)
539
(1, 3)
540
(1, 3)
541
(1, 3)
542
(1, 3)
543
(1, 3)
544
(1, 3)
545
(1, 3)
546
(1, 3)
547
(1, 3)
548
(1, 2)
549
(1, 2)
550
(1, 2)
551
(1, 2)
552
(1, 2)
553
(1, 2)
554
(1, 2)
555
(1, 2)
556
(1, 2)
557
(1, 2)
558
(1, 3)
559
(1, 2)
560
(1, 2)
561
(1, 2)
562
(1, 2)
563
(1, 2)
564
(1, 2)
565
(1, 2)
566
(1, 2)
567
(2, 2)
568
(1, 2)
569
(1, 2)
570
(2, 3)
571
(2, 3)
572
(2, 3)
573
(2, 3)
574
(1, 3)
575
(1, 2)
576
(1, 2)
577
(1, 2)
578
(2, 3)
579
(2, 3)
580
(2, 3)
581
(1, 2)
582
(1, 2)
583
(2, 2)
584
(2, 2)
585
(2, 3)
586
(2, 3)
587
(2, 3)
588
(2, 3)
589
(2, 3)
590
(1, 2)
591
(1, 2)
592
(2, 2)
593
(1, 2)
594
(2, 3)
595
(2, 3)
596
(2, 3)
597
(2, 2)
598
(2, 2)
599
(2, 2)
600
(2, 2)
601
(2, 2)
602
(2, 3)
603
(2, 3)
604
(2, 3)
605
(2, 2)
606
(2, 2)
607
(2, 3)
608
(2, 3)
609
(2, 2)
610
(2, 2)
611
(3, 3)
612
(3, 3)
613
(2, 3)
614
(2, 3)
615
(2, 3)
616
(2, 2)
617
(2, 2)
618
(2, 1)
619
(3, 3)
620
(3, 3)
621
(2, 3)
622
(2, 2)
623
(2, 2)
624
(2, 1)
625
(3, 3)
626
(2, 3)
627
(2, 2)
628
(2, 2)
629
(2, 1)
630
(2, 2)
631
(2, 2)
632
(3, 3)
633
(3, 3)
634
(3, 3)
635
(3, 3)
636
(2, 2)
637
(2, 2)
638
(2, 1)
639
(2, 1)
640
(3, 3)
641
(3, 3)
642
(3, 3)
643
(3, 3)
644
(2, 2)
645
(2, 2)
646
(2, 1)
647
(2, 1)
648
(3, 3)
649
(3, 3)
650
(3, 3)
651
(2, 2)
652
(2, 2)
653
(2, 1)
654
(2, 1)
655
(3, 2)
656
(2, 2)
657
(2, 1)
658
(2, 1)
659
(2, 1)
660
(3, 2)
661
(3, 2)
662
(3, 3)
663
(3, 3)
664
(3, 3)
665
(3, 2)
666
(2, 2)
667
(2, 1)
668
(2, 1)
669
(2, 1)
670
(3, 3)
671
(2, 2)
672
(3, 2)
673
(2, 1)
674
(2, 2)
675
(3, 3)
676
(3, 3)
677
(3, 2)
678
(2, 2)
679
(2, 2)
680
(3, 3)
681
(3, 3)
682
(3, 3)
683
(3, 2)
684
(3, 2)
685
(2, 1)
686
(2, 1)
687
(2, 1)
688
(2, 1)
689
(2, 1)
690
(3, 2)
691
(3, 2)
692
(2, 1)
693
(2, 1)
694
(2, 1)
695
(2, 1)
696
(3, 3)
697
(3, 3)
698
(3, 2)
699
(3, 2)
700
(2, 1)
701
(2, 1)
702
(2, 1)
703
(2, 1)
704
(2, 1)
705
(3, 3)
706
(3, 3)
707
(3, 3)
708
(3, 3)
709
(3, 2)
710
(3, 2)
711
(3, 2)
712
(2, 2)
713
(3, 2)
714
(3, 1)
715
(2, 1)
716
(2, 1)
717
(3, 2)
718
(2, 1)
719
(3, 2)
720
(2, 1)
721
(2, 1)
722
(3, 2)
723
(3, 2)
724
(2, 1)
725
(2, 1)
726
(3, 1)
727
(3, 1)
728
(3, 2)
729
(2, 1)
730
(2, 1)
731
(4, 3)
732
(4, 3)
733
(4, 3)
734
(4, 3)
735
(3, 2)
736
(2, 1)
737
(2, 1)
738
(2, 1)
739
(2, 1)
740
(2, 1)
741
(2, 1)
742
(2, 1)
743
(2, 2)
744
(2, 2)
745
(2, 1)
746
(2, 1)
747
(2, 1)
748
(2, 1)
749
(2, 1)
750
(2, 1)
751
(2, 1)
752
(2, 2)
753
(2, 2)
754
(4, 3)
755
(3, 3)
756
(3, 2)
757
(3, 2)
758
(3, 1)
759
(2, 1)
760
(2, 1)
761
(2, 1)
762
(2, 1)
763
(2, 1)
764
(4, 3)
765
(3, 3)
766
(3, 2)
767
(3, 2)
768
(3, 1)
769
(2, 1)
770
(2, 1)
771
(2, 1)
772
(2, 1)
773
(2, 1)
774
(4, 3)
775
(3, 3)
776
(4, 3)
777
(4, 3)
778
(3, 2)
779
(3, 2)
780
(3, 2)
781
(3, 2)
782
(3, 2)
783
(3, 2)
784
(2, 1)
785
(2, 1)
786
(3, 1)
787
(3, 1)
788
(3, 1)
789
(3, 1)
790
(2, 1)
791
(2, 1)
792
(3, 1)
793
(3, 1)
794
(4, 2)
795
(4, 2)
796
(2, 1)
797
(2, 1)
798
(3, 2)
799
(3, 1)
800
(2, 1)
801
(2, 1)
802
(2, 1)
803
(2, 1)
804
(2, 1)
805
(2, 1)
806
(2, 1)
807
(2, 2)
808
(2, 2)
809
(2, 1)
810
(2, 1)
811
(2, 1)
812
(2, 1)
813
(2, 1)
814
(2, 1)
815
(2, 1)
816
(2, 2)
817
(2, 2)
818
(2, 1)
819
(2, 1)
820
(2, 1)
821
(2, 1)
822
(2, 1)
823
(2, 1)
824
(2, 1)
825
(2, 2)
826
(2, 2)
827
(3, 1)
828
(2, 1)
829
(2, 1)
830
(3, 1)
831
(3, 1)
832
(3, 1)
833
(3, 1)
834
(3, 1)
835
(3, 1)
836
(3, 1)
837
(3, 2)
838
(3, 2)
839
(3, 1)
840
(3, 1)
841
(3, 1)
842
(4, 3)
843
(3, 1)
844
(3, 1)
845
(3, 1)
846
(3, 1)
847
(3, 1)
848
(3, 1)
849
(3, 1)
850
(3, 2)
851
(3, 2)
852
(3, 1)
853
(4, 2)
854
(3, 2)
855
(3, 2)
856
(3, 1)
857
(4, 3)
858
(4, 3)
859
(3, 2)
860
(3, 2)
861
(3, 1)
862
(3, 1)
863
(2, 1)
864
(2, 1)
865
(2, 1)
866
(2, 1)
867
(2, 1)
868
(4, 3)
869
(4, 3)
870
(3, 2)
871
(3, 2)
872
(3, 1)
873
(3, 1)
874
(2, 1)
875
(2, 1)
876
(2, 1)
877
(2, 1)
878
(2, 1)
879
(3, 1)
880
(3, 1)
881
(3, 1)
882
(3, 1)
883
(3, 1)
884
(3, 2)
885
(3, 2)
886
(4, 3)
887
(4, 3)
888
(3, 2)
889
(3, 2)
890
(3, 2)
891
(4, 2)
892
(4, 2)
893
(4, 2)
894
(4, 2)
895
(4, 2)
896
(4, 2)
897
(3, 2)
898
(3, 1)
899
(3, 1)
900
(3, 1)
901
(4, 2)
902
(4, 2)
903
(4, 2)
904
(4, 3)
905
(4, 3)
906
(3, 1)
907
(3, 1)
908
(3, 1)
909
(3, 1)
910
(4, 3)
911
(4, 3)
912
(4, 3)
913
(4, 2)
914
(3, 2)
915
(3, 1)
916
(3, 1)
917
(3, 1)
918
(2, 1)
919
(2, 1)
920
(2, 1)
921
(2, 1)
922
(2, 1)
923
(4, 3)
924
(4, 3)
925
(4, 3)
926
(4, 3)
927
(4, 3)
928
(4, 3)
929
(4, 3)
930
(4, 2)
931
(4, 2)
932
(4, 2)
933
(3, 1)
934
(3, 1)
935
(3, 1)
936
(3, 1)
937
(3, 1)
938
(4, 2)
939
(4, 2)
940
(4, 2)
941
(4, 2)
942
(4, 2)
943
(3, 1)
944
(3, 1)
945
(3, 1)
946
(3, 1)
947
(3, 1)
948
(3, 1)
949
(3, 1)
950
(4, 2)
951
(4, 2)
952
(4, 1)
953
(3, 1)
954
(3, 1)
955
(3, 1)
956
(4, 2)
957
(4, 3)
958
(4, 3)
959
(4, 3)
960
(4, 1)
961
(4, 1)
962
(4, 1)
963
(4, 3)
964
(4, 3)
965
(4, 3)
966
(4, 3)
967
(4, 3)
968
(4, 3)
969
(4, 3)
970
(4, 3)
971
(4, 3)
972
(4, 3)
973
(3, 1)
974
(3, 1)
975
(3, 1)
976
(3, 1)
977
(3, 1)
978
(3, 1)
979
(3, 1)
980
(3, 1)
981
(3, 2)
982
(3, 2)
983
(3, 3)
984
(3, 1)
985
(3, 1)
986
(3, 1)
987
(3, 1)
988
(3, 1)
989
(3, 2)
990
(3, 2)
991
(3, 3)
992
(3, 1)
993
(3, 1)
994
(3, 1)
995
(3, 1)
996
(3, 1)
997
(3, 2)
998
(3, 2)
999
(3, 3)
1000
(3, 1)
defaultdict(<function <lambda> at 0x2adab06f0c80>, {(1, 3): 22, (9, 1): 2, (11, 2): 9, (2, 1): 150, (6, 2): 8, (10, 3): 9, (7, 2): 1, (1, 2): 135, (12, 2): 1, (3, 3): 37, (13, 3): 1, (8, 1): 4, (2, 2): 124, (4, 1): 4, (1, 1): 150, (12, 3): 13, (3, 2): 107, (7, 1): 3, (9, 3): 9, (2, 3): 30, (4, 2): 35, (9, 2): 2, (3, 1): 88, (4, 3): 41, (5, 2): 8, (10, 2): 7})
1001
(3, 1)
1002
(3, 1)
1003
(3, 1)
1004
(3, 1)
1005
(3, 1)
1006
(3, 1)
1007
(3, 1)
1008
(4, 2)
1009
(4, 2)
1010
(4, 2)
1011
(2, 2)
1012
(2, 2)
1013
(4, 2)
1014
(4, 2)
1015
(4, 2)
1016
(4, 2)
1017
(3, 2)
1018
(3, 2)
1019
(3, 1)
1020
(3, 1)
1021
(4, 2)
1022
(4, 2)
1023
(4, 2)
1024
(4, 2)
1025
(3, 2)
1026
(3, 2)
1027
(3, 1)
1028
(3, 1)
1029
(4, 2)
1030
(4, 2)
1031
(3, 2)
1032
(3, 1)
1033
(3, 1)
1034
(3, 1)
1035
(4, 2)
1036
(3, 1)
1037
(3, 1)
1038
(3, 2)
1039
(4, 2)
1040
(4, 2)
1041
(4, 2)
1042
(4, 2)
1043
(3, 1)
1044
(3, 1)
1045
(3, 1)
1046
(4, 1)
1047
(4, 1)
1048
(4, 1)
1049
(3, 2)
1050
(3, 1)
1051
(4, 2)
1052
(4, 2)
1053
(3, 1)
1054
(3, 2)
1055
(1, 2)
1056
(1, 2)
1057
(3, 2)
1058
(4, 1)
1059
(4, 1)
1060
(2, 2)
1061
(3, 2)
1062
(3, 2)
1063
(3, 1)
1064
(5, 3)
1065
(5, 3)
1066
(3, 1)
1067
(5, 3)
1068
(3, 1)
1069
(3, 1)
1070
(5, 3)
1071
(5, 3)
1072
(4, 2)
1073
(3, 1)
1074
(3, 1)
1075
(5, 3)
1076
(4, 3)
1077
(4, 2)
1078
(4, 2)
1079
(4, 1)
1080
(3, 1)
1081
(3, 1)
1082
(3, 1)
1083
(3, 1)
1084
(3, 1)
1085
(5, 3)
1086
(4, 3)
1087
(4, 2)
1088
(5, 3)
1089
(4, 3)
1090
(5, 3)
1091
(5, 3)
1092
(3, 1)
1093
(3, 1)
1094
(4, 2)
1095
(4, 2)
1096
(4, 2)
1097
(4, 2)
1098
(4, 2)
1099
(4, 2)
1100
(3, 1)
1101
(3, 1)
1102
(3, 1)
1103
(3, 1)
1104
(3, 1)
1105
(4, 2)
1106
(4, 2)
1107
(3, 1)
1108
(3, 1)
1109
(3, 1)
1110
(3, 1)
1111
(4, 2)
1112
(4, 2)
1113
(4, 2)
1114
(3, 1)
1115
(3, 1)
1116
(3, 1)
1117
(3, 1)
1118
(3, 1)
1119
(3, 1)
1120
(3, 1)
1121
(3, 1)
1122
(3, 2)
1123
(3, 2)
1124
(4, 2)
1125
(3, 1)
1126
(3, 1)
1127
(3, 1)
1128
(3, 1)
1129
(3, 1)
1130
(3, 2)
1131
(3, 2)
1132
(3, 1)
1133
(3, 1)
1134
(3, 1)
1135
(3, 1)
1136
(3, 1)
1137
(3, 2)
1138
(3, 2)
1139
(4, 2)
1140
(4, 2)
1141
(3, 1)
1142
(4, 1)
1143
(4, 1)
1144
(4, 1)
1145
(4, 2)
1146
(5, 2)
1147
(5, 2)
1148
(4, 2)
1149
(4, 2)
1150
(4, 2)
1151
(4, 1)
1152
(5, 2)
1153
(4, 2)
1154
(4, 2)
1155
(4, 2)
1156
(4, 1)
1157
(4, 1)
1158
(4, 1)
1159
(2, 2)
1160
(3, 2)
1161
(4, 1)
1162
(4, 1)
1163
(4, 2)
1164
(4, 2)
1165
(4, 2)
1166
(4, 2)
1167
(4, 2)
1168
(4, 2)
1169
(4, 1)
1170
(4, 1)
1171
(4, 1)
1172
(4, 1)
1173
(4, 1)
1174
(5, 2)
1175
(5, 2)
1176
(5, 2)
1177
(5, 2)
1178
(5, 2)
1179
(5, 2)
1180
(2, 2)
1181
(1, 2)
1182
(2, 2)
1183
(5, 2)
1184
(5, 2)
1185
(5, 2)
1186
(5, 2)
1187
(4, 2)
1188
(4, 2)
1189
(4, 1)
1190
(4, 1)
1191
(5, 2)
1192
(5, 2)
1193
(5, 2)
1194
(5, 2)
1195
(4, 2)
1196
(4, 2)
1197
(4, 1)
1198
(4, 1)
1199
(5, 2)
1200
(5, 2)
1201
(4, 2)
1202
(4, 1)
1203
(4, 1)
1204
(4, 1)
1205
(5, 2)
1206
(4, 1)
1207
(4, 1)
1208
(4, 1)
1209
(5, 3)
1210
(5, 3)
1211
(4, 1)
1212
(4, 1)
1213
(4, 1)
1214
(4, 1)
1215
(4, 1)
1216
(4, 1)
1217
(5, 2)
1218
(5, 2)
1219
(5, 2)
1220
(5, 2)
1221
(5, 2)
1222
(5, 2)
1223
(4, 1)
1224
(4, 1)
1225
(4, 1)
1226
(4, 1)
1227
(4, 2)
1228
(5, 3)
1229
(5, 3)
1230
(4, 2)
1231
(5, 3)
1232
(5, 3)
1233
(5, 3)
1234
(5, 3)
1235
(5, 3)
1236
(5, 3)
1237
(5, 3)
1238
(4, 2)
1239
(4, 2)
1240
(4, 2)
1241
(4, 1)
1242
(4, 1)
1243
(4, 1)
1244
(4, 1)
1245
(4, 1)
1246
(4, 1)
1247
(4, 1)
1248
(4, 1)
1249
(4, 1)
1250
(4, 2)
1251
(4, 2)
1252
(4, 1)
1253
(4, 1)
1254
(4, 1)
1255
(4, 1)
1256
(4, 1)
1257
(4, 2)
1258
(4, 2)
1259
(4, 1)
1260
(4, 1)
1261
(4, 1)
1262
(4, 1)
1263
(4, 1)
1264
(4, 2)
1265
(4, 2)
1266
(5, 2)
1267
(5, 2)
1268
(4, 1)
1269
(4, 1)
1270
(4, 2)
1271
(4, 1)
1272
(4, 1)
1273
(4, 1)
1274
(4, 1)
1275
(4, 1)
1276
(4, 2)
1277
(4, 2)
1278
(2, 2)
1279
(5, 2)
1280
(5, 2)
1281
(5, 2)
1282
(5, 2)
1283
(5, 2)
1284
(5, 2)
1285
(5, 2)
1286
(5, 2)
1287
(5, 2)
1288
(4, 1)
1289
(4, 1)
1290
(4, 1)
1291
(4, 1)
1292
(4, 1)
1293
(5, 2)
1294
(5, 2)
1295
(5, 2)
1296
(5, 1)
1297
(5, 2)
1298
(5, 2)
1299
(5, 2)
1300
(5, 2)
1301
(5, 2)
1302
(4, 2)
1303
(5, 2)
1304
(2, 2)
1305
(2, 2)
1306
(4, 1)
1307
(4, 1)
1308
(5, 2)
1309
(4, 2)
1310
(4, 1)
1311
(4, 1)
1312
(4, 1)
1313
(4, 2)
1314
(5, 3)
1315
(4, 1)
1316
(5, 3)
1317
(5, 3)
1318
(4, 1)
1319
(4, 1)
1320
(4, 1)
1321
(5, 2)
1322
(5, 2)
1323
(4, 2)
1324
(5, 1)
1325
(5, 3)
1326
(5, 3)
1327
(5, 3)
1328
(5, 2)
1329
(5, 2)
1330
(5, 2)
1331
(5, 2)
1332
(5, 2)
1333
(5, 1)
1334
(6, 2)
1335
(6, 2)
1336
(5, 1)
1337
(6, 2)
1338
(6, 2)
1339
(5, 2)
1340
(5, 2)
1341
(5, 2)
1342
(5, 2)
1343
(5, 1)
1344
(4, 1)
1345
(4, 1)
1346
(4, 1)
1347
(4, 1)
1348
(4, 1)
1349
(6, 2)
1350
(5, 2)
1351
(6, 2)
1352
(5, 2)
1353
(5, 2)
1354
(5, 2)
1355
(5, 2)
1356
(5, 2)
1357
(5, 2)
1358
(4, 1)
1359
(5, 2)
1360
(5, 2)
1361
(4, 1)
1362
(4, 1)
1363
(4, 1)
1364
(5, 1)
1365
(5, 1)
1366
(4, 1)
1367
(5, 2)
1368
(5, 2)
1369
(5, 1)
1370
(5, 2)
1371
(5, 2)
1372
(5, 2)
1373
(4, 1)
1374
(4, 1)
1375
(4, 1)
1376
(5, 2)
1377
(5, 2)
1378
(4, 1)
1379
(4, 1)
1380
(4, 1)
1381
(5, 1)
1382
(5, 1)
1383
(5, 1)
1384
(5, 1)
1385
(5, 3)
1386
(5, 3)
1387
(5, 1)
1388
(5, 1)
1389
(5, 1)
1390
(4, 1)
1391
(4, 1)
1392
(4, 1)
1393
(4, 1)
1394
(5, 3)
1395
(5, 3)
1396
(5, 3)
1397
(5, 3)
1398
(6, 2)
1399
(5, 1)
1400
(5, 1)
1401
(5, 1)
1402
(4, 1)
1403
(4, 1)
1404
(4, 1)
1405
(4, 1)
1406
(4, 1)
1407
(4, 1)
1408
(4, 1)
1409
(4, 1)
1410
(4, 2)
1411
(4, 2)
1412
(4, 2)
1413
(4, 2)
1414
(4, 2)
1415
(4, 2)
1416
(4, 2)
1417
(4, 2)
1418
(5, 2)
1419
(5, 1)
1420
(5, 1)
1421
(4, 1)
1422
(4, 1)
1423
(4, 1)
1424
(4, 1)
1425
(4, 1)
1426
(4, 1)
1427
(4, 1)
1428
(4, 1)
1429
(4, 2)
1430
(4, 2)
1431
(4, 2)
1432
(4, 1)
1433
(4, 1)
1434
(4, 1)
1435
(4, 1)
1436
(4, 1)
1437
(4, 1)
1438
(4, 1)
1439
(4, 1)
1440
(4, 2)
1441
(5, 1)
1442
(6, 2)
1443
(5, 1)
1444
(5, 1)
1445
(5, 1)
1446
(4, 1)
1447
(6, 2)
1448
(4, 1)
1449
(4, 1)
1450
(5, 1)
1451
(5, 1)
1452
(5, 1)
1453
(5, 1)
1454
(5, 1)
1455
(5, 1)
1456
(5, 1)
1457
(5, 1)
1458
(5, 1)
1459
(5, 2)
1460
(6, 2)
1461
(6, 2)
1462
(5, 2)
1463
(5, 2)
1464
(5, 1)
1465
(5, 1)
1466
(4, 1)
1467
(4, 1)
1468
(4, 1)
1469
(4, 1)
1470
(4, 1)
1471
(6, 2)
1472
(6, 2)
1473
(5, 2)
1474
(5, 2)
1475
(5, 1)
1476
(5, 1)
1477
(4, 1)
1478
(4, 1)
1479
(4, 1)
1480
(4, 1)
1481
(4, 1)
1482
(5, 1)
1483
(5, 1)
1484
(5, 1)
1485
(5, 1)
1486
(5, 1)
1487
(5, 1)
1488
(5, 2)
1489
(5, 2)
1490
(5, 2)
1491
(5, 2)
1492
(5, 2)
1493
(5, 2)
1494
(5, 2)
1495
(5, 2)
1496
(5, 1)
1497
(5, 1)
1498
(5, 1)
1499
(5, 1)
1500
(5, 1)
defaultdict(<function <lambda> at 0x2adab06f0c80>, {(1, 3): 22, (9, 1): 2, (11, 2): 9, (2, 1): 150, (6, 2): 21, (5, 1): 48, (10, 3): 9, (7, 2): 1, (1, 2): 138, (12, 2): 1, (3, 3): 37, (13, 3): 1, (8, 1): 4, (2, 2): 133, (4, 1): 141, (1, 1): 150, (12, 3): 13, (3, 2): 125, (7, 1): 3, (9, 3): 9, (2, 3): 30, (4, 2): 121, (5, 3): 33, (9, 2): 2, (3, 1): 150, (4, 3): 44, (5, 2): 96, (10, 2): 7})
1501
(5, 1)
1502
(5, 2)
1503
(5, 2)
1504
(5, 2)
1505
(5, 1)
1506
(5, 1)
1507
(5, 1)
1508
(5, 1)
1509
(5, 1)
1510
(5, 1)
1511
(5, 2)
1512
(2, 2)
1513
(5, 2)
1514
(5, 2)
1515
(5, 2)
1516
(5, 2)
1517
(6, 2)
1518
(6, 3)
1519
(6, 3)
1520
(5, 2)
1521
(6, 2)
1522
(6, 3)
1523
(6, 3)
1524
(5, 2)
1525
(6, 2)
1526
(6, 3)
1527
(6, 3)
1528
(5, 2)
1529
(5, 2)
1530
(6, 2)
1531
(6, 2)
1532
(6, 2)
1533
(5, 2)
1534
(5, 2)
1535
(5, 1)
1536
(5, 1)
1537
(5, 1)
1538
(5, 2)
1539
(5, 1)
1540
(5, 1)
1541
(5, 1)
1542
(4, 1)
1543
(4, 1)
1544
(4, 1)
1545
(5, 2)
1546
(5, 2)
1547
(5, 2)
1548
(6, 3)
1549
(6, 3)
1550
(6, 3)
1551
(6, 3)
1552
(6, 3)
1553
(6, 3)
1554
(6, 3)
1555
(5, 3)
1556
(5, 3)
1557
(5, 3)
1558
(5, 3)
1559
(5, 3)
1560
(5, 3)
1561
(5, 3)
1562
(5, 3)
1563
(4, 3)
1564
(4, 3)
1565
(4, 3)
1566
(4, 3)
1567
(4, 3)
1568
(4, 3)
1569
(4, 3)
1570
(4, 3)
1571
(3, 3)
1572
(3, 3)
1573
(3, 3)
1574
(3, 3)
1575
(3, 3)
1576
(3, 3)
1577
(3, 3)
1578
(3, 3)
1579
(2, 3)
1580
(2, 3)
1581
(2, 3)
1582
(2, 3)
1583
(2, 3)
1584
(2, 3)
1585
(2, 3)
1586
(2, 3)
1587
(1, 3)
1588
(1, 3)
1589
(1, 3)
1590
(1, 3)
1591
(1, 3)
1592
(1, 3)
1593
(1, 3)
1594
(1, 3)
1595
(1, 3)
1596
(1, 3)
1597
(1, 3)
1598
(1, 3)
1599
(1, 3)
1600
(2, 3)
1601
(2, 3)
1602
(1, 2)
1603
(1, 2)
1604
(1, 2)
1605
(1, 2)
1606
(1, 2)
1607
(2, 3)
1608
(2, 3)
1609
(2, 3)
1610
(1, 2)
1611
(1, 2)
1612
(1, 2)
1613
(2, 2)
1614
(2, 3)
1615
(2, 3)
1616
(2, 3)
1617
(2, 3)
1618
(1, 2)
1619
(1, 2)
1620
(2, 2)
1621
(1, 2)
1622
(2, 2)
1623
(2, 2)
1624
(2, 2)
1625
(1, 2)
1626
(2, 3)
1627
(2, 3)
1628
(2, 2)
1629
(2, 3)
1630
(2, 2)
1631
(2, 2)
1632
(2, 2)
1633
(2, 2)
1634
(2, 2)
1635
(2, 3)
1636
(2, 3)
1637
(2, 3)
1638
(2, 2)
1639
(2, 2)
1640
(2, 3)
1641
(2, 2)
1642
(2, 2)
1643
(2, 2)
1644
(2, 2)
1645
(3, 3)
1646
(2, 3)
1647
(2, 3)
1648
(3, 3)
1649
(3, 3)
1650
(3, 3)
1651
(3, 3)
1652
(3, 3)
1653
(3, 3)
1654
(3, 3)
1655
(3, 3)
1656
(3, 3)
1657
(3, 2)
1658
(3, 2)
1659
(3, 2)
1660
(3, 2)
1661
(3, 2)
1662
(3, 3)
1663
(3, 3)
1664
(3, 3)
1665
(3, 2)
1666
(3, 3)
1667
(3, 2)
1668
(3, 2)
1669
(3, 2)
1670
(3, 2)
1671
(3, 2)
1672
(3, 2)
1673
(3, 3)
1674
(3, 3)
1675
(3, 2)
1676
(3, 2)
1677
(3, 3)
1678
(3, 3)
1679
(3, 2)
1680
(3, 2)
1681
(3, 3)
1682
(3, 2)
1683
(3, 3)
1684
(3, 2)
1685
(3, 2)
1686
(3, 2)
1687
(3, 2)
1688
(3, 2)
1689
(3, 2)
1690
(3, 2)
1691
(3, 2)
1692
(4, 3)
1693
(3, 3)
1694
(4, 3)
1695
(4, 3)
1696
(4, 3)
1697
(4, 3)
1698
(4, 3)
1699
(4, 3)
1700
(4, 3)
1701
(4, 2)
1702
(4, 3)
1703
(4, 3)
1704
(4, 3)
1705
(4, 2)
1706
(4, 2)
1707
(4, 2)
1708
(4, 2)
1709
(4, 3)
1710
(4, 3)
1711
(4, 2)
1712
(4, 3)
1713
(4, 2)
1714
(4, 2)
1715
(4, 2)
1716
(4, 2)
1717
(4, 2)
1718
(4, 3)
1719
(4, 3)
1720
(4, 3)
1721
(4, 2)
1722
(4, 2)
1723
(4, 2)
1724
(4, 2)
1725
(4, 2)
1726
(4, 3)
1727
(4, 3)
1728
(4, 2)
1729
(4, 1)
1730
(4, 2)
1731
(4, 2)
1732
(4, 2)
1733
(4, 2)
1734
(4, 1)
1735
(4, 2)
1736
(4, 2)
1737
(4, 1)
1738
(5, 3)
1739
(4, 3)
1740
(4, 2)
1741
(4, 2)
1742
(4, 1)
1743
(5, 3)
1744
(4, 2)
1745
(4, 2)
1746
(4, 1)
1747
(4, 1)
1748
(4, 2)
1749
(4, 2)
1750
(5, 3)
1751
(5, 3)
1752
(5, 3)
1753
(5, 3)
1754
(5, 3)
1755
(5, 3)
1756
(5, 2)
1757
(5, 2)
1758
(5, 2)
1759
(5, 2)
1760
(5, 2)
1761
(5, 3)
1762
(5, 3)
1763
(5, 3)
1764
(5, 2)
1765
(5, 3)
1766
(5, 2)
1767
(5, 3)
1768
(5, 2)
1769
(5, 2)
1770
(5, 2)
1771
(5, 2)
1772
(5, 3)
1773
(5, 3)
1774
(5, 2)
1775
(5, 2)
1776
(5, 3)
1777
(5, 2)
1778
(5, 2)
1779
(5, 1)
1780
(5, 2)
1781
(5, 2)
1782
(5, 2)
1783
(5, 2)
1784
(5, 2)
1785
(5, 2)
1786
(6, 3)
1787
(5, 3)
1788
(5, 3)
1789
(5, 2)
1790
(5, 2)
1791
(5, 1)
1792
(6, 3)
1793
(6, 3)
1794
(5, 2)
1795
(5, 2)
1796
(5, 1)
1797
(5, 1)
1798
(5, 2)
1799
(5, 2)
1800
(5, 1)
1801
(5, 2)
1802
(5, 1)
1803
(5, 1)
1804
(5, 2)
1805
(5, 2)
1806
(5, 2)
1807
(6, 2)
1808
(5, 1)
1809
(6, 2)
1810
(5, 2)
1811
(5, 1)
1812
(5, 1)
1813
(5, 1)
1814
(6, 2)
1815
(6, 2)
1816
(6, 2)
1817
(5, 1)
1818
(5, 1)
1819
(5, 1)
1820
(5, 2)
1821
(5, 2)
1822
(5, 1)
1823
(5, 1)
1824
(5, 1)
1825
(5, 1)
1826
(5, 1)
1827
(5, 1)
1828
(5, 1)
1829
(6, 2)
1830
(6, 2)
1831
(6, 2)
1832
(6, 2)
1833
(5, 1)
1834
(5, 1)
1835
(5, 1)
1836
(5, 1)
1837
(5, 1)
1838
(5, 1)
1839
(5, 1)
1840
(5, 1)
1841
(5, 1)
1842
(5, 1)
1843
(5, 1)
1844
(5, 1)
1845
(5, 1)
1846
(5, 1)
1847
(5, 1)
1848
(5, 1)
1849
(5, 1)
1850
(5, 1)
1851
(6, 3)
1852
(6, 3)
1853
(5, 1)
1854
(6, 3)
1855
(5, 1)
1856
(5, 1)
1857
(5, 1)
1858
(5, 1)
1859
(6, 2)
1860
(6, 2)
1861
(6, 2)
1862
(6, 2)
1863
(6, 3)
1864
(5, 3)
1865
(5, 2)
1866
(6, 3)
1867
(5, 3)
1868
(6, 3)
1869
(5, 3)
1870
(5, 1)
1871
(5, 1)
1872
(5, 1)
1873
(5, 2)
1874
(5, 2)
1875
(5, 1)
1876
(5, 1)
1877
(5, 1)
1878
(5, 1)
1879
(5, 1)
1880
(5, 1)
1881
(5, 1)
1882
(5, 1)
1883
(5, 1)
1884
(5, 1)
1885
(5, 1)
1886
(5, 1)
1887
(5, 1)
1888
(5, 1)
1889
(5, 1)
1890
(5, 1)
1891
(5, 1)
1892
(5, 1)
1893
(6, 2)
1894
(5, 1)
1895
(5, 1)
1896
(5, 1)
1897
(5, 1)
1898
(5, 1)
1899
(6, 3)
1900
(6, 3)
1901
(6, 3)
1902
(6, 3)
1903
(6, 3)
1904
(6, 2)
1905
(6, 2)
1906
(6, 2)
1907
(5, 1)
1908
(5, 1)
1909
(5, 1)
1910
(5, 1)
1911
(6, 2)
1912
(6, 3)
1913
(6, 3)
1914
(6, 3)
1915
(6, 2)
1916
(6, 2)
1917
(5, 1)
1918
(5, 1)
1919
(5, 1)
1920
(5, 1)
1921
(5, 1)
1922
(5, 1)
1923
(6, 2)
1924
(6, 2)
1925
(6, 2)
1926
(6, 2)
1927
(6, 2)
1928
(6, 2)
1929
(6, 2)
1930
(6, 2)
1931
(5, 1)
1932
(5, 1)
1933
(5, 1)
1934
(5, 1)
1935
(5, 1)
1936
(5, 1)
1937
(6, 1)
1938
(6, 1)
1939
(6, 1)
1940
(6, 1)
1941
(5, 1)
1942
(5, 1)
1943
(5, 1)
1944
(5, 1)
1945
(6, 2)
1946
(6, 2)
1947
(6, 2)
1948
(6, 2)
1949
(6, 1)
1950
(6, 1)
1951
(6, 1)
1952
(6, 1)
1953
(7, 3)
1954
(7, 3)
1955
(6, 3)
1956
(6, 3)
1957
(6, 2)
1958
(6, 2)
1959
(6, 1)
1960
(6, 2)
1961
(6, 2)
1962
(7, 3)
1963
(6, 3)
1964
(6, 3)
1965
(6, 3)
1966
(6, 2)
1967
(6, 2)
1968
(6, 3)
1969
(6, 3)
1970
(6, 3)
1971
(6, 3)
1972
(6, 3)
1973
(6, 3)
1974
(6, 2)
1975
(6, 1)
1976
(6, 2)
1977
(6, 1)
1978
(6, 1)
1979
(6, 1)
1980
(6, 1)
1981
(6, 1)
1982
(6, 2)
1983
(6, 1)
1984
(6, 1)
1985
(6, 1)
1986
(6, 1)
1987
(6, 1)
1988
(6, 2)
1989
(6, 2)
1990
(6, 2)
1991
(6, 2)
1992
(6, 2)
1993
(6, 2)
1994
(6, 2)
1995
(6, 2)
1996
(6, 2)
1997
(6, 2)
1998
(6, 2)
1999
(6, 2)
2000
(6, 2)
defaultdict(<function <lambda> at 0x2adab06f0c80>, {(7, 3): 3, (1, 3): 35, (9, 1): 2, (11, 2): 9, (2, 1): 150, (6, 2): 81, (5, 1): 151, (10, 3): 9, (7, 2): 1, (1, 2): 150, (12, 2): 1, (3, 3): 66, (13, 3): 1, (8, 1): 4, (6, 3): 41, (2, 2): 151, (4, 1): 150, (1, 1): 150, (12, 3): 13, (3, 2): 150, (7, 1): 3, (9, 3): 9, (2, 3): 56, (4, 2): 150, (5, 3): 62, (9, 2): 2, (6, 1): 20, (3, 1): 150, (4, 3): 72, (5, 2): 151, (10, 2): 7})
2001
(7, 3)
2002
(7, 3)
2003
(6, 2)
2004
(6, 2)
2005
(6, 2)
2006
(7, 3)
2007
(7, 3)
2008
(7, 3)
2009
(6, 2)
2010
(6, 2)
2011
(6, 1)
2012
(6, 1)
2013
(7, 3)
2014
(7, 3)
2015
(7, 3)
2016
(6, 2)
2017
(6, 2)
2018
(6, 1)
2019
(6, 1)
2020
(7, 3)
2021
(7, 3)
2022
(7, 3)
2023
(6, 2)
2024
(6, 2)
2025
(6, 1)
2026
(6, 1)
2027
(7, 3)
2028
(7, 3)
2029
(7, 3)
2030
(6, 2)
2031
(6, 2)
2032
(7, 2)
2033
(7, 2)
2034
(6, 1)
2035
(6, 1)
2036
(6, 1)
2037
(6, 1)
2038
(7, 2)
2039
(6, 2)
2040
(6, 1)
2041
(6, 1)
2042
(6, 1)
2043
(6, 1)
2044
(6, 1)
2045
(6, 1)
2046
(6, 1)
2047
(6, 3)
2048
(6, 3)
2049
(6, 3)
2050
(7, 2)
2051
(6, 2)
2052
(6, 3)
2053
(6, 3)
2054
(6, 3)
2055
(6, 2)
2056
(6, 2)
2057
(6, 2)
2058
(6, 1)
2059
(6, 1)
2060
(6, 1)
2061
(6, 1)
2062
(7, 2)
2063
(7, 2)
2064
(6, 1)
2065
(6, 1)
2066
(6, 1)
2067
(6, 1)
2068
(6, 1)
2069
(6, 1)
2070
(7, 2)
2071
(7, 2)
2072
(7, 2)
2073
(7, 2)
2074
(6, 2)
2075
(6, 2)
2076
(6, 2)
2077
(6, 2)
2078
(6, 2)
2079
(6, 1)
2080
(7, 2)
2081
(6, 2)
2082
(7, 2)
2083
(6, 2)
2084
(6, 2)
2085
(6, 2)
2086
(6, 2)
2087
(6, 2)
2088
(6, 2)
2089
(6, 2)
2090
(7, 2)
2091
(6, 1)
2092
(6, 1)
2093
(6, 1)
2094
(6, 1)
2095
(6, 1)
2096
(6, 1)
2097
(6, 1)
2098
(6, 2)
2099
(6, 2)
2100
(6, 2)
2101
(6, 2)
2102
(7, 3)
2103
(7, 2)
2104
(7, 3)
2105
(7, 3)
2106
(6, 1)
2107
(7, 3)
2108
(7, 3)
2109
(7, 3)
2110
(7, 3)
2111
(6, 2)
2112
(6, 1)
2113
(6, 1)
2114
(6, 1)
2115
(7, 3)
2116
(7, 3)
2117
(7, 3)
2118
(7, 3)
2119
(7, 3)
2120
(6, 1)
2121
(6, 1)
2122
(6, 1)
2123
(6, 1)
2124
(6, 1)
2125
(6, 2)
2126
(6, 2)
2127
(6, 3)
2128
(6, 1)
2129
(6, 1)
2130
(6, 1)
2131
(6, 1)
2132
(6, 1)
2133
(6, 2)
2134
(6, 2)
2135
(6, 3)
2136
(6, 1)
2137
(6, 1)
2138
(6, 1)
2139
(6, 1)
2140
(6, 1)
2141
(6, 2)
2142
(6, 2)
2143
(6, 3)
2144
(7, 3)
2145
(7, 3)
2146
(6, 2)
2147
(6, 2)
2148
(6, 2)
2149
(7, 2)
2150
(7, 2)
2151
(7, 2)
2152
(6, 1)
2153
(6, 1)
2154
(6, 1)
2155
(6, 1)
2156
(6, 1)
2157
(6, 1)
2158
(6, 1)
2159
(6, 1)
2160
(6, 3)
2161
(6, 3)
2162
(6, 1)
2163
(6, 1)
2164
(7, 2)
2165
(6, 3)
2166
(6, 3)
2167
(6, 3)
2168
(6, 3)
2169
(6, 3)
2170
(6, 3)
2171
(7, 2)
2172
(7, 2)
2173
(6, 1)
2174
(6, 1)
2175
(6, 1)
2176
(7, 2)
2177
(7, 2)
2178
(7, 2)
2179
(6, 1)
2180
(7, 2)
2181
(6, 1)
2182
(6, 1)
2183
(6, 1)
2184
(6, 1)
2185
(6, 1)
2186
(7, 2)
2187
(7, 2)
2188
(6, 2)
2189
(7, 2)
2190
(7, 2)
2191
(6, 2)
2192
(7, 2)
2193
(7, 2)
2194
(7, 2)
2195
(7, 2)
2196
(7, 2)
2197
(6, 1)
2198
(6, 1)
2199
(6, 1)
2200
(6, 2)
2201
(6, 2)
2202
(7, 2)
2203
(7, 2)
2204
(6, 2)
2205
(6, 2)
2206
(7, 2)
2207
(7, 2)
2208
(7, 2)
2209
(6, 1)
2210
(6, 1)
2211
(6, 1)
2212
(6, 1)
2213
(6, 1)
2214
(6, 1)
2215
(6, 2)
2216
(6, 2)
2217
(6, 2)
2218
(6, 2)
2219
(6, 2)
2220
(6, 2)
2221
(6, 2)
2222
(6, 2)
2223
(6, 1)
2224
(6, 1)
2225
(6, 1)
2226
(6, 1)
2227
(6, 1)
2228
(6, 1)
2229
(6, 2)
2230
(6, 2)
2231
(6, 2)
2232
(6, 1)
2233
(6, 1)
2234
(6, 1)
2235
(6, 1)
2236
(6, 1)
2237
(6, 1)
2238
(6, 2)
2239
(6, 2)
2240
(6, 2)
2241
(7, 3)
2242
(7, 3)
2243
(7, 3)
2244
(7, 3)
2245
(7, 3)
2246
(7, 3)
2247
(7, 2)
2248
(6, 1)
2249
(6, 1)
2250
(6, 1)
2251
(7, 3)
2252
(7, 3)
2253
(7, 3)
2254
(7, 3)
2255
(7, 3)
2256
(7, 2)
2257
(7, 2)
2258
(7, 2)
2259
(6, 1)
2260
(6, 2)
2261
(6, 1)
2262
(6, 1)
2263
(6, 1)
2264
(6, 1)
2265
(6, 1)
2266
(6, 1)
2267
(7, 3)
2268
(7, 3)
2269
(7, 3)
2270
(7, 2)
2271
(7, 1)
2272
(7, 2)
2273
(7, 2)
2274
(7, 2)
2275
(7, 2)
2276
(7, 2)
2277
(7, 2)
2278
(7, 3)
2279
(6, 3)
2280
(7, 3)
2281
(6, 3)
2282
(7, 3)
2283
(6, 3)
2284
(7, 1)
2285
(6, 2)
2286
(6, 2)
2287
(6, 2)
2288
(6, 1)
2289
(6, 1)
2290
(6, 1)
2291
(7, 2)
2292
(7, 2)
2293
(7, 2)
2294
(6, 1)
2295
(6, 1)
2296
(7, 2)
2297
(7, 2)
2298
(7, 2)
2299
(6, 1)
2300
(6, 1)
2301
(7, 2)
2302
(7, 2)
2303
(7, 2)
2304
(7, 2)
2305
(7, 2)
2306
(6, 1)
2307
(7, 2)
2308
(7, 2)
2309
(6, 2)
2310
(6, 2)
2311
(6, 2)
2312
(7, 2)
2313
(7, 2)
2314
(7, 2)
2315
(7, 1)
2316
(7, 1)
2317
(7, 1)
2318
(7, 1)
2319
(7, 1)
2320
(6, 1)
2321
(8, 3)
2322
(8, 3)
2323
(6, 1)
2324
(8, 3)
2325
(6, 1)
2326
(7, 1)
2327
(6, 1)
2328
(6, 1)
2329
(7, 2)
2330
(7, 2)
2331
(7, 2)
2332
(7, 1)
2333
(7, 1)
2334
(8, 3)
2335
(8, 3)
2336
(8, 3)
2337
(6, 1)
2338
(8, 3)
2339
(7, 1)
2340
(8, 3)
2341
(6, 1)
2342
(8, 3)
2343
(8, 3)
2344
(8, 3)
2345
(8, 3)
2346
(8, 3)
2347
(6, 1)
2348
(6, 1)
2349
(6, 1)
2350
(6, 1)
2351
(6, 1)
2352
(6, 1)
2353
(6, 1)
2354
(6, 1)
2355
(6, 1)
2356
(6, 1)
2357
(6, 1)
2358
(7, 1)
2359
(8, 3)
2360
(8, 3)
2361
(8, 3)
2362
(7, 3)
2363
(7, 3)
2364
(7, 3)
2365
(7, 3)
2366
(7, 3)
2367
(7, 3)
2368
(7, 2)
2369
(7, 2)
2370
(7, 2)
2371
(7, 2)
2372
(7, 3)
2373
(7, 3)
2374
(7, 3)
2375
(7, 3)
2376
(7, 3)
2377
(7, 3)
2378
(7, 3)
2379
(7, 3)
2380
(7, 3)
2381
(7, 1)
2382
(8, 3)
2383
(8, 3)
2384
(8, 3)
2385
(8, 3)
2386
(7, 2)
2387
(7, 2)
2388
(7, 2)
2389
(7, 1)
2390
(7, 1)
2391
(7, 1)
2392
(7, 2)
2393
(7, 1)
2394
(7, 2)
2395
(7, 1)
2396
(7, 1)
2397
(7, 1)
2398
(7, 1)
2399
(7, 1)
2400
(8, 2)
2401
(8, 2)
2402
(8, 2)
2403
(7, 2)
2404
(7, 2)
2405
(7, 2)
2406
(7, 2)
2407
(7, 2)
2408
(7, 2)
2409
(7, 2)
2410
(7, 2)
2411
(7, 2)
2412
(7, 1)
2413
(7, 1)
2414
(7, 1)
2415
(8, 3)
2416
(8, 3)
2417
(8, 3)
2418
(8, 3)
2419
(8, 3)
2420
(8, 3)
2421
(8, 3)
2422
(8, 3)
2423
(8, 3)
2424
(8, 3)
2425
(7, 2)
2426
(7, 2)
2427
(7, 2)
2428
(7, 1)
2429
(7, 1)
2430
(7, 1)
2431
(8, 3)
2432
(8, 3)
2433
(8, 3)
2434
(7, 1)
2435
(7, 1)
2436
(7, 2)
2437
(7, 2)
2438
(7, 2)
2439
(8, 2)
2440
(8, 2)
2441
(8, 2)
2442
(8, 2)
2443
(7, 1)
2444
(7, 1)
2445
(7, 1)
2446
(7, 1)
2447
(8, 3)
2448
(8, 3)
2449
(8, 3)
2450
(8, 3)
2451
(8, 3)
2452
(8, 3)
2453
(8, 3)
2454
(8, 3)
2455
(8, 3)
2456
(8, 3)
2457
(8, 3)
2458
(8, 3)
2459
(7, 1)
2460
(7, 1)
2461
(7, 1)
2462
(7, 1)
2463
(7, 3)
2464
(7, 3)
2465
(7, 3)
2466
(7, 3)
2467
(7, 3)
2468
(7, 3)
2469
(7, 1)
2470
(8, 2)
2471
(7, 1)
2472
(7, 1)
2473
(7, 1)
2474
(7, 1)
2475
(7, 1)
2476
(7, 2)
2477
(7, 2)
2478
(7, 2)
2479
(7, 3)
2480
(7, 3)
2481
(7, 3)
2482
(7, 1)
2483
(7, 1)
2484
(7, 1)
2485
(7, 1)
2486
(7, 1)
2487
(7, 1)
2488
(7, 1)
2489
(7, 1)
2490
(7, 1)
2491
(7, 1)
2492
(7, 1)
2493
(7, 2)
2494
(7, 2)
2495
(7, 1)
2496
(7, 1)
2497
(7, 1)
2498
(7, 1)
2499
(7, 1)
2500
(7, 2)
defaultdict(<function <lambda> at 0x2adab06f0c80>, {(7, 3): 72, (1, 3): 35, (9, 1): 2, (11, 2): 9, (2, 1): 150, (6, 2): 151, (5, 1): 151, (10, 3): 9, (7, 2): 99, (1, 2): 150, (12, 2): 1, (3, 3): 66, (13, 3): 1, (8, 1): 4, (6, 3): 61, (2, 2): 151, (4, 1): 150, (1, 1): 150, (12, 3): 13, (3, 2): 150, (8, 2): 8, (7, 1): 63, (9, 3): 9, (2, 3): 56, (4, 2): 150, (5, 3): 62, (8, 3): 45, (9, 2): 2, (6, 1): 150, (3, 1): 150, (4, 3): 72, (5, 2): 151, (10, 2): 7})
2501
(7, 2)
2502
(8, 3)
2503
(8, 3)
2504
(8, 3)
2505
(7, 1)
2506
(7, 1)
2507
(7, 1)
2508
(7, 1)
2509
(7, 1)
2510
(7, 2)
2511
(7, 2)
2512
(7, 1)
2513
(8, 3)
2514
(7, 1)
2515
(8, 3)
2516
(8, 3)
2517
(8, 3)
2518
(7, 1)
2519
(7, 1)
2520
(7, 1)
2521
(8, 2)
2522
(7, 1)
2523
(8, 2)
2524
(7, 1)
2525
(7, 1)
2526
(7, 1)
2527
(7, 1)
2528
(7, 1)
2529
(7, 1)
2530
(7, 1)
2531
(8, 2)
2532
(8, 2)
2533
(8, 2)
2534
(7, 2)
2535
(8, 2)
2536
(7, 2)
2537
(8, 2)
2538
(7, 2)
2539
(8, 2)
2540
(8, 2)
2541
(8, 2)
2542
(7, 2)
2543
(7, 2)
2544
(7, 2)
2545
(8, 3)
2546
(8, 3)
2547
(7, 2)
2548
(7, 2)
2549
(7, 2)
2550
(8, 3)
2551
(8, 3)
2552
(8, 3)
2553
(8, 3)
2554
(7, 1)
2555
(7, 1)
2556
(7, 2)
2557
(7, 2)
2558
(7, 2)
2559
(8, 3)
2560
(8, 3)
2561
(8, 3)
2562
(8, 3)
2563
(8, 3)
2564
(8, 3)
2565
(7, 2)
2566
(7, 2)
2567
(7, 2)
2568
(8, 1)
2569
(8, 3)
2570
(8, 3)
2571
(8, 3)
2572
(8, 3)
2573
(7, 1)
2574
(7, 2)
2575
(7, 2)
2576
(7, 1)
2577
(7, 1)
2578
(7, 2)
2579
(7, 1)
2580
(7, 1)
2581
(8, 2)
2582
(8, 2)
2583
(8, 2)
2584
(8, 3)
2585
(8, 3)
2586
(8, 3)
2587
(8, 3)
2588
(8, 3)
2589
(8, 3)
2590
(8, 3)
2591
(7, 1)
2592
(7, 1)
2593
(7, 1)
2594
(7, 1)
2595
(8, 3)
2596
(8, 3)
2597
(8, 3)
2598
(8, 3)
2599
(8, 3)
2600
(8, 3)
2601
(8, 3)
2602
(8, 3)
2603
(8, 3)
2604
(8, 3)
2605
(8, 3)
2606
(8, 2)
2607
(7, 1)
2608
(8, 2)
2609
(8, 2)
2610
(8, 2)
2611
(7, 3)
2612
(7, 3)
2613
(7, 3)
2614
(8, 2)
2615
(8, 2)
2616
(7, 3)
2617
(7, 3)
2618
(7, 3)
2619
(7, 3)
2620
(7, 3)
2621
(7, 3)
2622
(8, 2)
2623
(7, 1)
2624
(7, 1)
2625
(8, 2)
2626
(8, 2)
2627
(8, 3)
2628
(8, 3)
2629
(8, 3)
2630
(8, 3)
2631
(8, 3)
2632
(8, 3)
2633
(8, 3)
2634
(8, 3)
2635
(8, 3)
2636
(7, 1)
2637
(8, 2)
2638
(8, 3)
2639
(8, 2)
2640
(8, 3)
2641
(8, 2)
2642
(8, 3)
2643
(7, 1)
2644
(8, 2)
2645
(8, 2)
2646
(8, 3)
2647
(8, 1)
2648
(8, 1)
2649
(8, 1)
2650
(8, 1)
2651
(8, 2)
2652
(7, 1)
2653
(8, 2)
2654
(8, 2)
2655
(7, 1)
2656
(8, 2)
2657
(8, 2)
2658
(8, 2)
2659
(8, 3)
2660
(7, 2)
2661
(8, 3)
2662
(8, 3)
2663
(8, 3)
2664
(8, 3)
2665
(8, 3)
2666
(8, 3)
2667
(7, 2)
2668
(7, 2)
2669
(7, 2)
2670
(7, 1)
2671
(7, 1)
2672
(7, 1)
2673
(7, 1)
2674
(7, 1)
2675
(7, 1)
2676
(7, 2)
2677
(7, 2)
2678
(7, 2)
2679
(7, 2)
2680
(7, 2)
2681
(7, 2)
2682
(7, 2)
2683
(7, 2)
2684
(8, 2)
2685
(8, 2)
2686
(7, 1)
2687
(7, 1)
2688
(7, 1)
2689
(7, 1)
2690
(7, 1)
2691
(7, 1)
2692
(7, 2)
2693
(7, 2)
2694
(7, 2)
2695
(7, 1)
2696
(7, 1)
2697
(7, 1)
2698
(7, 1)
2699
(7, 1)
2700
(7, 1)
2701
(7, 2)
2702
(8, 1)
2703
(8, 1)
2704
(8, 3)
2705
(8, 3)
2706
(8, 3)
2707
(8, 3)
2708
(8, 3)
2709
(8, 3)
2710
(8, 3)
2711
(7, 1)
2712
(7, 1)
2713
(7, 1)
2714
(7, 1)
2715
(8, 1)
2716
(8, 1)
2717
(8, 1)
2718
(8, 2)
2719
(8, 2)
2720
(8, 2)
2721
(8, 3)
2722
(8, 3)
2723
(8, 3)
2724
(8, 3)
2725
(8, 3)
2726
(7, 2)
2727
(7, 1)
2728
(7, 2)
2729
(7, 1)
2730
(7, 2)
2731
(7, 1)
2732
(8, 3)
2733
(8, 3)
2734
(8, 3)
2735
(8, 3)
2736
(8, 3)
2737
(8, 3)
2738
(8, 3)
2739
(8, 3)
2740
(8, 3)
2741
(8, 3)
2742
(8, 3)
2743
(8, 3)
2744
(8, 3)
2745
(8, 3)
2746
(8, 3)
2747
(8, 3)
2748
(8, 3)
2749
(8, 2)
2750
(8, 2)
2751
(8, 2)
2752
(8, 2)
2753
(8, 3)
2754
(8, 3)
2755
(8, 3)
2756
(8, 3)
2757
(8, 3)
2758
(8, 2)
2759
(8, 2)
2760
(8, 3)
2761
(8, 3)
2762
(7, 3)
2763
(8, 3)
2764
(7, 3)
2765
(8, 3)
2766
(7, 3)
2767
(8, 3)
2768
(8, 3)
2769
(8, 3)
2770
(8, 3)
2771
(8, 2)
2772
(8, 2)
2773
(8, 2)
2774
(8, 2)
2775
(8, 2)
2776
(8, 2)
2777
(8, 2)
2778
(8, 1)
2779
(9, 2)
2780
(9, 2)
2781
(9, 2)
2782
(7, 2)
2783
(7, 2)
2784
(7, 2)
2785
(8, 3)
2786
(8, 3)
2787
(8, 3)
2788
(8, 3)
2789
(7, 1)
2790
(7, 1)
2791
(7, 1)
2792
(8, 1)
2793
(8, 1)
2794
(8, 1)
2795
(8, 1)
2796
(7, 2)
2797
(7, 2)
2798
(7, 2)
2799
(8, 2)
2800
(8, 2)
2801
(7, 1)
2802
(8, 1)
2803
(8, 1)
2804
(8, 1)
2805
(8, 1)
2806
(8, 1)
2807
(8, 1)
2808
(8, 1)
2809
(8, 2)
2810
(8, 2)
2811
(8, 2)
2812
(8, 2)
2813
(8, 2)
2814
(8, 1)
2815
(8, 1)
2816
(8, 1)
2817
(7, 1)
2818
(8, 1)
2819
(7, 1)
2820
(7, 1)
2821
(8, 1)
2822
(8, 1)
2823
(8, 2)
2824
(8, 2)
2825
(8, 2)
2826
(8, 2)
2827
(8, 2)
2828
(8, 2)
2829
(8, 2)
2830
(7, 2)
2831
(7, 2)
2832
(7, 2)
2833
(7, 2)
2834
(7, 2)
2835
(7, 2)
2836
(8, 4)
2837
(8, 4)
2838
(8, 4)
2839
(8, 4)
2840
(8, 4)
2841
(8, 4)
2842
(8, 4)
2843
(8, 2)
2844
(8, 2)
2845
(8, 2)
2846
(8, 2)
2847
(8, 2)
2848
(8, 2)
2849
(8, 1)
2850
(8, 1)
2851
(8, 1)
2852
(8, 1)
2853
(8, 2)
2854
(8, 2)
2855
(8, 2)
2856
(8, 2)
2857
(8, 1)
2858
(8, 1)
2859
(8, 1)
2860
(8, 1)
2861
(7, 1)
2862
(8, 1)
2863
(7, 1)
2864
(7, 1)
2865
(8, 1)
2866
(8, 1)
2867
(8, 1)
2868
(8, 2)
2869
(8, 2)
2870
(8, 1)
2871
(8, 1)
2872
(8, 2)
2873
(8, 1)
2874
(8, 1)
2875
(8, 2)
2876
(8, 2)
2877
(8, 1)
2878
(8, 2)
2879
(8, 1)
2880
(8, 1)
2881
(8, 1)
2882
(8, 1)
2883
(8, 1)
2884
(8, 1)
2885
(8, 1)
2886
(8, 1)
2887
(8, 1)
2888
(7, 1)
2889
(7, 1)
2890
(7, 1)
2891
(7, 1)
2892
(7, 1)
2893
(7, 1)
2894
(9, 2)
2895
(9, 2)
2896
(9, 2)
2897
(8, 1)
2898
(8, 1)
2899
(8, 1)
2900
(8, 1)
2901
(8, 2)
2902
(8, 2)
2903
(8, 2)
2904
(8, 2)
2905
(8, 2)
2906
(8, 2)
2907
(9, 2)
2908
(9, 2)
2909
(9, 2)
2910
(7, 1)
2911
(7, 1)
2912
(7, 1)
2913
(9, 2)
2914
(9, 2)
2915
(9, 2)
2916
(8, 1)
2917
(7, 1)
2918
(7, 1)
2919
(8, 1)
2920
(7, 1)
2921
(7, 1)
2922
(7, 1)
2923
(9, 3)
2924
(8, 2)
2925
(8, 2)
2926
(8, 2)
2927
(7, 1)
2928
(7, 1)
2929
(9, 1)
2930
(9, 1)
2931
(9, 1)
2932
(8, 1)
2933
(8, 2)
2934
(8, 2)
2935
(8, 2)
2936
(8, 1)
2937
(8, 1)
2938
(8, 4)
2939
(8, 4)
2940
(8, 4)
2941
(8, 4)
2942
(8, 4)
2943
(8, 4)
2944
(8, 4)
2945
(8, 1)
2946
(8, 1)
2947
(8, 1)
2948
(9, 1)
2949
(8, 1)
2950
(8, 1)
2951
(8, 1)
2952
(8, 1)
2953
(8, 1)
2954
(8, 1)
2955
(8, 1)
2956
(8, 1)
2957
(8, 1)
2958
(8, 1)
2959
(9, 1)
2960
(9, 1)
2961
(9, 1)
2962
(9, 1)
2963
(9, 1)
2964
(8, 1)
2965
(8, 1)
2966
(8, 1)
2967
(8, 1)
2968
(8, 1)
2969
(8, 1)
2970
(8, 1)
2971
(8, 1)
2972
(8, 2)
2973
(8, 2)
2974
(8, 2)
2975
(9, 1)
2976
(9, 1)
2977
(8, 1)
2978
(8, 1)
2979
(8, 1)
2980
(8, 1)
2981
(8, 1)
2982
(8, 1)
2983
(8, 2)
2984
(8, 2)
2985
(9, 1)
2986
(9, 1)
2987
(8, 1)
2988
(8, 1)
2989
(8, 1)
2990
(8, 1)
2991
(8, 1)
2992
(8, 1)
2993
(8, 1)
2994
(8, 1)
2995
(9, 1)
2996
(9, 1)
2997
(9, 2)
2998
(9, 2)
2999
(9, 1)
3000
(9, 1)
defaultdict(<function <lambda> at 0x2adab06f0c80>, {(7, 3): 84, (1, 3): 35, (9, 1): 19, (11, 2): 9, (2, 1): 150, (6, 2): 151, (5, 1): 151, (10, 3): 9, (7, 2): 151, (1, 2): 150, (12, 2): 1, (3, 3): 66, (13, 3): 1, (8, 1): 102, (6, 3): 61, (2, 2): 151, (4, 1): 150, (1, 1): 150, (12, 3): 13, (3, 2): 150, (8, 2): 106, (7, 1): 150, (9, 3): 10, (2, 3): 56, (4, 2): 150, (5, 3): 62, (8, 3): 152, (9, 2): 16, (6, 1): 150, (3, 1): 150, (4, 3): 72, (8, 4): 14, (5, 2): 151, (10, 2): 7})
3001
(9, 1)
3002
(8, 1)
3003
(8, 1)
3004
(8, 1)
3005
(9, 2)
3006
(9, 2)
3007
(10, 3)
3008
(10, 3)
3009
(9, 2)
3010
(9, 2)
3011
(9, 1)
3012
(9, 1)
3013
(9, 1)
3014
(10, 3)
3015
(10, 3)
3016
(9, 1)
3017
(9, 1)
3018
(9, 1)
3019
(9, 2)
3020
(9, 2)
3021
(8, 1)
3022
(8, 1)
3023
(8, 1)
3024
(8, 1)
3025
(8, 1)
3026
(10, 2)
3027
(10, 2)
3028
(9, 1)
3029
(9, 1)
3030
(9, 1)
3031
(8, 5)
3032
(8, 5)
3033
(8, 5)
3034
(8, 5)
3035
(8, 5)
3036
(8, 5)
3037
(8, 5)
3038
(9, 3)
3039
(9, 3)
3040
(9, 3)
3041
(8, 1)
3042
(8, 1)
3043
(8, 1)
3044
(9, 1)
3045
(9, 1)
3046
(9, 1)
3047
(8, 1)
3048
(8, 1)
3049
(8, 1)
3050
(9, 1)
3051
(9, 1)
3052
(8, 1)
3053
(8, 1)
3054
(8, 1)
3055
(9, 1)
3056
(9, 1)
3057
(9, 1)
3058
(9, 1)
3059
(9, 1)
3060
(8, 1)
3061
(8, 1)
3062
(8, 1)
3063
(9, 3)
3064
(9, 1)
3065
(9, 1)
3066
(9, 1)
3067
(8, 1)
3068
(8, 1)
3069
(8, 1)
3070
(8, 1)
3071
(8, 1)
3072
(8, 1)
3073
(8, 1)
3074
(8, 1)
3075
(8, 2)
3076
(8, 2)
3077
(8, 1)
3078
(8, 1)
3079
(8, 1)
3080
(8, 1)
3081
(8, 1)
3082
(8, 2)
3083
(8, 2)
3084
(8, 1)
3085
(8, 1)
3086
(8, 1)
3087
(8, 1)
3088
(8, 1)
3089
(8, 2)
3090
(8, 2)
3091
(8, 1)
3092
(8, 1)
3093
(8, 1)
3094
(9, 1)
3095
(9, 1)
3096
(9, 1)
3097
(8, 1)
3098
(8, 1)
3099
(8, 1)
3100
(8, 1)
3101
(8, 1)
3102
(9, 1)
3103
(9, 1)
3104
(9, 1)
3105
(9, 1)
3106
(9, 1)
3107
(9, 1)
3108
(9, 1)
3109
(9, 1)
3110
(9, 1)
3111
(9, 1)
3112
(9, 1)
3113
(9, 1)
3114
(9, 1)
3115
(10, 3)
3116
(10, 3)
3117
(10, 2)
3118
(10, 2)
3119
(10, 2)
3120
(9, 1)
3121
(9, 1)
3122
(9, 1)
3123
(10, 2)
3124
(10, 2)
3125
(10, 2)
3126
(9, 1)
3127
(9, 1)
3128
(9, 1)
3129
(10, 2)
3130
(10, 2)
3131
(10, 2)
3132
(8, 5)
3133
(8, 5)
3134
(8, 5)
3135
(9, 1)
3136
(9, 1)
3137
(8, 5)
3138
(8, 5)
3139
(8, 5)
3140
(8, 5)
3141
(10, 2)
3142
(10, 2)
3143
(9, 1)
3144
(10, 2)
3145
(10, 2)
3146
(10, 3)
3147
(9, 1)
3148
(9, 1)
3149
(9, 1)
3150
(9, 1)
3151
(9, 1)
3152
(9, 1)
3153
(10, 3)
3154
(9, 1)
3155
(9, 1)
3156
(9, 1)
3157
(9, 1)
3158
(10, 1)
3159
(10, 1)
3160
(10, 1)
3161
(9, 1)
3162
(9, 1)
3163
(9, 1)
3164
(9, 1)
3165
(9, 1)
3166
(9, 1)
3167
(10, 3)
3168
(10, 3)
3169
(10, 3)
3170
(10, 1)
3171
(10, 1)
3172
(10, 1)
3173
(10, 2)
3174
(10, 2)
3175
(10, 2)
3176
(10, 2)
3177
(9, 1)
3178
(9, 1)
3179
(9, 1)
3180
(9, 1)
3181
(10, 2)
3182
(10, 2)
3183
(10, 2)
3184
(9, 1)
3185
(9, 1)
3186
(9, 1)
3187
(9, 1)
3188
(9, 1)
3189
(10, 2)
3190
(10, 2)
3191
(10, 2)
3192
(11, 3)
3193
(11, 3)
3194
(11, 3)
3195
(9, 1)
3196
(9, 1)
3197
(10, 1)
3198
(10, 1)
3199
(10, 1)
3200
(11, 3)
3201
(11, 3)
3202
(11, 3)
3203
(9, 1)
3204
(9, 1)
3205
(9, 1)
3206
(9, 4)
3207
(10, 4)
3208
(10, 4)
3209
(10, 1)
3210
(10, 1)
3211
(10, 1)
3212
(10, 1)
3213
(10, 1)
3214
(10, 1)
3215
(10, 1)
3216
(9, 1)
3217
(10, 1)
3218
(10, 1)
3219
(9, 1)
3220
(10, 1)
3221
(10, 1)
3222
(8, 6)
3223
(8, 6)
3224
(8, 6)
3225
(8, 6)
3226
(8, 6)
3227
(8, 6)
3228
(8, 6)
3229
(10, 1)
3230
(10, 1)
3231
(10, 1)
3232
(9, 1)
3233
(10, 4)
3234
(11, 3)
3235
(11, 3)
3236
(11, 3)
3237
(10, 1)
3238
(10, 1)
3239
(10, 3)
3240
(10, 1)
3241
(10, 1)
3242
(10, 1)
3243
(10, 1)
3244
(10, 1)
3245
(10, 1)
3246
(10, 2)
3247
(10, 2)
3248
(9, 3)
3249
(10, 3)
3250
(9, 2)
3251
(9, 2)
3252
(9, 1)
3253
(9, 1)
3254
(8, 1)
3255
(8, 1)
3256
(10, 3)
3257
(10, 2)
3258
(10, 2)
3259
(9, 3)
3260
(10, 3)
3261
(9, 2)
3262
(9, 2)
3263
(9, 1)
3264
(9, 1)
3265
(10, 3)
3266
(10, 2)
3267
(10, 3)
3268
(10, 1)
3269
(10, 1)
3270
(10, 1)
3271
(10, 1)
3272
(10, 2)
3273
(10, 2)
3274
(10, 2)
3275
(10, 2)
3276
(9, 1)
3277
(10, 1)
3278
(10, 1)
3279
(10, 1)
3280
(9, 3)
3281
(9, 3)
3282
(9, 3)
3283
(9, 3)
3284
(9, 3)
3285
(9, 3)
3286
(9, 3)
3287
(10, 3)
3288
(10, 3)
3289
(10, 3)
3290
(10, 3)
3291
(10, 3)
3292
(10, 3)
3293
(10, 3)
3294
(10, 2)
3295
(11, 2)
3296
(11, 2)
3297
(11, 2)
3298
(11, 2)
3299
(11, 2)
3300
(11, 2)
3301
(11, 2)
3302
(11, 2)
3303
(9, 2)
3304
(9, 1)
3305
(9, 1)
3306
(9, 1)
3307
(10, 1)
3308
(10, 1)
3309
(10, 1)
3310
(11, 2)
3311
(11, 2)
3312
(11, 2)
3313
(11, 2)
3314
(11, 2)
3315
(11, 2)
3316
(11, 2)
3317
(10, 1)
3318
(10, 1)
3319
(10, 1)
3320
(10, 1)
3321
(10, 2)
3322
(11, 2)
3323
(11, 2)
3324
(11, 2)
3325
(10, 2)
3326
(11, 3)
3327
(11, 3)
3328
(11, 3)
3329
(11, 3)
3330
(11, 3)
3331
(11, 3)
3332
(11, 3)
3333
(10, 2)
3334
(10, 1)
3335
(10, 1)
3336
(10, 1)
3337
(10, 1)
3338
(10, 4)
3339
(10, 3)
3340
(10, 3)
3341
(10, 3)
3342
(10, 3)
3343
(10, 3)
3344
(10, 3)
3345
(10, 3)
3346
(10, 3)
3347
(10, 3)
3348
(10, 3)
3349
(10, 3)
3350
(10, 3)
3351
(10, 2)
3352
(10, 1)
3353
(10, 1)
3354
(10, 1)
3355
(11, 2)
3356
(9, 3)
3357
(10, 2)
3358
(9, 1)
3359
(9, 1)
3360
(9, 1)
3361
(9, 1)
3362
(9, 3)
3363
(9, 3)
3364
(11, 2)
3365
(10, 2)
3366
(9, 1)
3367
(9, 1)
3368
(9, 1)
3369
(9, 1)
3370
(11, 2)
3371
(10, 2)
3372
(9, 1)
3373
(9, 1)
3374
(9, 1)
3375
(9, 1)
3376
(9, 3)
3377
(9, 3)
3378
(9, 3)
3379
(9, 3)
3380
(11, 2)
3381
(10, 4)
3382
(10, 4)
3383
(11, 2)
3384
(11, 2)
3385
(11, 2)
3386
(11, 2)
3387
(10, 2)
3388
(11, 2)
3389
(11, 2)
3390
(11, 2)
3391
(11, 2)
3392
(11, 2)
3393
(11, 2)
3394
(11, 2)
3395
(10, 2)
3396
(10, 1)
3397
(10, 1)
3398
(10, 1)
3399
(10, 2)
3400
(11, 3)
3401
(11, 3)
3402
(11, 3)
3403
(11, 3)
3404
(10, 3)
3405
(10, 3)
3406
(10, 3)
3407
(10, 3)
3408
(10, 3)
3409
(10, 3)
3410
(10, 3)
3411
(8, 7)
3412
(8, 7)
3413
(8, 7)
3414
(8, 7)
3415
(8, 7)
3416
(8, 7)
3417
(8, 7)
3418
(10, 2)
3419
(11, 1)
3420
(11, 1)
3421
(11, 1)
3422
(10, 3)
3423
(10, 4)
3424
(10, 3)
3425
(10, 3)
3426
(10, 3)
3427
(10, 3)
3428
(10, 1)
3429
(10, 1)
3430
(10, 1)
3431
(11, 2)
3432
(11, 2)
3433
(11, 2)
3434
(11, 2)
3435
(11, 2)
3436
(10, 2)
3437
(10, 2)
3438
(10, 2)
3439
(10, 1)
3440
(9, 1)
3441
(9, 1)
3442
(9, 1)
3443
(9, 1)
3444
(11, 2)
3445
(9, 4)
3446
(9, 4)
3447
(9, 4)
3448
(9, 4)
3449
(9, 4)
3450
(9, 4)
3451
(9, 4)
3452
(11, 2)
3453
(11, 2)
3454
(11, 2)
3455
(11, 2)
3456
(11, 2)
3457
(11, 2)
3458
(10, 1)
3459
(10, 2)
3460
(10, 1)
3461
(10, 1)
3462
(10, 3)
3463
(10, 3)
3464
(10, 3)
3465
(10, 2)
3466
(10, 1)
3467
(10, 1)
3468
(9, 1)
3469
(9, 1)
3470
(9, 1)
3471
(9, 1)
3472
(10, 3)
3473
(10, 3)
3474
(10, 3)
3475
(10, 3)
3476
(12, 3)
3477
(12, 3)
3478
(12, 3)
3479
(12, 3)
3480
(10, 1)
3481
(12, 3)
3482
(12, 3)
3483
(12, 3)
3484
(12, 3)
3485
(10, 1)
3486
(10, 1)
3487
(10, 4)
3488
(10, 4)
3489
(10, 4)
3490
(11, 2)
3491
(10, 4)
3492
(10, 4)
3493
(10, 4)
3494
(10, 4)
3495
(10, 1)
3496
(12, 2)
3497
(11, 2)
3498
(11, 2)
3499
(11, 2)
3500
(11, 2)
defaultdict(<function <lambda> at 0x2adab06f0c80>, {(7, 3): 84, (1, 3): 35, (9, 1): 128, (11, 2): 59, (2, 1): 150, (6, 2): 151, (9, 4): 8, (5, 1): 151, (10, 3): 64, (7, 2): 151, (10, 4): 14, (1, 2): 150, (12, 2): 2, (8, 7): 7, (3, 3): 66, (13, 3): 1, (8, 1): 150, (8, 5): 14, (6, 3): 61, (11, 1): 3, (2, 2): 151, (8, 6): 7, (4, 1): 150, (1, 1): 150, (12, 3): 21, (3, 2): 150, (8, 2): 112, (7, 1): 150, (9, 3): 30, (2, 3): 56, (10, 1): 68, (4, 2): 150, (5, 3): 62, (8, 3): 152, (9, 2): 27, (6, 1): 150, (3, 1): 150, (11, 3): 20, (4, 3): 72, (8, 4): 14, (5, 2): 151, (10, 2): 58})
3501
(11, 2)
3502
(11, 2)
3503
(11, 2)
3504
(11, 2)
3505
(11, 2)
3506
(11, 2)
3507
(11, 2)
3508
(11, 2)
3509
(11, 2)
3510
(11, 2)
3511
(11, 2)
3512
(11, 2)
3513
(11, 2)
3514
(11, 1)
3515
(10, 1)
3516
(10, 1)
3517
(10, 1)
3518
(10, 1)
3519
(9, 1)
3520
(9, 1)
3521
(9, 1)
3522
(9, 1)
3523
(9, 2)
3524
(8, 2)
3525
(8, 2)
3526
(12, 2)
3527
(11, 2)
3528
(11, 2)
3529
(11, 2)
3530
(11, 2)
3531
(11, 2)
3532
(11, 1)
3533
(10, 1)
3534
(10, 1)
3535
(10, 1)
3536
(10, 1)
3537
(9, 1)
3538
(9, 1)
3539
(9, 1)
3540
(9, 1)
3541
(9, 2)
3542
(8, 2)
3543
(8, 2)
3544
(12, 2)
3545
(11, 2)
3546
(11, 2)
3547
(11, 2)
3548
(11, 2)
3549
(11, 2)
3550
(11, 1)
3551
(10, 1)
3552
(10, 1)
3553
(10, 1)
3554
(10, 1)
3555
(9, 1)
3556
(9, 1)
3557
(9, 1)
3558
(9, 1)
3559
(9, 2)
3560
(8, 2)
3561
(8, 2)
3562
(10, 1)
3563
(10, 1)
3564
(10, 1)
3565
(10, 1)
3566
(10, 1)
3567
(10, 1)
3568
(10, 1)
3569
(10, 1)
3570
(10, 1)
3571
(10, 1)
3572
(10, 2)
3573
(10, 2)
3574
(10, 3)
3575
(10, 3)
3576
(10, 4)
3577
(12, 2)
3578
(12, 2)
3579
(12, 2)
3580
(12, 2)
3581
(12, 2)
3582
(12, 2)
3583
(12, 2)
3584
(11, 2)
3585
(10, 1)
3586
(10, 1)
3587
(10, 1)
3588
(10, 1)
3589
(10, 1)
3590
(10, 1)
3591
(10, 1)
3592
(10, 1)
3593
(10, 2)
3594
(10, 2)
3595
(10, 3)
3596
(10, 3)
3597
(10, 4)
3598
(10, 1)
3599
(10, 1)
3600
(10, 1)
3601
(10, 1)
3602
(10, 1)
3603
(10, 1)
3604
(10, 1)
3605
(10, 1)
3606
(10, 2)
3607
(10, 2)
3608
(10, 3)
3609
(10, 3)
3610
(10, 4)
3611
(10, 2)
3612
(10, 1)
3613
(10, 1)
3614
(10, 1)
3615
(9, 1)
3616
(9, 1)
3617
(9, 1)
3618
(9, 1)
3619
(9, 4)
3620
(9, 4)
3621
(9, 4)
3622
(10, 5)
3623
(10, 5)
3624
(12, 3)
3625
(12, 2)
3626
(11, 2)
3627
(11, 2)
3628
(11, 2)
3629
(11, 2)
3630
(11, 2)
3631
(11, 2)
3632
(11, 2)
3633
(11, 2)
3634
(11, 2)
3635
(11, 2)
3636
(11, 2)
3637
(11, 2)
3638
(11, 1)
3639
(10, 1)
3640
(10, 1)
3641
(10, 1)
3642
(10, 1)
3643
(9, 1)
3644
(9, 1)
3645
(9, 1)
3646
(9, 1)
3647
(9, 2)
3648
(8, 2)
3649
(8, 2)
3650
(12, 2)
3651
(12, 2)
3652
(11, 2)
3653
(11, 2)
3654
(11, 2)
3655
(11, 2)
3656
(11, 2)
3657
(11, 1)
3658
(10, 1)
3659
(10, 1)
3660
(10, 1)
3661
(10, 1)
3662
(9, 1)
3663
(9, 1)
3664
(12, 3)
3665
(12, 2)
3666
(11, 2)
3667
(11, 2)
3668
(11, 2)
3669
(11, 2)
3670
(11, 2)
3671
(11, 1)
3672
(10, 1)
3673
(10, 1)
3674
(10, 1)
3675
(10, 1)
3676
(12, 2)
3677
(12, 3)
3678
(12, 3)
3679
(12, 3)
3680
(12, 3)
3681
(12, 2)
3682
(11, 2)
3683
(11, 2)
3684
(12, 3)
3685
(12, 3)
3686
(12, 3)
3687
(12, 3)
3688
(10, 4)
3689
(10, 4)
3690
(10, 4)
3691
(10, 4)
3692
(10, 4)
3693
(10, 4)
3694
(10, 4)
3695
(12, 2)
3696
(12, 2)
3697
(12, 2)
3698
(12, 2)
3699
(11, 2)
3700
(12, 3)
3701
(12, 2)
3702
(12, 3)
3703
(12, 2)
3704
(12, 3)
3705
(12, 2)
3706
(12, 3)
3707
(12, 3)
3708
(12, 3)
3709
(12, 3)
3710
(12, 3)
3711
(10, 5)
3712
(12, 2)
3713
(12, 2)
3714
(12, 2)
3715
(12, 2)
3716
(12, 2)
3717
(12, 2)
3718
(12, 2)
3719
(12, 2)
3720
(12, 2)
3721
(12, 2)
3722
(12, 2)
3723
(12, 2)
3724
(12, 2)
3725
(12, 2)
3726
(12, 2)
3727
(12, 2)
3728
(11, 2)
3729
(11, 2)
3730
(11, 2)
3731
(11, 2)
3732
(11, 2)
3733
(11, 2)
3734
(11, 2)
3735
(11, 2)
3736
(10, 2)
3737
(10, 2)
3738
(10, 2)
3739
(10, 1)
3740
(10, 1)
3741
(10, 2)
3742
(11, 2)
3743
(11, 2)
3744
(10, 2)
3745
(10, 1)
3746
(10, 1)
3747
(10, 1)
3748
(10, 2)
3749
(10, 1)
3750
(10, 1)
3751
(10, 1)
3752
(11, 2)
3753
(11, 2)
3754
(11, 2)
3755
(10, 1)
3756
(10, 1)
3757
(10, 1)
3758
(10, 1)
3759
(11, 2)
3760
(10, 1)
3761
(10, 1)
3762
(10, 1)
3763
(10, 1)
3764
(11, 2)
3765
(11, 2)
3766
(11, 2)
3767
(11, 2)
3768
(11, 2)
3769
(10, 1)
3770
(10, 1)
3771
(10, 1)
3772
(10, 1)
3773
(11, 2)
3774
(10, 1)
3775
(10, 1)
3776
(10, 1)
3777
(10, 1)
3778
(12, 2)
3779
(12, 2)
3780
(12, 2)
3781
(12, 2)
3782
(12, 2)
3783
(11, 2)
3784
(11, 2)
3785
(11, 2)
3786
(11, 2)
3787
(11, 2)
3788
(11, 1)
3789
(10, 1)
3790
(10, 1)
3791
(10, 1)
3792
(10, 1)
3793
(11, 2)
3794
(11, 1)
3795
(10, 1)
3796
(12, 3)
3797
(12, 3)
3798
(12, 3)
3799
(12, 3)
3800
(12, 3)
3801
(12, 3)
3802
(12, 3)
3803
(12, 3)
3804
(12, 3)
3805
(12, 3)
3806
(12, 3)
3807
(12, 3)
3808
(12, 2)
3809
(12, 2)
3810
(11, 2)
3811
(11, 2)
3812
(11, 2)
3813
(11, 2)
3814
(11, 2)
3815
(11, 3)
3816
(11, 3)
3817
(11, 3)
3818
(11, 3)
3819
(11, 3)
3820
(10, 3)
3821
(10, 3)
3822
(10, 3)
3823
(10, 3)
3824
(10, 3)
3825
(10, 3)
3826
(10, 3)
3827
(10, 3)
3828
(10, 3)
3829
(10, 3)
3830
(10, 3)
3831
(10, 3)
3832
(10, 3)
3833
(10, 3)
3834
(10, 3)
3835
(9, 3)
3836
(9, 3)
3837
(9, 3)
3838
(9, 3)
3839
(9, 3)
3840
(10, 3)
3841
(9, 2)
3842
(9, 2)
3843
(9, 3)
3844
(9, 3)
3845
(9, 3)
3846
(9, 3)
3847
(9, 3)
3848
(9, 3)
3849
(9, 3)
3850
(10, 3)
3851
(10, 3)
3852
(9, 3)
3853
(10, 3)
3854
(9, 2)
3855
(9, 2)
3856
(10, 3)
3857
(10, 3)
3858
(9, 3)
3859
(10, 3)
3860
(9, 2)
3861
(9, 2)
3862
(10, 3)
3863
(10, 3)
3864
(10, 3)
3865
(10, 3)
3866
(10, 3)
3867
(10, 3)
3868
(10, 3)
3869
(10, 3)
3870
(10, 3)
3871
(10, 3)
3872
(10, 3)
3873
(10, 2)
3874
(9, 2)
3875
(10, 2)
3876
(10, 3)
3877
(10, 2)
3878
(9, 2)
3879
(9, 3)
3880
(9, 3)
3881
(9, 3)
3882
(9, 3)
3883
(9, 3)
3884
(9, 3)
3885
(10, 3)
3886
(10, 3)
3887
(10, 3)
3888
(10, 3)
3889
(10, 3)
3890
(10, 3)
3891
(10, 3)
3892
(10, 3)
3893
(10, 3)
3894
(10, 3)
3895
(10, 2)
3896
(10, 2)
3897
(10, 3)
3898
(10, 3)
3899
(10, 2)
3900
(10, 2)
3901
(10, 2)
3902
(10, 2)
3903
(11, 3)
3904
(11, 3)
3905
(10, 3)
3906
(10, 2)
3907
(11, 3)
3908
(11, 3)
3909
(10, 2)
3910
(10, 2)
3911
(10, 2)
3912
(10, 2)
3913
(10, 2)
3914
(10, 2)
3915
(11, 3)
3916
(11, 3)
3917
(10, 2)
3918
(10, 2)
3919
(10, 3)
3920
(10, 3)
3921
(10, 3)
3922
(10, 3)
3923
(10, 3)
3924
(10, 3)
3925
(10, 3)
3926
(10, 3)
3927
(10, 3)
3928
(10, 3)
3929
(10, 3)
3930
(10, 3)
3931
(10, 3)
3932
(10, 3)
3933
(11, 3)
3934
(11, 3)
3935
(10, 2)
3936
(11, 3)
3937
(9, 3)
3938
(9, 3)
3939
(9, 3)
3940
(9, 3)
3941
(9, 3)
3942
(9, 3)
3943
(9, 3)
3944
(10, 2)
3945
(10, 2)
3946
(10, 2)
3947
(10, 2)
3948
(10, 2)
3949
(11, 2)
3950
(10, 2)
3951
(11, 2)
3952
(11, 2)
3953
(10, 2)
3954
(11, 2)
3955
(11, 3)
3956
(11, 3)
3957
(10, 3)
3958
(10, 3)
3959
(10, 3)
3960
(10, 2)
3961
(10, 3)
3962
(10, 3)
3963
(10, 2)
3964
(11, 3)
3965
(11, 3)
3966
(11, 3)
3967
(11, 3)
3968
(11, 2)
3969
(10, 3)
3970
(10, 3)
3971
(10, 3)
3972
(10, 3)
3973
(10, 3)
3974
(10, 3)
3975
(10, 2)
3976
(10, 2)
3977
(9, 4)
3978
(9, 4)
3979
(9, 4)
3980
(9, 4)
3981
(9, 4)
3982
(9, 4)
3983
(9, 4)
3984
(10, 2)
3985
(11, 2)
3986
(11, 2)
3987
(11, 3)
3988
(11, 3)
3989
(11, 3)
3990
(11, 3)
3991
(11, 2)
3992
(11, 2)
3993
(10, 2)
3994
(11, 2)
3995
(11, 3)
3996
(11, 3)
3997
(11, 3)
3998
(11, 2)
3999
(11, 3)
4000
(11, 3)
defaultdict(<function <lambda> at 0x2adab06f0c80>, {(7, 3): 84, (1, 3): 35, (9, 1): 150, (11, 2): 150, (2, 1): 150, (6, 2): 151, (9, 4): 18, (5, 1): 151, (10, 3): 142, (7, 2): 151, (10, 4): 24, (1, 2): 150, (12, 2): 47, (8, 7): 7, (3, 3): 66, (13, 3): 1, (8, 1): 150, (8, 5): 14, (6, 3): 61, (11, 1): 11, (2, 2): 151, (8, 6): 7, (4, 1): 150, (1, 1): 150, (12, 3): 51, (3, 2): 150, (8, 2): 120, (7, 1): 150, (9, 3): 57, (10, 5): 3, (2, 3): 56, (10, 1): 150, (4, 2): 150, (5, 3): 62, (8, 3): 152, (9, 2): 39, (6, 1): 150, (3, 1): 150, (11, 3): 49, (4, 3): 72, (8, 4): 14, (5, 2): 151, (10, 2): 103})
4001
(11, 3)
4002
(10, 3)
4003
(10, 3)
4004
(10, 3)
4005
(10, 3)
4006
(10, 3)
4007
(10, 3)
4008
(10, 3)
4009
(10, 4)
4010
(10, 4)
4011
(10, 4)
4012
(10, 4)
4013
(10, 4)
4014
(10, 4)
4015
(10, 4)
4016
(12, 3)
4017
(12, 3)
4018
(12, 3)
4019
(11, 1)
4020
(12, 3)
4021
(12, 3)
4022
(12, 3)
4023
(11, 1)
4024
(11, 3)
4025
(9, 4)
4026
(9, 4)
4027
(9, 4)
4028
(9, 4)
4029
(9, 4)
4030
(9, 4)
4031
(9, 4)
4032
(10, 4)
4033
(10, 4)
4034
(10, 4)
4035
(10, 4)
4036
(10, 4)
4037
(10, 4)
4038
(10, 4)
4039
(12, 3)
4040
(12, 3)
4041
(12, 3)
4042
(12, 2)
4043
(11, 1)
4044
(11, 1)
4045
(12, 2)
4046
(11, 1)
4047
(12, 3)
4048
(12, 3)
4049
(12, 3)
4050
(12, 3)
4051
(12, 3)
4052
(12, 3)
4053
(12, 3)
4054
(12, 3)
4055
(12, 3)
4056
(12, 3)
4057
(12, 3)
4058
(10, 4)
4059
(10, 4)
4060
(10, 4)
4061
(10, 4)
4062
(10, 4)
4063
(10, 4)
4064
(10, 4)
4065
(12, 2)
4066
(12, 2)
4067
(12, 2)
4068
(12, 2)
4069
(12, 2)
4070
(12, 2)
4071
(12, 3)
4072
(12, 2)
4073
(12, 2)
4074
(12, 3)
4075
(12, 2)
4076
(12, 3)
4077
(12, 3)
4078
(12, 3)
4079
(12, 3)
4080
(12, 3)
4081
(12, 3)
4082
(12, 3)
4083
(12, 3)
4084
(12, 3)
4085
(12, 3)
4086
(12, 3)
4087
(12, 3)
4088
(12, 2)
4089
(12, 2)
4090
(12, 2)
4091
(12, 2)
4092
(12, 2)
4093
(12, 2)
4094
(12, 2)
4095
(12, 2)
4096
(12, 2)
4097
(12, 2)
4098
(12, 2)
4099
(12, 2)
4100
(12, 2)
4101
(11, 1)
4102
(11, 1)
4103
(11, 1)
4104
(12, 3)
4105
(12, 3)
4106
(12, 3)
4107
(12, 2)
4108
(12, 2)
4109
(12, 2)
4110
(12, 2)
4111
(12, 2)
4112
(12, 2)
4113
(12, 2)
4114
(12, 2)
4115
(12, 2)
4116
(12, 2)
4117
(12, 2)
4118
(12, 2)
4119
(12, 2)
4120
(12, 2)
4121
(12, 2)
4122
(12, 2)
4123
(12, 2)
4124
(12, 3)
4125
(12, 2)
4126
(12, 2)
4127
(12, 2)
4128
(12, 2)
4129
(12, 3)
4130
(12, 3)
4131
(12, 3)
4132
(12, 3)
4133
(12, 3)
4134
(12, 3)
4135
(12, 3)
4136
(12, 3)
4137
(12, 3)
4138
(12, 3)
4139
(12, 2)
4140
(12, 2)
4141
(11, 1)
4142
(11, 1)
4143
(11, 1)
4144
(12, 2)
4145
(12, 2)
4146
(12, 2)
4147
(12, 2)
4148
(12, 2)
4149
(12, 2)
4150
(12, 2)
4151
(12, 2)
4152
(12, 2)
4153
(12, 2)
4154
(12, 2)
4155
(12, 2)
4156
(12, 2)
4157
(12, 2)
4158
(12, 2)
4159
(12, 2)
4160
(12, 2)
4161
(12, 2)
4162
(12, 2)
4163
(12, 3)
4164
(12, 2)
4165
(12, 3)
4166
(12, 3)
4167
(12, 2)
4168
(12, 3)
4169
(12, 3)
4170
(12, 3)
4171
(12, 2)
4172
(12, 3)
4173
(12, 2)
4174
(12, 3)
4175
(12, 2)
4176
(12, 3)
4177
(12, 2)
4178
(12, 2)
4179
(10, 4)
4180
(10, 4)
4181
(10, 4)
4182
(10, 4)
4183
(10, 4)
4184
(10, 4)
4185
(9, 5)
4186
(9, 5)
4187
(9, 5)
4188
(9, 5)
4189
(9, 5)
4190
(9, 5)
4191
(9, 5)
4192
(12, 3)
4193
(12, 3)
4194
(12, 3)
4195
(12, 3)
4196
(12, 2)
4197
(12, 2)
4198
(12, 2)
4199
(11, 1)
4200
(11, 1)
4201
(11, 1)
4202
(12, 2)
4203
(12, 2)
4204
(12, 2)
4205
(12, 2)
4206
(12, 2)
4207
(12, 2)
4208
(12, 2)
4209
(12, 3)
4210
(12, 2)
4211
(12, 2)
4212
(12, 3)
4213
(12, 2)
4214
(12, 2)
4215
(12, 3)
4216
(12, 2)
4217
(12, 2)
4218
(12, 3)
4219
(12, 3)
4220
(12, 3)
4221
(12, 3)
4222
(12, 2)
4223
(12, 2)
4224
(12, 2)
4225
(12, 2)
4226
(12, 2)
4227
(12, 2)
4228
(12, 2)
4229
(12, 2)
4230
(12, 2)
4231
(12, 2)
4232
(12, 2)
4233
(12, 2)
4234
(12, 2)
4235
(12, 3)
4236
(12, 3)
4237
(12, 3)
4238
(12, 2)
4239
(12, 2)
4240
(12, 3)
4241
(12, 3)
4242
(12, 3)
4243
(12, 3)
4244
(12, 2)
4245
(11, 1)
4246
(11, 1)
4247
(11, 1)
4248
(11, 1)
4249
(11, 1)
4250
(11, 1)
4251
(11, 1)
4252
(11, 1)
4253
(11, 1)
4254
(11, 1)
4255
(11, 1)
4256
(11, 1)
4257
(11, 1)
4258
(11, 1)
4259
(11, 1)
4260
(11, 1)
4261
(11, 1)
4262
(11, 1)
4263
(12, 3)
4264
(12, 3)
4265
(12, 3)
4266
(12, 3)
4267
(12, 3)
4268
(12, 3)
4269
(12, 3)
4270
(12, 3)
4271
(12, 3)
4272
(12, 3)
4273
(12, 3)
4274
(12, 3)
4275
(12, 3)
4276
(12, 3)
4277
(12, 3)
4278
(12, 3)
4279
(12, 3)
4280
(12, 3)
4281
(12, 3)
4282
(12, 3)
4283
(12, 3)
4284
(10, 5)
4285
(10, 5)
4286
(10, 5)
4287
(12, 3)
4288
(12, 3)
4289
(12, 3)
4290
(10, 5)
4291
(10, 5)
4292
(10, 5)
4293
(10, 5)
4294
(12, 3)
4295
(12, 3)
4296
(10, 5)
4297
(10, 5)
4298
(10, 5)
4299
(10, 5)
4300
(10, 5)
4301
(10, 5)
4302
(10, 5)
4303
(12, 1)
4304
(12, 1)
4305
(9, 5)
4306
(9, 5)
4307
(9, 5)
4308
(9, 5)
4309
(9, 5)
4310
(8, 7)
4311
(8, 7)
4312
(10, 4)
4313
(8, 7)
4314
(10, 4)
4315
(10, 4)
4316
(10, 4)
4317
(10, 4)
4318
(8, 7)
4319
(10, 4)
4320
(10, 4)
4321
(8, 7)
4322
(8, 7)
4323
(8, 7)
4324
(11, 1)
4325
(10, 5)
4326
(10, 5)
4327
(10, 5)
4328
(11, 1)
4329
(10, 5)
4330
(10, 5)
4331
(10, 5)
4332
(10, 5)
4333
(10, 5)
4334
(10, 5)
4335
(10, 5)
4336
(10, 4)
4337
(10, 4)
4338
(10, 4)
4339
(10, 4)
4340
(10, 4)
4341
(10, 4)
4342
(10, 4)
4343
(9, 5)
4344
(9, 5)
4345
(9, 5)
4346
(9, 5)
4347
(9, 5)
4348
(9, 5)
4349
(9, 5)
4350
(12, 1)
4351
(12, 1)
4352
(11, 1)
4353
(11, 1)
4354
(11, 1)
4355
(11, 1)
4356
(10, 5)
4357
(10, 5)
4358
(10, 5)
4359
(10, 5)
4360
(10, 5)
4361
(10, 5)
4362
(10, 5)
4363
(10, 5)
4364
(10, 5)
4365
(10, 5)
4366
(10, 5)
4367
(10, 5)
4368
(10, 5)
4369
(10, 5)
4370
(13, 1)
4371
(13, 1)
4372
(10, 6)
4373
(10, 6)
4374
(9, 6)
4375
(9, 6)
4376
(9, 6)
4377
(9, 6)
4378
(9, 6)
4379
(9, 6)
4380
(9, 6)
4381
(10, 5)
4382
(10, 5)
4383
(10, 5)
4384
(10, 5)
4385
(10, 5)
4386
(10, 5)
4387
(10, 5)
4388
(10, 5)
4389
(9, 5)
4390
(9, 5)
4391
(9, 5)
4392
(9, 5)
4393
(9, 5)
4394
(9, 5)
4395
(9, 5)
4396
(10, 5)
4397
(10, 5)
4398
(13, 1)
4399
(13, 1)
4400
(10, 6)
4401
(10, 6)
4402
(10, 6)
4403
(8, 8)
4404
(8, 8)
4405
(8, 8)
4406
(8, 8)
4407
(8, 8)
4408
(8, 8)
4409
(8, 8)
4410
(10, 5)
4411
(10, 5)
4412
(10, 5)
4413
(10, 5)
4414
(10, 5)
4415
(10, 5)
4416
(10, 5)
4417
(10, 5)
4418
(13, 1)
4419
(13, 1)
4420
(10, 6)
4421
(10, 6)
4422
(10, 6)
4423
(10, 6)
4424
(10, 6)
4425
(10, 6)
4426
(10, 6)
4427
(13, 1)
4428
(13, 1)
4429
(10, 5)
4430
(10, 5)
4431
(10, 5)
4432
(10, 5)
4433
(10, 5)
4434
(10, 5)
4435
(10, 5)
4436
(13, 3)
4437
(13, 3)
4438
(13, 3)
4439
(13, 1)
4440
(13, 1)
4441
(13, 3)
4442
(13, 3)
4443
(13, 3)
4444
(13, 3)
4445
(13, 3)
4446
(13, 3)
4447
(13, 3)
4448
(13, 2)
4449
(13, 3)
4450
(13, 3)
4451
(13, 3)
4452
(13, 3)
4453
(13, 2)
4454
(13, 2)
4455
(13, 3)
4456
(13, 3)
4457
(13, 2)
4458
(13, 3)
4459
(13, 3)
4460
(13, 3)
4461
(13, 3)
4462
(13, 2)
4463
(13, 2)
4464
(13, 3)
4465
(13, 3)
4466
(13, 3)
4467
(13, 2)
4468
(12, 1)
4469
(12, 1)
4470
(12, 1)
4471
(12, 1)
4472
(11, 1)
4473
(11, 1)
4474
(11, 1)
4475
(11, 1)
4476
(13, 2)
4477
(14, 3)
4478
(14, 3)
4479
(13, 3)
4480
(13, 3)
4481
(13, 2)
4482
(13, 2)
4483
(13, 2)
4484
(13, 1)
4485
(12, 1)
4486
(12, 1)
4487
(12, 1)
4488
(12, 1)
4489
(11, 1)
4490
(11, 1)
4491
(11, 1)
4492
(11, 1)
4493
(10, 2)
4494
(10, 2)
4495
(10, 3)
4496
(13, 2)
4497
(13, 1)
4498
(12, 1)
4499
(12, 1)
4500
(12, 1)
defaultdict(<function <lambda> at 0x2adab06f0c80>, {(7, 3): 84, (1, 3): 35, (12, 1): 15, (9, 1): 150, (11, 2): 150, (10, 6): 12, (2, 1): 150, (6, 2): 151, (9, 4): 25, (5, 1): 151, (10, 3): 150, (7, 2): 151, (10, 4): 65, (1, 2): 150, (12, 2): 152, (8, 7): 14, (3, 3): 66, (13, 3): 26, (8, 1): 150, (8, 5): 14, (6, 3): 61, (11, 1): 57, (2, 2): 151, (8, 6): 7, (4, 1): 150, (1, 1): 150, (12, 3): 152, (3, 2): 150, (13, 2): 12, (8, 2): 120, (7, 1): 150, (9, 3): 57, (10, 5): 66, (2, 3): 56, (10, 1): 150, (4, 2): 150, (9, 6): 7, (5, 3): 62, (13, 1): 12, (8, 3): 152, (9, 2): 39, (6, 1): 150, (3, 1): 150, (11, 3): 51, (8, 8): 7, (4, 3): 72, (14, 3): 2, (9, 5): 26, (8, 4): 14, (5, 2): 151, (10, 2): 105})
4501
(12, 1)
4502
(11, 1)
4503
(11, 1)
4504
(11, 1)
4505
(11, 1)
4506
(10, 2)
4507
(10, 2)
4508
(13, 2)
4509
(14, 3)
4510
(14, 3)
4511
(13, 1)
4512
(12, 1)
4513
(12, 1)
4514
(12, 1)
4515
(12, 1)
4516
(11, 1)
4517
(11, 1)
4518
(11, 1)
4519
(11, 1)
4520
(14, 3)
4521
(12, 1)
4522
(12, 1)
4523
(12, 1)
4524
(12, 1)
4525
(11, 1)
4526
(11, 1)
4527
(11, 1)
4528
(11, 1)
4529
(14, 3)
4530
(14, 3)
4531
(14, 3)
4532
(14, 3)
4533
(14, 3)
4534
(14, 3)
4535
(14, 3)
4536
(14, 3)
4537
(14, 3)
4538
(14, 3)
4539
(14, 3)
4540
(14, 3)
4541
(13, 2)
4542
(14, 3)
4543
(14, 1)
4544
(14, 1)
4545
(14, 3)
4546
(14, 3)
4547
(9, 6)
4548
(9, 6)
4549
(9, 6)
4550
(12, 1)
4551
(12, 1)
4552
(12, 1)
4553
(12, 1)
4554
(11, 1)
4555
(11, 1)
4556
(11, 1)
4557
(11, 1)
4558
(12, 1)
4559
(12, 1)
4560
(12, 1)
4561
(12, 1)
4562
(11, 1)
4563
(11, 1)
4564
(11, 1)
4565
(11, 1)
4566
(9, 6)
4567
(9, 6)
4568
(9, 6)
4569
(9, 6)
4570
(14, 3)
4571
(14, 1)
4572
(14, 1)
4573
(13, 2)
4574
(14, 3)
4575
(14, 3)
4576
(14, 3)
4577
(14, 2)
4578
(14, 2)
4579
(15, 3)
4580
(14, 2)
4581
(14, 2)
4582
(15, 3)
4583
(14, 3)
4584
(14, 3)
4585
(14, 3)
4586
(14, 3)
4587
(14, 3)
4588
(14, 3)
4589
(14, 3)
4590
(14, 3)
4591
(13, 2)
4592
(14, 2)
4593
(14, 3)
4594
(14, 2)
4595
(13, 2)
4596
(14, 3)
4597
(14, 3)
4598
(14, 2)
4599
(14, 3)
4600
(14, 3)
4601
(10, 6)
4602
(14, 3)
4603
(14, 3)
4604
(14, 3)
4605
(14, 3)
4606
(14, 3)
4607
(14, 3)
4608
(14, 3)
4609
(14, 3)
4610
(14, 3)
4611
(14, 3)
4612
(14, 2)
4613
(13, 2)
4614
(10, 6)
4615
(13, 2)
4616
(13, 2)
4617
(10, 6)
4618
(10, 6)
4619
(10, 6)
4620
(10, 6)
4621
(10, 6)
4622
(10, 6)
4623
(10, 6)
4624
(14, 3)
4625
(14, 3)
4626
(14, 3)
4627
(14, 3)
4628
(14, 3)
4629
(14, 3)
4630
(14, 3)
4631
(13, 2)
4632
(14, 2)
4633
(13, 2)
4634
(13, 2)
4635
(14, 2)
4636
(14, 2)
4637
(14, 2)
4638
(14, 2)
4639
(14, 2)
4640
(14, 2)
4641
(13, 2)
4642
(13, 2)
4643
(14, 3)
4644
(14, 3)
4645
(14, 3)
4646
(14, 3)
4647
(14, 3)
4648
(14, 3)
4649
(13, 2)
4650
(14, 2)
4651
(8, 9)
4652
(8, 9)
4653
(8, 9)
4654
(8, 9)
4655
(8, 9)
4656
(8, 9)
4657
(8, 9)
4658
(14, 3)
4659
(14, 3)
4660
(14, 3)
4661
(14, 3)
4662
(14, 3)
4663
(14, 3)
4664
(14, 3)
4665
(13, 1)
4666
(13, 2)
4667
(13, 2)
4668
(10, 6)
4669
(10, 6)
4670
(10, 6)
4671
(13, 1)
4672
(13, 1)
4673
(14, 1)
4674
(14, 1)
4675
(14, 3)
4676
(14, 3)
4677
(14, 3)
4678
(14, 3)
4679
(14, 3)
4680
(14, 3)
4681
(14, 3)
4682
(14, 1)
4683
(13, 1)
4684
(13, 1)
4685
(14, 2)
4686
(14, 3)
4687
(14, 3)
4688
(14, 3)
4689
(14, 3)
4690
(14, 3)
4691
(15, 3)
4692
(15, 3)
4693
(14, 2)
4694
(11, 6)
4695
(13, 1)
4696
(14, 2)
4697
(13, 1)
4698
(13, 1)
4699
(14, 1)
4700
(14, 1)
4701
(13, 1)
4702
(13, 1)
4703
(14, 2)
4704
(14, 1)
4705
(14, 3)
4706
(14, 3)
4707
(14, 3)
4708
(14, 3)
4709
(14, 3)
4710
(13, 1)
4711
(13, 1)
4712
(14, 2)
4713
(13, 1)
4714
(13, 2)
4715
(14, 2)
4716
(13, 1)
4717
(13, 1)
4718
(14, 1)
4719
(14, 1)
4720
(13, 1)
4721
(14, 1)
4722
(13, 1)
4723
(13, 1)
4724
(13, 1)
4725
(13, 1)
4726
(13, 1)
4727
(13, 1)
4728
(13, 1)
4729
(13, 1)
4730
(13, 1)
4731
(13, 1)
4732
(13, 1)
4733
(13, 2)
4734
(13, 2)
4735
(13, 3)
4736
(13, 1)
4737
(13, 1)
4738
(14, 1)
4739
(14, 1)
4740
(13, 1)
4741
(13, 1)
4742
(13, 1)
4743
(13, 1)
4744
(13, 1)
4745
(13, 1)
4746
(13, 1)
4747
(13, 2)
4748
(13, 2)
4749
(13, 3)
4750
(13, 1)
4751
(13, 1)
4752
(13, 1)
4753
(13, 1)
4754
(13, 1)
4755
(13, 1)
4756
(13, 1)
4757
(13, 2)
4758
(13, 2)
4759
(13, 3)
4760
(14, 3)
4761
(14, 3)
4762
(14, 3)
4763
(14, 3)
4764
(14, 1)
4765
(14, 4)
4766
(14, 4)
4767
(14, 1)
4768
(14, 1)
4769
(14, 1)
4770
(14, 1)
4771
(14, 1)
4772
(14, 1)
4773
(14, 1)
4774
(14, 2)
4775
(14, 2)
4776
(14, 3)
4777
(14, 3)
4778
(14, 4)
4779
(14, 4)
4780
(14, 1)
4781
(14, 1)
4782
(14, 1)
4783
(14, 1)
4784
(14, 1)
4785
(14, 1)
4786
(14, 1)
4787
(14, 2)
4788
(14, 2)
4789
(14, 3)
4790
(14, 3)
4791
(14, 4)
4792
(14, 1)
4793
(14, 1)
4794
(14, 1)
4795
(14, 1)
4796
(14, 1)
4797
(14, 1)
4798
(14, 1)
4799
(14, 2)
4800
(14, 2)
4801
(14, 4)
4802
(14, 4)
4803
(14, 4)
4804
(14, 4)
4805
(13, 1)
4806
(13, 1)
4807
(14, 1)
4808
(14, 1)
4809
(13, 1)
4810
(13, 1)
4811
(13, 1)
4812
(13, 1)
4813
(13, 1)
4814
(13, 1)
4815
(13, 1)
4816
(13, 2)
4817
(13, 2)
4818
(13, 3)
4819
(13, 1)
4820
(13, 1)
4821
(13, 1)
4822
(13, 1)
4823
(13, 1)
4824
(13, 1)
4825
(13, 1)
4826
(13, 2)
4827
(13, 2)
4828
(13, 3)
4829
(13, 1)
4830
(13, 1)
4831
(13, 1)
4832
(13, 1)
4833
(13, 1)
4834
(13, 1)
4835
(13, 1)
4836
(13, 2)
4837
(13, 2)
4838
(13, 3)
4839
(13, 1)
4840
(14, 4)
4841
(14, 4)
4842
(14, 4)
4843
(15, 1)
4844
(14, 4)
4845
(14, 4)
4846
(14, 4)
4847
(15, 1)
4848
(14, 4)
4849
(14, 4)
4850
(14, 1)
4851
(15, 1)
4852
(14, 1)
4853
(14, 1)
4854
(14, 4)
4855
(14, 4)
4856
(14, 4)
4857
(14, 4)
4858
(14, 4)
4859
(14, 4)
4860
(14, 4)
4861
(14, 4)
4862
(14, 4)
4863
(14, 4)
4864
(14, 4)
4865
(14, 4)
4866
(14, 4)
4867
(14, 4)
4868
(15, 1)
4869
(15, 1)
4870
(15, 4)
4871
(15, 4)
4872
(14, 1)
4873
(15, 1)
4874
(8, 10)
4875
(8, 10)
4876
(8, 10)
4877
(8, 10)
4878
(8, 10)
4879
(8, 10)
4880
(8, 10)
4881
(15, 1)
4882
(14, 1)
4883
(14, 4)
4884
(14, 4)
4885
(14, 4)
4886
(14, 4)
4887
(14, 4)
4888
(14, 4)
4889
(14, 4)
4890
(15, 1)
4891
(15, 1)
4892
(14, 1)
4893
(15, 1)
4894
(15, 1)
4895
(14, 4)
4896
(14, 4)
4897
(14, 4)
4898
(14, 1)
4899
(14, 4)
4900
(14, 4)
4901
(14, 4)
4902
(14, 5)
4903
(14, 5)
4904
(14, 5)
4905
(15, 1)
4906
(15, 1)
4907
(15, 1)
4908
(14, 5)
4909
(14, 5)
4910
(14, 5)
4911
(15, 1)
4912
(14, 5)
4913
(14, 5)
4914
(14, 5)
4915
(14, 1)
4916
(15, 1)
4917
(15, 1)
4918
(15, 1)
4919
(15, 1)
4920
(15, 1)
4921
(15, 1)
4922
(16, 1)
4923
(16, 1)
4924
(16, 2)
4925
(16, 2)
4926
(17, 3)
4927
(17, 3)
4928
(17, 3)
4929
(17, 3)
4930
(17, 3)
4931
(17, 3)
4932
(17, 3)
4933
(16, 3)
4934
(16, 3)
4935
(16, 3)
4936
(16, 3)
4937
(16, 3)
4938
(16, 3)
4939
(16, 3)
4940
(16, 3)
4941
(16, 3)
4942
(16, 3)
4943
(16, 3)
4944
(15, 3)
4945
(15, 3)
4946
(15, 3)
4947
(15, 3)
4948
(16, 3)
4949
(15, 3)
4950
(15, 3)
4951
(15, 3)
4952
(15, 3)
4953
(15, 3)
4954
(15, 3)
4955
(15, 3)
4956
(15, 2)
4957
(15, 2)
4958
(15, 1)
4959
(14, 1)
4960
(14, 1)
4961
(14, 1)
4962
(14, 1)
4963
(13, 1)
4964
(13, 1)
4965
(13, 1)
4966
(13, 1)
4967
(13, 2)
4968
(15, 3)
4969
(15, 3)
4970
(15, 3)
4971
(15, 3)
4972
(15, 3)
4973
(15, 3)
4974
(15, 3)
4975
(16, 3)
4976
(15, 3)
4977
(15, 3)
4978
(15, 3)
4979
(15, 2)
4980
(15, 2)
4981
(15, 1)
4982
(14, 1)
4983
(14, 1)
4984
(14, 1)
4985
(14, 1)
4986
(13, 1)
4987
(13, 1)
4988
(13, 1)
4989
(13, 1)
4990
(13, 2)
4991
(16, 3)
4992
(15, 3)
4993
(15, 3)
4994
(15, 3)
4995
(15, 2)
4996
(15, 2)
4997
(15, 1)
4998
(14, 1)
4999
(14, 1)
5000
(14, 1)
defaultdict(<function <lambda> at 0x2adab06f0c80>, {(7, 3): 84, (1, 3): 35, (12, 1): 32, (9, 1): 150, (14, 4): 44, (11, 2): 150, (10, 6): 24, (17, 3): 7, (16, 2): 2, (2, 1): 150, (15, 1): 24, (8, 9): 7, (6, 2): 151, (9, 4): 25, (5, 1): 151, (10, 3): 150, (7, 2): 151, (10, 4): 65, (1, 2): 150, (12, 2): 152, (8, 7): 14, (3, 3): 66, (14, 5): 9, (13, 3): 32, (8, 1): 150, (8, 5): 14, (16, 3): 14, (8, 10): 7, (6, 3): 61, (14, 1): 58, (11, 1): 77, (2, 2): 151, (15, 4): 2, (8, 6): 7, (4, 1): 150, (1, 1): 150, (12, 3): 152, (3, 2): 150, (13, 2): 43, (8, 2): 120, (7, 1): 150, (15, 3): 28, (9, 3): 57, (10, 5): 66, (2, 3): 56, (10, 1): 150, (4, 2): 150, (14, 2): 28, (9, 6): 14, (5, 3): 62, (13, 1): 88, (8, 3): 152, (15, 2): 6, (9, 2): 39, (6, 1): 150, (3, 1): 150, (11, 3): 51, (16, 1): 2, (8, 8): 7, (4, 3): 72, (14, 3): 92, (9, 5): 26, (8, 4): 14, (5, 2): 151, (11, 6): 1, (10, 2): 107})
5001
(14, 1)
5002
(13, 1)
5003
(13, 1)
5004
(13, 1)
5005
(13, 1)
5006
(13, 2)
5007
(16, 3)
5008
(16, 3)
5009
(16, 3)
5010
(16, 3)
5011
(16, 3)
5012
(16, 3)
5013
(16, 3)
5014
(16, 3)
5015
(15, 3)
5016
(16, 3)
5017
(16, 3)
5018
(15, 2)
5019
(16, 3)
5020
(16, 3)
5021
(16, 3)
5022
(16, 3)
5023
(15, 3)
5024
(16, 3)
5025
(16, 3)
5026
(15, 2)
5027
(15, 2)
5028
(15, 1)
5029
(15, 1)
5030
(14, 1)
5031
(14, 1)
5032
(14, 1)
5033
(14, 1)
5034
(13, 1)
5035
(13, 1)
5036
(13, 1)
5037
(13, 2)
5038
(13, 2)
5039
(15, 2)
5040
(15, 1)
5041
(15, 1)
5042
(14, 1)
5043
(14, 1)
5044
(14, 1)
5045
(14, 1)
5046
(13, 1)
5047
(13, 1)
5048
(13, 1)
5049
(13, 2)
5050
(13, 2)
5051
(16, 3)
5052
(15, 2)
5053
(15, 1)
5054
(15, 1)
5055
(14, 1)
5056
(14, 1)
5057
(14, 1)
5058
(14, 1)
5059
(13, 1)
5060
(13, 1)
5061
(13, 1)
5062
(13, 2)
5063
(13, 2)
5064
(16, 2)
5065
(16, 3)
5066
(16, 3)
5067
(16, 3)
5068
(16, 2)
5069
(15, 2)
5070
(16, 3)
5071
(16, 3)
5072
(16, 2)
5073
(15, 2)
5074
(15, 1)
5075
(15, 1)
5076
(15, 1)
5077
(14, 1)
5078
(14, 1)
5079
(14, 1)
5080
(14, 1)
5081
(13, 1)
5082
(13, 1)
5083
(13, 2)
5084
(13, 2)
5085
(15, 1)
5086
(15, 1)
5087
(15, 1)
5088
(14, 1)
5089
(14, 1)
5090
(14, 1)
5091
(14, 1)
5092
(13, 1)
5093
(13, 1)
5094
(13, 2)
5095
(13, 2)
5096
(16, 2)
5097
(16, 3)
5098
(16, 3)
5099
(16, 3)
5100
(16, 3)
5101
(16, 3)
5102
(16, 3)
5103
(16, 2)
5104
(15, 2)
5105
(15, 3)
5106
(15, 3)
5107
(15, 3)
5108
(16, 2)
5109
(15, 3)
5110
(15, 3)
5111
(15, 3)
5112
(15, 3)
5113
(15, 3)
5114
(15, 3)
5115
(15, 3)
5116
(15, 3)
5117
(15, 3)
5118
(15, 3)
5119
(16, 2)
5120
(16, 2)
5121
(16, 2)
5122
(16, 2)
5123
(16, 2)
5124
(15, 1)
5125
(15, 1)
5126
(15, 1)
5127
(15, 1)
5128
(14, 1)
5129
(14, 1)
5130
(14, 1)
5131
(14, 1)
5132
(14, 1)
5133
(13, 2)
5134
(13, 2)
5135
(13, 3)
5136
(16, 2)
5137
(16, 2)
5138
(17, 3)
5139
(17, 3)
5140
(17, 3)
5141
(17, 3)
5142
(16, 2)
5143
(17, 3)
5144
(16, 3)
5145
(17, 3)
5146
(17, 3)
5147
(16, 2)
5148
(16, 2)
5149
(16, 2)
5150
(16, 2)
5151
(15, 3)
5152
(15, 3)
5153
(15, 3)
5154
(15, 3)
5155
(15, 3)
5156
(15, 3)
5157
(15, 3)
5158
(15, 2)
5159
(15, 1)
5160
(15, 1)
5161
(15, 1)
5162
(14, 1)
5163
(14, 1)
5164
(14, 1)
5165
(14, 1)
5166
(13, 1)
5167
(13, 1)
5168
(13, 2)
5169
(13, 2)
5170
(16, 2)
5171
(16, 3)
5172
(16, 3)
5173
(16, 3)
5174
(16, 2)
5175
(16, 2)
5176
(16, 3)
5177
(16, 3)
5178
(16, 3)
5179
(16, 1)
5180
(16, 2)
5181
(16, 2)
5182
(16, 2)
5183
(16, 2)
5184
(15, 3)
5185
(15, 3)
5186
(15, 3)
5187
(15, 3)
5188
(15, 3)
5189
(15, 3)
5190
(15, 3)
5191
(16, 2)
5192
(16, 1)
5193
(16, 2)
5194
(15, 1)
5195
(15, 1)
5196
(15, 1)
5197
(15, 1)
5198
(14, 1)
5199
(14, 1)
5200
(14, 1)
5201
(14, 1)
5202
(14, 2)
5203
(13, 2)
5204
(13, 3)
5205
(16, 2)
5206
(16, 1)
5207
(16, 1)
5208
(16, 2)
5209
(16, 2)
5210
(17, 2)
5211
(15, 1)
5212
(15, 1)
5213
(15, 1)
5214
(15, 1)
5215
(15, 1)
5216
(14, 1)
5217
(14, 1)
5218
(14, 1)
5219
(14, 1)
5220
(15, 1)
5221
(15, 1)
5222
(15, 1)
5223
(14, 1)
5224
(14, 1)
5225
(14, 1)
5226
(14, 1)
5227
(16, 2)
5228
(16, 1)
5229
(17, 2)
5230
(16, 2)
5231
(15, 1)
5232
(15, 1)
5233
(15, 1)
5234
(15, 1)
5235
(14, 1)
5236
(14, 1)
5237
(14, 1)
5238
(14, 1)
5239
(14, 1)
5240
(13, 2)
5241
(13, 2)
5242
(13, 3)
5243
(16, 3)
5244
(16, 3)
5245
(16, 3)
5246
(16, 3)
5247
(16, 3)
5248
(16, 3)
5249
(16, 3)
5250
(16, 2)
5251
(15, 3)
5252
(15, 3)
5253
(15, 3)
5254
(15, 3)
5255
(15, 3)
5256
(15, 3)
5257
(15, 3)
5258
(16, 2)
5259
(16, 1)
5260
(16, 1)
5261
(16, 1)
5262
(16, 2)
5263
(16, 2)
5264
(17, 2)
5265
(17, 2)
5266
(17, 2)
5267
(16, 1)
5268
(16, 1)
5269
(15, 4)
5270
(15, 4)
5271
(15, 4)
5272
(15, 4)
5273
(15, 4)
5274
(15, 4)
5275
(15, 4)
5276
(15, 1)
5277
(15, 1)
5278
(15, 1)
5279
(15, 1)
5280
(14, 1)
5281
(14, 1)
5282
(14, 1)
5283
(14, 1)
5284
(16, 2)
5285
(16, 3)
5286
(16, 3)
5287
(16, 3)
5288
(16, 1)
5289
(16, 3)
5290
(16, 3)
5291
(16, 3)
5292
(16, 3)
5293
(17, 2)
5294
(16, 1)
5295
(16, 1)
5296
(16, 1)
5297
(16, 1)
5298
(16, 1)
5299
(15, 4)
5300
(15, 4)
5301
(15, 4)
5302
(15, 4)
5303
(15, 4)
5304
(15, 4)
5305
(17, 1)
5306
(16, 2)
5307
(16, 1)
5308
(16, 1)
5309
(16, 1)
5310
(16, 1)
5311
(16, 1)
5312
(16, 1)
5313
(16, 1)
5314
(16, 2)
5315
(16, 2)
5316
(16, 1)
5317
(16, 1)
5318
(16, 1)
5319
(16, 1)
5320
(16, 1)
5321
(16, 2)
5322
(16, 2)
5323
(17, 2)
5324
(16, 2)
5325
(16, 1)
5326
(16, 1)
5327
(15, 1)
5328
(15, 1)
5329
(15, 1)
5330
(15, 1)
5331
(14, 1)
5332
(14, 1)
5333
(14, 1)
5334
(14, 2)
5335
(14, 2)
5336
(16, 1)
5337
(16, 1)
5338
(17, 1)
5339
(17, 2)
5340
(17, 2)
5341
(17, 2)
5342
(17, 2)
5343
(15, 4)
5344
(15, 4)
5345
(15, 4)
5346
(15, 4)
5347
(15, 4)
5348
(15, 4)
5349
(15, 4)
5350
(16, 1)
5351
(17, 2)
5352
(16, 4)
5353
(16, 4)
5354
(16, 4)
5355
(16, 4)
5356
(16, 4)
5357
(16, 4)
5358
(16, 4)
5359
(16, 1)
5360
(16, 1)
5361
(17, 3)
5362
(17, 3)
5363
(17, 3)
5364
(17, 3)
5365
(17, 2)
5366
(17, 3)
5367
(17, 3)
5368
(17, 3)
5369
(17, 2)
5370
(16, 2)
5371
(16, 1)
5372
(16, 1)
5373
(16, 1)
5374
(15, 1)
5375
(15, 1)
5376
(15, 1)
5377
(15, 1)
5378
(14, 1)
5379
(14, 1)
5380
(14, 2)
5381
(14, 2)
5382
(17, 3)
5383
(17, 3)
5384
(17, 3)
5385
(17, 3)
5386
(17, 3)
5387
(17, 3)
5388
(17, 2)
5389
(17, 1)
5390
(18, 3)
5391
(18, 3)
5392
(17, 3)
5393
(17, 3)
5394
(17, 3)
5395
(17, 2)
5396
(17, 2)
5397
(17, 1)
5398
(16, 1)
5399
(16, 1)
5400
(16, 1)
5401
(16, 1)
5402
(15, 1)
5403
(15, 1)
5404
(15, 1)
5405
(15, 1)
5406
(15, 2)
5407
(14, 2)
5408
(14, 3)
5409
(14, 3)
5410
(14, 4)
5411
(13, 4)
5412
(13, 5)
5413
(13, 5)
5414
(18, 3)
5415
(18, 3)
5416
(17, 3)
5417
(17, 2)
5418
(17, 2)
5419
(17, 1)
5420
(16, 1)
5421
(16, 1)
5422
(16, 1)
5423
(16, 1)
5424
(15, 1)
5425
(15, 1)
5426
(15, 1)
5427
(15, 1)
5428
(15, 2)
5429
(14, 2)
5430
(14, 3)
5431
(14, 3)
5432
(14, 4)
5433
(13, 4)
5434
(13, 5)
5435
(13, 5)
5436
(18, 3)
5437
(18, 3)
5438
(18, 3)
5439
(18, 3)
5440
(17, 3)
5441
(17, 2)
5442
(17, 2)
5443
(18, 3)
5444
(18, 3)
5445
(18, 3)
5446
(18, 3)
5447
(17, 2)
5448
(18, 2)
5449
(18, 2)
5450
(18, 3)
5451
(18, 3)
5452
(18, 3)
5453
(18, 3)
5454
(18, 3)
5455
(17, 2)
5456
(18, 2)
5457
(18, 3)
5458
(18, 3)
5459
(18, 2)
5460
(17, 2)
5461
(17, 2)
5462
(17, 2)
5463
(17, 2)
5464
(17, 2)
5465
(17, 2)
5466
(16, 1)
5467
(16, 1)
5468
(17, 1)
5469
(16, 1)
5470
(16, 1)
5471
(16, 1)
5472
(16, 1)
5473
(15, 1)
5474
(15, 1)
5475
(15, 1)
5476
(15, 1)
5477
(14, 1)
5478
(14, 1)
5479
(14, 1)
5480
(14, 2)
5481
(16, 1)
5482
(16, 1)
5483
(16, 1)
5484
(16, 1)
5485
(15, 1)
5486
(15, 1)
5487
(15, 1)
5488
(15, 1)
5489
(14, 1)
5490
(14, 1)
5491
(14, 1)
5492
(14, 2)
5493
(17, 1)
5494
(17, 1)
5495
(16, 1)
5496
(16, 1)
5497
(16, 1)
5498
(16, 1)
5499
(15, 1)
5500
(15, 1)
defaultdict(<function <lambda> at 0x2adab06f0c80>, {(7, 3): 84, (13, 4): 2, (1, 3): 35, (12, 1): 32, (9, 1): 150, (14, 4): 46, (11, 2): 150, (10, 6): 24, (17, 3): 32, (16, 2): 46, (2, 1): 150, (15, 1): 89, (8, 9): 7, (6, 2): 151, (9, 4): 25, (17, 2): 29, (5, 1): 151, (10, 3): 150, (7, 2): 151, (10, 4): 65, (1, 2): 150, (12, 2): 152, (8, 7): 14, (3, 3): 66, (14, 5): 9, (13, 3): 35, (8, 1): 150, (8, 5): 14, (16, 3): 63, (16, 4): 7, (8, 10): 7, (6, 3): 61, (14, 1): 120, (11, 1): 77, (18, 2): 4, (2, 2): 151, (15, 4): 22, (8, 6): 7, (4, 1): 150, (1, 1): 150, (12, 3): 152, (3, 2): 150, (13, 2): 61, (8, 2): 120, (7, 1): 150, (15, 3): 64, (9, 3): 57, (10, 5): 66, (17, 1): 8, (2, 3): 56, (10, 1): 150, (4, 2): 150, (14, 2): 37, (9, 6): 14, (5, 3): 62, (13, 1): 107, (8, 3): 152, (18, 3): 19, (15, 2): 17, (9, 2): 39, (6, 1): 150, (3, 1): 150, (11, 3): 51, (16, 1): 62, (8, 8): 7, (4, 3): 72, (13, 5): 4, (14, 3): 96, (9, 5): 26, (8, 4): 14, (5, 2): 151, (11, 6): 1, (10, 2): 107})
5501
(15, 2)
5502
(15, 2)
5503
(15, 3)
5504
(14, 3)
5505
(14, 4)
5506
(14, 4)
5507
(17, 2)
5508
(16, 1)
5509
(17, 2)
5510
(18, 2)
5511
(17, 1)
5512
(16, 1)
5513
(16, 1)
5514
(15, 4)
5515
(15, 4)
5516
(15, 4)
5517
(18, 3)
5518
(16, 1)
5519
(16, 1)
5520
(16, 1)
5521
(16, 1)
5522
(16, 1)
5523
(16, 2)
5524
(16, 2)
5525
(16, 3)
5526
(18, 3)
5527
(16, 1)
5528
(16, 1)
5529
(16, 1)
5530
(16, 1)
5531
(16, 1)
5532
(16, 2)
5533
(16, 2)
5534
(16, 3)
5535
(16, 1)
5536
(16, 1)
5537
(16, 1)
5538
(16, 1)
5539
(16, 1)
5540
(16, 2)
5541
(16, 2)
5542
(16, 3)
5543
(15, 4)
5544
(15, 4)
5545
(17, 2)
5546
(17, 1)
5547
(18, 3)
5548
(18, 3)
5549
(18, 3)
5550
(18, 3)
5551
(18, 3)
5552
(18, 3)
5553
(18, 3)
5554
(18, 3)
5555
(18, 3)
5556
(18, 2)
5557
(15, 1)
5558
(18, 2)
5559
(18, 2)
5560
(17, 2)
5561
(17, 2)
5562
(17, 2)
5563
(15, 1)
5564
(16, 1)
5565
(16, 2)
5566
(16, 2)
5567
(16, 3)
5568
(14, 5)
5569
(14, 5)
5570
(14, 5)
5571
(17, 2)
5572
(14, 5)
5573
(14, 5)
5574
(14, 5)
5575
(17, 1)
5576
(18, 2)
5577
(17, 1)
5578
(18, 2)
5579
(16, 1)
5580
(18, 2)
5581
(18, 2)
5582
(13, 6)
5583
(18, 2)
5584
(18, 2)
5585
(18, 2)
5586
(17, 1)
5587
(17, 2)
5588
(17, 1)
5589
(18, 2)
5590
(17, 1)
5591
(18, 2)
5592
(18, 2)
5593
(17, 1)
5594
(18, 2)
5595
(17, 1)
5596
(16, 1)
5597
(16, 1)
5598
(16, 1)
5599
(16, 1)
5600
(15, 1)
5601
(15, 1)
5602
(15, 1)
5603
(15, 1)
5604
(15, 2)
5605
(14, 2)
5606
(14, 3)
5607
(14, 3)
5608
(14, 4)
5609
(13, 4)
5610
(13, 5)
5611
(17, 2)
5612
(17, 1)
5613
(17, 1)
5614
(17, 1)
5615
(17, 1)
5616
(17, 1)
5617
(17, 1)
5618
(16, 1)
5619
(16, 1)
5620
(16, 1)
5621
(16, 1)
5622
(16, 1)
5623
(15, 2)
5624
(15, 2)
5625
(15, 3)
5626
(15, 3)
5627
(14, 4)
5628
(14, 4)
5629
(17, 1)
5630
(17, 1)
5631
(17, 1)
5632
(16, 1)
5633
(16, 1)
5634
(16, 1)
5635
(16, 1)
5636
(16, 1)
5637
(15, 2)
5638
(15, 2)
5639
(15, 3)
5640
(15, 3)
5641
(14, 4)
5642
(14, 4)
5643
(17, 1)
5644
(17, 1)
5645
(17, 1)
5646
(16, 1)
5647
(16, 1)
5648
(16, 1)
5649
(16, 1)
5650
(16, 1)
5651
(15, 2)
5652
(15, 2)
5653
(15, 3)
5654
(15, 3)
5655
(14, 4)
5656
(14, 4)
5657
(16, 1)
5658
(17, 1)
5659
(14, 5)
5660
(14, 5)
5661
(14, 5)
5662
(14, 5)
5663
(14, 5)
5664
(14, 5)
5665
(14, 5)
5666
(17, 2)
5667
(16, 4)
5668
(16, 4)
5669
(16, 4)
5670
(19, 3)
5671
(19, 3)
5672
(19, 3)
5673
(16, 4)
5674
(16, 4)
5675
(16, 4)
5676
(16, 4)
5677
(19, 3)
5678
(19, 3)
5679
(19, 3)
5680
(19, 3)
5681
(15, 5)
5682
(15, 5)
5683
(15, 5)
5684
(15, 5)
5685
(15, 5)
5686
(15, 5)
5687
(15, 5)
5688
(18, 2)
5689
(18, 2)
5690
(13, 6)
5691
(15, 4)
5692
(15, 4)
5693
(16, 1)
5694
(19, 3)
5695
(18, 3)
5696
(16, 1)
5697
(16, 1)
5698
(16, 1)
5699
(16, 1)
5700
(16, 1)
5701
(16, 2)
5702
(16, 2)
5703
(16, 3)
5704
(19, 3)
5705
(18, 3)
5706
(19, 3)
5707
(18, 3)
5708
(18, 2)
5709
(18, 2)
5710
(19, 3)
5711
(19, 3)
5712
(19, 3)
5713
(18, 2)
5714
(18, 2)
5715
(17, 1)
5716
(17, 1)
5717
(17, 1)
5718
(18, 2)
5719
(18, 2)
5720
(18, 2)
5721
(18, 1)
5722
(18, 2)
5723
(18, 1)
5724
(18, 2)
5725
(18, 2)
5726
(18, 1)
5727
(17, 1)
5728
(17, 1)
5729
(17, 1)
5730
(17, 1)
5731
(16, 1)
5732
(16, 1)
5733
(16, 1)
5734
(16, 1)
5735
(15, 1)
5736
(15, 1)
5737
(15, 1)
5738
(15, 2)
5739
(15, 2)
5740
(14, 3)
5741
(14, 3)
5742
(14, 4)
5743
(17, 1)
5744
(17, 1)
5745
(16, 1)
5746
(16, 1)
5747
(16, 1)
5748
(16, 1)
5749
(15, 1)
5750
(15, 1)
5751
(15, 1)
5752
(15, 2)
5753
(15, 2)
5754
(14, 3)
5755
(14, 3)
5756
(14, 4)
5757
(18, 1)
5758
(18, 1)
5759
(18, 1)
5760
(14, 5)
5761
(14, 5)
5762
(14, 5)
5763
(14, 5)
5764
(14, 5)
5765
(14, 5)
5766
(17, 1)
5767
(17, 1)
5768
(17, 1)
5769
(17, 1)
5770
(16, 1)
5771
(16, 1)
5772
(16, 1)
5773
(16, 1)
5774
(16, 2)
5775
(15, 2)
5776
(15, 3)
5777
(15, 3)
5778
(15, 4)
5779
(14, 4)
5780
(17, 1)
5781
(17, 1)
5782
(17, 1)
5783
(17, 1)
5784
(16, 1)
5785
(16, 1)
5786
(16, 1)
5787
(16, 1)
5788
(16, 2)
5789
(15, 2)
5790
(15, 3)
5791
(15, 3)
5792
(15, 4)
5793
(14, 4)
5794
(17, 1)
5795
(17, 1)
5796
(17, 1)
5797
(17, 1)
5798
(16, 1)
5799
(16, 1)
5800
(16, 1)
5801
(16, 1)
5802
(16, 2)
5803
(15, 2)
5804
(15, 3)
5805
(15, 3)
5806
(15, 4)
5807
(14, 4)
5808
(18, 2)
5809
(18, 2)
5810
(18, 2)
5811
(19, 3)
5812
(19, 3)
5813
(19, 3)
5814
(19, 3)
5815
(19, 3)
5816
(19, 3)
5817
(15, 5)
5818
(15, 5)
5819
(15, 5)
5820
(19, 2)
5821
(19, 2)
5822
(15, 5)
5823
(15, 5)
5824
(15, 5)
5825
(15, 5)
5826
(18, 1)
5827
(19, 3)
5828
(19, 3)
5829
(19, 3)
5830
(19, 3)
5831
(19, 3)
5832
(19, 3)
5833
(18, 2)
5834
(18, 2)
5835
(19, 3)
5836
(18, 2)
5837
(19, 3)
5838
(19, 3)
5839
(18, 2)
5840
(18, 2)
5841
(19, 2)
5842
(19, 2)
5843
(14, 6)
5844
(14, 6)
5845
(14, 6)
5846
(18, 2)
5847
(18, 2)
5848
(18, 2)
5849
(14, 5)
5850
(14, 5)
5851
(14, 5)
5852
(14, 5)
5853
(14, 5)
5854
(14, 5)
5855
(14, 5)
5856
(18, 1)
5857
(18, 1)
5858
(18, 1)
5859
(19, 2)
5860
(18, 1)
5861
(18, 1)
5862
(18, 1)
5863
(18, 1)
5864
(18, 1)
5865
(17, 1)
5866
(17, 1)
5867
(17, 1)
5868
(17, 1)
5869
(16, 1)
5870
(16, 1)
5871
(16, 1)
5872
(16, 2)
5873
(16, 2)
5874
(15, 3)
5875
(15, 3)
5876
(15, 4)
5877
(15, 4)
5878
(14, 5)
5879
(18, 1)
5880
(17, 1)
5881
(17, 1)
5882
(17, 1)
5883
(17, 1)
5884
(16, 1)
5885
(16, 1)
5886
(16, 1)
5887
(16, 2)
5888
(16, 2)
5889
(15, 3)
5890
(15, 3)
5891
(15, 4)
5892
(15, 4)
5893
(14, 5)
5894
(18, 1)
5895
(17, 1)
5896
(17, 1)
5897
(17, 1)
5898
(17, 1)
5899
(16, 1)
5900
(16, 1)
5901
(16, 1)
5902
(16, 2)
5903
(16, 2)
5904
(15, 3)
5905
(15, 3)
5906
(15, 4)
5907
(15, 4)
5908
(14, 5)
5909
(19, 2)
5910
(18, 2)
5911
(18, 2)
5912
(18, 2)
5913
(19, 3)
5914
(19, 3)
5915
(19, 3)
5916
(19, 3)
5917
(19, 2)
5918
(16, 5)
5919
(16, 5)
5920
(19, 2)
5921
(19, 2)
5922
(16, 5)
5923
(16, 5)
5924
(16, 5)
5925
(16, 5)
5926
(16, 5)
5927
(19, 2)
5928
(19, 2)
5929
(19, 2)
5930
(19, 2)
5931
(18, 1)
5932
(18, 1)
5933
(18, 1)
5934
(19, 3)
5935
(19, 3)
5936
(19, 3)
5937
(19, 3)
5938
(14, 5)
5939
(14, 5)
5940
(14, 5)
5941
(18, 1)
5942
(14, 5)
5943
(14, 5)
5944
(14, 5)
5945
(15, 5)
5946
(15, 5)
5947
(18, 1)
5948
(15, 5)
5949
(18, 1)
5950
(18, 1)
5951
(15, 5)
5952
(15, 5)
5953
(15, 5)
5954
(18, 1)
5955
(15, 5)
5956
(18, 1)
5957
(18, 1)
5958
(19, 1)
5959
(18, 1)
5960
(19, 2)
5961
(19, 2)
5962
(19, 3)
5963
(19, 3)
5964
(14, 5)
5965
(14, 5)
5966
(14, 5)
5967
(19, 2)
5968
(19, 2)
5969
(19, 2)
5970
(19, 2)
5971
(19, 2)
5972
(19, 2)
5973
(19, 2)
5974
(18, 1)
5975
(18, 1)
5976
(18, 1)
5977
(18, 1)
5978
(18, 1)
5979
(19, 3)
5980
(19, 3)
5981
(19, 3)
5982
(19, 2)
5983
(19, 2)
5984
(18, 1)
5985
(19, 2)
5986
(18, 1)
5987
(18, 1)
5988
(18, 1)
5989
(19, 2)
5990
(18, 1)
5991
(18, 1)
5992
(18, 1)
5993
(18, 1)
5994
(19, 3)
5995
(19, 3)
5996
(19, 3)
5997
(19, 3)
5998
(19, 3)
5999
(19, 3)
6000
(19, 3)
defaultdict(<function <lambda> at 0x2adab06f0c80>, {(7, 3): 84, (13, 4): 3, (1, 3): 35, (12, 1): 32, (9, 1): 150, (14, 4): 60, (11, 2): 150, (10, 6): 24, (17, 3): 32, (16, 2): 65, (2, 1): 150, (15, 1): 101, (8, 9): 7, (6, 2): 151, (9, 4): 25, (17, 2): 39, (5, 1): 151, (15, 5): 21, (10, 3): 150, (7, 2): 151, (10, 4): 65, (1, 2): 150, (12, 2): 152, (8, 7): 14, (3, 3): 66, (14, 5): 47, (13, 3): 35, (8, 1): 150, (8, 5): 14, (16, 3): 68, (16, 4): 14, (8, 10): 7, (6, 3): 61, (14, 1): 120, (11, 1): 77, (19, 3): 48, (18, 2): 45, (2, 2): 151, (15, 4): 38, (8, 6): 7, (4, 1): 150, (1, 1): 150, (12, 3): 152, (3, 2): 150, (13, 2): 61, (8, 2): 120, (7, 1): 150, (15, 3): 83, (9, 3): 57, (10, 5): 66, (17, 1): 63, (13, 6): 2, (19, 2): 26, (2, 3): 56, (10, 1): 150, (4, 2): 150, (14, 2): 38, (9, 6): 14, (5, 3): 62, (13, 1): 107, (8, 3): 152, (19, 1): 1, (18, 3): 33, (15, 2): 33, (16, 5): 7, (9, 2): 39, (6, 1): 150, (3, 1): 150, (18, 1): 41, (11, 3): 51, (14, 6): 3, (16, 1): 137, (8, 8): 7, (4, 3): 72, (13, 5): 5, (14, 3): 103, (9, 5): 26, (8, 4): 14, (5, 2): 151, (11, 6): 1, (10, 2): 107})
6001
(15, 5)
6002
(15, 5)
6003
(15, 5)
6004
(18, 1)
6005
(18, 1)
6006
(18, 1)
6007
(15, 5)
6008
(18, 1)
6009
(18, 1)
6010
(15, 5)
6011
(15, 5)
6012
(15, 5)
6013
(18, 1)
6014
(14, 6)
6015
(19, 2)
6016
(14, 6)
6017
(14, 6)
6018
(19, 2)
6019
(19, 2)
6020
(14, 6)
6021
(14, 6)
6022
(14, 6)
6023
(14, 6)
6024
(19, 3)
6025
(19, 2)
6026
(19, 2)
6027
(19, 2)
6028
(19, 2)
6029
(18, 1)
6030
(18, 1)
6031
(18, 1)
6032
(18, 1)
6033
(19, 3)
6034
(19, 3)
6035
(19, 3)
6036
(19, 3)
6037
(19, 3)
6038
(19, 3)
6039
(19, 3)
6040
(18, 3)
6041
(18, 3)
6042
(18, 3)
6043
(18, 3)
6044
(18, 3)
6045
(18, 3)
6046
(18, 3)
6047
(18, 3)
6048
(17, 3)
6049
(17, 3)
6050
(17, 3)
6051
(17, 3)
6052
(17, 3)
6053
(17, 3)
6054
(17, 3)
6055
(17, 3)
6056
(16, 3)
6057
(16, 3)
6058
(16, 3)
6059
(16, 3)
6060
(16, 3)
6061
(16, 3)
6062
(16, 3)
6063
(16, 3)
6064
(15, 3)
6065
(16, 3)
6066
(15, 3)
6067
(15, 3)
6068
(15, 3)
6069
(15, 3)
6070
(15, 3)
6071
(15, 3)
6072
(15, 2)
6073
(16, 3)
6074
(15, 3)
6075
(15, 3)
6076
(15, 3)
6077
(15, 2)
6078
(15, 3)
6079
(15, 3)
6080
(15, 3)
6081
(15, 3)
6082
(16, 3)
6083
(16, 3)
6084
(15, 3)
6085
(15, 3)
6086
(15, 3)
6087
(15, 2)
6088
(16, 3)
6089
(16, 3)
6090
(15, 2)
6091
(16, 3)
6092
(16, 3)
6093
(15, 3)
6094
(16, 3)
6095
(16, 3)
6096
(15, 2)
6097
(15, 2)
6098
(16, 3)
6099
(16, 3)
6100
(16, 3)
6101
(15, 3)
6102
(16, 3)
6103
(16, 3)
6104
(15, 2)
6105
(16, 3)
6106
(16, 3)
6107
(16, 3)
6108
(16, 3)
6109
(15, 2)
6110
(16, 3)
6111
(16, 3)
6112
(16, 3)
6113
(15, 3)
6114
(15, 3)
6115
(15, 3)
6116
(15, 1)
6117
(14, 1)
6118
(14, 1)
6119
(16, 3)
6120
(15, 2)
6121
(15, 2)
6122
(16, 2)
6123
(15, 1)
6124
(16, 3)
6125
(16, 3)
6126
(16, 3)
6127
(16, 3)
6128
(16, 2)
6129
(15, 1)
6130
(14, 1)
6131
(14, 1)
6132
(14, 1)
6133
(14, 1)
6134
(15, 2)
6135
(16, 3)
6136
(16, 3)
6137
(16, 3)
6138
(16, 2)
6139
(16, 3)
6140
(15, 1)
6141
(15, 1)
6142
(15, 1)
6143
(14, 1)
6144
(14, 1)
6145
(14, 1)
6146
(14, 1)
6147
(14, 1)
6148
(13, 1)
6149
(13, 1)
6150
(13, 2)
6151
(13, 2)
6152
(15, 1)
6153
(14, 1)
6154
(15, 3)
6155
(15, 3)
6156
(15, 3)
6157
(15, 3)
6158
(15, 3)
6159
(15, 3)
6160
(15, 3)
6161
(15, 1)
6162
(15, 1)
6163
(14, 1)
6164
(15, 2)
6165
(15, 2)
6166
(16, 3)
6167
(16, 3)
6168
(16, 3)
6169
(16, 2)
6170
(16, 2)
6171
(16, 2)
6172
(15, 2)
6173
(16, 2)
6174
(16, 2)
6175
(16, 3)
6176
(16, 3)
6177
(15, 1)
6178
(15, 1)
6179
(15, 1)
6180
(15, 1)
6181
(14, 1)
6182
(14, 1)
6183
(14, 1)
6184
(14, 1)
6185
(14, 1)
6186
(13, 1)
6187
(13, 2)
6188
(13, 2)
6189
(13, 3)
6190
(13, 3)
6191
(15, 1)
6192
(15, 1)
6193
(14, 1)
6194
(14, 1)
6195
(14, 1)
6196
(14, 1)
6197
(14, 1)
6198
(13, 1)
6199
(13, 2)
6200
(13, 2)
6201
(13, 3)
6202
(13, 3)
6203
(16, 2)
6204
(16, 3)
6205
(16, 3)
6206
(16, 3)
6207
(16, 3)
6208
(16, 3)
6209
(16, 3)
6210
(16, 3)
6211
(16, 2)
6212
(15, 1)
6213
(15, 1)
6214
(15, 1)
6215
(16, 2)
6216
(16, 2)
6217
(16, 2)
6218
(16, 2)
6219
(17, 3)
6220
(16, 3)
6221
(16, 3)
6222
(16, 2)
6223
(17, 3)
6224
(16, 2)
6225
(16, 2)
6226
(16, 2)
6227
(15, 3)
6228
(15, 3)
6229
(15, 3)
6230
(17, 3)
6231
(15, 3)
6232
(15, 3)
6233
(17, 3)
6234
(15, 1)
6235
(15, 1)
6236
(15, 1)
6237
(15, 1)
6238
(15, 1)
6239
(15, 1)
6240
(14, 1)
6241
(14, 1)
6242
(14, 1)
6243
(14, 1)
6244
(14, 1)
6245
(13, 2)
6246
(13, 2)
6247
(13, 3)
6248
(13, 3)
6249
(13, 3)
6250
(15, 1)
6251
(15, 1)
6252
(15, 1)
6253
(14, 1)
6254
(14, 1)
6255
(15, 1)
6256
(15, 1)
6257
(16, 2)
6258
(16, 2)
6259
(16, 2)
6260
(17, 3)
6261
(17, 3)
6262
(16, 2)
6263
(16, 2)
6264
(16, 2)
6265
(16, 2)
6266
(15, 3)
6267
(15, 3)
6268
(15, 3)
6269
(15, 3)
6270
(15, 3)
6271
(15, 3)
6272
(15, 3)
6273
(17, 3)
6274
(16, 2)
6275
(17, 3)
6276
(16, 1)
6277
(16, 1)
6278
(15, 1)
6279
(15, 1)
6280
(15, 1)
6281
(15, 1)
6282
(15, 1)
6283
(15, 1)
6284
(15, 1)
6285
(15, 1)
6286
(16, 2)
6287
(16, 2)
6288
(16, 2)
6289
(16, 2)
6290
(16, 2)
6291
(15, 1)
6292
(15, 1)
6293
(16, 2)
6294
(17, 2)
6295
(17, 3)
6296
(17, 3)
6297
(17, 2)
6298
(17, 3)
6299
(16, 2)
6300
(16, 3)
6301
(16, 3)
6302
(16, 3)
6303
(16, 3)
6304
(16, 3)
6305
(16, 3)
6306
(16, 3)
6307
(16, 1)
6308
(15, 1)
6309
(15, 1)
6310
(15, 1)
6311
(15, 1)
6312
(15, 1)
6313
(15, 1)
6314
(15, 1)
6315
(15, 1)
6316
(15, 1)
6317
(16, 2)
6318
(16, 2)
6319
(17, 2)
6320
(16, 2)
6321
(16, 2)
6322
(16, 2)
6323
(17, 3)
6324
(17, 3)
6325
(17, 3)
6326
(17, 3)
6327
(17, 2)
6328
(17, 2)
6329
(17, 2)
6330
(16, 2)
6331
(16, 2)
6332
(16, 2)
6333
(17, 3)
6334
(17, 3)
6335
(17, 2)
6336
(17, 3)
6337
(17, 3)
6338
(16, 1)
6339
(16, 1)
6340
(16, 1)
6341
(16, 1)
6342
(16, 1)
6343
(15, 1)
6344
(16, 1)
6345
(16, 1)
6346
(16, 1)
6347
(16, 1)
6348
(17, 2)
6349
(17, 2)
6350
(15, 3)
6351
(15, 3)
6352
(15, 3)
6353
(15, 3)
6354
(15, 3)
6355
(15, 3)
6356
(15, 3)
6357
(17, 2)
6358
(17, 2)
6359
(17, 2)
6360
(17, 2)
6361
(16, 2)
6362
(17, 2)
6363
(18, 3)
6364
(17, 3)
6365
(17, 3)
6366
(17, 3)
6367
(17, 2)
6368
(17, 2)
6369
(16, 2)
6370
(18, 3)
6371
(17, 3)
6372
(17, 2)
6373
(18, 3)
6374
(16, 1)
6375
(16, 1)
6376
(16, 2)
6377
(16, 2)
6378
(15, 3)
6379
(15, 3)
6380
(15, 3)
6381
(15, 3)
6382
(15, 3)
6383
(15, 3)
6384
(15, 3)
6385
(17, 2)
6386
(17, 2)
6387
(17, 2)
6388
(17, 2)
6389
(17, 2)
6390
(18, 3)
6391
(18, 3)
6392
(18, 3)
6393
(18, 3)
6394
(18, 3)
6395
(18, 3)
6396
(17, 2)
6397
(17, 2)
6398
(17, 2)
6399
(17, 2)
6400
(17, 2)
6401
(17, 2)
6402
(17, 1)
6403
(17, 1)
6404
(17, 1)
6405
(16, 2)
6406
(16, 2)
6407
(16, 3)
6408
(16, 3)
6409
(16, 3)
6410
(16, 3)
6411
(16, 3)
6412
(16, 3)
6413
(16, 3)
6414
(17, 2)
6415
(17, 2)
6416
(17, 2)
6417
(18, 3)
6418
(18, 3)
6419
(18, 3)
6420
(18, 2)
6421
(18, 2)
6422
(18, 2)
6423
(17, 2)
6424
(17, 2)
6425
(17, 2)
6426
(18, 3)
6427
(17, 2)
6428
(17, 2)
6429
(18, 3)
6430
(17, 1)
6431
(17, 1)
6432
(17, 1)
6433
(17, 1)
6434
(17, 1)
6435
(17, 1)
6436
(17, 2)
6437
(18, 2)
6438
(17, 2)
6439
(17, 2)
6440
(17, 2)
6441
(18, 3)
6442
(18, 3)
6443
(18, 3)
6444
(18, 3)
6445
(18, 2)
6446
(18, 2)
6447
(17, 2)
6448
(18, 3)
6449
(18, 2)
6450
(18, 2)
6451
(18, 3)
6452
(18, 2)
6453
(17, 1)
6454
(17, 1)
6455
(17, 1)
6456
(17, 2)
6457
(17, 2)
6458
(15, 4)
6459
(15, 4)
6460
(15, 4)
6461
(17, 1)
6462
(17, 1)
6463
(17, 1)
6464
(17, 1)
6465
(17, 1)
6466
(17, 1)
6467
(15, 4)
6468
(15, 4)
6469
(15, 4)
6470
(15, 4)
6471
(18, 2)
6472
(18, 2)
6473
(18, 2)
6474
(19, 3)
6475
(18, 3)
6476
(18, 3)
6477
(18, 3)
6478
(18, 2)
6479
(18, 2)
6480
(17, 2)
6481
(18, 2)
6482
(17, 2)
6483
(17, 2)
6484
(18, 2)
6485
(18, 2)
6486
(19, 3)
6487
(18, 3)
6488
(17, 1)
6489
(17, 1)
6490
(15, 4)
6491
(15, 4)
6492
(15, 4)
6493
(17, 1)
6494
(17, 1)
6495
(17, 1)
6496
(17, 1)
6497
(15, 4)
6498
(15, 4)
6499
(15, 4)
6500
(15, 4)
defaultdict(<function <lambda> at 0x2adab06f0c80>, {(7, 3): 84, (13, 4): 3, (1, 3): 35, (12, 1): 32, (9, 1): 150, (14, 4): 60, (11, 2): 150, (10, 6): 24, (17, 3): 63, (16, 2): 112, (2, 1): 150, (15, 1): 150, (8, 9): 7, (6, 2): 151, (9, 4): 25, (17, 2): 85, (5, 1): 151, (15, 5): 28, (10, 3): 150, (7, 2): 151, (10, 4): 65, (1, 2): 150, (12, 2): 152, (8, 7): 14, (3, 3): 66, (14, 5): 47, (13, 3): 42, (8, 1): 150, (8, 5): 14, (16, 3): 135, (16, 4): 14, (8, 10): 7, (6, 3): 61, (14, 1): 150, (11, 1): 77, (19, 3): 58, (18, 2): 62, (2, 2): 151, (15, 4): 52, (8, 6): 7, (4, 1): 150, (1, 1): 150, (12, 3): 152, (3, 2): 150, (13, 2): 69, (8, 2): 120, (7, 1): 150, (15, 3): 138, (9, 3): 57, (10, 5): 66, (17, 1): 87, (13, 6): 2, (19, 2): 33, (2, 3): 56, (10, 1): 150, (4, 2): 150, (14, 2): 38, (9, 6): 14, (5, 3): 62, (13, 1): 111, (8, 3): 152, (19, 1): 1, (18, 3): 65, (15, 2): 47, (16, 5): 7, (9, 2): 39, (6, 1): 150, (3, 1): 150, (18, 1): 51, (11, 3): 51, (14, 6): 10, (16, 1): 151, (8, 8): 7, (4, 3): 72, (13, 5): 5, (14, 3): 103, (9, 5): 26, (8, 4): 14, (5, 2): 151, (11, 6): 1, (10, 2): 107})
6501
(19, 3)
6502
(17, 1)
6503
(18, 2)
6504
(18, 2)
6505
(17, 1)
6506
(18, 2)
6507
(19, 3)
6508
(19, 3)
6509
(19, 3)
6510
(19, 3)
6511
(19, 3)
6512
(19, 3)
6513
(18, 2)
6514
(18, 2)
6515
(18, 2)
6516
(18, 2)
6517
(18, 2)
6518
(17, 2)
6519
(17, 2)
6520
(19, 3)
6521
(19, 3)
6522
(19, 3)
6523
(18, 2)
6524
(17, 1)
6525
(18, 1)
6526
(18, 1)
6527
(18, 1)
6528
(17, 1)
6529
(17, 1)
6530
(17, 1)
6531
(17, 1)
6532
(17, 1)
6533
(17, 1)
6534
(17, 1)
6535
(17, 1)
6536
(17, 1)
6537
(17, 1)
6538
(17, 1)
6539
(17, 1)
6540
(16, 4)
6541
(16, 4)
6542
(16, 4)
6543
(17, 1)
6544
(16, 4)
6545
(16, 4)
6546
(16, 4)
6547
(16, 4)
6548
(18, 2)
6549
(18, 2)
6550
(17, 1)
6551
(18, 2)
6552
(18, 2)
6553
(18, 2)
6554
(18, 2)
6555
(18, 2)
6556
(17, 1)
6557
(17, 1)
6558
(19, 3)
6559
(19, 3)
6560
(19, 2)
6561
(19, 3)
6562
(18, 2)
6563
(18, 2)
6564
(18, 2)
6565
(18, 2)
6566
(18, 2)
6567
(18, 2)
6568
(18, 2)
6569
(18, 1)
6570
(18, 1)
6571
(18, 1)
6572
(18, 1)
6573
(18, 1)
6574
(18, 1)
6575
(17, 1)
6576
(17, 1)
6577
(17, 1)
6578
(17, 1)
6579
(17, 1)
6580
(18, 1)
6581
(17, 1)
6582
(17, 1)
6583
(17, 1)
6584
(17, 1)
6585
(17, 1)
6586
(18, 1)
6587
(17, 1)
6588
(17, 1)
6589
(17, 1)
6590
(17, 1)
6591
(17, 1)
6592
(18, 1)
6593
(17, 1)
6594
(17, 1)
6595
(17, 1)
6596
(18, 2)
6597
(19, 2)
6598
(19, 3)
6599
(19, 3)
6600
(19, 2)
6601
(18, 1)
6602
(18, 1)
6603
(18, 1)
6604
(18, 1)
6605
(18, 1)
6606
(18, 2)
6607
(18, 2)
6608
(18, 1)
6609
(18, 1)
6610
(18, 1)
6611
(18, 1)
6612
(18, 1)
6613
(18, 2)
6614
(18, 2)
6615
(18, 1)
6616
(18, 1)
6617
(18, 1)
6618
(18, 1)
6619
(18, 1)
6620
(18, 2)
6621
(18, 2)
6622
(18, 2)
6623
(18, 2)
6624
(19, 2)
6625
(19, 2)
6626
(19, 2)
6627
(18, 1)
6628
(18, 1)
6629
(18, 1)
6630
(17, 1)
6631
(17, 1)
6632
(17, 1)
6633
(17, 1)
6634
(17, 1)
6635
(18, 1)
6636
(18, 1)
6637
(18, 1)
6638
(18, 1)
6639
(18, 1)
6640
(19, 2)
6641
(19, 2)
6642
(19, 2)
6643
(19, 2)
6644
(19, 2)
6645
(19, 2)
6646
(19, 2)
6647
(19, 2)
6648
(17, 1)
6649
(17, 1)
6650
(17, 1)
6651
(20, 3)
6652
(20, 3)
6653
(20, 3)
6654
(20, 3)
6655
(20, 3)
6656
(20, 3)
6657
(19, 2)
6658
(19, 2)
6659
(15, 4)
6660
(15, 4)
6661
(19, 2)
6662
(15, 4)
6663
(15, 4)
6664
(15, 4)
6665
(15, 4)
6666
(15, 4)
6667
(18, 1)
6668
(18, 1)
6669
(18, 1)
6670
(19, 1)
6671
(17, 1)
6672
(17, 1)
6673
(19, 1)
6674
(14, 6)
6675
(14, 6)
6676
(14, 6)
6677
(20, 3)
6678
(19, 3)
6679
(20, 3)
6680
(19, 3)
6681
(20, 3)
6682
(19, 3)
6683
(14, 6)
6684
(14, 6)
6685
(14, 6)
6686
(14, 6)
6687
(18, 1)
6688
(18, 1)
6689
(17, 1)
6690
(18, 2)
6691
(17, 1)
6692
(18, 1)
6693
(18, 1)
6694
(18, 1)
6695
(17, 1)
6696
(17, 1)
6697
(17, 1)
6698
(17, 1)
6699
(17, 1)
6700
(16, 2)
6701
(16, 2)
6702
(18, 1)
6703
(18, 1)
6704
(18, 1)
6705
(17, 1)
6706
(17, 1)
6707
(17, 1)
6708
(17, 1)
6709
(17, 1)
6710
(16, 2)
6711
(16, 2)
6712
(16, 5)
6713
(16, 5)
6714
(16, 5)
6715
(18, 1)
6716
(18, 1)
6717
(18, 1)
6718
(16, 5)
6719
(16, 5)
6720
(16, 5)
6721
(16, 5)
6722
(17, 1)
6723
(17, 1)
6724
(18, 1)
6725
(18, 1)
6726
(18, 1)
6727
(18, 1)
6728
(18, 1)
6729
(20, 3)
6730
(20, 3)
6731
(19, 2)
6732
(19, 2)
6733
(15, 4)
6734
(15, 4)
6735
(15, 4)
6736
(19, 2)
6737
(15, 4)
6738
(19, 2)
6739
(15, 4)
6740
(15, 4)
6741
(15, 4)
6742
(19, 2)
6743
(19, 2)
6744
(19, 2)
6745
(20, 3)
6746
(19, 3)
6747
(19, 3)
6748
(19, 3)
6749
(19, 2)
6750
(20, 3)
6751
(19, 3)
6752
(19, 3)
6753
(19, 2)
6754
(20, 3)
6755
(19, 3)
6756
(19, 2)
6757
(20, 3)
6758
(20, 3)
6759
(18, 2)
6760
(18, 2)
6761
(18, 2)
6762
(18, 2)
6763
(19, 2)
6764
(19, 2)
6765
(19, 2)
6766
(19, 2)
6767
(19, 2)
6768
(17, 1)
6769
(18, 1)
6770
(18, 1)
6771
(18, 1)
6772
(18, 1)
6773
(18, 1)
6774
(18, 1)
6775
(18, 1)
6776
(18, 1)
6777
(18, 1)
6778
(14, 6)
6779
(17, 1)
6780
(14, 6)
6781
(14, 6)
6782
(14, 6)
6783
(14, 6)
6784
(14, 6)
6785
(14, 6)
6786
(17, 1)
6787
(17, 1)
6788
(17, 1)
6789
(18, 1)
6790
(18, 1)
6791
(18, 1)
6792
(19, 2)
6793
(19, 2)
6794
(18, 1)
6795
(18, 1)
6796
(18, 1)
6797
(18, 1)
6798
(15, 6)
6799
(15, 6)
6800
(16, 4)
6801
(15, 6)
6802
(16, 4)
6803
(16, 4)
6804
(16, 4)
6805
(16, 4)
6806
(15, 6)
6807
(16, 4)
6808
(16, 4)
6809
(15, 6)
6810
(15, 6)
6811
(15, 6)
6812
(19, 2)
6813
(19, 2)
6814
(19, 2)
6815
(19, 2)
6816
(19, 2)
6817
(19, 2)
6818
(20, 2)
6819
(20, 2)
6820
(20, 2)
6821
(18, 1)
6822
(18, 1)
6823
(18, 1)
6824
(18, 1)
6825
(18, 1)
6826
(18, 1)
6827
(18, 1)
6828
(18, 1)
6829
(18, 1)
6830
(18, 1)
6831
(18, 2)
6832
(18, 2)
6833
(18, 3)
6834
(18, 1)
6835
(18, 1)
6836
(18, 1)
6837
(18, 1)
6838
(18, 1)
6839
(18, 2)
6840
(18, 2)
6841
(18, 3)
6842
(18, 1)
6843
(18, 1)
6844
(18, 1)
6845
(18, 1)
6846
(18, 1)
6847
(18, 2)
6848
(18, 2)
6849
(18, 3)
6850
(18, 1)
6851
(18, 1)
6852
(19, 2)
6853
(19, 2)
6854
(18, 1)
6855
(18, 1)
6856
(18, 1)
6857
(18, 1)
6858
(18, 1)
6859
(18, 1)
6860
(18, 1)
6861
(18, 1)
6862
(19, 1)
6863
(19, 1)
6864
(19, 1)
6865
(19, 1)
6866
(19, 1)
6867
(19, 1)
6868
(19, 1)
6869
(19, 1)
6870
(19, 1)
6871
(19, 2)
6872
(19, 1)
6873
(20, 3)
6874
(20, 3)
6875
(20, 3)
6876
(20, 3)
6877
(20, 3)
6878
(19, 2)
6879
(20, 3)
6880
(20, 3)
6881
(19, 2)
6882
(19, 1)
6883
(20, 3)
6884
(20, 3)
6885
(19, 2)
6886
(20, 3)
6887
(14, 6)
6888
(14, 6)
6889
(14, 6)
6890
(20, 2)
6891
(20, 2)
6892
(20, 2)
6893
(20, 2)
6894
(15, 6)
6895
(15, 6)
6896
(15, 6)
6897
(19, 2)
6898
(19, 2)
6899
(19, 2)
6900
(19, 2)
6901
(15, 6)
6902
(15, 6)
6903
(15, 6)
6904
(15, 6)
6905
(19, 2)
6906
(19, 2)
6907
(19, 2)
6908
(20, 2)
6909
(20, 2)
6910
(20, 2)
6911
(20, 2)
6912
(20, 2)
6913
(20, 2)
6914
(20, 2)
6915
(19, 1)
6916
(19, 1)
6917
(19, 1)
6918
(19, 1)
6919
(19, 1)
6920
(19, 1)
6921
(15, 5)
6922
(15, 5)
6923
(15, 5)
6924
(15, 5)
6925
(15, 5)
6926
(15, 5)
6927
(15, 5)
6928
(19, 2)
6929
(19, 2)
6930
(20, 3)
6931
(20, 3)
6932
(20, 3)
6933
(19, 1)
6934
(20, 2)
6935
(20, 2)
6936
(20, 1)
6937
(20, 3)
6938
(20, 3)
6939
(20, 3)
6940
(15, 5)
6941
(15, 5)
6942
(20, 2)
6943
(15, 5)
6944
(20, 2)
6945
(20, 2)
6946
(15, 5)
6947
(15, 5)
6948
(15, 5)
6949
(15, 5)
6950
(20, 2)
6951
(20, 2)
6952
(20, 2)
6953
(16, 6)
6954
(16, 6)
6955
(16, 6)
6956
(19, 2)
6957
(19, 1)
6958
(19, 1)
6959
(20, 2)
6960
(20, 2)
6961
(20, 2)
6962
(16, 6)
6963
(16, 6)
6964
(19, 1)
6965
(19, 1)
6966
(19, 1)
6967
(20, 1)
6968
(19, 1)
6969
(16, 5)
6970
(16, 5)
6971
(16, 5)
6972
(16, 5)
6973
(16, 5)
6974
(16, 5)
6975
(20, 1)
6976
(20, 2)
6977
(20, 2)
6978
(20, 2)
6979
(20, 2)
6980
(20, 3)
6981
(20, 3)
6982
(20, 3)
6983
(20, 2)
6984
(20, 2)
6985
(20, 2)
6986
(19, 1)
6987
(19, 1)
6988
(20, 3)
6989
(20, 3)
6990
(20, 3)
6991
(20, 3)
6992
(20, 3)
6993
(20, 3)
6994
(15, 7)
6995
(15, 7)
6996
(15, 7)
6997
(15, 7)
6998
(15, 7)
6999
(15, 7)
7000
(15, 7)
defaultdict(<function <lambda> at 0x2adab06f0c80>, {(7, 3): 84, (12, 1): 32, (16, 6): 5, (14, 4): 60, (13, 4): 3, (15, 1): 150, (8, 5): 14, (16, 3): 135, (17, 2): 87, (14, 1): 150, (19, 3): 82, (15, 4): 66, (1, 1): 150, (3, 2): 150, (8, 2): 120, (9, 3): 57, (14, 2): 38, (3, 1): 150, (20, 3): 41, (2, 1): 150, (8, 9): 7, (9, 4): 25, (5, 1): 151, (10, 3): 150, (7, 2): 151, (12, 2): 152, (14, 5): 47, (13, 3): 42, (7, 1): 150, (2, 2): 151, (8, 6): 7, (4, 1): 150, (10, 4): 65, (16, 4): 28, (17, 1): 153, (14, 6): 27, (13, 6): 2, (19, 2): 89, (15, 7): 7, (8, 3): 152, (9, 2): 39, (6, 1): 150, (11, 3): 51, (16, 1): 151, (14, 3): 103, (19, 1): 29, (1, 3): 35, (6, 2): 151, (18, 1): 151, (8, 10): 7, (12, 3): 152, (13, 2): 69, (18, 2): 105, (15, 3): 138, (20, 1): 3, (2, 3): 56, (8, 7): 14, (4, 2): 150, (9, 6): 14, (5, 3): 62, (10, 5): 66, (16, 5): 20, (13, 5): 5, (15, 6): 14, (8, 4): 14, (9, 1): 150, (11, 2): 150, (10, 6): 24, (16, 2): 116, (17, 3): 63, (15, 5): 42, (1, 2): 150, (3, 3): 66, (8, 1): 150, (6, 3): 61, (11, 1): 77, (10, 1): 150, (13, 1): 111, (18, 3): 68, (15, 2): 47, (20, 2): 32, (8, 8): 7, (4, 3): 72, (9, 5): 26, (5, 2): 151, (11, 6): 1, (10, 2): 107})
7001
(20, 2)
7002
(20, 2)
7003
(20, 2)
7004
(20, 2)
7005
(20, 1)
7006
(19, 1)
7007
(19, 1)
7008
(19, 1)
7009
(19, 1)
7010
(20, 1)
7011
(20, 1)
7012
(20, 1)
7013
(20, 1)
7014
(20, 2)
7015
(20, 2)
7016
(20, 1)
7017
(21, 3)
7018
(21, 3)
7019
(21, 3)
7020
(21, 3)
7021
(20, 2)
7022
(20, 2)
7023
(20, 2)
7024
(20, 1)
7025
(20, 1)
7026
(20, 1)
7027
(20, 1)
7028
(20, 1)
7029
(20, 1)
7030
(20, 1)
7031
(21, 3)
7032
(20, 3)
7033
(20, 1)
7034
(21, 3)
7035
(20, 3)
7036
(21, 3)
7037
(20, 3)
7038
(21, 3)
7039
(15, 7)
7040
(15, 7)
7041
(15, 7)
7042
(20, 1)
7043
(19, 1)
7044
(19, 1)
7045
(20, 1)
7046
(20, 1)
7047
(15, 7)
7048
(15, 7)
7049
(15, 7)
7050
(15, 7)
7051
(20, 2)
7052
(20, 2)
7053
(20, 2)
7054
(20, 1)
7055
(20, 1)
7056
(20, 1)
7057
(15, 5)
7058
(15, 5)
7059
(15, 5)
7060
(15, 5)
7061
(15, 5)
7062
(21, 2)
7063
(21, 2)
7064
(21, 3)
7065
(21, 3)
7066
(21, 2)
7067
(21, 2)
7068
(21, 3)
7069
(21, 3)
7070
(21, 2)
7071
(21, 2)
7072
(21, 3)
7073
(21, 3)
7074
(20, 1)
7075
(20, 1)
7076
(20, 1)
7077
(20, 2)
7078
(20, 2)
7079
(20, 2)
7080
(20, 2)
7081
(20, 2)
7082
(20, 2)
7083
(15, 5)
7084
(15, 5)
7085
(15, 5)
7086
(19, 1)
7087
(19, 1)
7088
(19, 1)
7089
(15, 5)
7090
(15, 5)
7091
(15, 5)
7092
(15, 5)
7093
(20, 1)
7094
(21, 3)
7095
(21, 3)
7096
(21, 3)
7097
(21, 2)
7098
(21, 2)
7099
(21, 2)
7100
(20, 1)
7101
(20, 1)
7102
(20, 1)
7103
(20, 1)
7104
(21, 3)
7105
(21, 3)
7106
(21, 3)
7107
(20, 1)
7108
(20, 1)
7109
(21, 3)
7110
(21, 3)
7111
(21, 3)
7112
(21, 3)
7113
(21, 3)
7114
(21, 3)
7115
(19, 1)
7116
(16, 7)
7117
(16, 7)
7118
(19, 1)
7119
(16, 7)
7120
(19, 1)
7121
(20, 1)
7122
(20, 1)
7123
(19, 1)
7124
(19, 1)
7125
(16, 7)
7126
(16, 7)
7127
(16, 7)
7128
(19, 1)
7129
(16, 7)
7130
(19, 1)
7131
(16, 5)
7132
(16, 5)
7133
(16, 5)
7134
(16, 5)
7135
(16, 5)
7136
(16, 5)
7137
(16, 5)
7138
(19, 1)
7139
(19, 1)
7140
(19, 1)
7141
(19, 1)
7142
(19, 1)
7143
(19, 1)
7144
(19, 1)
7145
(20, 1)
7146
(19, 1)
7147
(19, 1)
7148
(19, 1)
7149
(19, 1)
7150
(19, 1)
7151
(19, 2)
7152
(19, 2)
7153
(19, 3)
7154
(21, 2)
7155
(19, 1)
7156
(19, 1)
7157
(19, 1)
7158
(19, 1)
7159
(19, 1)
7160
(19, 2)
7161
(19, 2)
7162
(19, 3)
7163
(19, 1)
7164
(19, 1)
7165
(19, 1)
7166
(19, 1)
7167
(19, 1)
7168
(19, 2)
7169
(19, 2)
7170
(19, 1)
7171
(19, 1)
7172
(19, 1)
7173
(19, 1)
7174
(20, 1)
7175
(20, 1)
7176
(20, 1)
7177
(20, 1)
7178
(20, 1)
7179
(21, 2)
7180
(21, 2)
7181
(21, 2)
7182
(21, 2)
7183
(21, 2)
7184
(20, 1)
7185
(20, 1)
7186
(20, 2)
7187
(20, 2)
7188
(20, 2)
7189
(21, 2)
7190
(21, 2)
7191
(21, 2)
7192
(20, 1)
7193
(20, 1)
7194
(20, 1)
7195
(20, 1)
7196
(20, 1)
7197
(20, 1)
7198
(20, 1)
7199
(20, 1)
7200
(15, 7)
7201
(15, 7)
7202
(15, 7)
7203
(15, 7)
7204
(15, 7)
7205
(15, 7)
7206
(15, 7)
7207
(20, 1)
7208
(21, 1)
7209
(21, 1)
7210
(20, 1)
7211
(20, 1)
7212
(20, 1)
7213
(21, 1)
7214
(21, 1)
7215
(20, 1)
7216
(20, 1)
7217
(20, 1)
7218
(20, 1)
7219
(20, 1)
7220
(20, 2)
7221
(20, 2)
7222
(20, 1)
7223
(20, 1)
7224
(20, 1)
7225
(20, 1)
7226
(20, 1)
7227
(20, 2)
7228
(20, 2)
7229
(20, 1)
7230
(20, 1)
7231
(20, 1)
7232
(20, 1)
7233
(20, 1)
7234
(20, 2)
7235
(20, 2)
7236
(20, 1)
7237
(20, 1)
7238
(20, 1)
7239
(21, 2)
7240
(21, 2)
7241
(21, 2)
7242
(21, 2)
7243
(21, 2)
7244
(21, 1)
7245
(20, 1)
7246
(20, 1)
7247
(20, 1)
7248
(21, 2)
7249
(21, 2)
7250
(21, 2)
7251
(20, 1)
7252
(20, 1)
7253
(20, 1)
7254
(20, 1)
7255
(20, 1)
7256
(20, 2)
7257
(20, 2)
7258
(20, 1)
7259
(20, 1)
7260
(20, 1)
7261
(20, 1)
7262
(20, 1)
7263
(20, 2)
7264
(20, 2)
7265
(20, 1)
7266
(20, 1)
7267
(20, 1)
7268
(20, 1)
7269
(20, 1)
7270
(20, 2)
7271
(20, 2)
7272
(21, 1)
7273
(15, 6)
7274
(15, 6)
7275
(15, 6)
7276
(15, 6)
7277
(15, 6)
7278
(15, 6)
7279
(15, 6)
7280
(15, 7)
7281
(15, 7)
7282
(15, 7)
7283
(15, 7)
7284
(15, 7)
7285
(15, 7)
7286
(15, 7)
7287
(21, 1)
7288
(21, 2)
7289
(22, 2)
7290
(22, 3)
7291
(22, 3)
7292
(21, 1)
7293
(15, 6)
7294
(15, 6)
7295
(15, 6)
7296
(15, 6)
7297
(15, 6)
7298
(15, 6)
7299
(15, 6)
7300
(21, 2)
7301
(21, 2)
7302
(21, 2)
7303
(21, 1)
7304
(21, 1)
7305
(21, 1)
7306
(21, 1)
7307
(21, 1)
7308
(21, 1)
7309
(21, 1)
7310
(21, 1)
7311
(22, 3)
7312
(22, 3)
7313
(22, 3)
7314
(22, 3)
7315
(16, 6)
7316
(16, 6)
7317
(16, 6)
7318
(16, 7)
7319
(16, 7)
7320
(16, 7)
7321
(16, 7)
7322
(16, 7)
7323
(16, 7)
7324
(16, 7)
7325
(21, 1)
7326
(21, 1)
7327
(21, 1)
7328
(21, 2)
7329
(21, 2)
7330
(21, 2)
7331
(21, 1)
7332
(21, 1)
7333
(21, 1)
7334
(21, 1)
7335
(21, 1)
7336
(21, 1)
7337
(21, 1)
7338
(21, 1)
7339
(21, 1)
7340
(21, 1)
7341
(21, 1)
7342
(21, 1)
7343
(21, 1)
7344
(21, 1)
7345
(21, 1)
7346
(21, 1)
7347
(15, 8)
7348
(15, 8)
7349
(15, 8)
7350
(15, 8)
7351
(15, 8)
7352
(21, 1)
7353
(21, 1)
7354
(21, 1)
7355
(21, 1)
7356
(21, 1)
7357
(21, 1)
7358
(21, 1)
7359
(15, 7)
7360
(15, 7)
7361
(15, 7)
7362
(15, 7)
7363
(15, 7)
7364
(15, 7)
7365
(15, 7)
7366
(21, 1)
7367
(21, 1)
7368
(22, 1)
7369
(22, 1)
7370
(22, 1)
7371
(21, 1)
7372
(21, 1)
7373
(21, 1)
7374
(21, 1)
7375
(21, 1)
7376
(21, 1)
7377
(15, 8)
7378
(15, 8)
7379
(15, 8)
7380
(15, 8)
7381
(15, 8)
7382
(15, 8)
7383
(15, 8)
7384
(15, 7)
7385
(15, 7)
7386
(15, 7)
7387
(15, 7)
7388
(22, 1)
7389
(21, 1)
7390
(21, 1)
7391
(21, 1)
7392
(21, 1)
7393
(22, 1)
7394
(22, 1)
7395
(22, 1)
7396
(21, 1)
7397
(21, 1)
7398
(21, 1)
7399
(21, 1)
7400
(21, 1)
7401
(21, 2)
7402
(21, 2)
7403
(21, 1)
7404
(21, 1)
7405
(21, 1)
7406
(21, 1)
7407
(21, 1)
7408
(21, 2)
7409
(21, 2)
7410
(21, 1)
7411
(21, 1)
7412
(21, 1)
7413
(21, 1)
7414
(21, 1)
7415
(21, 2)
7416
(21, 2)
7417
(21, 1)
7418
(22, 1)
7419
(22, 1)
7420
(16, 7)
7421
(22, 1)
7422
(22, 1)
7423
(16, 7)
7424
(22, 1)
7425
(16, 7)
7426
(22, 1)
7427
(22, 1)
7428
(22, 2)
7429
(23, 2)
7430
(23, 2)
7431
(23, 2)
7432
(21, 1)
7433
(21, 1)
7434
(23, 2)
7435
(23, 2)
7436
(23, 2)
7437
(23, 2)
7438
(23, 2)
7439
(23, 2)
7440
(23, 2)
7441
(23, 2)
7442
(23, 2)
7443
(23, 2)
7444
(23, 2)
7445
(23, 2)
7446
(23, 2)
7447
(23, 2)
7448
(23, 2)
7449
(23, 2)
7450
(23, 2)
7451
(23, 2)
7452
(16, 8)
7453
(16, 8)
7454
(16, 8)
7455
(16, 8)
7456
(16, 8)
7457
(16, 8)
7458
(16, 8)
7459
(22, 1)
7460
(22, 1)
7461
(22, 1)
7462
(22, 1)
7463
(22, 1)
7464
(22, 1)
7465
(22, 1)
7466
(22, 1)
7467
(22, 1)
7468
(22, 1)
7469
(22, 1)
7470
(22, 1)
7471
(22, 1)
7472
(22, 1)
7473
(22, 1)
7474
(23, 2)
7475
(23, 2)
7476
(23, 2)
7477
(23, 2)
7478
(23, 2)
7479
(23, 2)
7480
(23, 2)
7481
(23, 2)
7482
(23, 2)
7483
(23, 2)
7484
(23, 2)
7485
(23, 2)
7486
(23, 2)
7487
(23, 2)
7488
(23, 2)
7489
(23, 2)
7490
(23, 2)
7491
(22, 2)
7492
(22, 2)
7493
(22, 2)
7494
(22, 2)
7495
(22, 2)
7496
(22, 2)
7497
(22, 2)
7498
(22, 2)
7499
(21, 2)
7500
(21, 2)
defaultdict(<function <lambda> at 0x2adab06f0c80>, {(7, 3): 84, (12, 1): 32, (16, 6): 8, (14, 4): 60, (13, 4): 3, (15, 1): 150, (8, 5): 14, (16, 3): 135, (17, 2): 87, (14, 1): 150, (19, 3): 84, (15, 4): 66, (1, 1): 150, (22, 3): 6, (3, 2): 150, (8, 2): 120, (9, 3): 57, (14, 2): 38, (3, 1): 150, (20, 3): 44, (21, 2): 41, (2, 1): 150, (8, 9): 7, (9, 4): 25, (5, 1): 151, (10, 3): 150, (7, 2): 151, (12, 2): 152, (14, 5): 47, (13, 3): 42, (7, 1): 150, (2, 2): 151, (8, 6): 7, (4, 1): 150, (10, 4): 65, (16, 4): 28, (17, 1): 153, (14, 6): 27, (13, 6): 2, (19, 2): 95, (15, 7): 39, (8, 3): 152, (9, 2): 39, (6, 1): 150, (11, 3): 51, (16, 1): 151, (14, 3): 103, (19, 1): 71, (1, 3): 35, (6, 2): 151, (18, 1): 151, (21, 1): 72, (8, 10): 7, (23, 2): 38, (12, 3): 152, (13, 2): 69, (18, 2): 105, (15, 3): 138, (20, 1): 91, (2, 3): 56, (8, 7): 14, (4, 2): 150, (9, 6): 14, (5, 3): 62, (10, 5): 66, (16, 5): 27, (16, 8): 7, (13, 5): 5, (15, 6): 28, (22, 1): 29, (8, 4): 14, (9, 1): 150, (11, 2): 150, (10, 6): 24, (16, 2): 116, (17, 3): 63, (15, 8): 12, (15, 5): 54, (1, 2): 150, (22, 2): 10, (3, 3): 66, (8, 1): 150, (6, 3): 61, (11, 1): 77, (16, 7): 17, (10, 1): 150, (13, 1): 111, (18, 3): 68, (15, 2): 47, (20, 2): 65, (21, 3): 26, (8, 8): 7, (4, 3): 72, (9, 5): 26, (5, 2): 151, (11, 6): 1, (10, 2): 107})
7501
(21, 2)
7502
(21, 2)
7503
(21, 2)
7504
(21, 2)
7505
(21, 2)
7506
(21, 2)
7507
(20, 2)
7508
(20, 2)
7509
(20, 2)
7510
(20, 2)
7511
(20, 2)
7512
(20, 2)
7513
(20, 2)
7514
(20, 2)
7515
(19, 2)
7516
(19, 2)
7517
(19, 2)
7518
(19, 2)
7519
(19, 2)
7520
(19, 2)
7521
(19, 2)
7522
(19, 2)
7523
(18, 2)
7524
(18, 2)
7525
(18, 2)
7526
(18, 2)
7527
(18, 2)
7528
(18, 2)
7529
(18, 2)
7530
(18, 2)
7531
(17, 2)
7532
(17, 2)
7533
(17, 2)
7534
(17, 2)
7535
(17, 2)
7536
(17, 2)
7537
(17, 2)
7538
(17, 2)
7539
(16, 2)
7540
(16, 2)
7541
(16, 2)
7542
(16, 2)
7543
(16, 2)
7544
(16, 3)
7545
(16, 3)
7546
(16, 3)
7547
(16, 3)
7548
(16, 3)
7549
(16, 2)
7550
(16, 2)
7551
(15, 3)
7552
(15, 3)
7553
(15, 3)
7554
(15, 3)
7555
(15, 3)
7556
(16, 2)
7557
(15, 2)
7558
(15, 3)
7559
(15, 3)
7560
(15, 3)
7561
(15, 3)
7562
(15, 3)
7563
(15, 3)
7564
(15, 3)
7565
(15, 3)
7566
(15, 3)
7567
(15, 3)
7568
(15, 2)
7569
(15, 2)
7570
(16, 3)
7571
(16, 2)
7572
(15, 2)
7573
(15, 2)
7574
(15, 2)
7575
(16, 3)
7576
(16, 2)
7577
(15, 2)
7578
(15, 2)
7579
(15, 2)
7580
(16, 3)
7581
(16, 2)
7582
(16, 3)
7583
(15, 2)
7584
(15, 2)
7585
(16, 2)
7586
(16, 3)
7587
(16, 2)
7588
(16, 2)
7589
(16, 2)
7590
(16, 3)
7591
(15, 2)
7592
(15, 2)
7593
(16, 2)
7594
(16, 3)
7595
(16, 2)
7596
(16, 2)
7597
(16, 2)
7598
(16, 3)
7599
(15, 2)
7600
(15, 2)
7601
(16, 2)
7602
(16, 2)
7603
(16, 2)
7604
(16, 2)
7605
(16, 2)
7606
(16, 2)
7607
(16, 2)
7608
(15, 2)
7609
(16, 2)
7610
(16, 2)
7611
(16, 2)
7612
(15, 2)
7613
(16, 2)
7614
(16, 2)
7615
(16, 2)
7616
(16, 2)
7617
(16, 2)
7618
(16, 2)
7619
(16, 3)
7620
(16, 3)
7621
(16, 3)
7622
(16, 3)
7623
(16, 3)
7624
(16, 3)
7625
(17, 2)
7626
(17, 2)
7627
(17, 2)
7628
(17, 2)
7629
(17, 2)
7630
(17, 2)
7631
(17, 2)
7632
(17, 2)
7633
(17, 2)
7634
(17, 2)
7635
(17, 2)
7636
(17, 2)
7637
(17, 2)
7638
(17, 2)
7639
(17, 2)
7640
(17, 2)
7641
(17, 2)
7642
(17, 2)
7643
(17, 2)
7644
(17, 2)
7645
(17, 2)
7646
(17, 2)
7647
(17, 2)
7648
(17, 2)
7649
(17, 2)
7650
(17, 2)
7651
(17, 2)
7652
(17, 2)
7653
(17, 2)
7654
(17, 2)
7655
(17, 2)
7656
(17, 2)
7657
(17, 2)
7658
(17, 2)
7659
(17, 2)
7660
(17, 2)
7661
(17, 2)
7662
(17, 2)
7663
(17, 2)
7664
(17, 2)
7665
(18, 2)
7666
(18, 2)
7667
(18, 2)
7668
(18, 2)
7669
(18, 2)
7670
(18, 2)
7671
(17, 2)
7672
(17, 2)
7673
(17, 2)
7674
(18, 2)
7675
(17, 2)
7676
(17, 2)
7677
(17, 2)
7678
(18, 2)
7679
(18, 2)
7680
(18, 2)
7681
(17, 2)
7682
(17, 2)
7683
(17, 2)
7684
(17, 2)
7685
(18, 2)
7686
(18, 2)
7687
(18, 2)
7688
(18, 2)
7689
(17, 2)
7690
(18, 2)
7691
(18, 2)
7692
(18, 2)
7693
(18, 2)
7694
(18, 2)
7695
(17, 2)
7696
(18, 2)
7697
(18, 2)
7698
(18, 2)
7699
(18, 2)
7700
(18, 2)
7701
(17, 2)
7702
(17, 2)
7703
(18, 2)
7704
(18, 2)
7705
(18, 2)
7706
(18, 2)
7707
(18, 2)
7708
(18, 2)
7709
(18, 2)
7710
(18, 2)
7711
(18, 2)
7712
(18, 2)
7713
(18, 2)
7714
(17, 2)
7715
(18, 2)
7716
(18, 2)
7717
(19, 2)
7718
(19, 2)
7719
(19, 2)
7720
(19, 2)
7721
(19, 2)
7722
(19, 2)
7723
(19, 2)
7724
(19, 2)
7725
(19, 2)
7726
(19, 2)
7727
(19, 2)
7728
(19, 2)
7729
(19, 2)
7730
(19, 2)
7731
(19, 2)
7732
(19, 2)
7733
(19, 2)
7734
(19, 2)
7735
(19, 2)
7736
(19, 2)
7737
(19, 2)
7738
(19, 2)
7739
(19, 2)
7740
(19, 2)
7741
(19, 2)
7742
(19, 2)
7743
(19, 2)
7744
(19, 2)
7745
(19, 2)
7746
(19, 2)
7747
(19, 2)
7748
(20, 2)
7749
(19, 2)
7750
(19, 2)
7751
(19, 2)
7752
(20, 2)
7753
(19, 2)
7754
(19, 2)
7755
(19, 2)
7756
(19, 2)
7757
(19, 2)
7758
(19, 2)
7759
(19, 2)
7760
(19, 2)
7761
(19, 2)
7762
(19, 2)
7763
(20, 2)
7764
(20, 2)
7765
(20, 2)
7766
(19, 2)
7767
(19, 2)
7768
(19, 2)
7769
(20, 2)
7770
(20, 2)
7771
(20, 2)
7772
(19, 1)
7773
(19, 1)
7774
(19, 1)
7775
(20, 2)
7776
(20, 2)
7777
(20, 2)
7778
(20, 2)
7779
(20, 2)
7780
(20, 2)
7781
(20, 2)
7782
(20, 2)
7783
(20, 2)
7784
(20, 2)
7785
(20, 2)
7786
(20, 2)
7787
(20, 2)
7788
(20, 2)
7789
(20, 2)
7790
(20, 2)
7791
(20, 2)
7792
(21, 2)
7793
(20, 2)
7794
(20, 2)
7795
(20, 2)
7796
(20, 2)
7797
(20, 2)
7798
(20, 2)
7799
(20, 2)
7800
(20, 2)
7801
(20, 2)
7802
(20, 2)
7803
(21, 2)
7804
(20, 2)
7805
(20, 2)
7806
(20, 2)
7807
(20, 2)
7808
(21, 2)
7809
(20, 2)
7810
(21, 2)
7811
(19, 1)
7812
(19, 1)
7813
(19, 1)
7814
(19, 1)
7815
(19, 1)
7816
(19, 1)
7817
(19, 1)
7818
(19, 1)
7819
(19, 1)
7820
(19, 1)
7821
(19, 1)
7822
(19, 1)
7823
(19, 1)
7824
(19, 1)
7825
(19, 1)
7826
(19, 1)
7827
(19, 1)
7828
(20, 2)
7829
(20, 2)
7830
(20, 2)
7831
(20, 2)
7832
(21, 2)
7833
(21, 2)
7834
(21, 2)
7835
(20, 2)
7836
(20, 2)
7837
(20, 2)
7838
(20, 2)
7839
(20, 2)
7840
(20, 2)
7841
(20, 2)
7842
(21, 2)
7843
(21, 2)
7844
(21, 2)
7845
(20, 1)
7846
(20, 1)
7847
(20, 1)
7848
(19, 1)
7849
(19, 1)
7850
(19, 1)
7851
(19, 1)
7852
(19, 1)
7853
(19, 1)
7854
(19, 1)
7855
(19, 1)
7856
(19, 1)
7857
(19, 1)
7858
(19, 1)
7859
(19, 1)
7860
(19, 1)
7861
(19, 1)
7862
(19, 1)
7863
(21, 2)
7864
(20, 2)
7865
(20, 2)
7866
(20, 2)
7867
(21, 2)
7868
(21, 2)
7869
(21, 2)
7870
(21, 2)
7871
(21, 2)
7872
(20, 2)
7873
(20, 2)
7874
(20, 2)
7875
(20, 2)
7876
(20, 2)
7877
(21, 2)
7878
(20, 1)
7879
(20, 1)
7880
(20, 1)
7881
(20, 1)
7882
(19, 1)
7883
(19, 1)
7884
(19, 1)
7885
(19, 1)
7886
(19, 1)
7887
(20, 1)
7888
(19, 1)
7889
(19, 1)
7890
(19, 1)
7891
(19, 1)
7892
(19, 1)
7893
(20, 1)
7894
(19, 1)
7895
(19, 1)
7896
(19, 1)
7897
(19, 1)
7898
(19, 1)
7899
(21, 2)
7900
(20, 2)
7901
(20, 2)
7902
(21, 2)
7903
(21, 2)
7904
(21, 2)
7905
(21, 2)
7906
(21, 2)
7907
(20, 2)
7908
(21, 2)
7909
(21, 2)
7910
(21, 2)
7911
(21, 2)
7912
(21, 2)
7913
(21, 2)
7914
(21, 2)
7915
(20, 1)
7916
(20, 1)
7917
(20, 1)
7918
(20, 1)
7919
(19, 1)
7920
(19, 1)
7921
(19, 1)
7922
(19, 1)
7923
(19, 1)
7924
(20, 1)
7925
(20, 1)
7926
(19, 1)
7927
(19, 1)
7928
(19, 1)
7929
(19, 1)
7930
(19, 1)
7931
(20, 2)
7932
(21, 2)
7933
(21, 2)
7934
(21, 2)
7935
(21, 2)
7936
(22, 2)
7937
(21, 2)
7938
(21, 2)
7939
(22, 2)
7940
(21, 2)
7941
(21, 2)
7942
(20, 2)
7943
(20, 2)
7944
(20, 2)
7945
(20, 2)
7946
(21, 2)
7947
(20, 1)
7948
(20, 1)
7949
(20, 1)
7950
(20, 1)
7951
(20, 1)
7952
(20, 1)
7953
(19, 1)
7954
(19, 1)
7955
(19, 1)
7956
(19, 1)
7957
(20, 1)
7958
(20, 1)
7959
(20, 1)
7960
(20, 1)
7961
(19, 1)
7962
(19, 1)
7963
(19, 1)
7964
(19, 1)
7965
(21, 2)
7966
(20, 1)
7967
(20, 1)
7968
(20, 1)
7969
(21, 2)
7970
(21, 2)
7971
(21, 2)
7972
(21, 2)
7973
(21, 2)
7974
(22, 2)
7975
(22, 2)
7976
(22, 2)
7977
(21, 2)
7978
(22, 2)
7979
(22, 2)
7980
(22, 2)
7981
(21, 2)
7982
(20, 2)
7983
(20, 2)
7984
(21, 2)
7985
(21, 2)
7986
(20, 1)
7987
(21, 1)
7988
(21, 1)
7989
(21, 1)
7990
(20, 1)
7991
(19, 1)
7992
(19, 1)
7993
(19, 1)
7994
(19, 1)
7995
(19, 1)
7996
(19, 1)
7997
(20, 1)
7998
(20, 1)
7999
(20, 1)
8000
(20, 1)
defaultdict(<function <lambda> at 0x2adab06f0c80>, {(7, 3): 84, (12, 1): 32, (16, 6): 8, (14, 4): 60, (13, 4): 3, (15, 1): 150, (8, 5): 14, (16, 3): 154, (17, 2): 150, (14, 1): 150, (19, 3): 84, (15, 4): 66, (1, 1): 150, (22, 3): 6, (3, 2): 150, (8, 2): 120, (9, 3): 57, (14, 2): 38, (3, 1): 150, (20, 3): 44, (21, 2): 96, (2, 1): 150, (8, 9): 7, (9, 4): 25, (5, 1): 151, (10, 3): 150, (7, 2): 151, (12, 2): 152, (14, 5): 47, (13, 3): 42, (7, 1): 150, (2, 2): 151, (8, 6): 7, (4, 1): 150, (10, 4): 65, (16, 4): 28, (17, 1): 153, (14, 6): 27, (13, 6): 2, (19, 2): 150, (15, 7): 39, (8, 3): 152, (9, 2): 39, (6, 1): 150, (11, 3): 51, (16, 1): 151, (14, 3): 103, (19, 1): 145, (1, 3): 35, (6, 2): 151, (18, 1): 151, (21, 1): 75, (8, 10): 7, (23, 2): 38, (12, 3): 152, (13, 2): 69, (18, 2): 150, (15, 3): 153, (20, 1): 125, (2, 3): 56, (8, 7): 14, (4, 2): 150, (9, 6): 14, (5, 3): 62, (10, 5): 66, (16, 5): 27, (16, 8): 7, (13, 5): 5, (15, 6): 28, (22, 1): 29, (8, 4): 14, (9, 1): 150, (11, 2): 150, (10, 6): 24, (16, 2): 151, (17, 3): 63, (15, 8): 12, (15, 5): 54, (1, 2): 150, (22, 2): 18, (3, 3): 66, (8, 1): 150, (6, 3): 61, (11, 1): 77, (16, 7): 17, (10, 1): 150, (13, 1): 111, (18, 3): 68, (15, 2): 64, (20, 2): 142, (21, 3): 26, (8, 8): 7, (4, 3): 72, (9, 5): 26, (5, 2): 151, (11, 6): 1, (10, 2): 107})
8001
(20, 1)
8002
(19, 1)
8003
(19, 1)
8004
(19, 1)
8005
(20, 1)
8006
(20, 1)
8007
(20, 1)
8008
(20, 1)
8009
(20, 1)
8010
(19, 1)
8011
(19, 1)
8012
(20, 1)
8013
(20, 1)
8014
(20, 1)
8015
(20, 1)
8016
(20, 1)
8017
(21, 2)
8018
(20, 1)
8019
(21, 2)
8020
(21, 2)
8021
(21, 2)
8022
(21, 2)
8023
(20, 1)
8024
(20, 1)
8025
(22, 2)
8026
(22, 2)
8027
(22, 2)
8028
(22, 2)
8029
(22, 2)
8030
(21, 2)
8031
(21, 2)
8032
(21, 2)
8033
(21, 2)
8034
(21, 2)
8035
(21, 1)
8036
(21, 1)
8037
(21, 1)
8038
(21, 1)
8039
(20, 1)
8040
(20, 1)
8041
(20, 1)
8042
(20, 1)
8043
(20, 1)
8044
(21, 1)
8045
(20, 1)
8046
(20, 1)
8047
(20, 1)
8048
(20, 1)
8049
(20, 1)
8050
(21, 1)
8051
(20, 1)
8052
(22, 2)
8053
(21, 2)
8054
(22, 2)
8055
(22, 2)
8056
(22, 2)
8057
(22, 2)
8058
(22, 2)
8059
(22, 2)
8060
(21, 2)
8061
(22, 2)
8062
(22, 2)
8063
(22, 2)
8064
(22, 2)
8065
(22, 2)
8066
(21, 1)
8067
(21, 2)
8068
(21, 1)
8069
(21, 1)
8070
(22, 2)
8071
(22, 2)
8072
(22, 2)
8073
(22, 2)
8074
(22, 2)
8075
(21, 2)
8076
(21, 2)
8077
(21, 2)
8078
(22, 2)
8079
(22, 2)
8080
(21, 1)
8081
(21, 1)
8082
(21, 1)
8083
(22, 1)
8084
(22, 1)
8085
(22, 1)
8086
(21, 1)
8087
(21, 1)
8088
(21, 1)
8089
(21, 1)
8090
(21, 1)
8091
(21, 1)
8092
(21, 1)
8093
(21, 1)
8094
(21, 1)
8095
(21, 1)
8096
(21, 1)
8097
(21, 1)
8098
(21, 1)
8099
(22, 1)
8100
(22, 1)
8101
(21, 1)
8102
(21, 1)
8103
(22, 1)
8104
(22, 1)
8105
(22, 1)
8106
(22, 1)
8107
(22, 1)
8108
(22, 1)
8109
(21, 1)
8110
(22, 2)
8111
(22, 2)
8112
(21, 2)
8113
(21, 2)
8114
(21, 2)
8115
(22, 2)
8116
(15, 9)
8117
(15, 9)
8118
(15, 9)
8119
(21, 1)
8120
(22, 1)
8121
(15, 9)
8122
(15, 9)
8123
(15, 9)
8124
(15, 9)
8125
(21, 1)
8126
(21, 1)
8127
(21, 1)
8128
(21, 1)
8129
(21, 1)
8130
(21, 1)
8131
(21, 1)
8132
(22, 1)
8133
(22, 1)
8134
(15, 7)
8135
(15, 7)
8136
(15, 7)
8137
(15, 7)
8138
(15, 7)
8139
(15, 7)
8140
(15, 7)
8141
(22, 2)
8142
(21, 1)
8143
(22, 1)
8144
(22, 1)
8145
(22, 1)
8146
(21, 1)
8147
(22, 2)
8148
(22, 2)
8149
(22, 2)
8150
(22, 2)
8151
(21, 1)
8152
(22, 1)
8153
(21, 1)
8154
(21, 1)
8155
(21, 1)
8156
(21, 1)
8157
(21, 1)
8158
(22, 2)
8159
(22, 2)
8160
(21, 1)
8161
(21, 1)
8162
(22, 1)
8163
(22, 1)
8164
(22, 1)
8165
(22, 1)
8166
(15, 7)
8167
(15, 7)
8168
(15, 7)
8169
(15, 7)
8170
(15, 7)
8171
(15, 7)
8172
(15, 7)
8173
(23, 1)
8174
(21, 1)
8175
(23, 1)
8176
(22, 1)
8177
(22, 1)
8178
(22, 1)
8179
(23, 1)
8180
(23, 2)
8181
(23, 2)
8182
(23, 2)
8183
(23, 1)
8184
(23, 1)
8185
(23, 1)
8186
(23, 2)
8187
(22, 2)
8188
(22, 2)
8189
(15, 9)
8190
(15, 9)
8191
(15, 9)
8192
(23, 2)
8193
(15, 9)
8194
(15, 9)
8195
(15, 9)
8196
(15, 9)
8197
(21, 1)
8198
(21, 1)
8199
(16, 7)
8200
(16, 7)
8201
(16, 7)
8202
(23, 1)
8203
(23, 1)
8204
(23, 1)
8205
(23, 2)
8206
(23, 1)
8207
(23, 2)
8208
(23, 2)
8209
(23, 2)
8210
(23, 2)
8211
(23, 2)
8212
(23, 2)
8213
(23, 2)
8214
(23, 2)
8215
(23, 2)
8216
(23, 2)
8217
(23, 2)
8218
(22, 2)
8219
(22, 2)
8220
(22, 2)
8221
(22, 2)
8222
(22, 2)
8223
(22, 2)
8224
(22, 2)
8225
(22, 2)
8226
(21, 2)
8227
(21, 2)
8228
(21, 2)
8229
(21, 2)
8230
(21, 2)
8231
(21, 2)
8232
(21, 2)
8233
(21, 2)
8234
(20, 2)
8235
(20, 2)
8236
(20, 2)
8237
(20, 2)
8238
(20, 2)
8239
(20, 2)
8240
(20, 2)
8241
(20, 2)
8242
(21, 2)
8243
(21, 2)
8244
(21, 2)
8245
(21, 2)
8246
(21, 2)
8247
(21, 2)
8248
(21, 2)
8249
(21, 2)
8250
(21, 2)
8251
(21, 2)
8252
(21, 2)
8253
(21, 2)
8254
(21, 2)
8255
(21, 2)
8256
(21, 2)
8257
(21, 2)
8258
(21, 2)
8259
(21, 2)
8260
(21, 2)
8261
(21, 2)
8262
(21, 2)
8263
(21, 2)
8264
(21, 2)
8265
(21, 2)
8266
(21, 2)
8267
(21, 2)
8268
(21, 2)
8269
(21, 2)
8270
(22, 2)
8271
(22, 2)
8272
(22, 2)
8273
(22, 2)
8274
(22, 2)
8275
(22, 2)
8276
(22, 2)
8277
(22, 2)
8278
(22, 2)
8279
(22, 2)
8280
(22, 2)
8281
(22, 2)
8282
(22, 2)
8283
(22, 2)
8284
(22, 2)
8285
(22, 2)
8286
(22, 2)
8287
(22, 2)
8288
(22, 2)
8289
(22, 2)
8290
(22, 2)
8291
(22, 2)
8292
(22, 2)
8293
(22, 2)
8294
(22, 2)
8295
(22, 2)
8296
(22, 2)
8297
(22, 2)
8298
(22, 2)
8299
(22, 2)
8300
(22, 2)
8301
(22, 2)
8302
(22, 2)
8303
(21, 1)
8304
(21, 1)
8305
(21, 1)
8306
(21, 1)
8307
(21, 1)
8308
(21, 1)
8309
(21, 1)
8310
(21, 1)
8311
(21, 1)
8312
(21, 1)
8313
(22, 2)
8314
(22, 2)
8315
(22, 2)
8316
(22, 2)
8317
(22, 1)
8318
(21, 1)
8319
(21, 1)
8320
(21, 1)
8321
(21, 1)
8322
(21, 1)
8323
(22, 2)
8324
(21, 1)
8325
(22, 2)
8326
(22, 2)
8327
(22, 2)
8328
(22, 2)
8329
(21, 1)
8330
(21, 1)
8331
(21, 1)
8332
(21, 1)
8333
(21, 1)
8334
(22, 2)
8335
(22, 2)
8336
(22, 2)
8337
(22, 2)
8338
(22, 2)
8339
(23, 2)
8340
(23, 2)
8341
(22, 2)
8342
(22, 2)
8343
(23, 2)
8344
(23, 1)
8345
(23, 2)
8346
(23, 2)
8347
(23, 2)
8348
(23, 2)
8349
(23, 1)
8350
(23, 2)
8351
(23, 2)
8352
(21, 1)
8353
(23, 1)
8354
(23, 1)
8355
(23, 1)
8356
(23, 2)
8357
(22, 1)
8358
(22, 1)
8359
(21, 1)
8360
(22, 1)
8361
(22, 1)
8362
(22, 1)
8363
(22, 2)
8364
(22, 2)
8365
(21, 1)
8366
(21, 1)
8367
(23, 1)
8368
(23, 1)
8369
(23, 1)
8370
(22, 2)
8371
(22, 2)
8372
(22, 2)
8373
(23, 1)
8374
(23, 1)
8375
(23, 1)
8376
(23, 1)
8377
(23, 2)
8378
(23, 2)
8379
(23, 2)
8380
(23, 2)
8381
(23, 2)
8382
(23, 2)
8383
(23, 2)
8384
(22, 2)
8385
(22, 2)
8386
(22, 2)
8387
(22, 2)
8388
(22, 2)
8389
(22, 2)
8390
(22, 2)
8391
(22, 2)
8392
(22, 2)
8393
(22, 2)
8394
(22, 2)
8395
(22, 2)
8396
(22, 2)
8397
(22, 2)
8398
(22, 2)
8399
(22, 2)
8400
(22, 2)
8401
(22, 2)
8402
(22, 2)
8403
(22, 2)
8404
(22, 2)
8405
(22, 2)
8406
(22, 2)
8407
(22, 2)
8408
(22, 2)
8409
(22, 2)
8410
(22, 2)
8411
(22, 2)
8412
(22, 2)
8413
(22, 2)
8414
(22, 2)
8415
(22, 2)
8416
(22, 2)
8417
(22, 2)
8418
(23, 2)
8419
(23, 2)
8420
(23, 2)
8421
(23, 2)
8422
(23, 2)
8423
(23, 2)
8424
(23, 1)
8425
(23, 1)
8426
(23, 1)
8427
(23, 1)
8428
(23, 2)
8429
(23, 2)
8430
(23, 1)
8431
(23, 1)
8432
(23, 1)
8433
(23, 1)
8434
(23, 2)
8435
(23, 2)
8436
(22, 1)
8437
(23, 1)
8438
(23, 1)
8439
(23, 1)
8440
(16, 9)
8441
(16, 9)
8442
(16, 9)
8443
(16, 9)
8444
(16, 9)
8445
(16, 9)
8446
(16, 9)
8447
(23, 1)
8448
(23, 1)
8449
(23, 2)
8450
(23, 2)
8451
(23, 2)
8452
(23, 2)
8453
(23, 2)
8454
(23, 2)
8455
(23, 2)
8456
(23, 2)
8457
(23, 2)
8458
(23, 2)
8459
(23, 2)
8460
(23, 2)
8461
(23, 2)
8462
(23, 2)
8463
(23, 2)
8464
(23, 2)
8465
(23, 2)
8466
(23, 2)
8467
(23, 2)
8468
(23, 2)
8469
(23, 2)
8470
(23, 2)
8471
(23, 1)
8472
(23, 1)
8473
(23, 2)
8474
(23, 2)
8475
(23, 2)
8476
(23, 2)
8477
(23, 1)
8478
(23, 1)
8479
(23, 2)
8480
(23, 2)
8481
(22, 1)
8482
(22, 1)
8483
(21, 1)
8484
(23, 2)
8485
(23, 2)
8486
(23, 2)
8487
(23, 2)
8488
(22, 1)
8489
(22, 1)
8490
(23, 2)
8491
(22, 1)
8492
(22, 1)
8493
(23, 2)
8494
(22, 1)
8495
(22, 1)
8496
(22, 1)
8497
(23, 2)
8498
(23, 1)
8499
(22, 1)
8500
(22, 1)
defaultdict(<function <lambda> at 0x2adab06f0c80>, {(7, 3): 84, (12, 1): 32, (16, 6): 8, (16, 9): 7, (14, 4): 60, (13, 4): 3, (15, 1): 150, (8, 5): 14, (16, 3): 154, (17, 2): 150, (14, 1): 150, (19, 3): 84, (15, 4): 66, (1, 1): 150, (22, 3): 6, (3, 2): 150, (8, 2): 120, (9, 3): 57, (14, 2): 38, (3, 1): 150, (20, 3): 44, (21, 2): 151, (2, 1): 150, (8, 9): 7, (9, 4): 25, (5, 1): 151, (10, 3): 150, (7, 2): 151, (12, 2): 152, (14, 5): 47, (13, 3): 42, (7, 1): 150, (2, 2): 151, (8, 6): 7, (4, 1): 150, (10, 4): 65, (16, 4): 28, (17, 1): 153, (14, 6): 27, (13, 6): 2, (19, 2): 150, (15, 7): 53, (8, 3): 152, (9, 2): 39, (6, 1): 150, (11, 3): 51, (16, 1): 151, (15, 9): 14, (14, 3): 103, (19, 1): 150, (1, 3): 35, (6, 2): 151, (18, 1): 151, (21, 1): 150, (8, 10): 7, (23, 2): 117, (12, 3): 152, (13, 2): 69, (18, 2): 150, (15, 3): 153, (20, 1): 150, (2, 3): 56, (8, 7): 14, (23, 1): 40, (4, 2): 150, (9, 6): 14, (5, 3): 62, (10, 5): 66, (16, 5): 27, (16, 8): 7, (13, 5): 5, (15, 6): 28, (22, 1): 72, (8, 4): 14, (9, 1): 150, (11, 2): 150, (10, 6): 24, (16, 2): 151, (17, 3): 63, (15, 8): 12, (15, 5): 54, (1, 2): 150, (22, 2): 150, (3, 3): 66, (8, 1): 150, (6, 3): 61, (11, 1): 77, (16, 7): 20, (10, 1): 150, (13, 1): 111, (18, 3): 68, (15, 2): 64, (20, 2): 150, (21, 3): 26, (8, 8): 7, (4, 3): 72, (9, 5): 26, (5, 2): 151, (11, 6): 1, (10, 2): 107})
8501
(22, 1)
8502
(22, 1)
8503
(22, 1)
8504
(23, 1)
8505
(23, 2)
8506
(22, 1)
8507
(22, 1)
8508
(22, 1)
8509
(22, 1)
8510
(22, 1)
8511
(23, 1)
8512
(23, 1)
8513
(22, 1)
8514
(22, 1)
8515
(22, 1)
8516
(22, 1)
8517
(22, 1)
8518
(23, 1)
8519
(23, 1)
8520
(23, 1)
8521
(23, 1)
8522
(22, 1)
8523
(22, 1)
8524
(22, 1)
8525
(23, 1)
8526
(22, 1)
8527
(22, 1)
8528
(22, 1)
8529
(22, 1)
8530
(22, 1)
8531
(22, 1)
8532
(22, 1)
8533
(23, 1)
8534
(23, 1)
8535
(22, 1)
8536
(22, 1)
8537
(22, 1)
8538
(22, 1)
8539
(15, 8)
8540
(15, 8)
8541
(15, 8)
8542
(15, 8)
8543
(15, 8)
8544
(15, 8)
8545
(15, 8)
8546
(22, 1)
8547
(22, 1)
8548
(23, 1)
8549
(22, 1)
8550
(22, 1)
8551
(22, 1)
8552
(22, 1)
8553
(23, 1)
8554
(22, 1)
8555
(22, 1)
8556
(15, 10)
8557
(15, 10)
8558
(15, 10)
8559
(22, 1)
8560
(22, 1)
8561
(22, 1)
8562
(15, 10)
8563
(15, 10)
8564
(15, 10)
8565
(15, 10)
8566
(23, 1)
8567
(22, 1)
8568
(23, 1)
8569
(22, 1)
8570
(22, 1)
8571
(15, 8)
8572
(15, 8)
8573
(15, 8)
8574
(22, 1)
8575
(22, 1)
8576
(22, 1)
8577
(22, 1)
8578
(22, 1)
8579
(22, 1)
8580
(22, 1)
8581
(22, 1)
8582
(22, 1)
8583
(22, 1)
8584
(22, 1)
8585
(22, 1)
8586
(15, 8)
8587
(15, 8)
8588
(22, 1)
8589
(22, 1)
8590
(22, 1)
8591
(23, 1)
8592
(22, 1)
8593
(22, 1)
8594
(22, 1)
8595
(22, 1)
8596
(22, 1)
8597
(22, 1)
8598
(22, 1)
8599
(22, 1)
8600
(22, 1)
8601
(22, 1)
8602
(22, 1)
8603
(22, 1)
8604
(22, 1)
8605
(22, 1)
8606
(22, 1)
8607
(22, 1)
8608
(22, 1)
8609
(22, 1)
8610
(22, 1)
8611
(22, 1)
8612
(22, 1)
8613
(23, 1)
8614
(22, 1)
8615
(23, 1)
8616
(22, 1)
8617
(23, 1)
8618
(23, 1)
8619
(23, 1)
8620
(16, 8)
8621
(16, 8)
8622
(16, 8)
8623
(16, 8)
8624
(16, 8)
8625
(16, 8)
8626
(16, 8)
8627
(15, 10)
8628
(15, 10)
8629
(15, 10)
8630
(15, 10)
8631
(15, 10)
8632
(15, 10)
8633
(15, 10)
8634
(23, 1)
8635
(23, 1)
8636
(23, 1)
8637
(23, 1)
8638
(23, 1)
8639
(23, 1)
8640
(23, 1)
8641
(23, 1)
8642
(23, 1)
8643
(23, 1)
8644
(23, 1)
8645
(23, 1)
8646
(23, 1)
8647
(23, 1)
8648
(23, 2)
8649
(23, 2)
8650
(23, 2)
8651
(23, 2)
8652
(23, 2)
8653
(23, 2)
8654
(23, 1)
8655
(23, 1)
8656
(23, 1)
8657
(23, 1)
8658
(23, 2)
8659
(23, 2)
8660
(23, 2)
8661
(23, 2)
8662
(23, 1)
8663
(23, 1)
8664
(23, 1)
8665
(23, 1)
8666
(23, 1)
8667
(23, 1)
8668
(23, 2)
8669
(23, 2)
8670
(23, 2)
8671
(23, 2)
8672
(23, 1)
8673
(23, 1)
8674
(23, 1)
8675
(23, 1)
8676
(23, 1)
8677
(23, 1)
8678
(23, 1)
8679
(23, 1)
8680
(23, 1)
8681
(23, 1)
8682
(23, 1)
8683
(23, 1)
8684
(23, 1)
8685
(23, 1)
8686
(23, 1)
8687
(16, 10)
8688
(16, 10)
8689
(16, 10)
8690
(23, 1)
8691
(16, 10)
8692
(16, 10)
8693
(16, 10)
8694
(16, 10)
8695
(23, 1)
8696
(23, 1)
8697
(23, 1)
8698
(23, 1)
8699
(23, 2)
8700
(23, 2)
8701
(23, 2)
8702
(23, 2)
8703
(23, 1)
8704
(23, 1)
8705
(23, 1)
8706
(23, 1)
8707
(23, 1)
8708
(23, 1)
8709
(23, 1)
8710
(23, 1)
8711
(23, 1)
8712
(23, 1)
8713
(23, 2)
8714
(23, 2)
8715
(23, 2)
8716
(23, 2)
8717
(23, 2)
8718
(23, 2)
8719
(23, 2)
8720
(23, 2)
8721
(23, 3)
8722
(23, 3)
8723
(23, 3)
8724
(23, 3)
8725
(23, 3)
8726
(22, 3)
8727
(22, 3)
8728
(22, 3)
8729
(22, 3)
8730
(22, 3)
8731
(22, 3)
8732
(22, 3)
8733
(22, 3)
8734
(21, 3)
8735
(21, 3)
8736
(21, 3)
8737
(21, 3)
8738
(21, 3)
8739
(21, 3)
8740
(21, 3)
8741
(21, 3)
8742
(20, 3)
8743
(20, 3)
8744
(20, 3)
8745
(20, 3)
8746
(20, 3)
8747
(20, 3)
8748
(20, 3)
8749
(20, 3)
8750
(19, 3)
8751
(19, 3)
8752
(19, 3)
8753
(19, 3)
8754
(19, 3)
8755
(19, 3)
8756
(19, 3)
8757
(19, 3)
8758
(18, 3)
8759
(18, 3)
8760
(18, 3)
8761
(18, 3)
8762
(18, 3)
8763
(18, 3)
8764
(18, 3)
8765
(18, 3)
8766
(17, 3)
8767
(17, 3)
8768
(17, 3)
8769
(17, 3)
8770
(17, 3)
8771
(17, 3)
8772
(17, 3)
8773
(17, 3)
8774
(17, 3)
8775
(17, 3)
8776
(17, 3)
8777
(17, 3)
8778
(17, 3)
8779
(17, 3)
8780
(17, 3)
8781
(17, 3)
8782
(17, 3)
8783
(17, 3)
8784
(17, 3)
8785
(17, 3)
8786
(17, 3)
8787
(17, 3)
8788
(17, 3)
8789
(17, 3)
8790
(18, 3)
8791
(18, 3)
8792
(18, 3)
8793
(17, 3)
8794
(17, 3)
8795
(18, 3)
8796
(18, 3)
8797
(18, 3)
8798
(18, 3)
8799
(18, 3)
8800
(18, 3)
8801
(18, 3)
8802
(18, 3)
8803
(18, 3)
8804
(18, 3)
8805
(18, 3)
8806
(18, 3)
8807
(18, 3)
8808
(18, 3)
8809
(18, 3)
8810
(18, 3)
8811
(19, 3)
8812
(19, 3)
8813
(19, 3)
8814
(19, 3)
8815
(19, 3)
8816
(19, 3)
8817
(19, 3)
8818
(19, 3)
8819
(19, 3)
8820
(19, 3)
8821
(19, 3)
8822
(19, 3)
8823
(19, 3)
8824
(19, 3)
8825
(19, 3)
8826
(19, 3)
8827
(19, 3)
8828
(19, 3)
8829
(19, 3)
8830
(20, 3)
8831
(20, 3)
8832
(20, 3)
8833
(20, 3)
8834
(20, 3)
8835
(20, 3)
8836
(20, 3)
8837
(20, 3)
8838
(20, 3)
8839
(20, 3)
8840
(20, 3)
8841
(20, 3)
8842
(20, 3)
8843
(20, 3)
8844
(20, 3)
8845
(20, 3)
8846
(21, 3)
8847
(20, 3)
8848
(20, 3)
8849
(21, 3)
8850
(21, 3)
8851
(21, 3)
8852
(21, 3)
8853
(21, 3)
8854
(21, 3)
8855
(21, 3)
8856
(21, 3)
8857
(21, 3)
8858
(21, 3)
8859
(21, 3)
8860
(21, 3)
8861
(21, 3)
8862
(21, 3)
8863
(21, 3)
8864
(21, 3)
8865
(21, 3)
8866
(21, 3)
8867
(21, 3)
8868
(21, 3)
8869
(22, 3)
8870
(21, 3)
8871
(21, 3)
8872
(22, 3)
8873
(22, 3)
8874
(22, 3)
8875
(22, 3)
8876
(22, 3)
8877
(22, 3)
8878
(22, 3)
8879
(22, 3)
8880
(22, 3)
8881
(22, 3)
8882
(22, 3)
8883
(22, 3)
8884
(22, 3)
8885
(22, 3)
8886
(22, 3)
8887
(22, 3)
8888
(22, 3)
8889
(22, 3)
8890
(22, 3)
8891
(22, 3)
8892
(22, 3)
8893
(23, 3)
8894
(23, 3)
8895
(23, 3)
8896
(23, 3)
8897
(22, 3)
8898
(23, 3)
8899
(23, 3)
8900
(23, 3)
8901
(23, 3)
8902
(23, 3)
8903
(23, 3)
8904
(23, 2)
8905
(23, 2)
8906
(23, 2)
8907
(23, 2)
8908
(23, 2)
8909
(23, 2)
8910
(23, 1)
8911
(23, 1)
8912
(23, 1)
8913
(23, 1)
8914
(23, 1)
8915
(23, 1)
8916
(15, 9)
8917
(15, 9)
8918
(15, 9)
8919
(15, 9)
8920
(15, 9)
8921
(15, 9)
8922
(15, 9)
8923
(15, 9)
8924
(15, 9)
8925
(15, 9)
8926
(15, 9)
8927
(15, 9)
8928
(15, 9)
8929
(15, 9)
8930
(16, 9)
8931
(16, 9)
8932
(16, 9)
8933
(16, 9)
8934
(16, 9)
8935
(16, 9)
8936
(16, 9)
8937
(15, 10)
8938
(15, 10)
8939
(15, 10)
8940
(15, 10)
8941
(15, 10)
8942
(15, 10)
8943
(15, 10)
8944
(15, 10)
8945
(15, 10)
8946
(15, 10)
8947
(15, 10)
8948
(15, 10)
8949
(15, 10)
8950
(16, 10)
8951
(16, 10)
8952
(16, 10)
8953
(16, 10)
8954
(16, 10)
8955
(16, 10)
8956
(16, 10)
quitting, no novel node found
defaultdict(<function <lambda> at 0x2adab06f0c80>, {(7, 3): 84, (12, 1): 32, (16, 6): 8, (16, 9): 14, (14, 4): 60, (13, 4): 3, (15, 1): 150, (8, 5): 14, (16, 3): 154, (17, 2): 150, (14, 1): 150, (19, 3): 111, (15, 4): 66, (1, 1): 150, (22, 3): 37, (3, 2): 150, (8, 2): 120, (9, 3): 57, (14, 2): 38, (3, 1): 150, (20, 3): 70, (21, 2): 151, (2, 1): 150, (8, 9): 7, (23, 3): 15, (9, 4): 25, (5, 1): 151, (10, 3): 150, (7, 2): 151, (12, 2): 152, (16, 10): 14, (14, 5): 47, (13, 3): 42, (7, 1): 150, (2, 2): 151, (8, 6): 7, (4, 1): 150, (10, 4): 65, (16, 4): 28, (17, 1): 153, (15, 10): 27, (14, 6): 27, (13, 6): 2, (19, 2): 150, (15, 7): 53, (8, 3): 152, (9, 2): 39, (6, 1): 150, (11, 3): 51, (16, 1): 151, (15, 9): 28, (14, 3): 103, (19, 1): 150, (1, 3): 35, (6, 2): 151, (18, 1): 151, (21, 1): 150, (8, 10): 7, (23, 2): 150, (12, 3): 152, (13, 2): 69, (18, 2): 150, (15, 3): 153, (20, 1): 150, (2, 3): 56, (8, 7): 14, (23, 1): 120, (4, 2): 150, (9, 6): 14, (5, 3): 62, (10, 5): 66, (16, 5): 27, (16, 8): 14, (13, 5): 5, (15, 6): 28, (22, 1): 151, (8, 4): 14, (9, 1): 150, (11, 2): 150, (10, 6): 24, (16, 2): 151, (17, 3): 89, (15, 8): 24, (15, 5): 54, (1, 2): 150, (22, 2): 150, (3, 3): 66, (8, 1): 150, (6, 3): 61, (11, 1): 77, (16, 7): 20, (10, 1): 150, (13, 1): 111, (18, 3): 95, (15, 2): 64, (20, 2): 150, (21, 3): 57, (8, 8): 7, (4, 3): 72, (9, 5): 26, (5, 2): 151, (11, 6): 1, (10, 2): 107})
<__main__.Node instance at 0x2adb181a1f38>
161
8956
False
1075.62428713
