STARTING!
step1
step2
step3
a
b
c
]0;IPython: eshnich/vgdl]0;IPython: eshnich/vgdladded self, <class 'ontology.Immovable'>
added self, <class 'ontology.Passive'>
added self, <class 'core.Resource'>
added parent, <class 'core.Resource'>
added self, <class 'ontology.ResourcePack'>
added self, <class 'ontology.Flicker'>
added self, <class 'ontology.Spreader'>
added self, <class 'ontology.SpriteProducer'>
added self, <class 'ontology.Portal'>
added self, <class 'ontology.SpawnPoint'>
added self, <class 'ontology.RandomNPC'>
added self, <class 'ontology.OrientedSprite'>
added self, <class 'ontology.Conveyor'>
added self, <class 'ontology.Missile'>
added self, <class 'ontology.OrientedFlicker'>
added self, <class 'ontology.Walker'>
added self, <class 'ontology.WalkJumper'>
added self, <class 'ontology.RandomInertial'>
added self, <class 'ontology.RandomMissile'>
added self, <class 'ontology.ErraticMissile'>
added self, <class 'ontology.Bomber'>
added self, <class 'ontology.Chaser'>
added self, <class 'ontology.Fleeing'>
added self, <class 'ontology.AStarChaser'>
added self, <class 'ontology.MovingAvatar'>
added self, <class 'ontology.HorizontalAvatar'>
added self, <class 'ontology.VerticalAvatar'>
added self, <class 'ontology.FlakAvatar'>
added self, <class 'ontology.OrientedAvatar'>
added parent, <class 'ontology.OrientedAvatar'>
added self, <class 'ontology.ShootAvatar'>
added parent, <class 'ontology.ShootAvatar'>
added self, <class 'ontology.AimedAvatar'>
added parent, <class 'ontology.AimedAvatar'>
added self, <class 'ontology.AimedFlakAvatar'>
<class 'ontology.OrientedAvatar'> already in tree.
added self, <class 'ontology.RotatingAvatar'>
added self, <class 'ontology.RotatingFlippingAvatar'>
added self, <class 'ontology.NoisyRotatingFlippingAvatar'>
<class 'ontology.ShootAvatar'> already in tree.
<class 'ontology.AimedAvatar'> already in tree.
<class 'ontology.AimedFlakAvatar'> already in tree.
added self, <class 'ontology.InertialAvatar'>
added self, <class 'ontology.MarioAvatar'>
step4
FINISHED IMPORTS
FINISHED SETTING VALUES
<module 'examples.continuousphysics.montezuma_medium' from 'examples/continuousphysics/montezuma_medium.pyc'>
max nodes 9223372036854775807
1
(11, 3)
2
(10, 3)
3
(10, 3)
4
(10, 3)
5
(10, 3)
6
(10, 3)
7
(10, 3)
8
(10, 3)
9
(10, 3)
10
(10, 3)
11
(10, 3)
12
(9, 3)
13
(9, 3)
14
(9, 3)
15
(9, 3)
16
(9, 3)
17
(9, 3)
18
(9, 3)
19
(9, 3)
20
(9, 3)
21
(9, 3)
22
(9, 3)
23
(9, 3)
24
(9, 3)
25
(9, 2)
26
(8, 2)
27
(8, 2)
28
(8, 2)
29
(8, 2)
30
(8, 2)
31
(8, 2)
32
(8, 2)
33
(8, 2)
34
(8, 2)
35
(8, 2)
36
(7, 3)
37
(7, 3)
38
(7, 3)
39
(7, 3)
40
(7, 3)
41
(7, 3)
42
(7, 3)
43
(7, 3)
44
(7, 3)
45
(7, 3)
46
(7, 3)
47
(6, 3)
48
(6, 3)
49
(6, 3)
50
(6, 3)
51
(6, 3)
52
(6, 3)
53
(6, 3)
54
(6, 3)
55
(6, 3)
56
(6, 3)
57
(5, 3)
58
(6, 3)
59
(5, 3)
60
(5, 3)
61
(5, 3)
62
(5, 3)
63
(5, 3)
64
(5, 3)
65
(5, 2)
66
(6, 3)
67
(5, 3)
68
(5, 3)
69
(5, 3)
70
(5, 2)
71
(5, 3)
72
(5, 3)
73
(5, 3)
74
(5, 3)
75
(5, 3)
76
(6, 3)
77
(6, 3)
78
(5, 3)
79
(6, 3)
80
(5, 3)
81
(5, 3)
82
(5, 3)
83
(5, 2)
84
(6, 3)
85
(5, 2)
86
(5, 2)
87
(6, 3)
88
(6, 3)
89
(5, 3)
90
(6, 3)
91
(5, 2)
92
(5, 2)
93
(6, 3)
94
(6, 3)
95
(6, 3)
96
(6, 3)
97
(5, 2)
98
(6, 3)
99
(5, 2)
100
(6, 3)
101
(6, 3)
102
(6, 3)
103
(5, 2)
104
(5, 2)
105
(6, 2)
106
(6, 3)
107
(6, 2)
108
(6, 2)
109
(6, 2)
110
(5, 3)
111
(5, 3)
112
(5, 3)
113
(5, 3)
114
(5, 3)
115
(6, 3)
116
(6, 3)
117
(6, 3)
118
(5, 2)
119
(5, 2)
120
(5, 2)
121
(5, 2)
122
(5, 2)
123
(4, 1)
124
(4, 1)
125
(4, 1)
126
(4, 1)
127
(4, 1)
128
(3, 2)
129
(3, 2)
130
(3, 2)
131
(3, 2)
132
(3, 3)
133
(3, 3)
134
(3, 3)
135
(3, 3)
136
(3, 3)
137
(2, 3)
138
(2, 3)
139
(2, 3)
140
(2, 3)
141
(2, 3)
142
(2, 3)
143
(2, 3)
144
(2, 3)
145
(2, 3)
146
(2, 3)
147
(2, 3)
148
(2, 3)
149
(2, 3)
150
(2, 3)
151
(2, 3)
152
(2, 3)
153
(2, 3)
154
(2, 3)
155
(2, 3)
156
(2, 3)
157
(2, 3)
158
(2, 2)
159
(2, 2)
160
(2, 3)
161
(2, 3)
162
(2, 3)
163
(2, 3)
164
(2, 2)
165
(2, 2)
166
(2, 3)
167
(2, 3)
168
(2, 2)
169
(2, 2)
170
(2, 2)
171
(2, 2)
172
(2, 2)
173
(2, 2)
174
(2, 2)
175
(2, 2)
176
(2, 2)
177
(2, 2)
178
(2, 2)
179
(2, 2)
180
(2, 2)
181
(2, 2)
182
(2, 2)
183
(2, 2)
184
(2, 2)
185
(2, 2)
186
(2, 2)
187
(2, 2)
188
(2, 2)
189
(2, 2)
190
(2, 2)
191
(2, 2)
192
(2, 2)
193
(2, 2)
194
(2, 2)
195
(2, 2)
196
(2, 2)
197
(2, 2)
198
(2, 2)
199
(2, 2)
200
(2, 2)
201
(2, 2)
202
(2, 2)
203
(2, 2)
204
(2, 2)
205
(2, 2)
206
(2, 2)
207
(2, 2)
208
(2, 2)
209
(2, 2)
210
(2, 2)
211
(2, 2)
212
(2, 2)
213
(2, 2)
214
(2, 2)
215
(2, 2)
216
(2, 2)
217
(2, 2)
218
(2, 2)
219
(2, 2)
220
(2, 2)
221
(2, 2)
222
(2, 2)
223
(2, 2)
224
(2, 2)
225
(2, 2)
226
(2, 2)
227
(2, 2)
228
(2, 2)
229
(2, 2)
230
(2, 2)
231
(2, 2)
232
(2, 2)
233
(2, 2)
234
(2, 2)
235
(2, 2)
236
(2, 2)
237
(2, 2)
238
(2, 2)
239
(2, 2)
240
(2, 2)
241
(2, 2)
242
(2, 2)
243
(1, 2)
244
(1, 1)
245
(1, 1)
246
(1, 1)
247
(1, 1)
248
(1, 1)
249
(1, 1)
250
(1, 1)
251
(1, 1)
252
(1, 1)
253
(1, 1)
254
(1, 1)
255
(1, 1)
256
(2, 2)
257
(2, 2)
258
(2, 2)
259
(2, 2)
260
(2, 2)
261
(2, 2)
262
(2, 2)
263
(2, 2)
264
(2, 2)
265
(2, 2)
266
(2, 2)
267
(2, 2)
268
(2, 2)
269
(1, 2)
270
(1, 1)
271
(1, 1)
272
(1, 1)
273
(1, 1)
274
(1, 1)
275
(1, 1)
276
(1, 1)
277
(1, 1)
278
(1, 1)
279
(2, 2)
280
(2, 2)
281
(2, 2)
282
(2, 2)
283
(2, 2)
284
(2, 2)
285
(2, 2)
286
(2, 2)
287
(2, 3)
288
(2, 3)
289
(2, 3)
290
(2, 3)
291
(2, 3)
292
(2, 3)
293
(2, 3)
294
(3, 3)
295
(3, 2)
296
(3, 2)
297
(3, 2)
298
(3, 2)
299
(3, 2)
300
(3, 2)
301
(3, 2)
302
(3, 3)
303
(3, 3)
304
(3, 3)
305
(3, 3)
306
(3, 3)
307
(3, 2)
308
(3, 2)
309
(3, 3)
310
(3, 3)
311
(3, 3)
312
(3, 3)
313
(3, 3)
314
(3, 2)
315
(3, 2)
316
(3, 3)
317
(3, 3)
318
(3, 3)
319
(3, 2)
320
(3, 3)
321
(3, 2)
322
(3, 2)
323
(3, 3)
324
(3, 3)
325
(3, 3)
326
(3, 2)
327
(3, 2)
328
(3, 3)
329
(3, 2)
330
(3, 2)
331
(3, 2)
332
(3, 2)
333
(3, 2)
334
(3, 3)
335
(3, 3)
336
(3, 3)
337
(3, 3)
338
(3, 2)
339
(3, 2)
340
(3, 2)
341
(2, 1)
342
(2, 1)
343
(2, 1)
344
(2, 1)
345
(2, 1)
346
(2, 1)
347
(1, 1)
348
(1, 1)
349
(1, 1)
350
(1, 1)
351
(1, 1)
352
(3, 2)
353
(3, 2)
354
(3, 2)
355
(3, 3)
356
(3, 3)
357
(3, 3)
358
(3, 2)
359
(3, 2)
360
(3, 2)
361
(3, 2)
362
(3, 2)
363
(3, 2)
364
(3, 1)
365
(2, 1)
366
(2, 1)
367
(2, 1)
368
(2, 1)
369
(2, 1)
370
(2, 1)
371
(1, 1)
372
(1, 1)
373
(1, 1)
374
(1, 1)
375
(4, 3)
376
(4, 3)
377
(3, 3)
378
(3, 3)
379
(3, 2)
380
(3, 2)
381
(3, 2)
382
(3, 1)
383
(2, 1)
384
(2, 1)
385
(2, 1)
386
(2, 1)
387
(2, 1)
388
(2, 1)
389
(1, 1)
390
(3, 2)
391
(3, 2)
392
(3, 2)
393
(3, 2)
394
(2, 1)
395
(2, 1)
396
(2, 1)
397
(2, 1)
398
(2, 1)
399
(4, 3)
400
(4, 3)
401
(4, 3)
402
(4, 3)
403
(4, 3)
404
(4, 3)
405
(4, 3)
406
(4, 3)
407
(4, 3)
408
(4, 3)
409
(4, 3)
410
(4, 3)
411
(4, 3)
412
(4, 3)
413
(4, 3)
414
(4, 3)
415
(4, 2)
416
(4, 2)
417
(4, 3)
418
(4, 3)
419
(4, 3)
420
(4, 3)
421
(4, 3)
422
(4, 3)
423
(4, 3)
424
(4, 3)
425
(4, 3)
426
(3, 2)
427
(4, 3)
428
(4, 3)
429
(4, 3)
430
(3, 1)
431
(4, 3)
432
(4, 3)
433
(3, 2)
434
(4, 3)
435
(4, 3)
436
(4, 3)
437
(4, 3)
438
(4, 3)
439
(3, 2)
440
(3, 2)
441
(3, 2)
442
(4, 2)
443
(4, 3)
444
(3, 2)
445
(4, 1)
446
(4, 3)
447
(3, 2)
448
(3, 2)
449
(3, 2)
450
(3, 2)
451
(4, 3)
452
(4, 3)
453
(4, 3)
454
(4, 3)
455
(4, 3)
456
(4, 2)
457
(4, 2)
458
(4, 2)
459
(4, 2)
460
(4, 3)
461
(4, 3)
462
(4, 3)
463
(4, 3)
464
(3, 2)
465
(3, 2)
466
(4, 1)
467
(3, 2)
468
(3, 2)
469
(3, 1)
470
(3, 1)
471
(3, 1)
472
(4, 3)
473
(4, 3)
474
(4, 3)
475
(4, 3)
476
(4, 3)
477
(4, 2)
478
(4, 3)
479
(4, 3)
480
(4, 3)
481
(4, 3)
482
(4, 3)
483
(4, 3)
484
(4, 2)
485
(4, 2)
486
(4, 2)
487
(4, 2)
488
(4, 2)
489
(3, 1)
490
(4, 1)
491
(3, 1)
492
(3, 1)
493
(3, 1)
494
(3, 1)
495
(4, 3)
496
(4, 3)
497
(4, 3)
498
(4, 3)
499
(4, 3)
500
(4, 1)
defaultdict(<function <lambda> at 0x2b52c30842a8>, {(1, 2): 2, (7, 3): 11, (3, 2): 58, (4, 1): 9, (3, 1): 11, (8, 2): 10, (9, 2): 1, (5, 2): 16, (4, 2): 13, (9, 3): 13, (11, 3): 1, (2, 1): 23, (6, 3): 31, (6, 2): 4, (2, 3): 34, (4, 3): 64, (2, 2): 100, (3, 3): 33, (10, 3): 10, (1, 1): 31, (5, 3): 25})
501
(3, 1)
502
(3, 1)
503
(3, 1)
504
(3, 1)
505
(3, 1)
506
(3, 1)
507
(3, 1)
508
(3, 1)
509
(3, 1)
510
(3, 2)
511
(3, 2)
512
(3, 2)
513
(3, 1)
514
(3, 1)
515
(3, 1)
516
(3, 1)
517
(3, 1)
518
(3, 1)
519
(3, 2)
520
(3, 2)
521
(3, 2)
522
(3, 1)
523
(3, 1)
524
(3, 1)
525
(3, 1)
526
(3, 1)
527
(3, 1)
528
(3, 2)
529
(3, 2)
530
(3, 2)
531
(3, 1)
532
(4, 1)
533
(4, 1)
534
(3, 1)
535
(4, 2)
536
(3, 2)
537
(4, 3)
538
(4, 3)
539
(4, 3)
540
(4, 3)
541
(4, 3)
542
(4, 3)
543
(4, 3)
544
(4, 3)
545
(4, 3)
546
(4, 3)
547
(3, 2)
548
(3, 1)
549
(4, 1)
550
(4, 1)
551
(4, 1)
552
(3, 1)
553
(3, 1)
554
(3, 1)
555
(3, 1)
556
(3, 1)
557
(3, 1)
558
(3, 2)
559
(3, 2)
560
(3, 2)
561
(3, 3)
562
(4, 1)
563
(4, 2)
564
(4, 2)
565
(4, 1)
566
(4, 1)
567
(4, 1)
568
(4, 1)
569
(4, 1)
570
(4, 1)
571
(4, 1)
572
(4, 1)
573
(4, 1)
574
(4, 2)
575
(4, 2)
576
(4, 2)
577
(4, 3)
578
(4, 3)
579
(4, 3)
580
(4, 4)
581
(4, 1)
582
(4, 1)
583
(4, 1)
584
(4, 1)
585
(4, 1)
586
(4, 1)
587
(4, 2)
588
(4, 2)
589
(4, 2)
590
(4, 1)
591
(4, 1)
592
(4, 1)
593
(4, 1)
594
(4, 1)
595
(4, 1)
596
(4, 2)
597
(4, 2)
598
(4, 2)
599
(3, 2)
600
(4, 1)
601
(4, 1)
602
(4, 2)
603
(4, 4)
604
(4, 4)
605
(4, 4)
606
(4, 4)
607
(4, 4)
608
(4, 2)
609
(4, 2)
610
(4, 2)
611
(4, 2)
612
(4, 3)
613
(4, 3)
614
(4, 3)
615
(4, 3)
616
(4, 3)
617
(5, 2)
618
(5, 2)
619
(5, 2)
620
(5, 3)
621
(4, 1)
622
(4, 4)
623
(4, 4)
624
(4, 4)
625
(4, 4)
626
(4, 4)
627
(5, 2)
628
(4, 2)
629
(5, 2)
630
(5, 2)
631
(3, 2)
632
(5, 2)
633
(5, 2)
634
(5, 3)
635
(5, 2)
636
(5, 2)
637
(5, 3)
638
(4, 2)
639
(4, 2)
640
(4, 2)
641
(4, 4)
642
(4, 4)
643
(4, 4)
644
(4, 4)
645
(4, 4)
646
(4, 4)
647
(4, 4)
648
(4, 4)
649
(4, 4)
650
(4, 4)
651
(4, 2)
652
(4, 2)
653
(4, 4)
654
(4, 4)
655
(4, 4)
656
(4, 2)
657
(4, 4)
658
(4, 4)
659
(4, 5)
660
(4, 2)
661
(4, 2)
662
(4, 2)
663
(5, 3)
664
(4, 2)
665
(4, 4)
666
(4, 4)
667
(4, 4)
668
(4, 2)
669
(4, 4)
670
(4, 4)
671
(6, 3)
672
(6, 3)
673
(6, 3)
674
(4, 1)
675
(4, 4)
676
(4, 4)
677
(4, 4)
678
(4, 1)
679
(5, 1)
680
(5, 1)
681
(4, 4)
682
(4, 4)
683
(4, 4)
684
(4, 4)
685
(4, 4)
686
(4, 1)
687
(4, 1)
688
(5, 1)
689
(4, 1)
690
(5, 1)
691
(5, 1)
692
(4, 4)
693
(4, 4)
694
(4, 4)
695
(4, 4)
696
(4, 4)
697
(4, 1)
698
(4, 1)
699
(4, 5)
700
(6, 3)
701
(4, 1)
702
(5, 1)
703
(5, 1)
704
(5, 1)
705
(4, 5)
706
(4, 5)
707
(4, 5)
708
(4, 5)
709
(4, 5)
710
(6, 3)
711
(6, 3)
712
(5, 1)
713
(4, 1)
714
(4, 1)
715
(4, 5)
716
(4, 5)
717
(4, 5)
718
(4, 5)
719
(4, 5)
720
(5, 1)
721
(5, 1)
722
(5, 1)
723
(5, 1)
724
(5, 1)
725
(5, 1)
726
(5, 2)
727
(5, 1)
728
(5, 1)
729
(5, 2)
730
(5, 2)
731
(5, 2)
732
(6, 2)
733
(6, 3)
734
(5, 1)
735
(5, 2)
736
(6, 2)
737
(6, 2)
738
(5, 1)
739
(5, 2)
740
(5, 2)
741
(6, 3)
742
(6, 2)
743
(6, 2)
744
(4, 5)
745
(4, 5)
746
(4, 5)
747
(6, 2)
748
(6, 2)
749
(6, 3)
750
(6, 3)
751
(6, 2)
752
(6, 2)
753
(6, 3)
754
(6, 3)
755
(4, 5)
756
(4, 5)
757
(5, 2)
758
(5, 1)
759
(5, 2)
760
(5, 2)
761
(6, 2)
762
(6, 3)
763
(7, 3)
764
(7, 3)
765
(7, 3)
766
(6, 3)
767
(6, 3)
768
(6, 3)
769
(6, 3)
770
(6, 3)
771
(6, 3)
772
(6, 2)
773
(6, 2)
774
(5, 2)
775
(5, 1)
776
(5, 1)
777
(5, 1)
778
(5, 1)
779
(4, 1)
780
(4, 1)
781
(4, 1)
782
(4, 1)
783
(6, 2)
784
(6, 2)
785
(5, 2)
786
(5, 1)
787
(5, 1)
788
(5, 1)
789
(5, 1)
790
(4, 1)
791
(4, 1)
792
(4, 1)
793
(4, 1)
794
(6, 3)
795
(6, 3)
796
(6, 2)
797
(6, 2)
798
(6, 2)
799
(5, 2)
800
(5, 1)
801
(5, 1)
802
(5, 1)
803
(5, 1)
804
(4, 1)
805
(4, 2)
806
(4, 2)
807
(4, 2)
808
(4, 2)
809
(3, 3)
810
(6, 2)
811
(6, 2)
812
(6, 2)
813
(6, 2)
814
(6, 2)
815
(6, 2)
816
(5, 1)
817
(5, 1)
818
(5, 1)
819
(5, 1)
820
(5, 1)
821
(4, 2)
822
(4, 2)
823
(4, 2)
824
(4, 2)
825
(6, 2)
826
(6, 2)
827
(7, 2)
828
(6, 2)
829
(5, 2)
830
(4, 1)
831
(4, 1)
832
(4, 1)
833
(4, 1)
834
(4, 1)
835
(3, 2)
836
(3, 2)
837
(3, 2)
838
(3, 2)
839
(7, 2)
840
(6, 2)
841
(6, 2)
842
(6, 3)
843
(5, 2)
844
(6, 4)
845
(7, 2)
846
(5, 2)
847
(7, 2)
848
(6, 2)
849
(4, 5)
850
(5, 2)
851
(4, 5)
852
(5, 2)
853
(4, 5)
854
(5, 2)
855
(5, 1)
856
(4, 1)
857
(4, 1)
858
(4, 1)
859
(4, 1)
860
(4, 2)
861
(3, 2)
862
(3, 2)
863
(3, 2)
864
(3, 3)
865
(4, 5)
866
(4, 5)
867
(5, 3)
868
(5, 3)
869
(5, 3)
870
(7, 3)
871
(7, 3)
872
(7, 3)
873
(6, 2)
874
(6, 2)
875
(6, 2)
876
(6, 2)
877
(6, 1)
878
(5, 1)
879
(5, 1)
880
(5, 1)
881
(5, 1)
882
(5, 2)
883
(4, 2)
884
(4, 2)
885
(4, 2)
886
(4, 3)
887
(4, 3)
888
(4, 3)
889
(4, 3)
890
(4, 4)
891
(4, 4)
892
(4, 5)
893
(7, 3)
894
(4, 6)
895
(5, 2)
896
(6, 4)
897
(5, 2)
898
(5, 1)
899
(4, 1)
900
(4, 1)
901
(4, 1)
902
(4, 1)
903
(4, 2)
904
(3, 2)
905
(3, 2)
906
(3, 2)
907
(3, 3)
908
(6, 2)
909
(7, 2)
910
(5, 2)
911
(5, 2)
912
(6, 3)
913
(6, 2)
914
(6, 3)
915
(6, 3)
916
(6, 2)
917
(5, 2)
918
(5, 1)
919
(5, 1)
920
(4, 1)
921
(4, 1)
922
(4, 1)
923
(4, 2)
924
(4, 2)
925
(3, 2)
926
(3, 2)
927
(3, 3)
928
(5, 2)
929
(5, 1)
930
(5, 1)
931
(4, 1)
932
(4, 1)
933
(4, 1)
934
(4, 2)
935
(4, 2)
936
(3, 2)
937
(3, 2)
938
(3, 3)
939
(6, 2)
940
(7, 3)
941
(7, 3)
942
(7, 3)
943
(7, 3)
944
(7, 2)
945
(6, 2)
946
(6, 2)
947
(6, 2)
948
(6, 1)
949
(6, 1)
950
(5, 1)
951
(5, 1)
952
(5, 1)
953
(5, 2)
954
(5, 2)
955
(4, 2)
956
(4, 2)
957
(4, 3)
958
(4, 3)
959
(4, 3)
960
(4, 3)
961
(4, 4)
962
(4, 4)
963
(4, 5)
964
(7, 3)
965
(7, 3)
966
(7, 2)
967
(7, 2)
968
(6, 2)
969
(6, 1)
970
(6, 1)
971
(6, 1)
972
(6, 1)
973
(5, 1)
974
(5, 1)
975
(5, 1)
976
(5, 1)
977
(5, 1)
978
(4, 2)
979
(4, 2)
980
(4, 2)
981
(4, 3)
982
(4, 3)
983
(4, 3)
984
(4, 3)
985
(4, 4)
986
(4, 5)
987
(4, 5)
988
(4, 6)
989
(7, 2)
990
(4, 5)
991
(4, 5)
992
(4, 5)
993
(7, 3)
994
(7, 3)
995
(7, 3)
996
(7, 3)
997
(7, 2)
998
(7, 2)
999
(7, 2)
1000
(6, 1)
defaultdict(<function <lambda> at 0x2b52c30842a8>, {(7, 3): 28, (2, 1): 23, (6, 2): 45, (5, 1): 55, (10, 3): 10, (7, 2): 12, (1, 2): 2, (3, 3): 39, (4, 4): 49, (6, 3): 56, (2, 2): 100, (4, 1): 77, (1, 1): 31, (6, 4): 2, (3, 2): 88, (8, 2): 10, (4, 5): 29, (9, 3): 13, (2, 3): 34, (4, 2): 64, (5, 3): 32, (4, 6): 2, (9, 2): 1, (6, 1): 8, (3, 1): 41, (11, 3): 1, (4, 3): 94, (5, 2): 54})
1001
(6, 1)
1002
(6, 1)
1003
(6, 1)
1004
(6, 1)
1005
(5, 1)
1006
(5, 1)
1007
(5, 1)
1008
(5, 1)
1009
(5, 2)
1010
(4, 2)
1011
(4, 2)
1012
(4, 3)
1013
(4, 3)
1014
(4, 3)
1015
(4, 3)
1016
(4, 4)
1017
(4, 5)
1018
(4, 5)
1019
(4, 5)
1020
(4, 5)
1021
(6, 2)
1022
(5, 2)
1023
(5, 2)
1024
(6, 2)
1025
(6, 2)
1026
(4, 6)
1027
(5, 2)
1028
(5, 1)
1029
(5, 1)
1030
(5, 1)
1031
(4, 1)
1032
(4, 1)
1033
(4, 2)
1034
(4, 2)
1035
(4, 2)
1036
(3, 2)
1037
(3, 3)
1038
(5, 2)
1039
(5, 1)
1040
(5, 1)
1041
(5, 1)
1042
(4, 1)
1043
(4, 1)
1044
(4, 2)
1045
(4, 2)
1046
(4, 2)
1047
(3, 2)
1048
(3, 3)
1049
(5, 2)
1050
(5, 1)
1051
(5, 1)
1052
(5, 1)
1053
(4, 1)
1054
(4, 1)
1055
(4, 2)
1056
(4, 2)
1057
(4, 2)
1058
(3, 2)
1059
(3, 3)
1060
(7, 2)
1061
(7, 3)
1062
(7, 3)
1063
(5, 3)
1064
(5, 3)
1065
(5, 3)
1066
(5, 3)
1067
(5, 3)
1068
(7, 2)
1069
(7, 2)
1070
(6, 2)
1071
(7, 2)
1072
(6, 2)
1073
(7, 2)
1074
(7, 2)
1075
(5, 3)
1076
(5, 3)
1077
(5, 3)
1078
(5, 3)
1079
(5, 3)
1080
(6, 2)
1081
(7, 2)
1082
(7, 2)
1083
(7, 1)
1084
(6, 1)
1085
(6, 1)
1086
(6, 1)
1087
(6, 1)
1088
(6, 1)
1089
(5, 1)
1090
(5, 1)
1091
(5, 1)
1092
(5, 2)
1093
(5, 2)
1094
(4, 2)
1095
(4, 3)
1096
(4, 3)
1097
(7, 2)
1098
(7, 1)
1099
(6, 1)
1100
(6, 1)
1101
(6, 1)
1102
(6, 1)
1103
(6, 1)
1104
(5, 1)
1105
(5, 1)
1106
(5, 1)
1107
(5, 2)
1108
(5, 2)
1109
(4, 2)
1110
(6, 2)
1111
(6, 2)
1112
(7, 2)
1113
(4, 5)
1114
(4, 5)
1115
(4, 5)
1116
(4, 5)
1117
(4, 5)
1118
(6, 3)
1119
(6, 3)
1120
(6, 3)
1121
(6, 2)
1122
(6, 3)
1123
(6, 3)
1124
(6, 2)
1125
(6, 2)
1126
(6, 2)
1127
(6, 2)
1128
(6, 2)
1129
(7, 2)
1130
(6, 2)
1131
(8, 3)
1132
(6, 2)
1133
(6, 1)
1134
(5, 1)
1135
(5, 1)
1136
(5, 1)
1137
(5, 1)
1138
(5, 2)
1139
(4, 2)
1140
(4, 2)
1141
(4, 2)
1142
(6, 2)
1143
(6, 1)
1144
(5, 1)
1145
(5, 1)
1146
(5, 1)
1147
(5, 1)
1148
(5, 2)
1149
(4, 2)
1150
(4, 2)
1151
(4, 2)
1152
(7, 2)
1153
(5, 1)
1154
(5, 1)
1155
(5, 1)
1156
(5, 1)
1157
(8, 3)
1158
(7, 3)
1159
(7, 2)
1160
(7, 2)
1161
(7, 2)
1162
(7, 2)
1163
(6, 1)
1164
(6, 1)
1165
(6, 1)
1166
(6, 1)
1167
(6, 1)
1168
(5, 2)
1169
(5, 2)
1170
(5, 2)
1171
(5, 2)
1172
(5, 3)
1173
(8, 3)
1174
(8, 3)
1175
(8, 3)
1176
(7, 2)
1177
(6, 2)
1178
(5, 1)
1179
(5, 1)
1180
(5, 1)
1181
(5, 1)
1182
(4, 1)
1183
(4, 1)
1184
(4, 1)
1185
(4, 1)
1186
(5, 1)
1187
(5, 1)
1188
(5, 1)
1189
(5, 1)
1190
(4, 1)
1191
(4, 1)
1192
(4, 1)
1193
(4, 1)
1194
(5, 1)
1195
(5, 1)
1196
(5, 1)
1197
(5, 1)
1198
(4, 1)
1199
(4, 1)
1200
(4, 1)
1201
(4, 1)
1202
(5, 1)
1203
(7, 2)
1204
(6, 1)
1205
(5, 3)
1206
(5, 3)
1207
(5, 3)
1208
(5, 1)
1209
(5, 3)
1210
(5, 3)
1211
(7, 2)
1212
(6, 2)
1213
(7, 2)
1214
(7, 2)
1215
(7, 2)
1216
(7, 2)
1217
(7, 2)
1218
(6, 2)
1219
(6, 2)
1220
(6, 2)
1221
(6, 1)
1222
(6, 1)
1223
(7, 2)
1224
(7, 1)
1225
(7, 1)
1226
(6, 1)
1227
(6, 1)
1228
(6, 1)
1229
(6, 1)
1230
(6, 1)
1231
(5, 3)
1232
(5, 3)
1233
(5, 3)
1234
(4, 6)
1235
(4, 6)
1236
(5, 3)
1237
(7, 2)
1238
(6, 2)
1239
(8, 2)
1240
(6, 4)
1241
(4, 6)
1242
(6, 3)
1243
(6, 3)
1244
(6, 3)
1245
(7, 2)
1246
(6, 3)
1247
(6, 3)
1248
(4, 6)
1249
(8, 3)
1250
(8, 3)
1251
(8, 3)
1252
(7, 2)
1253
(7, 2)
1254
(4, 6)
1255
(4, 6)
1256
(4, 6)
1257
(7, 2)
1258
(4, 6)
1259
(4, 6)
1260
(8, 3)
1261
(8, 3)
1262
(8, 3)
1263
(7, 2)
1264
(7, 2)
1265
(7, 2)
1266
(7, 2)
1267
(7, 1)
1268
(6, 1)
1269
(6, 1)
1270
(6, 1)
1271
(6, 1)
1272
(6, 2)
1273
(5, 2)
1274
(5, 2)
1275
(5, 2)
1276
(5, 3)
1277
(5, 3)
1278
(7, 2)
1279
(8, 3)
1280
(8, 3)
1281
(7, 2)
1282
(7, 1)
1283
(8, 2)
1284
(6, 2)
1285
(6, 2)
1286
(7, 2)
1287
(7, 2)
1288
(8, 2)
1289
(8, 2)
1290
(8, 2)
1291
(7, 1)
1292
(7, 1)
1293
(7, 1)
1294
(7, 1)
1295
(4, 6)
1296
(7, 2)
1297
(7, 2)
1298
(7, 2)
1299
(7, 1)
1300
(7, 1)
1301
(7, 2)
1302
(7, 1)
1303
(7, 1)
1304
(7, 1)
1305
(6, 1)
1306
(6, 1)
1307
(6, 1)
1308
(6, 1)
1309
(6, 1)
1310
(7, 2)
1311
(7, 1)
1312
(7, 1)
1313
(7, 1)
1314
(6, 1)
1315
(6, 1)
1316
(6, 1)
1317
(6, 1)
1318
(6, 1)
1319
(5, 4)
1320
(5, 4)
1321
(5, 4)
1322
(5, 4)
1323
(5, 4)
1324
(7, 2)
1325
(4, 7)
1326
(4, 6)
1327
(4, 6)
1328
(4, 6)
1329
(4, 6)
1330
(4, 6)
1331
(7, 1)
1332
(7, 1)
1333
(7, 1)
1334
(7, 1)
1335
(8, 2)
1336
(8, 2)
1337
(5, 4)
1338
(5, 4)
1339
(5, 4)
1340
(5, 4)
1341
(5, 4)
1342
(6, 1)
1343
(6, 1)
1344
(8, 3)
1345
(8, 3)
1346
(8, 3)
1347
(7, 1)
1348
(7, 1)
1349
(7, 1)
1350
(7, 1)
1351
(7, 1)
1352
(7, 1)
1353
(7, 1)
1354
(7, 1)
1355
(7, 1)
1356
(7, 1)
1357
(7, 2)
1358
(7, 2)
1359
(7, 2)
1360
(7, 3)
1361
(7, 1)
1362
(7, 1)
1363
(7, 1)
1364
(7, 1)
1365
(7, 1)
1366
(7, 1)
1367
(7, 2)
1368
(7, 2)
1369
(7, 2)
1370
(7, 3)
1371
(7, 1)
1372
(7, 1)
1373
(7, 1)
1374
(7, 1)
1375
(7, 1)
1376
(7, 1)
1377
(7, 2)
1378
(7, 2)
1379
(7, 2)
1380
(7, 3)
1381
(7, 1)
1382
(7, 2)
1383
(8, 2)
1384
(8, 3)
1385
(8, 3)
1386
(8, 3)
1387
(6, 4)
1388
(6, 4)
1389
(6, 4)
1390
(7, 1)
1391
(7, 1)
1392
(6, 4)
1393
(6, 4)
1394
(7, 2)
1395
(7, 2)
1396
(7, 2)
1397
(6, 1)
1398
(6, 1)
1399
(6, 1)
1400
(6, 1)
1401
(6, 1)
1402
(7, 2)
1403
(6, 1)
1404
(6, 1)
1405
(6, 1)
1406
(6, 1)
1407
(6, 1)
1408
(7, 1)
1409
(8, 2)
1410
(8, 2)
1411
(8, 2)
1412
(6, 1)
1413
(6, 1)
1414
(6, 1)
1415
(6, 1)
1416
(8, 2)
1417
(8, 2)
1418
(7, 1)
1419
(8, 2)
1420
(8, 2)
1421
(7, 2)
1422
(7, 1)
1423
(7, 1)
1424
(7, 1)
1425
(7, 1)
1426
(6, 1)
1427
(6, 1)
1428
(6, 1)
1429
(6, 1)
1430
(6, 1)
1431
(5, 2)
1432
(5, 2)
1433
(5, 2)
1434
(5, 3)
1435
(5, 3)
1436
(7, 2)
1437
(7, 1)
1438
(7, 1)
1439
(7, 1)
1440
(7, 1)
1441
(6, 1)
1442
(6, 1)
1443
(6, 1)
1444
(6, 1)
1445
(6, 1)
1446
(5, 2)
1447
(5, 2)
1448
(5, 2)
1449
(5, 3)
1450
(5, 3)
1451
(7, 2)
1452
(7, 1)
1453
(7, 1)
1454
(7, 1)
1455
(7, 1)
1456
(6, 1)
1457
(6, 1)
1458
(6, 1)
1459
(6, 1)
1460
(6, 1)
1461
(5, 2)
1462
(5, 2)
1463
(5, 2)
1464
(4, 6)
1465
(4, 6)
1466
(4, 6)
1467
(4, 6)
1468
(4, 6)
1469
(7, 1)
1470
(8, 2)
1471
(6, 1)
1472
(8, 3)
1473
(6, 1)
1474
(7, 1)
1475
(6, 1)
1476
(6, 1)
1477
(6, 1)
1478
(8, 2)
1479
(8, 2)
1480
(6, 5)
1481
(7, 1)
1482
(5, 4)
1483
(5, 4)
1484
(5, 4)
1485
(8, 3)
1486
(8, 3)
1487
(8, 3)
1488
(7, 1)
1489
(7, 1)
1490
(7, 1)
1491
(7, 1)
1492
(7, 2)
1493
(7, 2)
1494
(7, 2)
1495
(7, 3)
1496
(4, 6)
1497
(4, 6)
1498
(4, 6)
1499
(4, 6)
1500
(4, 6)
defaultdict(<function <lambda> at 0x2b52c30842a8>, {(7, 3): 35, (4, 7): 1, (5, 4): 13, (2, 1): 23, (6, 2): 71, (5, 1): 100, (10, 3): 10, (7, 2): 76, (1, 2): 2, (3, 3): 42, (4, 4): 50, (6, 3): 66, (2, 2): 100, (4, 1): 95, (1, 1): 31, (6, 4): 8, (3, 2): 91, (8, 2): 28, (7, 1): 68, (4, 5): 38, (9, 3): 13, (2, 3): 34, (4, 2): 83, (6, 5): 1, (5, 3): 58, (8, 3): 23, (4, 6): 28, (9, 2): 1, (6, 1): 87, (3, 1): 41, (11, 3): 1, (4, 3): 100, (5, 2): 82})
1501
(8, 3)
1502
(6, 1)
1503
(6, 1)
1504
(6, 1)
1505
(5, 4)
1506
(5, 4)
1507
(5, 4)
1508
(5, 4)
1509
(5, 4)
1510
(8, 1)
1511
(6, 1)
1512
(6, 1)
1513
(6, 1)
1514
(6, 1)
1515
(6, 1)
1516
(6, 1)
1517
(6, 1)
1518
(6, 2)
1519
(6, 2)
1520
(6, 2)
1521
(6, 3)
1522
(6, 1)
1523
(6, 1)
1524
(6, 1)
1525
(6, 4)
1526
(6, 4)
1527
(6, 4)
1528
(8, 1)
1529
(6, 4)
1530
(6, 4)
1531
(8, 2)
1532
(8, 2)
1533
(8, 2)
1534
(7, 2)
1535
(7, 2)
1536
(7, 2)
1537
(7, 1)
1538
(7, 1)
1539
(4, 7)
1540
(4, 6)
1541
(4, 6)
1542
(4, 6)
1543
(8, 1)
1544
(4, 6)
1545
(4, 6)
1546
(4, 7)
1547
(8, 2)
1548
(8, 2)
1549
(8, 3)
1550
(8, 3)
1551
(8, 3)
1552
(8, 3)
1553
(8, 3)
1554
(8, 3)
1555
(8, 3)
1556
(8, 2)
1557
(8, 2)
1558
(8, 2)
1559
(7, 2)
1560
(7, 1)
1561
(7, 1)
1562
(7, 1)
1563
(7, 1)
1564
(8, 2)
1565
(8, 3)
1566
(8, 3)
1567
(8, 3)
1568
(8, 2)
1569
(8, 2)
1570
(8, 2)
1571
(8, 1)
1572
(8, 2)
1573
(7, 1)
1574
(7, 1)
1575
(7, 1)
1576
(7, 1)
1577
(7, 1)
1578
(8, 2)
1579
(7, 1)
1580
(7, 1)
1581
(7, 1)
1582
(7, 1)
1583
(7, 1)
1584
(8, 2)
1585
(8, 2)
1586
(8, 2)
1587
(8, 3)
1588
(8, 2)
1589
(8, 2)
1590
(8, 2)
1591
(8, 2)
1592
(8, 2)
1593
(8, 3)
1594
(4, 7)
1595
(8, 2)
1596
(8, 2)
1597
(8, 2)
1598
(8, 2)
1599
(4, 7)
1600
(8, 2)
1601
(8, 1)
1602
(7, 1)
1603
(7, 1)
1604
(7, 1)
1605
(7, 1)
1606
(7, 1)
1607
(8, 2)
1608
(8, 1)
1609
(7, 1)
1610
(7, 1)
1611
(7, 1)
1612
(7, 1)
1613
(7, 1)
1614
(8, 2)
1615
(8, 1)
1616
(7, 1)
1617
(7, 1)
1618
(7, 1)
1619
(7, 1)
1620
(7, 1)
1621
(8, 2)
1622
(8, 2)
1623
(5, 4)
1624
(5, 4)
1625
(5, 4)
1626
(8, 2)
1627
(4, 7)
1628
(8, 2)
1629
(8, 2)
1630
(8, 2)
1631
(8, 2)
1632
(8, 2)
1633
(8, 2)
1634
(5, 4)
1635
(5, 4)
1636
(5, 4)
1637
(9, 3)
1638
(9, 3)
1639
(9, 3)
1640
(5, 4)
1641
(5, 4)
1642
(8, 1)
1643
(8, 1)
1644
(8, 2)
1645
(4, 7)
1646
(4, 7)
1647
(4, 7)
1648
(9, 3)
1649
(9, 3)
1650
(9, 3)
1651
(4, 7)
1652
(4, 7)
1653
(9, 2)
1654
(8, 2)
1655
(6, 4)
1656
(6, 4)
1657
(6, 4)
1658
(8, 2)
1659
(8, 2)
1660
(6, 4)
1661
(6, 4)
1662
(8, 2)
1663
(9, 3)
1664
(8, 2)
1665
(8, 2)
1666
(8, 2)
1667
(8, 2)
1668
(8, 3)
1669
(8, 2)
1670
(8, 2)
1671
(8, 2)
1672
(8, 3)
1673
(8, 2)
1674
(8, 2)
1675
(9, 3)
1676
(4, 7)
1677
(4, 7)
1678
(8, 2)
1679
(8, 3)
1680
(4, 7)
1681
(8, 2)
1682
(8, 3)
1683
(4, 7)
1684
(4, 7)
1685
(8, 2)
1686
(8, 2)
1687
(8, 2)
1688
(8, 2)
1689
(8, 2)
1690
(8, 2)
1691
(8, 2)
1692
(8, 2)
1693
(8, 2)
1694
(8, 1)
1695
(8, 1)
1696
(7, 1)
1697
(8, 2)
1698
(8, 1)
1699
(8, 1)
1700
(8, 2)
1701
(8, 1)
1702
(8, 1)
1703
(9, 2)
1704
(9, 2)
1705
(8, 2)
1706
(8, 2)
1707
(8, 2)
1708
(8, 2)
1709
(8, 1)
1710
(8, 1)
1711
(8, 2)
1712
(9, 3)
1713
(8, 2)
1714
(9, 3)
1715
(8, 2)
1716
(8, 2)
1717
(9, 3)
1718
(9, 3)
1719
(8, 1)
1720
(4, 7)
1721
(4, 7)
1722
(4, 7)
1723
(4, 7)
1724
(4, 7)
1725
(9, 2)
1726
(9, 2)
1727
(9, 3)
1728
(9, 3)
1729
(8, 1)
1730
(5, 5)
1731
(5, 5)
1732
(5, 5)
1733
(9, 2)
1734
(9, 3)
1735
(9, 3)
1736
(9, 3)
1737
(9, 3)
1738
(9, 3)
1739
(8, 3)
1740
(8, 3)
1741
(8, 3)
1742
(8, 3)
1743
(8, 3)
1744
(8, 3)
1745
(8, 3)
1746
(8, 3)
1747
(8, 3)
1748
(8, 3)
1749
(7, 3)
1750
(7, 3)
1751
(7, 3)
1752
(7, 3)
1753
(7, 3)
1754
(7, 3)
1755
(7, 3)
1756
(7, 3)
1757
(7, 3)
1758
(7, 3)
1759
(6, 3)
1760
(6, 3)
1761
(6, 3)
1762
(6, 3)
1763
(6, 3)
1764
(6, 3)
1765
(6, 3)
1766
(6, 3)
1767
(6, 3)
1768
(5, 3)
1769
(5, 3)
1770
(5, 3)
1771
(5, 3)
1772
(6, 3)
1773
(5, 3)
1774
(5, 3)
1775
(5, 3)
1776
(5, 3)
1777
(5, 3)
1778
(5, 3)
1779
(5, 3)
1780
(5, 3)
1781
(5, 3)
1782
(5, 3)
1783
(5, 3)
1784
(5, 3)
1785
(5, 3)
1786
(5, 2)
1787
(5, 2)
1788
(5, 2)
1789
(4, 2)
1790
(4, 1)
1791
(4, 1)
1792
(4, 1)
1793
(4, 1)
1794
(3, 1)
1795
(3, 2)
1796
(3, 2)
1797
(3, 2)
1798
(3, 2)
1799
(3, 3)
1800
(3, 3)
1801
(2, 3)
1802
(2, 3)
1803
(2, 3)
1804
(2, 3)
1805
(2, 3)
1806
(2, 3)
1807
(2, 3)
1808
(2, 3)
1809
(2, 3)
1810
(2, 3)
1811
(2, 3)
1812
(2, 3)
1813
(2, 3)
1814
(2, 3)
1815
(2, 3)
1816
(2, 3)
1817
(2, 3)
1818
(2, 3)
1819
(2, 3)
1820
(2, 3)
1821
(2, 3)
1822
(2, 3)
1823
(2, 3)
1824
(2, 3)
1825
(2, 3)
1826
(2, 3)
1827
(2, 3)
1828
(2, 3)
1829
(2, 3)
1830
(2, 3)
1831
(2, 3)
1832
(2, 3)
1833
(2, 3)
1834
(3, 3)
1835
(3, 3)
1836
(3, 3)
1837
(2, 3)
1838
(3, 3)
1839
(3, 3)
1840
(3, 3)
1841
(3, 3)
1842
(3, 3)
1843
(3, 3)
1844
(3, 3)
1845
(3, 3)
1846
(3, 3)
1847
(3, 3)
1848
(3, 2)
1849
(3, 2)
1850
(3, 2)
1851
(3, 2)
1852
(3, 2)
1853
(3, 3)
1854
(3, 3)
1855
(3, 3)
1856
(3, 3)
1857
(3, 3)
1858
(3, 3)
1859
(3, 3)
1860
(3, 3)
1861
(3, 3)
1862
(3, 3)
1863
(3, 3)
1864
(3, 3)
1865
(3, 3)
1866
(3, 3)
1867
(3, 3)
1868
(4, 2)
1869
(4, 2)
1870
(4, 2)
1871
(4, 2)
1872
(5, 3)
1873
(4, 1)
1874
(5, 2)
1875
(5, 2)
1876
(5, 2)
1877
(5, 2)
1878
(5, 3)
1879
(5, 3)
1880
(5, 3)
1881
(5, 2)
1882
(5, 2)
1883
(5, 2)
1884
(4, 2)
1885
(5, 3)
1886
(5, 3)
1887
(5, 3)
1888
(5, 3)
1889
(5, 3)
1890
(5, 3)
1891
(5, 3)
1892
(5, 3)
1893
(5, 2)
1894
(5, 2)
1895
(5, 2)
1896
(4, 2)
1897
(5, 3)
1898
(5, 3)
1899
(5, 3)
1900
(6, 3)
1901
(5, 3)
1902
(5, 3)
1903
(5, 3)
1904
(5, 2)
1905
(5, 2)
1906
(5, 2)
1907
(5, 2)
1908
(5, 3)
1909
(5, 2)
1910
(5, 3)
1911
(5, 3)
1912
(5, 3)
1913
(5, 3)
1914
(6, 3)
1915
(5, 3)
1916
(5, 3)
1917
(6, 3)
1918
(6, 3)
1919
(6, 3)
1920
(6, 3)
1921
(6, 2)
1922
(6, 3)
1923
(6, 3)
1924
(6, 3)
1925
(6, 2)
1926
(6, 2)
1927
(6, 3)
1928
(6, 2)
1929
(6, 2)
1930
(6, 2)
1931
(6, 2)
1932
(6, 3)
1933
(6, 3)
1934
(6, 3)
1935
(6, 2)
1936
(6, 2)
1937
(6, 2)
1938
(6, 3)
1939
(6, 2)
1940
(6, 2)
1941
(6, 2)
1942
(6, 2)
1943
(6, 3)
1944
(6, 3)
1945
(6, 3)
1946
(6, 2)
1947
(6, 2)
1948
(6, 2)
1949
(6, 2)
1950
(6, 2)
1951
(6, 2)
1952
(6, 2)
1953
(6, 2)
1954
(6, 2)
1955
(6, 2)
1956
(6, 3)
1957
(6, 3)
1958
(6, 2)
1959
(6, 2)
1960
(6, 3)
1961
(6, 3)
1962
(6, 3)
1963
(6, 3)
1964
(7, 3)
1965
(6, 3)
1966
(7, 3)
1967
(7, 3)
1968
(7, 3)
1969
(7, 3)
1970
(7, 3)
1971
(7, 2)
1972
(7, 3)
1973
(7, 2)
1974
(7, 3)
1975
(7, 3)
1976
(7, 2)
1977
(7, 3)
1978
(7, 2)
1979
(7, 2)
1980
(7, 2)
1981
(7, 2)
1982
(7, 3)
1983
(7, 3)
1984
(7, 3)
1985
(7, 2)
1986
(7, 2)
1987
(7, 2)
1988
(7, 2)
1989
(7, 3)
1990
(7, 2)
1991
(7, 2)
1992
(7, 2)
1993
(7, 2)
1994
(7, 2)
1995
(7, 3)
1996
(7, 3)
1997
(7, 3)
1998
(7, 2)
1999
(7, 2)
2000
(7, 2)
defaultdict(<function <lambda> at 0x2b52c30842a8>, {(7, 3): 62, (4, 7): 21, (5, 4): 26, (2, 1): 23, (6, 2): 100, (5, 1): 100, (10, 3): 10, (7, 2): 99, (1, 2): 2, (3, 3): 72, (8, 1): 19, (4, 4): 50, (6, 3): 101, (2, 2): 100, (4, 1): 100, (1, 1): 31, (6, 4): 18, (3, 2): 100, (8, 2): 101, (7, 1): 100, (4, 5): 38, (9, 3): 32, (5, 5): 3, (2, 3): 68, (4, 2): 90, (6, 5): 1, (5, 3): 100, (8, 3): 50, (4, 6): 33, (9, 2): 7, (6, 1): 100, (3, 1): 42, (11, 3): 1, (4, 3): 100, (5, 2): 100})
2001
(7, 2)
2002
(7, 3)
2003
(7, 3)
2004
(7, 3)
2005
(7, 3)
2006
(8, 3)
2007
(7, 3)
2008
(8, 3)
2009
(8, 3)
2010
(8, 3)
2011
(8, 3)
2012
(8, 3)
2013
(8, 3)
2014
(8, 3)
2015
(8, 3)
2016
(8, 3)
2017
(8, 3)
2018
(8, 3)
2019
(8, 3)
2020
(8, 3)
2021
(8, 3)
2022
(8, 3)
2023
(8, 3)
2024
(8, 3)
2025
(8, 3)
2026
(8, 3)
2027
(8, 3)
2028
(8, 3)
2029
(9, 3)
2030
(8, 3)
2031
(8, 3)
2032
(8, 3)
2033
(9, 3)
2034
(9, 3)
2035
(9, 3)
2036
(9, 3)
2037
(9, 3)
2038
(9, 3)
2039
(9, 2)
2040
(5, 5)
2041
(5, 5)
2042
(9, 2)
2043
(9, 2)
2044
(9, 2)
2045
(9, 2)
2046
(9, 2)
2047
(9, 2)
2048
(9, 2)
2049
(9, 2)
2050
(9, 2)
2051
(9, 2)
2052
(9, 2)
2053
(9, 2)
2054
(8, 1)
2055
(8, 1)
2056
(5, 5)
2057
(5, 5)
2058
(5, 5)
2059
(5, 5)
2060
(8, 1)
2061
(8, 1)
2062
(9, 2)
2063
(9, 2)
2064
(9, 2)
2065
(8, 1)
2066
(8, 1)
2067
(8, 1)
2068
(8, 1)
2069
(8, 1)
2070
(8, 1)
2071
(8, 1)
2072
(6, 5)
2073
(6, 5)
2074
(6, 5)
2075
(6, 5)
2076
(6, 5)
2077
(9, 2)
2078
(4, 8)
2079
(4, 8)
2080
(9, 2)
2081
(9, 2)
2082
(9, 2)
2083
(9, 2)
2084
(9, 2)
2085
(9, 2)
2086
(9, 2)
2087
(9, 2)
2088
(9, 3)
2089
(9, 1)
2090
(9, 1)
2091
(4, 8)
2092
(9, 2)
2093
(9, 2)
2094
(9, 2)
2095
(9, 2)
2096
(9, 3)
2097
(9, 3)
2098
(9, 3)
2099
(9, 3)
2100
(9, 3)
2101
(9, 3)
2102
(9, 3)
2103
(9, 2)
2104
(9, 2)
2105
(9, 2)
2106
(9, 2)
2107
(9, 3)
2108
(9, 3)
2109
(9, 2)
2110
(9, 2)
2111
(9, 3)
2112
(4, 8)
2113
(4, 8)
2114
(4, 8)
2115
(9, 2)
2116
(4, 8)
2117
(4, 8)
2118
(9, 2)
2119
(9, 2)
2120
(9, 2)
2121
(9, 2)
2122
(9, 2)
2123
(9, 2)
2124
(9, 2)
2125
(4, 8)
2126
(9, 2)
2127
(9, 2)
2128
(9, 2)
2129
(9, 2)
2130
(9, 2)
2131
(4, 8)
2132
(4, 8)
2133
(4, 8)
2134
(4, 8)
2135
(4, 8)
2136
(4, 8)
2137
(9, 1)
2138
(9, 1)
2139
(9, 2)
2140
(9, 2)
2141
(9, 2)
2142
(9, 2)
2143
(9, 2)
2144
(9, 2)
2145
(9, 2)
2146
(9, 2)
2147
(9, 2)
2148
(9, 2)
2149
(9, 2)
2150
(9, 2)
2151
(9, 2)
2152
(9, 2)
2153
(9, 3)
2154
(9, 3)
2155
(9, 3)
2156
(9, 3)
2157
(9, 3)
2158
(9, 3)
2159
(9, 3)
2160
(9, 3)
2161
(9, 2)
2162
(9, 2)
2163
(9, 2)
2164
(9, 2)
2165
(9, 2)
2166
(9, 2)
2167
(9, 2)
2168
(9, 2)
2169
(9, 2)
2170
(9, 2)
2171
(9, 2)
2172
(9, 2)
2173
(9, 2)
2174
(9, 2)
2175
(9, 2)
2176
(9, 2)
2177
(9, 2)
2178
(9, 2)
2179
(9, 2)
2180
(9, 2)
2181
(9, 2)
2182
(9, 2)
2183
(9, 2)
2184
(9, 2)
2185
(9, 2)
2186
(9, 2)
2187
(9, 2)
2188
(9, 2)
2189
(9, 2)
2190
(9, 2)
2191
(9, 2)
2192
(9, 3)
2193
(9, 3)
2194
(9, 3)
2195
(9, 3)
2196
(9, 3)
2197
(9, 3)
2198
(9, 3)
2199
(9, 3)
2200
(9, 3)
2201
(9, 3)
2202
(9, 3)
2203
(9, 3)
2204
(9, 3)
2205
(9, 3)
2206
(9, 3)
2207
(9, 1)
2208
(9, 1)
2209
(9, 1)
2210
(9, 4)
2211
(9, 4)
2212
(9, 4)
2213
(9, 4)
2214
(9, 4)
2215
(9, 3)
2216
(9, 3)
2217
(9, 3)
2218
(9, 3)
2219
(9, 3)
2220
(9, 3)
2221
(9, 3)
2222
(9, 3)
2223
(9, 3)
2224
(9, 3)
2225
(9, 4)
2226
(9, 4)
2227
(9, 4)
2228
(9, 4)
2229
(9, 4)
2230
(9, 3)
2231
(9, 3)
2232
(9, 3)
2233
(9, 3)
2234
(9, 3)
2235
(9, 3)
2236
(5, 5)
2237
(5, 5)
2238
(5, 5)
2239
(5, 5)
2240
(5, 5)
2241
(4, 8)
2242
(4, 8)
2243
(4, 8)
2244
(4, 8)
2245
(4, 8)
2246
(5, 5)
2247
(5, 5)
2248
(5, 5)
2249
(9, 3)
2250
(9, 3)
2251
(9, 3)
2252
(9, 3)
2253
(9, 3)
2254
(9, 3)
2255
(9, 3)
2256
(9, 3)
2257
(9, 3)
2258
(9, 3)
2259
(9, 3)
2260
(6, 5)
2261
(6, 5)
2262
(6, 5)
2263
(6, 5)
2264
(6, 5)
2265
(9, 1)
2266
(9, 1)
2267
(9, 1)
2268
(9, 1)
2269
(9, 1)
2270
(9, 1)
2271
(10, 3)
2272
(10, 3)
2273
(10, 3)
2274
(10, 3)
2275
(10, 3)
2276
(10, 3)
2277
(9, 4)
2278
(9, 4)
2279
(9, 4)
2280
(9, 4)
2281
(9, 4)
2282
(9, 4)
2283
(9, 4)
2284
(9, 4)
2285
(9, 1)
2286
(9, 1)
2287
(9, 1)
2288
(10, 2)
2289
(10, 2)
2290
(10, 2)
2291
(9, 1)
2292
(9, 1)
2293
(9, 1)
2294
(4, 9)
2295
(4, 9)
2296
(4, 9)
2297
(4, 9)
2298
(4, 9)
2299
(10, 3)
2300
(10, 3)
2301
(10, 3)
2302
(4, 9)
2303
(10, 3)
2304
(10, 3)
2305
(10, 3)
2306
(4, 8)
2307
(4, 9)
2308
(4, 9)
2309
(4, 9)
2310
(4, 9)
2311
(4, 9)
2312
(4, 9)
2313
(9, 1)
2314
(9, 1)
2315
(9, 1)
2316
(5, 6)
2317
(5, 6)
2318
(5, 6)
2319
(5, 6)
2320
(5, 6)
2321
(10, 2)
2322
(10, 2)
2323
(10, 2)
2324
(10, 2)
2325
(9, 1)
2326
(5, 6)
2327
(5, 6)
2328
(9, 1)
2329
(9, 1)
2330
(5, 6)
2331
(9, 1)
2332
(9, 1)
2333
(5, 6)
2334
(5, 6)
2335
(10, 3)
2336
(10, 3)
2337
(10, 2)
2338
(9, 4)
2339
(9, 4)
2340
(9, 4)
2341
(9, 4)
2342
(6, 6)
2343
(6, 6)
2344
(6, 6)
2345
(6, 6)
2346
(6, 6)
2347
(9, 4)
2348
(9, 4)
2349
(9, 4)
2350
(9, 4)
2351
(9, 4)
2352
(9, 1)
2353
(9, 1)
2354
(9, 1)
2355
(10, 3)
2356
(10, 3)
2357
(10, 3)
2358
(10, 3)
2359
(10, 3)
2360
(10, 3)
2361
(10, 2)
2362
(10, 3)
2363
(10, 3)
2364
(10, 3)
2365
(10, 3)
2366
(10, 3)
2367
(10, 3)
2368
(10, 3)
2369
(10, 2)
2370
(10, 2)
2371
(10, 2)
2372
(10, 3)
2373
(10, 3)
2374
(10, 2)
2375
(10, 2)
2376
(10, 3)
2377
(10, 3)
2378
(10, 3)
2379
(10, 2)
2380
(10, 2)
2381
(10, 2)
2382
(10, 3)
2383
(10, 2)
2384
(11, 3)
2385
(11, 3)
2386
(10, 3)
2387
(10, 2)
2388
(10, 2)
2389
(10, 2)
2390
(10, 2)
2391
(9, 1)
2392
(9, 1)
2393
(9, 1)
2394
(9, 1)
2395
(9, 1)
2396
(11, 3)
2397
(10, 2)
2398
(9, 1)
2399
(9, 1)
2400
(9, 1)
2401
(9, 1)
2402
(9, 1)
2403
(8, 1)
2404
(8, 1)
2405
(8, 1)
2406
(8, 1)
2407
(11, 3)
2408
(11, 3)
2409
(11, 3)
2410
(11, 3)
2411
(10, 2)
2412
(10, 2)
2413
(11, 3)
2414
(11, 3)
2415
(10, 2)
2416
(10, 2)
2417
(10, 2)
2418
(10, 1)
2419
(9, 1)
2420
(9, 1)
2421
(9, 1)
2422
(9, 1)
2423
(10, 2)
2424
(10, 2)
2425
(10, 1)
2426
(10, 1)
2427
(9, 1)
2428
(9, 1)
2429
(9, 1)
2430
(9, 1)
2431
(9, 1)
2432
(8, 1)
2433
(8, 1)
2434
(10, 2)
2435
(10, 1)
2436
(10, 1)
2437
(9, 1)
2438
(9, 1)
2439
(9, 1)
2440
(9, 1)
2441
(9, 1)
2442
(8, 1)
2443
(8, 1)
2444
(11, 3)
2445
(11, 3)
2446
(11, 3)
2447
(11, 3)
2448
(11, 2)
2449
(11, 2)
2450
(11, 3)
2451
(11, 3)
2452
(10, 2)
2453
(10, 2)
2454
(10, 2)
2455
(10, 2)
2456
(10, 2)
2457
(11, 3)
2458
(11, 3)
2459
(11, 3)
2460
(11, 3)
2461
(11, 3)
2462
(11, 3)
2463
(11, 3)
2464
(11, 3)
2465
(11, 2)
2466
(11, 2)
2467
(11, 2)
2468
(11, 2)
2469
(10, 3)
2470
(10, 3)
2471
(10, 3)
2472
(4, 9)
2473
(4, 9)
2474
(4, 9)
2475
(4, 9)
2476
(4, 9)
2477
(11, 2)
2478
(10, 3)
2479
(11, 2)
2480
(10, 3)
2481
(10, 2)
2482
(10, 3)
2483
(10, 2)
2484
(10, 2)
2485
(10, 1)
2486
(10, 1)
2487
(10, 1)
2488
(9, 1)
2489
(9, 1)
2490
(11, 3)
2491
(11, 3)
2492
(10, 2)
2493
(10, 1)
2494
(10, 1)
2495
(10, 1)
2496
(9, 1)
2497
(9, 1)
2498
(11, 3)
2499
(10, 2)
2500
(10, 1)
defaultdict(<function <lambda> at 0x2b52c30842a8>, {(7, 3): 67, (4, 7): 21, (9, 1): 58, (4, 8): 21, (5, 6): 10, (11, 2): 8, (5, 4): 26, (2, 1): 23, (6, 2): 100, (9, 4): 27, (5, 1): 100, (10, 3): 50, (7, 2): 100, (1, 2): 2, (4, 9): 17, (3, 3): 72, (8, 1): 38, (4, 4): 50, (6, 3): 101, (2, 2): 100, (4, 1): 100, (1, 1): 31, (6, 4): 18, (3, 2): 100, (6, 6): 5, (8, 2): 101, (7, 1): 100, (4, 5): 38, (9, 3): 100, (5, 5): 17, (2, 3): 68, (10, 1): 12, (4, 2): 90, (6, 5): 11, (5, 3): 100, (8, 3): 75, (4, 6): 33, (9, 2): 100, (6, 1): 100, (3, 1): 42, (11, 3): 27, (4, 3): 100, (5, 2): 100, (10, 2): 41})
2501
(10, 1)
2502
(10, 1)
2503
(9, 1)
2504
(9, 1)
2505
(10, 2)
2506
(10, 2)
2507
(10, 2)
2508
(10, 2)
2509
(11, 2)
2510
(11, 2)
2511
(9, 1)
2512
(9, 1)
2513
(9, 1)
2514
(11, 3)
2515
(11, 3)
2516
(11, 3)
2517
(11, 2)
2518
(11, 2)
2519
(10, 2)
2520
(10, 2)
2521
(10, 2)
2522
(10, 2)
2523
(10, 2)
2524
(10, 2)
2525
(10, 2)
2526
(11, 2)
2527
(11, 2)
2528
(11, 2)
2529
(10, 2)
2530
(10, 2)
2531
(11, 2)
2532
(11, 2)
2533
(10, 2)
2534
(10, 2)
2535
(10, 2)
2536
(10, 2)
2537
(10, 2)
2538
(10, 2)
2539
(10, 2)
2540
(10, 2)
2541
(10, 2)
2542
(10, 2)
2543
(10, 2)
2544
(10, 2)
2545
(10, 2)
2546
(11, 2)
2547
(11, 2)
2548
(11, 2)
2549
(10, 2)
2550
(10, 1)
2551
(10, 1)
2552
(11, 2)
2553
(11, 2)
2554
(11, 2)
2555
(10, 1)
2556
(10, 1)
2557
(11, 2)
2558
(10, 1)
2559
(10, 1)
2560
(10, 1)
2561
(9, 1)
2562
(9, 1)
2563
(9, 1)
2564
(9, 1)
2565
(9, 1)
2566
(10, 1)
2567
(10, 1)
2568
(10, 1)
2569
(9, 1)
2570
(9, 1)
2571
(9, 1)
2572
(9, 1)
2573
(9, 1)
2574
(10, 1)
2575
(10, 1)
2576
(10, 1)
2577
(9, 1)
2578
(9, 1)
2579
(9, 1)
2580
(9, 1)
2581
(9, 1)
2582
(11, 2)
2583
(10, 1)
2584
(10, 2)
2585
(12, 3)
2586
(12, 3)
2587
(12, 3)
2588
(11, 2)
2589
(10, 2)
2590
(10, 2)
2591
(10, 2)
2592
(12, 3)
2593
(10, 3)
2594
(12, 3)
2595
(12, 3)
2596
(12, 3)
2597
(9, 4)
2598
(9, 4)
2599
(10, 1)
2600
(10, 2)
2601
(12, 3)
2602
(12, 3)
2603
(12, 3)
2604
(11, 2)
2605
(11, 2)
2606
(11, 2)
2607
(10, 1)
2608
(10, 1)
2609
(10, 1)
2610
(10, 1)
2611
(9, 1)
2612
(9, 1)
2613
(9, 1)
2614
(9, 1)
2615
(10, 3)
2616
(10, 3)
2617
(10, 3)
2618
(9, 4)
2619
(10, 2)
2620
(9, 4)
2621
(9, 4)
2622
(9, 4)
2623
(10, 3)
2624
(12, 3)
2625
(10, 3)
2626
(10, 3)
2627
(10, 2)
2628
(10, 2)
2629
(11, 2)
2630
(11, 2)
2631
(11, 2)
2632
(9, 4)
2633
(9, 4)
2634
(9, 4)
2635
(10, 2)
2636
(10, 2)
2637
(10, 3)
2638
(10, 3)
2639
(10, 3)
2640
(11, 2)
2641
(12, 3)
2642
(12, 3)
2643
(12, 3)
2644
(12, 3)
2645
(11, 2)
2646
(11, 2)
2647
(11, 2)
2648
(11, 2)
2649
(11, 2)
2650
(11, 2)
2651
(10, 2)
2652
(10, 2)
2653
(11, 2)
2654
(11, 2)
2655
(11, 2)
2656
(11, 2)
2657
(11, 2)
2658
(10, 2)
2659
(10, 2)
2660
(10, 2)
2661
(10, 2)
2662
(10, 2)
2663
(5, 6)
2664
(5, 6)
2665
(5, 6)
2666
(12, 3)
2667
(12, 3)
2668
(10, 2)
2669
(12, 3)
2670
(12, 3)
2671
(12, 3)
2672
(12, 3)
2673
(5, 6)
2674
(12, 3)
2675
(5, 6)
2676
(12, 3)
2677
(10, 2)
2678
(12, 3)
2679
(12, 3)
2680
(12, 3)
2681
(4, 9)
2682
(4, 9)
2683
(4, 9)
2684
(11, 2)
2685
(11, 1)
2686
(11, 1)
2687
(11, 1)
2688
(11, 1)
2689
(11, 1)
2690
(10, 2)
2691
(10, 1)
2692
(10, 1)
2693
(10, 1)
2694
(10, 1)
2695
(10, 1)
2696
(9, 1)
2697
(9, 1)
2698
(9, 1)
2699
(10, 1)
2700
(10, 1)
2701
(10, 1)
2702
(10, 1)
2703
(10, 1)
2704
(9, 1)
2705
(9, 1)
2706
(9, 1)
2707
(10, 1)
2708
(10, 1)
2709
(10, 1)
2710
(10, 1)
2711
(10, 1)
2712
(9, 1)
2713
(9, 1)
2714
(9, 1)
2715
(10, 1)
2716
(10, 1)
2717
(11, 2)
2718
(5, 6)
2719
(5, 6)
2720
(5, 6)
2721
(11, 2)
2722
(11, 1)
2723
(5, 6)
2724
(5, 6)
2725
(10, 2)
2726
(10, 2)
2727
(12, 3)
2728
(12, 3)
2729
(12, 3)
2730
(10, 1)
2731
(4, 9)
2732
(4, 9)
2733
(4, 9)
2734
(4, 9)
2735
(4, 9)
2736
(6, 6)
2737
(6, 6)
2738
(6, 6)
2739
(6, 6)
2740
(6, 6)
2741
(12, 3)
2742
(12, 3)
2743
(10, 2)
2744
(12, 3)
2745
(10, 2)
2746
(10, 2)
2747
(12, 3)
2748
(12, 3)
2749
(12, 3)
2750
(12, 3)
2751
(12, 3)
2752
(11, 3)
2753
(11, 3)
2754
(11, 3)
2755
(11, 3)
2756
(12, 3)
2757
(12, 3)
2758
(11, 1)
2759
(10, 1)
2760
(12, 2)
2761
(12, 2)
2762
(12, 2)
2763
(11, 3)
2764
(11, 3)
2765
(11, 3)
2766
(11, 3)
2767
(11, 1)
2768
(9, 5)
2769
(8, 5)
2770
(8, 4)
2771
(8, 4)
2772
(8, 4)
2773
(8, 4)
2774
(8, 4)
2775
(8, 4)
2776
(8, 4)
2777
(8, 4)
2778
(8, 3)
2779
(8, 3)
2780
(8, 3)
2781
(8, 3)
2782
(8, 3)
2783
(8, 3)
2784
(8, 3)
2785
(8, 3)
2786
(8, 3)
2787
(8, 3)
2788
(8, 3)
2789
(8, 3)
2790
(8, 3)
2791
(8, 3)
2792
(8, 3)
2793
(8, 3)
2794
(8, 3)
2795
(8, 3)
2796
(8, 3)
2797
(8, 3)
2798
(8, 3)
2799
(8, 4)
2800
(8, 4)
2801
(8, 4)
2802
(8, 4)
2803
(8, 4)
2804
(8, 4)
2805
(8, 4)
2806
(8, 4)
2807
(8, 4)
2808
(8, 4)
2809
(8, 4)
2810
(8, 4)
2811
(8, 4)
2812
(8, 4)
2813
(8, 4)
2814
(8, 4)
2815
(8, 5)
2816
(8, 5)
2817
(8, 4)
2818
(8, 4)
2819
(8, 4)
2820
(8, 4)
2821
(8, 4)
2822
(8, 4)
2823
(8, 4)
2824
(8, 4)
2825
(8, 3)
2826
(8, 3)
2827
(8, 3)
2828
(8, 3)
2829
(8, 3)
2830
(8, 4)
2831
(8, 4)
2832
(8, 4)
2833
(8, 4)
2834
(8, 4)
2835
(8, 4)
2836
(8, 4)
2837
(8, 4)
2838
(8, 4)
2839
(8, 4)
2840
(8, 4)
2841
(8, 4)
2842
(8, 4)
2843
(8, 4)
2844
(8, 4)
2845
(8, 4)
2846
(8, 4)
2847
(8, 4)
2848
(8, 4)
2849
(8, 4)
2850
(8, 4)
2851
(8, 4)
2852
(8, 4)
2853
(8, 5)
2854
(8, 5)
2855
(8, 4)
2856
(8, 4)
2857
(8, 4)
2858
(8, 4)
2859
(8, 4)
2860
(8, 4)
2861
(8, 4)
2862
(8, 4)
2863
(8, 4)
2864
(8, 4)
2865
(8, 4)
2866
(8, 4)
2867
(8, 4)
2868
(8, 4)
2869
(8, 4)
2870
(8, 4)
2871
(8, 4)
2872
(8, 4)
2873
(8, 4)
2874
(8, 4)
2875
(8, 4)
2876
(8, 4)
2877
(8, 4)
2878
(8, 4)
2879
(8, 4)
2880
(8, 4)
2881
(8, 4)
2882
(8, 4)
2883
(8, 4)
2884
(8, 5)
2885
(8, 5)
2886
(8, 4)
2887
(8, 4)
2888
(8, 4)
2889
(8, 4)
2890
(8, 4)
2891
(8, 4)
2892
(8, 4)
2893
(8, 4)
2894
(8, 4)
2895
(8, 4)
2896
(8, 4)
2897
(8, 4)
2898
(8, 4)
2899
(8, 4)
2900
(8, 4)
2901
(8, 4)
2902
(8, 4)
2903
(8, 5)
2904
(8, 5)
2905
(7, 5)
2906
(8, 5)
2907
(7, 5)
2908
(7, 5)
2909
(7, 5)
2910
(7, 5)
2911
(7, 5)
2912
(8, 5)
2913
(8, 5)
2914
(8, 5)
2915
(8, 5)
2916
(7, 5)
2917
(8, 5)
2918
(8, 5)
2919
(8, 5)
2920
(8, 5)
2921
(8, 5)
2922
(8, 5)
2923
(8, 5)
2924
(8, 5)
2925
(8, 5)
2926
(7, 5)
2927
(8, 5)
2928
(7, 5)
2929
(7, 5)
2930
(7, 5)
2931
(7, 5)
2932
(7, 5)
2933
(8, 5)
2934
(7, 5)
2935
(7, 5)
2936
(7, 5)
2937
(7, 5)
2938
(7, 5)
2939
(8, 5)
2940
(8, 5)
2941
(8, 5)
2942
(8, 5)
2943
(8, 5)
2944
(8, 5)
2945
(8, 5)
2946
(8, 5)
2947
(8, 5)
2948
(8, 5)
2949
(7, 5)
2950
(8, 5)
2951
(8, 5)
2952
(8, 5)
2953
(8, 5)
2954
(8, 5)
2955
(8, 5)
2956
(8, 5)
2957
(8, 5)
2958
(8, 5)
2959
(8, 5)
2960
(8, 5)
2961
(8, 5)
2962
(7, 5)
2963
(8, 5)
2964
(7, 5)
2965
(7, 5)
2966
(7, 5)
2967
(7, 5)
2968
(7, 5)
2969
(8, 5)
2970
(8, 5)
2971
(8, 5)
2972
(8, 5)
2973
(8, 5)
2974
(7, 5)
2975
(8, 5)
2976
(8, 5)
2977
(8, 5)
2978
(8, 5)
2979
(8, 5)
2980
(8, 5)
2981
(8, 5)
2982
(8, 5)
2983
(8, 5)
2984
(7, 5)
2985
(7, 5)
2986
(7, 5)
2987
(7, 5)
2988
(8, 5)
2989
(8, 5)
2990
(8, 5)
2991
(8, 5)
2992
(7, 5)
2993
(8, 5)
2994
(7, 5)
2995
(7, 5)
2996
(7, 5)
2997
(7, 5)
2998
(7, 5)
2999
(7, 5)
3000
(8, 5)
defaultdict(<function <lambda> at 0x2b52c30842a8>, {(7, 3): 67, (4, 7): 21, (9, 1): 91, (4, 8): 21, (5, 6): 20, (11, 2): 47, (5, 4): 26, (2, 1): 23, (6, 2): 100, (9, 4): 36, (5, 1): 100, (10, 3): 60, (7, 2): 100, (1, 2): 2, (12, 2): 3, (4, 9): 25, (3, 3): 72, (8, 1): 38, (8, 5): 68, (4, 4): 50, (6, 3): 101, (11, 1): 8, (2, 2): 100, (4, 1): 100, (1, 1): 31, (12, 3): 39, (6, 4): 18, (3, 2): 100, (6, 6): 10, (8, 2): 101, (7, 1): 100, (4, 5): 38, (9, 3): 100, (5, 5): 17, (7, 5): 37, (2, 3): 68, (10, 1): 52, (4, 2): 90, (6, 5): 11, (5, 3): 100, (8, 3): 101, (4, 6): 33, (9, 2): 100, (6, 1): 100, (3, 1): 42, (11, 3): 38, (4, 3): 100, (9, 5): 1, (8, 4): 101, (5, 2): 100, (10, 2): 93})
3001
(8, 5)
3002
(8, 5)
3003
(8, 5)
3004
(8, 5)
3005
(8, 5)
3006
(8, 5)
3007
(8, 5)
3008
(8, 5)
3009
(8, 5)
3010
(8, 5)
3011
(8, 5)
3012
(8, 5)
3013
(8, 5)
3014
(8, 5)
3015
(11, 1)
3016
(11, 1)
3017
(11, 1)
3018
(11, 1)
3019
(11, 1)
3020
(11, 1)
3021
(11, 2)
3022
(11, 2)
3023
(11, 2)
3024
(11, 3)
3025
(12, 3)
3026
(12, 3)
3027
(12, 3)
3028
(8, 5)
3029
(8, 5)
3030
(7, 5)
3031
(8, 5)
3032
(8, 5)
3033
(12, 3)
3034
(12, 3)
3035
(11, 2)
3036
(11, 2)
3037
(8, 5)
3038
(8, 5)
3039
(8, 5)
3040
(8, 5)
3041
(8, 5)
3042
(7, 5)
3043
(7, 5)
3044
(7, 5)
3045
(7, 5)
3046
(7, 5)
3047
(7, 5)
3048
(7, 5)
3049
(7, 5)
3050
(7, 5)
3051
(8, 5)
3052
(8, 5)
3053
(8, 5)
3054
(7, 5)
3055
(7, 5)
3056
(7, 5)
3057
(8, 5)
3058
(8, 5)
3059
(8, 5)
3060
(7, 5)
3061
(7, 5)
3062
(7, 5)
3063
(8, 5)
3064
(8, 5)
3065
(8, 5)
3066
(7, 5)
3067
(7, 5)
3068
(7, 5)
3069
(7, 5)
3070
(7, 5)
3071
(7, 5)
3072
(7, 5)
3073
(7, 5)
3074
(7, 5)
3075
(7, 5)
3076
(12, 2)
3077
(12, 2)
3078
(9, 5)
3079
(9, 5)
3080
(4, 10)
3081
(7, 5)
3082
(7, 5)
3083
(7, 5)
3084
(7, 5)
3085
(7, 5)
3086
(10, 2)
3087
(4, 9)
3088
(10, 2)
3089
(9, 5)
3090
(9, 5)
3091
(9, 5)
3092
(7, 5)
3093
(7, 5)
3094
(7, 5)
3095
(7, 5)
3096
(7, 5)
3097
(12, 2)
3098
(12, 2)
3099
(9, 5)
3100
(9, 5)
3101
(9, 5)
3102
(4, 9)
3103
(4, 9)
3104
(4, 9)
3105
(11, 2)
3106
(7, 5)
3107
(7, 5)
3108
(7, 5)
3109
(7, 5)
3110
(7, 5)
3111
(12, 3)
3112
(12, 3)
3113
(12, 3)
3114
(12, 3)
3115
(12, 3)
3116
(12, 2)
3117
(12, 3)
3118
(12, 3)
3119
(12, 3)
3120
(12, 3)
3121
(12, 3)
3122
(12, 3)
3123
(12, 3)
3124
(12, 3)
3125
(12, 3)
3126
(12, 3)
3127
(9, 5)
3128
(9, 4)
3129
(9, 4)
3130
(9, 4)
3131
(9, 4)
3132
(9, 4)
3133
(9, 4)
3134
(9, 4)
3135
(9, 4)
3136
(9, 4)
3137
(9, 4)
3138
(9, 4)
3139
(9, 4)
3140
(9, 4)
3141
(9, 4)
3142
(9, 4)
3143
(9, 4)
3144
(9, 4)
3145
(9, 4)
3146
(9, 4)
3147
(9, 4)
3148
(9, 4)
3149
(9, 4)
3150
(9, 4)
3151
(9, 4)
3152
(9, 4)
3153
(9, 4)
3154
(10, 2)
3155
(12, 2)
3156
(12, 2)
3157
(12, 2)
3158
(12, 2)
3159
(9, 5)
3160
(7, 5)
3161
(7, 5)
3162
(7, 5)
3163
(10, 2)
3164
(11, 3)
3165
(11, 3)
3166
(11, 3)
3167
(11, 3)
3168
(10, 2)
3169
(9, 5)
3170
(9, 5)
3171
(9, 5)
3172
(10, 2)
3173
(10, 1)
3174
(9, 1)
3175
(9, 1)
3176
(9, 1)
3177
(9, 1)
3178
(9, 1)
3179
(8, 1)
3180
(8, 1)
3181
(8, 1)
3182
(10, 2)
3183
(10, 1)
3184
(9, 1)
3185
(9, 1)
3186
(9, 1)
3187
(9, 1)
3188
(11, 2)
3189
(9, 5)
3190
(9, 5)
3191
(9, 5)
3192
(9, 5)
3193
(7, 5)
3194
(7, 5)
3195
(7, 5)
3196
(7, 5)
3197
(7, 5)
3198
(12, 2)
3199
(12, 2)
3200
(12, 3)
3201
(12, 3)
3202
(12, 3)
3203
(12, 3)
3204
(12, 3)
3205
(12, 2)
3206
(12, 2)
3207
(11, 2)
3208
(11, 2)
3209
(7, 5)
3210
(7, 5)
3211
(7, 5)
3212
(7, 5)
3213
(7, 5)
3214
(9, 5)
3215
(9, 5)
3216
(9, 4)
3217
(9, 4)
3218
(9, 4)
3219
(9, 4)
3220
(9, 4)
3221
(9, 4)
3222
(9, 4)
3223
(9, 4)
3224
(9, 4)
3225
(9, 4)
3226
(9, 4)
3227
(9, 4)
3228
(9, 4)
3229
(9, 4)
3230
(9, 4)
3231
(9, 4)
3232
(9, 4)
3233
(9, 4)
3234
(9, 4)
3235
(9, 4)
3236
(9, 4)
3237
(9, 4)
3238
(9, 4)
3239
(9, 5)
3240
(9, 5)
3241
(9, 5)
3242
(9, 5)
3243
(9, 5)
3244
(9, 5)
3245
(9, 4)
3246
(9, 4)
3247
(9, 4)
3248
(9, 4)
3249
(9, 4)
3250
(9, 4)
3251
(9, 4)
3252
(9, 4)
3253
(9, 4)
3254
(9, 4)
3255
(9, 4)
3256
(9, 4)
3257
(9, 4)
3258
(9, 4)
3259
(9, 4)
3260
(9, 4)
3261
(9, 5)
3262
(9, 5)
3263
(9, 5)
3264
(9, 5)
3265
(9, 5)
3266
(9, 5)
3267
(9, 5)
3268
(12, 3)
3269
(12, 3)
3270
(12, 3)
3271
(9, 5)
3272
(12, 3)
3273
(12, 3)
3274
(9, 5)
3275
(9, 5)
3276
(9, 5)
3277
(9, 5)
3278
(9, 5)
3279
(9, 5)
3280
(9, 5)
3281
(9, 5)
3282
(9, 5)
3283
(9, 5)
3284
(9, 5)
3285
(9, 5)
3286
(9, 5)
3287
(12, 2)
3288
(12, 2)
3289
(9, 5)
3290
(9, 5)
3291
(9, 5)
3292
(12, 1)
3293
(9, 5)
3294
(9, 5)
3295
(7, 5)
3296
(7, 5)
3297
(7, 5)
3298
(7, 5)
3299
(7, 5)
3300
(9, 5)
3301
(9, 5)
3302
(9, 5)
3303
(9, 5)
3304
(9, 5)
3305
(9, 5)
3306
(9, 5)
3307
(9, 5)
3308
(9, 5)
3309
(9, 5)
3310
(9, 5)
3311
(12, 3)
3312
(9, 5)
3313
(12, 3)
3314
(12, 3)
3315
(9, 5)
3316
(9, 5)
3317
(9, 5)
3318
(12, 3)
3319
(12, 3)
3320
(9, 5)
3321
(9, 5)
3322
(9, 5)
3323
(9, 5)
3324
(9, 5)
3325
(9, 5)
3326
(9, 5)
3327
(9, 5)
3328
(9, 5)
3329
(9, 5)
3330
(9, 5)
3331
(9, 5)
3332
(9, 5)
3333
(9, 5)
3334
(9, 5)
3335
(11, 2)
3336
(12, 1)
3337
(12, 1)
3338
(7, 5)
3339
(7, 5)
3340
(7, 5)
3341
(7, 5)
3342
(7, 5)
3343
(9, 5)
3344
(9, 5)
3345
(9, 5)
3346
(9, 5)
3347
(9, 5)
3348
(9, 5)
3349
(12, 1)
3350
(12, 1)
3351
(9, 5)
3352
(9, 5)
3353
(9, 5)
3354
(12, 2)
3355
(12, 2)
3356
(12, 2)
3357
(12, 2)
3358
(11, 2)
3359
(9, 5)
3360
(9, 5)
3361
(9, 5)
3362
(9, 5)
3363
(7, 6)
3364
(7, 6)
3365
(7, 6)
3366
(9, 5)
3367
(9, 5)
3368
(7, 6)
3369
(7, 6)
3370
(12, 3)
3371
(12, 3)
3372
(12, 3)
3373
(9, 5)
3374
(12, 3)
3375
(12, 3)
3376
(9, 5)
3377
(9, 5)
3378
(11, 2)
3379
(4, 10)
3380
(4, 10)
3381
(4, 10)
3382
(4, 10)
3383
(4, 10)
3384
(12, 1)
3385
(12, 1)
3386
(12, 3)
3387
(12, 3)
3388
(12, 3)
3389
(12, 1)
3390
(12, 1)
3391
(12, 1)
3392
(7, 6)
3393
(7, 6)
3394
(7, 6)
3395
(7, 6)
3396
(7, 6)
3397
(12, 1)
3398
(12, 1)
3399
(11, 2)
3400
(4, 10)
3401
(4, 10)
3402
(4, 10)
3403
(4, 10)
3404
(4, 10)
3405
(7, 6)
3406
(7, 6)
3407
(7, 6)
3408
(7, 6)
3409
(7, 6)
3410
(12, 1)
3411
(12, 1)
3412
(12, 4)
3413
(12, 4)
3414
(12, 4)
3415
(12, 4)
3416
(12, 4)
3417
(12, 1)
3418
(12, 1)
3419
(12, 1)
3420
(12, 1)
3421
(7, 6)
3422
(7, 6)
3423
(7, 6)
3424
(7, 6)
3425
(7, 6)
3426
(12, 3)
3427
(12, 3)
3428
(12, 3)
3429
(12, 3)
3430
(12, 3)
3431
(12, 1)
3432
(12, 2)
3433
(13, 2)
3434
(13, 2)
3435
(13, 2)
3436
(13, 3)
3437
(12, 2)
3438
(13, 2)
3439
(13, 2)
3440
(13, 2)
3441
(13, 3)
3442
(12, 2)
3443
(12, 2)
3444
(12, 2)
3445
(11, 2)
3446
(12, 1)
3447
(11, 2)
3448
(7, 6)
3449
(7, 6)
3450
(7, 6)
3451
(7, 6)
3452
(7, 6)
3453
(4, 10)
3454
(4, 10)
3455
(4, 10)
3456
(4, 10)
3457
(4, 10)
3458
(12, 1)
3459
(12, 1)
3460
(12, 1)
3461
(12, 4)
3462
(12, 4)
3463
(12, 4)
3464
(12, 4)
3465
(12, 4)
3466
(12, 1)
3467
(12, 1)
3468
(11, 1)
3469
(13, 1)
3470
(13, 1)
3471
(13, 1)
3472
(13, 3)
3473
(13, 3)
3474
(13, 3)
3475
(7, 6)
3476
(7, 6)
3477
(7, 6)
3478
(7, 6)
3479
(7, 6)
3480
(12, 1)
3481
(13, 2)
3482
(13, 2)
3483
(13, 2)
3484
(13, 2)
3485
(13, 2)
3486
(13, 2)
3487
(11, 1)
3488
(7, 6)
3489
(7, 6)
3490
(7, 6)
3491
(7, 6)
3492
(7, 6)
3493
(13, 2)
3494
(13, 2)
3495
(13, 2)
3496
(13, 2)
3497
(13, 2)
3498
(14, 3)
3499
(13, 2)
3500
(13, 2)
defaultdict(<function <lambda> at 0x2b52c30842a8>, {(7, 3): 67, (4, 7): 21, (12, 1): 26, (9, 1): 100, (4, 8): 21, (5, 6): 20, (11, 2): 62, (5, 4): 26, (2, 1): 23, (6, 2): 100, (9, 4): 101, (13, 2): 19, (5, 1): 100, (10, 3): 60, (7, 2): 100, (1, 2): 2, (12, 2): 27, (4, 9): 29, (3, 3): 72, (13, 3): 5, (8, 1): 41, (8, 5): 100, (7, 6): 35, (4, 4): 50, (6, 3): 101, (11, 1): 16, (2, 2): 100, (4, 1): 100, (1, 1): 31, (12, 3): 87, (6, 4): 18, (3, 2): 100, (6, 6): 10, (8, 2): 101, (4, 10): 16, (7, 1): 100, (4, 5): 38, (9, 3): 100, (5, 5): 17, (7, 5): 101, (2, 3): 68, (10, 1): 54, (4, 2): 90, (6, 5): 11, (5, 3): 100, (13, 1): 3, (8, 3): 101, (4, 6): 33, (9, 2): 100, (6, 1): 100, (3, 1): 42, (11, 3): 43, (12, 4): 10, (4, 3): 100, (14, 3): 1, (9, 5): 100, (8, 4): 101, (5, 2): 100, (10, 2): 100})
3501
(14, 3)
3502
(13, 2)
3503
(13, 2)
3504
(14, 3)
3505
(12, 4)
3506
(12, 4)
3507
(12, 4)
3508
(12, 4)
3509
(12, 4)
3510
(12, 4)
3511
(12, 4)
3512
(12, 4)
3513
(12, 4)
3514
(12, 4)
3515
(11, 1)
3516
(7, 6)
3517
(7, 6)
3518
(7, 6)
3519
(7, 6)
3520
(11, 2)
3521
(12, 1)
3522
(12, 1)
3523
(11, 1)
3524
(11, 1)
3525
(11, 1)
3526
(11, 1)
3527
(11, 1)
3528
(11, 1)
3529
(11, 1)
3530
(11, 2)
3531
(11, 2)
3532
(11, 2)
3533
(11, 2)
3534
(11, 2)
3535
(11, 2)
3536
(11, 2)
3537
(11, 2)
3538
(11, 2)
3539
(11, 3)
3540
(11, 3)
3541
(11, 3)
3542
(11, 3)
3543
(11, 3)
3544
(11, 3)
3545
(11, 3)
3546
(11, 3)
3547
(11, 3)
3548
(10, 3)
3549
(10, 3)
3550
(10, 3)
3551
(10, 3)
3552
(10, 3)
3553
(10, 3)
3554
(10, 3)
3555
(10, 3)
3556
(10, 3)
3557
(10, 3)
3558
(10, 3)
3559
(10, 3)
3560
(10, 3)
3561
(10, 3)
3562
(10, 3)
3563
(10, 3)
3564
(10, 3)
3565
(10, 3)
3566
(10, 3)
3567
(10, 3)
3568
(10, 3)
3569
(10, 3)
3570
(10, 3)
3571
(10, 3)
3572
(10, 3)
3573
(10, 3)
3574
(10, 3)
3575
(10, 3)
3576
(10, 3)
3577
(10, 3)
3578
(10, 3)
3579
(10, 3)
3580
(10, 3)
3581
(10, 3)
3582
(10, 3)
3583
(11, 3)
3584
(11, 3)
3585
(11, 3)
3586
(11, 3)
3587
(11, 3)
3588
(11, 3)
3589
(11, 3)
3590
(11, 2)
3591
(11, 2)
3592
(11, 3)
3593
(11, 3)
3594
(11, 3)
3595
(11, 3)
3596
(11, 3)
3597
(11, 3)
3598
(11, 2)
3599
(11, 2)
3600
(11, 2)
3601
(11, 2)
3602
(11, 2)
3603
(11, 2)
3604
(11, 2)
3605
(11, 3)
3606
(11, 3)
3607
(11, 3)
3608
(11, 3)
3609
(11, 2)
3610
(11, 2)
3611
(11, 2)
3612
(11, 2)
3613
(11, 2)
3614
(11, 2)
3615
(11, 2)
3616
(11, 2)
3617
(11, 2)
3618
(11, 2)
3619
(11, 2)
3620
(11, 3)
3621
(11, 3)
3622
(11, 3)
3623
(11, 3)
3624
(11, 3)
3625
(11, 3)
3626
(11, 3)
3627
(11, 2)
3628
(11, 2)
3629
(11, 2)
3630
(11, 2)
3631
(11, 2)
3632
(11, 2)
3633
(11, 2)
3634
(11, 2)
3635
(11, 2)
3636
(11, 3)
3637
(11, 3)
3638
(11, 3)
3639
(11, 3)
3640
(11, 3)
3641
(11, 3)
3642
(11, 1)
3643
(11, 1)
3644
(11, 1)
3645
(12, 3)
3646
(12, 3)
3647
(12, 3)
3648
(12, 3)
3649
(12, 3)
3650
(12, 3)
3651
(12, 3)
3652
(12, 3)
3653
(12, 3)
3654
(12, 3)
3655
(12, 3)
3656
(12, 3)
3657
(11, 1)
3658
(11, 1)
3659
(11, 1)
3660
(12, 3)
3661
(12, 3)
3662
(12, 2)
3663
(12, 2)
3664
(12, 2)
3665
(11, 1)
3666
(11, 1)
3667
(11, 1)
3668
(12, 2)
3669
(11, 1)
3670
(11, 1)
3671
(11, 1)
3672
(11, 1)
3673
(11, 1)
3674
(11, 1)
3675
(11, 1)
3676
(11, 1)
3677
(11, 1)
3678
(12, 2)
3679
(12, 2)
3680
(11, 1)
3681
(11, 1)
3682
(11, 1)
3683
(11, 1)
3684
(11, 1)
3685
(11, 1)
3686
(11, 1)
3687
(11, 1)
3688
(11, 1)
3689
(12, 2)
3690
(12, 2)
3691
(12, 2)
3692
(12, 2)
3693
(12, 2)
3694
(12, 2)
3695
(12, 2)
3696
(12, 2)
3697
(12, 2)
3698
(12, 2)
3699
(12, 1)
3700
(12, 2)
3701
(12, 2)
3702
(12, 1)
3703
(12, 1)
3704
(12, 2)
3705
(12, 2)
3706
(12, 2)
3707
(7, 6)
3708
(7, 6)
3709
(7, 6)
3710
(7, 6)
3711
(7, 6)
3712
(7, 6)
3713
(7, 6)
3714
(7, 6)
3715
(7, 6)
3716
(7, 6)
3717
(12, 1)
3718
(12, 4)
3719
(12, 4)
3720
(12, 4)
3721
(12, 4)
3722
(12, 4)
3723
(13, 1)
3724
(13, 1)
3725
(13, 1)
3726
(13, 1)
3727
(12, 1)
3728
(12, 1)
3729
(7, 6)
3730
(8, 6)
3731
(8, 6)
3732
(7, 6)
3733
(7, 6)
3734
(8, 6)
3735
(8, 6)
3736
(7, 6)
3737
(7, 6)
3738
(8, 6)
3739
(8, 6)
3740
(7, 6)
3741
(7, 6)
3742
(7, 6)
3743
(12, 1)
3744
(12, 2)
3745
(12, 2)
3746
(7, 6)
3747
(7, 6)
3748
(7, 6)
3749
(7, 6)
3750
(7, 6)
3751
(7, 6)
3752
(7, 6)
3753
(7, 6)
3754
(7, 6)
3755
(13, 1)
3756
(12, 1)
3757
(7, 6)
3758
(7, 6)
3759
(7, 6)
3760
(7, 6)
3761
(7, 6)
3762
(12, 1)
3763
(12, 1)
3764
(12, 1)
3765
(12, 1)
3766
(12, 2)
3767
(12, 2)
3768
(12, 2)
3769
(12, 1)
3770
(12, 1)
3771
(12, 1)
3772
(11, 1)
3773
(7, 6)
3774
(7, 6)
3775
(7, 6)
3776
(7, 6)
3777
(7, 6)
3778
(12, 4)
3779
(12, 4)
3780
(12, 4)
3781
(7, 7)
3782
(7, 7)
3783
(7, 7)
3784
(13, 1)
3785
(12, 4)
3786
(12, 4)
3787
(7, 7)
3788
(7, 7)
3789
(13, 1)
3790
(13, 1)
3791
(13, 1)
3792
(13, 1)
3793
(13, 1)
3794
(12, 4)
3795
(12, 4)
3796
(12, 4)
3797
(7, 7)
3798
(7, 7)
3799
(13, 1)
3800
(7, 7)
3801
(13, 1)
3802
(12, 4)
3803
(7, 7)
3804
(7, 7)
3805
(13, 2)
3806
(14, 2)
3807
(14, 2)
3808
(14, 3)
3809
(13, 2)
3810
(14, 2)
3811
(14, 2)
3812
(14, 3)
3813
(7, 6)
3814
(7, 6)
3815
(7, 6)
3816
(7, 6)
3817
(7, 6)
3818
(8, 6)
3819
(8, 6)
3820
(8, 6)
3821
(8, 6)
3822
(7, 6)
3823
(7, 6)
3824
(7, 6)
3825
(7, 6)
3826
(7, 6)
3827
(7, 6)
3828
(7, 6)
3829
(7, 6)
3830
(7, 6)
3831
(7, 6)
3832
(7, 6)
3833
(7, 6)
3834
(7, 6)
3835
(7, 6)
3836
(7, 6)
3837
(8, 6)
3838
(8, 6)
3839
(7, 6)
3840
(7, 6)
3841
(7, 6)
3842
(7, 6)
3843
(7, 6)
3844
(14, 3)
3845
(14, 3)
3846
(14, 3)
3847
(13, 1)
3848
(13, 1)
3849
(7, 7)
3850
(8, 6)
3851
(8, 6)
3852
(8, 6)
3853
(8, 6)
3854
(7, 7)
3855
(8, 6)
3856
(8, 6)
3857
(8, 6)
3858
(8, 6)
3859
(7, 7)
3860
(8, 6)
3861
(8, 6)
3862
(8, 6)
3863
(8, 6)
3864
(7, 7)
3865
(7, 7)
3866
(13, 1)
3867
(13, 1)
3868
(13, 1)
3869
(13, 1)
3870
(13, 1)
3871
(7, 7)
3872
(7, 7)
3873
(7, 7)
3874
(7, 7)
3875
(7, 7)
3876
(7, 7)
3877
(7, 7)
3878
(7, 7)
3879
(8, 6)
3880
(8, 6)
3881
(8, 6)
3882
(8, 6)
3883
(8, 6)
3884
(7, 7)
3885
(8, 6)
3886
(8, 6)
3887
(8, 6)
3888
(7, 7)
3889
(7, 7)
3890
(8, 6)
3891
(8, 6)
3892
(8, 6)
3893
(7, 7)
3894
(7, 7)
3895
(7, 7)
3896
(7, 7)
3897
(7, 7)
3898
(7, 7)
3899
(7, 7)
3900
(7, 7)
3901
(7, 7)
3902
(7, 7)
3903
(7, 7)
3904
(7, 7)
3905
(7, 7)
3906
(7, 7)
3907
(7, 7)
3908
(7, 7)
3909
(7, 7)
3910
(7, 7)
3911
(7, 7)
3912
(7, 7)
3913
(7, 7)
3914
(7, 7)
3915
(7, 7)
3916
(7, 7)
3917
(7, 7)
3918
(6, 6)
3919
(6, 6)
3920
(6, 6)
3921
(6, 6)
3922
(6, 5)
3923
(6, 5)
3924
(6, 5)
3925
(6, 5)
3926
(6, 5)
3927
(6, 5)
3928
(6, 6)
3929
(6, 6)
3930
(6, 6)
3931
(5, 6)
3932
(5, 6)
3933
(5, 6)
3934
(5, 6)
3935
(5, 6)
3936
(5, 6)
3937
(5, 7)
3938
(5, 7)
3939
(5, 7)
3940
(5, 7)
3941
(5, 7)
3942
(5, 6)
3943
(5, 6)
3944
(6, 6)
3945
(6, 6)
3946
(6, 5)
3947
(6, 5)
3948
(6, 5)
3949
(6, 5)
3950
(6, 5)
3951
(6, 5)
3952
(5, 7)
3953
(5, 6)
3954
(5, 6)
3955
(5, 6)
3956
(5, 5)
3957
(5, 5)
3958
(5, 5)
3959
(5, 5)
3960
(5, 5)
3961
(5, 5)
3962
(5, 5)
3963
(5, 5)
3964
(5, 5)
3965
(5, 6)
3966
(5, 6)
3967
(5, 6)
3968
(5, 7)
3969
(5, 6)
3970
(5, 6)
3971
(5, 6)
3972
(5, 6)
3973
(5, 5)
3974
(5, 5)
3975
(5, 5)
3976
(5, 5)
3977
(4, 5)
3978
(4, 5)
3979
(4, 6)
3980
(4, 6)
3981
(4, 6)
3982
(4, 6)
3983
(4, 7)
3984
(4, 7)
3985
(5, 7)
3986
(5, 6)
3987
(5, 6)
3988
(5, 6)
3989
(4, 5)
3990
(4, 5)
3991
(4, 5)
3992
(4, 5)
3993
(4, 5)
3994
(3, 5)
3995
(3, 5)
3996
(3, 5)
3997
(3, 5)
3998
(3, 6)
3999
(3, 6)
4000
(2, 6)
defaultdict(<function <lambda> at 0x2b52c30842a8>, {(7, 3): 67, (4, 7): 23, (5, 7): 8, (12, 1): 43, (9, 1): 100, (4, 8): 21, (5, 6): 41, (11, 2): 101, (5, 4): 26, (2, 1): 23, (6, 2): 100, (9, 4): 101, (13, 2): 23, (5, 1): 100, (10, 3): 95, (7, 2): 100, (1, 2): 2, (12, 2): 53, (4, 9): 29, (3, 3): 72, (13, 3): 5, (8, 1): 41, (8, 5): 100, (7, 6): 101, (4, 4): 50, (6, 3): 101, (11, 1): 52, (3, 6): 2, (2, 2): 100, (8, 6): 35, (3, 5): 4, (4, 1): 100, (1, 1): 31, (12, 3): 101, (6, 4): 18, (3, 2): 100, (2, 6): 1, (6, 6): 19, (8, 2): 101, (4, 10): 16, (7, 1): 100, (4, 5): 45, (9, 3): 100, (5, 5): 30, (7, 7): 51, (7, 5): 101, (2, 3): 68, (10, 1): 54, (4, 2): 90, (14, 2): 4, (6, 5): 23, (5, 3): 100, (13, 1): 23, (8, 3): 101, (4, 6): 37, (9, 2): 100, (6, 1): 100, (3, 1): 42, (11, 3): 82, (12, 4): 34, (4, 3): 100, (14, 3): 8, (9, 5): 100, (8, 4): 101, (5, 2): 100, (10, 2): 100})
4001
(2, 7)
4002
(2, 7)
4003
(2, 7)
4004
(2, 7)
4005
(2, 7)
4006
(2, 6)
4007
(2, 6)
4008
(2, 6)
4009
(2, 5)
4010
(2, 5)
4011
(2, 5)
4012
(2, 5)
4013
(2, 5)
4014
(2, 5)
4015
(2, 5)
4016
(2, 5)
4017
(2, 5)
4018
(2, 6)
4019
(2, 6)
4020
(2, 7)
4021
(2, 6)
4022
(1, 6)
4023
(1, 6)
4024
(1, 6)
4025
(1, 5)
4026
(1, 5)
4027
(1, 5)
4028
(1, 5)
4029
(1, 5)
4030
(1, 6)
4031
(1, 6)
4032
(1, 6)
4033
(1, 6)
4034
(1, 6)
4035
(1, 6)
4036
(1, 6)
4037
(1, 6)
4038
(1, 7)
4039
(1, 7)
4040
(1, 7)
4041
(1, 7)
4042
(1, 7)
4043
(1, 6)
4044
(1, 6)
4045
(1, 6)
4046
(1, 5)
4047
(1, 5)
4048
(1, 5)
4049
(1, 5)
4050
(1, 5)
4051
(1, 5)
4052
(1, 5)
4053
(1, 5)
4054
(1, 5)
4055
(1, 6)
4056
(1, 6)
4057
(1, 7)
4058
(1, 6)
4059
(1, 6)
4060
(1, 6)
4061
(1, 5)
4062
(1, 5)
4063
(1, 5)
4064
(1, 5)
4065
(1, 5)
4066
(1, 5)
4067
(1, 5)
4068
(1, 5)
4069
(1, 5)
4070
(1, 6)
4071
(1, 6)
4072
(1, 6)
4073
(1, 6)
4074
(1, 7)
4075
(1, 6)
4076
(1, 6)
4077
(1, 6)
4078
(2, 6)
4079
(1, 7)
4080
(1, 6)
4081
(1, 6)
4082
(1, 6)
4083
(2, 6)
4084
(1, 7)
4085
(1, 6)
4086
(1, 6)
4087
(1, 6)
4088
(1, 5)
4089
(1, 5)
4090
(1, 5)
4091
(1, 5)
4092
(1, 5)
4093
(1, 5)
4094
(1, 5)
4095
(1, 5)
4096
(1, 5)
4097
(1, 6)
4098
(1, 6)
4099
(1, 7)
4100
(1, 7)
4101
(1, 6)
4102
(1, 6)
4103
(1, 6)
4104
(1, 6)
4105
(1, 6)
4106
(1, 6)
4107
(1, 6)
4108
(1, 6)
4109
(1, 6)
4110
(1, 6)
4111
(1, 6)
4112
(1, 7)
4113
(1, 7)
4114
(1, 6)
4115
(1, 6)
4116
(1, 6)
4117
(2, 5)
4118
(2, 5)
4119
(1, 7)
4120
(1, 6)
4121
(1, 6)
4122
(1, 6)
4123
(1, 6)
4124
(1, 6)
4125
(1, 6)
4126
(1, 6)
4127
(1, 6)
4128
(1, 6)
4129
(1, 6)
4130
(2, 5)
4131
(1, 6)
4132
(2, 5)
4133
(2, 5)
4134
(2, 5)
4135
(2, 5)
4136
(1, 6)
4137
(2, 5)
4138
(2, 5)
4139
(2, 7)
4140
(2, 7)
4141
(1, 6)
4142
(1, 6)
4143
(1, 6)
4144
(1, 6)
4145
(1, 5)
4146
(1, 5)
4147
(1, 5)
4148
(1, 5)
4149
(1, 5)
4150
(1, 6)
4151
(1, 6)
4152
(1, 6)
4153
(1, 6)
4154
(1, 6)
4155
(1, 6)
4156
(1, 6)
4157
(1, 6)
4158
(1, 6)
4159
(1, 6)
4160
(1, 6)
4161
(1, 6)
4162
(1, 6)
4163
(1, 7)
4164
(1, 7)
4165
(1, 7)
4166
(1, 7)
4167
(1, 7)
4168
(1, 6)
4169
(1, 6)
4170
(1, 6)
4171
(1, 5)
4172
(1, 5)
4173
(1, 5)
4174
(1, 5)
4175
(1, 5)
4176
(1, 5)
4177
(1, 5)
4178
(1, 5)
4179
(1, 5)
4180
(1, 6)
4181
(1, 6)
4182
(1, 7)
4183
(1, 6)
4184
(1, 6)
4185
(1, 6)
4186
(1, 5)
4187
(1, 5)
4188
(1, 5)
4189
(1, 5)
4190
(1, 5)
4191
(1, 5)
4192
(1, 5)
4193
(1, 5)
4194
(1, 5)
4195
(1, 6)
4196
(1, 6)
4197
(1, 6)
4198
(2, 6)
4199
(2, 6)
4200
(2, 6)
4201
(3, 5)
4202
(3, 5)
4203
(2, 7)
4204
(1, 6)
4205
(1, 6)
4206
(1, 6)
4207
(1, 5)
4208
(1, 5)
4209
(1, 5)
4210
(1, 5)
4211
(1, 5)
4212
(1, 5)
4213
(1, 5)
4214
(1, 5)
4215
(1, 5)
4216
(1, 6)
4217
(1, 6)
4218
(1, 6)
4219
(1, 6)
4220
(1, 7)
4221
(1, 6)
4222
(1, 6)
4223
(1, 6)
4224
(1, 6)
4225
(1, 6)
4226
(1, 6)
4227
(1, 6)
4228
(1, 6)
4229
(1, 6)
4230
(1, 6)
4231
(1, 7)
4232
(1, 6)
4233
(1, 6)
4234
(1, 6)
4235
(1, 5)
4236
(1, 5)
4237
(1, 5)
4238
(1, 5)
4239
(1, 5)
4240
(1, 5)
4241
(1, 5)
4242
(1, 5)
4243
(1, 5)
4244
(1, 6)
4245
(1, 6)
4246
(1, 7)
4247
(1, 6)
4248
(1, 6)
4249
(1, 6)
4250
(1, 6)
4251
(1, 6)
4252
(1, 5)
4253
(1, 5)
4254
(1, 5)
4255
(1, 6)
4256
(1, 6)
4257
(1, 6)
4258
(1, 6)
4259
(1, 6)
4260
(1, 6)
4261
(1, 6)
4262
(1, 7)
4263
(1, 7)
4264
(1, 6)
4265
(1, 6)
4266
(1, 6)
4267
(1, 6)
4268
(1, 6)
4269
(1, 6)
4270
(1, 6)
4271
(1, 6)
4272
(1, 6)
4273
(1, 6)
4274
(1, 6)
4275
(1, 6)
4276
(1, 6)
4277
(1, 6)
4278
(1, 6)
4279
(1, 6)
4280
(2, 6)
4281
(2, 6)
4282
(2, 5)
4283
(2, 5)
4284
(1, 7)
4285
(1, 6)
4286
(1, 6)
4287
(1, 6)
4288
(1, 6)
4289
(1, 5)
4290
(1, 5)
4291
(1, 5)
4292
(1, 5)
4293
(1, 5)
4294
(1, 5)
4295
(1, 5)
4296
(1, 7)
4297
(1, 6)
4298
(1, 6)
4299
(1, 6)
4300
(1, 6)
4301
(1, 6)
4302
(1, 6)
4303
(1, 6)
4304
(1, 6)
4305
(1, 6)
4306
(1, 6)
4307
(1, 6)
4308
(1, 6)
4309
(1, 7)
4310
(1, 7)
4311
(1, 6)
4312
(1, 6)
4313
(1, 6)
4314
(2, 5)
4315
(2, 5)
4316
(1, 7)
4317
(1, 7)
4318
(1, 6)
4319
(1, 6)
4320
(1, 6)
4321
(1, 5)
4322
(2, 5)
4323
(2, 5)
4324
(1, 7)
4325
(1, 6)
4326
(1, 6)
4327
(1, 6)
4328
(1, 5)
4329
(1, 7)
4330
(1, 6)
4331
(2, 5)
4332
(2, 5)
4333
(1, 7)
4334
(1, 6)
4335
(1, 7)
4336
(1, 7)
4337
(1, 7)
4338
(1, 7)
4339
(1, 7)
4340
(1, 6)
4341
(1, 6)
4342
(1, 6)
4343
(2, 5)
4344
(2, 5)
4345
(2, 5)
4346
(1, 7)
4347
(1, 6)
4348
(1, 6)
4349
(1, 6)
4350
(1, 5)
4351
(1, 5)
4352
(1, 5)
4353
(1, 5)
4354
(1, 5)
4355
(1, 5)
4356
(1, 5)
4357
(1, 5)
4358
(1, 5)
4359
(2, 5)
4360
(2, 5)
4361
(2, 5)
4362
(1, 7)
4363
(1, 6)
4364
(1, 6)
4365
(1, 6)
4366
(1, 5)
4367
(1, 5)
4368
(1, 5)
4369
(1, 5)
4370
(1, 5)
4371
(1, 5)
4372
(1, 7)
4373
(1, 6)
4374
(1, 7)
4375
(1, 7)
4376
(1, 6)
4377
(2, 5)
4378
(1, 7)
4379
(1, 7)
4380
(1, 7)
4381
(1, 6)
4382
(1, 6)
4383
(2, 5)
4384
(2, 5)
4385
(1, 6)
4386
(1, 6)
4387
(1, 7)
4388
(1, 7)
4389
(1, 6)
4390
(1, 6)
4391
(1, 7)
4392
(1, 6)
4393
(2, 5)
4394
(2, 5)
4395
(1, 7)
4396
(1, 7)
4397
(1, 6)
4398
(1, 6)
4399
(1, 6)
4400
(1, 6)
4401
(1, 6)
4402
(1, 7)
4403
(1, 7)
4404
(2, 5)
4405
(2, 5)
4406
(3, 5)
4407
(2, 7)
4408
(2, 6)
4409
(2, 6)
4410
(2, 6)
4411
(2, 5)
4412
(2, 5)
4413
(2, 5)
4414
(2, 5)
4415
(2, 5)
4416
(2, 5)
4417
(2, 5)
4418
(2, 5)
4419
(2, 5)
4420
(2, 6)
4421
(2, 6)
4422
(1, 7)
4423
(1, 6)
4424
(1, 6)
4425
(1, 6)
4426
(1, 6)
4427
(1, 7)
4428
(1, 6)
4429
(1, 6)
4430
(1, 6)
4431
(2, 7)
4432
(2, 6)
4433
(2, 6)
4434
(2, 6)
4435
(2, 5)
4436
(2, 5)
4437
(2, 5)
4438
(2, 5)
4439
(2, 5)
4440
(2, 5)
4441
(2, 5)
4442
(2, 5)
4443
(2, 5)
4444
(2, 6)
4445
(2, 6)
4446
(2, 7)
4447
(2, 6)
4448
(3, 5)
4449
(2, 5)
4450
(1, 7)
4451
(2, 6)
4452
(2, 6)
4453
(1, 7)
4454
(1, 7)
4455
(1, 7)
4456
(1, 7)
4457
(1, 7)
4458
(1, 7)
4459
(2, 7)
4460
(2, 7)
4461
(1, 6)
4462
(1, 6)
4463
(1, 6)
4464
(1, 6)
4465
(2, 6)
4466
(2, 6)
4467
(2, 6)
4468
(3, 5)
4469
(3, 5)
4470
(3, 5)
4471
(2, 7)
4472
(2, 6)
4473
(2, 6)
4474
(2, 6)
4475
(2, 5)
4476
(2, 5)
4477
(2, 5)
4478
(2, 5)
4479
(2, 5)
4480
(2, 5)
4481
(2, 5)
4482
(2, 5)
4483
(2, 5)
4484
(2, 6)
4485
(2, 6)
4486
(2, 5)
4487
(2, 5)
4488
(1, 7)
4489
(1, 7)
4490
(3, 5)
4491
(3, 5)
4492
(3, 5)
4493
(1, 7)
4494
(1, 7)
4495
(1, 7)
4496
(1, 7)
4497
(1, 7)
4498
(1, 7)
4499
(1, 7)
4500
(1, 7)
defaultdict(<function <lambda> at 0x2b52c30842a8>, {(7, 3): 67, (4, 7): 23, (5, 7): 8, (12, 1): 43, (9, 1): 100, (4, 8): 21, (5, 6): 41, (11, 2): 101, (5, 4): 26, (2, 1): 23, (6, 2): 100, (1, 6): 199, (9, 4): 101, (13, 2): 23, (5, 1): 100, (2, 5): 69, (10, 3): 95, (7, 2): 100, (1, 2): 2, (12, 2): 53, (4, 9): 29, (3, 3): 72, (13, 3): 5, (8, 1): 41, (8, 5): 100, (7, 6): 101, (4, 4): 50, (6, 3): 101, (1, 5): 100, (11, 1): 52, (3, 6): 2, (2, 2): 100, (8, 6): 35, (3, 5): 14, (4, 1): 100, (1, 1): 31, (12, 3): 101, (6, 4): 18, (3, 2): 100, (2, 6): 35, (6, 6): 19, (8, 2): 101, (4, 10): 16, (7, 1): 100, (4, 5): 45, (9, 3): 100, (5, 5): 30, (7, 7): 51, (7, 5): 101, (2, 3): 68, (10, 1): 54, (4, 2): 90, (14, 2): 4, (6, 5): 23, (5, 3): 100, (2, 7): 15, (13, 1): 23, (8, 3): 101, (4, 6): 37, (9, 2): 100, (6, 1): 100, (3, 1): 42, (11, 3): 82, (12, 4): 34, (4, 3): 100, (1, 7): 73, (14, 3): 8, (9, 5): 100, (8, 4): 101, (5, 2): 100, (10, 2): 100})
4501
(1, 7)
4502
(3, 5)
4503
(3, 5)
4504
(2, 5)
4505
(2, 6)
4506
(2, 5)
4507
(2, 7)
4508
(2, 7)
4509
(2, 6)
4510
(1, 6)
4511
(2, 7)
4512
(2, 7)
4513
(3, 5)
4514
(3, 5)
4515
(1, 7)
4516
(1, 7)
4517
(1, 7)
4518
(2, 5)
4519
(2, 5)
4520
(2, 6)
4521
(3, 5)
4522
(1, 7)
4523
(1, 7)
4524
(1, 7)
4525
(1, 7)
4526
(1, 7)
4527
(1, 7)
4528
(1, 7)
4529
(1, 7)
4530
(1, 7)
4531
(1, 7)
4532
(1, 7)
4533
(1, 7)
4534
(1, 7)
4535
(1, 7)
4536
(1, 7)
4537
(1, 7)
4538
(3, 5)
4539
(2, 5)
4540
(2, 7)
4541
(2, 6)
4542
(3, 6)
4543
(3, 6)
4544
(3, 6)
4545
(2, 5)
4546
(3, 5)
4547
(2, 7)
4548
(2, 6)
4549
(2, 6)
4550
(2, 6)
4551
(2, 5)
4552
(2, 5)
4553
(2, 5)
4554
(2, 5)
4555
(2, 5)
4556
(2, 5)
4557
(2, 5)
4558
(2, 5)
4559
(2, 5)
4560
(2, 6)
4561
(2, 6)
4562
(2, 7)
4563
(2, 6)
4564
(2, 6)
4565
(2, 7)
4566
(2, 6)
4567
(3, 6)
4568
(3, 6)
4569
(3, 5)
4570
(3, 5)
4571
(3, 5)
4572
(2, 7)
4573
(2, 7)
4574
(2, 6)
4575
(3, 6)
4576
(3, 6)
4577
(3, 5)
4578
(3, 5)
4579
(3, 5)
4580
(2, 7)
4581
(2, 7)
4582
(3, 5)
4583
(3, 5)
4584
(3, 5)
4585
(3, 5)
4586
(3, 5)
4587
(1, 7)
4588
(1, 7)
4589
(1, 7)
4590
(3, 5)
4591
(3, 5)
4592
(2, 6)
4593
(2, 7)
4594
(1, 7)
4595
(1, 7)
4596
(1, 7)
4597
(3, 5)
4598
(1, 7)
4599
(2, 6)
4600
(2, 6)
4601
(2, 6)
4602
(2, 6)
4603
(1, 7)
4604
(2, 6)
4605
(2, 6)
4606
(2, 6)
4607
(2, 6)
4608
(1, 7)
4609
(2, 6)
4610
(2, 6)
4611
(2, 6)
4612
(2, 6)
4613
(1, 7)
4614
(1, 7)
4615
(1, 7)
4616
(2, 5)
4617
(2, 5)
4618
(2, 5)
4619
(4, 5)
4620
(4, 5)
4621
(2, 5)
4622
(2, 7)
4623
(3, 6)
4624
(3, 6)
4625
(3, 6)
4626
(3, 6)
4627
(2, 7)
4628
(3, 6)
4629
(3, 6)
4630
(3, 6)
4631
(3, 6)
4632
(2, 7)
4633
(3, 6)
4634
(3, 6)
4635
(3, 6)
4636
(3, 6)
4637
(2, 7)
4638
(3, 5)
4639
(2, 5)
4640
(2, 5)
4641
(3, 5)
4642
(2, 7)
4643
(2, 6)
4644
(2, 6)
4645
(2, 6)
4646
(2, 5)
4647
(2, 7)
4648
(2, 6)
4649
(2, 6)
4650
(2, 6)
4651
(2, 7)
4652
(2, 6)
4653
(2, 6)
4654
(2, 7)
4655
(3, 5)
4656
(3, 5)
4657
(3, 5)
4658
(3, 5)
4659
(3, 5)
4660
(3, 5)
4661
(3, 5)
4662
(4, 5)
4663
(4, 5)
4664
(1, 7)
4665
(2, 6)
4666
(2, 6)
4667
(2, 6)
4668
(2, 6)
4669
(1, 7)
4670
(2, 6)
4671
(2, 6)
4672
(2, 6)
4673
(2, 6)
4674
(1, 7)
4675
(2, 6)
4676
(2, 6)
4677
(2, 6)
4678
(2, 6)
4679
(3, 5)
4680
(1, 7)
4681
(1, 7)
4682
(1, 7)
4683
(3, 5)
4684
(3, 5)
4685
(3, 5)
4686
(2, 5)
4687
(2, 5)
4688
(2, 5)
4689
(2, 7)
4690
(2, 6)
4691
(2, 6)
4692
(2, 6)
4693
(2, 6)
4694
(2, 7)
4695
(2, 6)
4696
(2, 6)
4697
(2, 6)
4698
(2, 6)
4699
(2, 7)
4700
(2, 6)
4701
(2, 6)
4702
(2, 6)
4703
(2, 6)
4704
(4, 5)
4705
(4, 5)
4706
(2, 7)
4707
(2, 6)
4708
(2, 6)
4709
(2, 6)
4710
(2, 5)
4711
(2, 5)
4712
(2, 5)
4713
(2, 5)
4714
(2, 5)
4715
(2, 5)
4716
(2, 5)
4717
(2, 5)
4718
(2, 5)
4719
(2, 6)
4720
(2, 6)
4721
(2, 7)
4722
(2, 6)
4723
(2, 6)
4724
(2, 6)
4725
(2, 5)
4726
(2, 5)
4727
(2, 5)
4728
(2, 5)
4729
(2, 5)
4730
(2, 5)
4731
(2, 5)
4732
(2, 5)
4733
(2, 5)
4734
(2, 6)
4735
(2, 6)
4736
(2, 7)
4737
(2, 6)
4738
(2, 6)
4739
(2, 6)
4740
(2, 5)
4741
(2, 5)
4742
(2, 5)
4743
(2, 5)
4744
(2, 5)
4745
(2, 5)
4746
(2, 5)
4747
(2, 5)
4748
(2, 5)
4749
(2, 6)
4750
(2, 6)
4751
(3, 5)
4752
(3, 5)
4753
(3, 5)
4754
(3, 5)
4755
(3, 5)
4756
(3, 7)
4757
(3, 6)
4758
(3, 6)
4759
(3, 6)
4760
(3, 6)
4761
(3, 7)
4762
(3, 6)
4763
(3, 6)
4764
(3, 6)
4765
(3, 6)
4766
(3, 7)
4767
(3, 6)
4768
(3, 6)
4769
(3, 6)
4770
(3, 6)
4771
(3, 7)
4772
(3, 6)
4773
(3, 6)
4774
(3, 6)
4775
(3, 5)
4776
(3, 5)
4777
(3, 5)
4778
(3, 5)
4779
(3, 5)
4780
(3, 5)
4781
(3, 5)
4782
(3, 5)
4783
(3, 5)
4784
(3, 5)
4785
(3, 5)
4786
(2, 6)
4787
(2, 6)
4788
(2, 6)
4789
(2, 5)
4790
(2, 5)
4791
(2, 6)
4792
(2, 6)
4793
(2, 6)
4794
(2, 6)
4795
(2, 6)
4796
(2, 6)
4797
(2, 6)
4798
(2, 6)
4799
(2, 6)
4800
(2, 6)
4801
(3, 5)
4802
(3, 6)
4803
(3, 6)
4804
(3, 6)
4805
(3, 5)
4806
(3, 5)
4807
(3, 5)
4808
(3, 5)
4809
(3, 5)
4810
(3, 5)
4811
(3, 5)
4812
(3, 5)
4813
(3, 5)
4814
(3, 5)
4815
(3, 5)
4816
(3, 6)
4817
(2, 6)
4818
(2, 6)
4819
(2, 6)
4820
(2, 5)
4821
(2, 5)
4822
(2, 6)
4823
(2, 6)
4824
(2, 6)
4825
(2, 6)
4826
(2, 6)
4827
(3, 6)
4828
(3, 6)
4829
(3, 6)
4830
(3, 5)
4831
(3, 5)
4832
(3, 5)
4833
(3, 5)
4834
(3, 5)
4835
(3, 5)
4836
(3, 5)
4837
(3, 5)
4838
(3, 5)
4839
(3, 5)
4840
(3, 5)
4841
(3, 6)
4842
(2, 6)
4843
(2, 6)
4844
(2, 6)
4845
(2, 5)
4846
(2, 5)
4847
(2, 6)
4848
(2, 6)
4849
(2, 6)
4850
(2, 6)
4851
(2, 6)
4852
(2, 6)
4853
(2, 6)
4854
(3, 6)
4855
(3, 6)
4856
(3, 6)
4857
(3, 6)
4858
(3, 6)
4859
(3, 6)
4860
(3, 6)
4861
(3, 6)
4862
(3, 6)
4863
(3, 5)
4864
(4, 5)
4865
(3, 6)
4866
(3, 6)
4867
(3, 6)
4868
(3, 6)
4869
(3, 6)
4870
(3, 7)
4871
(3, 7)
4872
(3, 7)
4873
(3, 5)
4874
(3, 5)
4875
(3, 6)
4876
(3, 6)
4877
(3, 6)
4878
(3, 6)
4879
(3, 5)
4880
(4, 5)
4881
(3, 6)
4882
(3, 6)
4883
(3, 6)
4884
(3, 6)
4885
(3, 5)
4886
(4, 5)
4887
(4, 5)
4888
(2, 7)
4889
(3, 7)
4890
(2, 6)
4891
(3, 7)
4892
(3, 7)
4893
(2, 5)
4894
(2, 5)
4895
(2, 5)
4896
(4, 5)
4897
(4, 5)
4898
(4, 5)
4899
(3, 7)
4900
(3, 6)
4901
(3, 6)
4902
(3, 6)
4903
(3, 5)
4904
(3, 5)
4905
(3, 5)
4906
(3, 5)
4907
(3, 5)
4908
(3, 5)
4909
(3, 5)
4910
(3, 5)
4911
(3, 5)
4912
(3, 5)
4913
(3, 6)
4914
(3, 7)
4915
(3, 6)
4916
(3, 6)
4917
(3, 6)
4918
(3, 5)
4919
(3, 5)
4920
(3, 5)
4921
(3, 5)
4922
(3, 5)
4923
(3, 5)
4924
(3, 5)
4925
(3, 5)
4926
(3, 5)
4927
(3, 5)
4928
(3, 6)
4929
(3, 7)
4930
(3, 6)
4931
(3, 6)
4932
(3, 6)
4933
(3, 5)
4934
(3, 5)
4935
(3, 7)
4936
(4, 5)
4937
(4, 5)
4938
(4, 5)
4939
(3, 6)
4940
(3, 6)
4941
(3, 6)
4942
(2, 6)
4943
(2, 6)
4944
(2, 6)
4945
(4, 5)
4946
(4, 5)
4947
(4, 5)
4948
(3, 6)
4949
(3, 6)
4950
(3, 6)
4951
(3, 5)
4952
(3, 5)
4953
(3, 5)
4954
(2, 7)
4955
(2, 6)
4956
(2, 6)
4957
(2, 6)
4958
(2, 6)
4959
(2, 7)
4960
(2, 6)
4961
(2, 6)
4962
(2, 6)
4963
(2, 6)
4964
(2, 7)
4965
(2, 6)
4966
(2, 6)
4967
(2, 6)
4968
(2, 6)
4969
(4, 5)
4970
(4, 5)
4971
(4, 5)
4972
(2, 7)
4973
(2, 7)
4974
(2, 7)
4975
(4, 5)
4976
(4, 5)
4977
(4, 5)
4978
(3, 5)
4979
(3, 5)
4980
(3, 5)
4981
(2, 7)
4982
(2, 6)
4983
(2, 6)
4984
(2, 6)
4985
(3, 6)
4986
(2, 7)
4987
(2, 6)
4988
(2, 6)
4989
(2, 6)
4990
(3, 6)
4991
(2, 7)
4992
(2, 6)
4993
(2, 6)
4994
(2, 6)
4995
(3, 6)
4996
(4, 5)
4997
(4, 5)
4998
(3, 6)
4999
(3, 6)
5000
(3, 6)
defaultdict(<function <lambda> at 0x2b52c30842a8>, {(7, 3): 67, (4, 7): 23, (5, 7): 8, (12, 1): 43, (9, 1): 100, (4, 8): 21, (5, 6): 41, (11, 2): 101, (5, 4): 26, (2, 1): 23, (6, 2): 100, (1, 6): 200, (9, 4): 101, (3, 7): 14, (13, 2): 23, (5, 1): 100, (2, 5): 130, (10, 3): 95, (7, 2): 100, (1, 2): 2, (12, 2): 53, (4, 9): 29, (3, 3): 72, (13, 3): 5, (8, 1): 41, (8, 5): 100, (7, 6): 101, (4, 4): 50, (6, 3): 101, (1, 5): 100, (11, 1): 52, (3, 6): 89, (2, 2): 100, (8, 6): 35, (3, 5): 120, (4, 1): 100, (1, 1): 31, (12, 3): 101, (6, 4): 18, (3, 2): 100, (2, 6): 164, (6, 6): 19, (8, 2): 101, (4, 10): 16, (7, 1): 100, (4, 5): 72, (9, 3): 100, (5, 5): 30, (7, 7): 51, (7, 5): 101, (2, 3): 68, (10, 1): 54, (4, 2): 90, (14, 2): 4, (6, 5): 23, (5, 3): 100, (2, 7): 52, (13, 1): 23, (8, 3): 101, (4, 6): 37, (9, 2): 100, (6, 1): 100, (3, 1): 42, (11, 3): 82, (12, 4): 34, (4, 3): 100, (1, 7): 111, (14, 3): 8, (9, 5): 100, (8, 4): 101, (5, 2): 100, (10, 2): 100})
5001
(3, 6)
5002
(2, 7)
5003
(2, 7)
5004
(2, 7)
5005
(2, 7)
5006
(2, 7)
5007
(2, 7)
5008
(3, 5)
5009
(3, 5)
5010
(3, 5)
5011
(4, 5)
5012
(4, 5)
5013
(3, 5)
5014
(3, 5)
5015
(3, 5)
5016
(3, 5)
5017
(3, 5)
5018
(3, 7)
5019
(3, 6)
5020
(3, 6)
5021
(3, 6)
5022
(4, 6)
5023
(3, 7)
5024
(3, 6)
5025
(3, 6)
5026
(3, 6)
5027
(4, 6)
5028
(3, 7)
5029
(3, 6)
5030
(3, 6)
5031
(3, 6)
5032
(4, 6)
5033
(3, 7)
5034
(3, 5)
5035
(3, 5)
5036
(3, 5)
5037
(3, 7)
5038
(3, 7)
5039
(3, 7)
5040
(3, 7)
5041
(3, 7)
5042
(3, 6)
5043
(3, 6)
5044
(4, 5)
5045
(4, 5)
5046
(4, 5)
5047
(3, 5)
5048
(3, 5)
5049
(3, 5)
5050
(3, 7)
5051
(3, 6)
5052
(3, 6)
5053
(3, 6)
5054
(3, 7)
5055
(3, 6)
5056
(3, 6)
5057
(3, 6)
5058
(3, 7)
5059
(4, 5)
5060
(4, 5)
5061
(4, 5)
5062
(4, 5)
5063
(3, 5)
5064
(3, 5)
5065
(4, 5)
5066
(3, 7)
5067
(3, 7)
5068
(3, 7)
5069
(4, 5)
5070
(4, 5)
5071
(4, 5)
5072
(3, 5)
5073
(3, 5)
5074
(3, 5)
5075
(4, 5)
5076
(4, 5)
5077
(3, 7)
5078
(3, 7)
5079
(3, 7)
5080
(3, 7)
5081
(2, 7)
5082
(2, 6)
5083
(2, 6)
5084
(2, 6)
5085
(3, 6)
5086
(2, 7)
5087
(2, 6)
5088
(2, 6)
5089
(2, 6)
5090
(3, 6)
5091
(2, 7)
5092
(2, 6)
5093
(2, 6)
5094
(2, 6)
5095
(3, 6)
5096
(2, 7)
5097
(2, 6)
5098
(2, 7)
5099
(2, 6)
5100
(2, 7)
5101
(2, 6)
5102
(3, 5)
5103
(3, 5)
5104
(3, 5)
5105
(4, 5)
5106
(4, 5)
5107
(4, 5)
5108
(3, 6)
5109
(2, 7)
5110
(2, 6)
5111
(2, 6)
5112
(3, 6)
5113
(3, 6)
5114
(2, 7)
5115
(2, 6)
5116
(2, 6)
5117
(3, 6)
5118
(3, 6)
5119
(2, 7)
5120
(2, 6)
5121
(2, 6)
5122
(3, 6)
5123
(3, 6)
5124
(3, 5)
5125
(3, 5)
5126
(3, 5)
5127
(3, 6)
5128
(2, 7)
5129
(2, 6)
5130
(2, 7)
5131
(2, 6)
5132
(2, 7)
5133
(2, 6)
5134
(3, 5)
5135
(3, 5)
5136
(3, 5)
5137
(3, 5)
5138
(3, 5)
5139
(3, 5)
5140
(3, 5)
5141
(3, 5)
5142
(3, 5)
5143
(3, 5)
5144
(3, 5)
5145
(3, 7)
5146
(3, 7)
5147
(3, 7)
5148
(3, 7)
5149
(3, 7)
5150
(3, 5)
5151
(3, 5)
5152
(3, 5)
5153
(4, 5)
5154
(4, 5)
5155
(4, 5)
5156
(3, 5)
5157
(3, 5)
5158
(3, 5)
5159
(3, 7)
5160
(3, 7)
5161
(3, 7)
5162
(3, 7)
5163
(3, 7)
5164
(3, 7)
5165
(3, 7)
5166
(3, 7)
5167
(4, 5)
5168
(4, 5)
5169
(4, 5)
5170
(4, 5)
5171
(4, 5)
5172
(4, 5)
5173
(4, 5)
5174
(4, 5)
5175
(3, 7)
5176
(3, 7)
5177
(3, 7)
5178
(3, 7)
5179
(3, 7)
5180
(3, 5)
5181
(3, 5)
5182
(3, 5)
5183
(2, 7)
5184
(2, 6)
5185
(2, 6)
5186
(3, 6)
5187
(3, 6)
5188
(2, 7)
5189
(2, 7)
5190
(4, 6)
5191
(2, 7)
5192
(2, 7)
5193
(2, 7)
5194
(3, 5)
5195
(3, 6)
5196
(3, 7)
5197
(3, 7)
5198
(3, 7)
5199
(3, 7)
5200
(3, 7)
5201
(3, 7)
5202
(3, 7)
5203
(3, 7)
5204
(3, 7)
5205
(3, 7)
5206
(3, 7)
5207
(3, 7)
5208
(3, 5)
5209
(3, 5)
5210
(3, 5)
5211
(2, 7)
5212
(2, 7)
5213
(2, 7)
5214
(3, 7)
5215
(3, 7)
5216
(3, 7)
5217
(3, 7)
5218
(3, 7)
5219
(3, 7)
5220
(3, 7)
5221
(3, 7)
5222
(3, 7)
5223
(3, 7)
5224
(3, 7)
5225
(3, 5)
5226
(3, 5)
5227
(3, 5)
5228
(3, 7)
5229
(3, 7)
5230
(3, 7)
5231
(3, 7)
5232
(3, 7)
5233
(3, 7)
5234
(3, 7)
5235
(3, 7)
5236
(3, 7)
5237
(3, 7)
5238
(3, 7)
5239
(3, 7)
5240
(3, 7)
5241
(3, 7)
5242
(3, 7)
5243
(2, 7)
5244
(2, 7)
5245
(2, 7)
5246
(3, 5)
5247
(3, 5)
5248
(3, 5)
5249
(3, 7)
5250
(3, 7)
5251
(3, 7)
5252
(3, 7)
5253
(3, 7)
5254
(3, 7)
5255
(3, 7)
5256
(3, 7)
5257
(3, 7)
5258
(3, 7)
5259
(3, 7)
5260
(3, 7)
5261
(3, 5)
5262
(3, 5)
5263
(3, 5)
5264
(3, 5)
5265
(3, 5)
5266
(3, 5)
5267
(3, 6)
5268
(3, 6)
5269
(3, 5)
5270
(3, 5)
5271
(3, 5)
5272
(3, 5)
5273
(3, 6)
5274
(3, 6)
5275
(3, 6)
5276
(2, 7)
5277
(2, 7)
5278
(2, 7)
5279
(3, 6)
5280
(4, 6)
5281
(4, 6)
5282
(4, 6)
5283
(2, 7)
5284
(2, 7)
5285
(2, 7)
5286
(3, 5)
5287
(3, 5)
5288
(3, 5)
5289
(2, 7)
5290
(3, 6)
5291
(3, 6)
5292
(3, 6)
5293
(3, 6)
5294
(2, 7)
5295
(3, 6)
5296
(3, 6)
5297
(3, 6)
5298
(3, 6)
5299
(2, 7)
5300
(3, 6)
5301
(3, 6)
5302
(3, 6)
5303
(3, 6)
5304
(3, 5)
5305
(3, 5)
5306
(3, 5)
5307
(3, 5)
5308
(2, 7)
5309
(2, 7)
5310
(2, 7)
5311
(3, 5)
5312
(3, 5)
5313
(3, 5)
5314
(3, 5)
5315
(3, 5)
5316
(3, 5)
5317
(4, 6)
5318
(3, 5)
5319
(3, 5)
5320
(3, 6)
5321
(3, 6)
5322
(3, 6)
5323
(3, 6)
5324
(3, 6)
5325
(3, 6)
5326
(4, 5)
5327
(4, 5)
5328
(4, 5)
5329
(2, 7)
5330
(3, 6)
5331
(3, 6)
5332
(3, 6)
5333
(3, 6)
5334
(2, 7)
5335
(3, 6)
5336
(3, 6)
5337
(3, 6)
5338
(3, 6)
5339
(2, 7)
5340
(3, 6)
5341
(3, 6)
5342
(3, 6)
5343
(3, 6)
5344
(2, 7)
5345
(2, 7)
5346
(2, 7)
5347
(3, 6)
5348
(3, 6)
5349
(3, 7)
5350
(3, 6)
5351
(3, 6)
5352
(3, 6)
5353
(3, 6)
5354
(3, 7)
5355
(3, 6)
5356
(3, 6)
5357
(3, 6)
5358
(3, 6)
5359
(3, 7)
5360
(3, 6)
5361
(3, 6)
5362
(3, 6)
5363
(3, 6)
5364
(3, 7)
5365
(3, 6)
5366
(3, 6)
5367
(3, 6)
5368
(3, 6)
5369
(3, 6)
5370
(3, 6)
5371
(3, 6)
5372
(3, 6)
5373
(3, 6)
5374
(3, 6)
5375
(3, 6)
5376
(3, 6)
5377
(3, 6)
5378
(3, 6)
5379
(3, 6)
5380
(3, 6)
5381
(3, 6)
5382
(3, 7)
5383
(3, 7)
5384
(3, 6)
5385
(3, 6)
5386
(3, 6)
5387
(3, 6)
5388
(3, 6)
5389
(3, 6)
5390
(3, 6)
5391
(3, 6)
5392
(3, 7)
5393
(3, 6)
5394
(3, 6)
5395
(3, 6)
5396
(3, 7)
5397
(3, 6)
5398
(3, 6)
5399
(3, 7)
5400
(4, 5)
5401
(4, 5)
5402
(4, 5)
5403
(3, 7)
5404
(3, 7)
5405
(3, 7)
5406
(4, 6)
5407
(4, 6)
5408
(4, 6)
5409
(4, 5)
5410
(4, 5)
5411
(4, 5)
5412
(4, 5)
5413
(4, 5)
5414
(4, 5)
5415
(4, 6)
5416
(4, 6)
5417
(4, 5)
5418
(4, 5)
5419
(4, 5)
5420
(3, 7)
5421
(3, 7)
5422
(3, 7)
5423
(3, 7)
5424
(3, 7)
5425
(3, 7)
5426
(3, 7)
5427
(3, 7)
5428
(3, 7)
5429
(4, 6)
5430
(4, 6)
5431
(4, 6)
5432
(3, 7)
5433
(3, 7)
5434
(3, 7)
5435
(4, 6)
5436
(3, 7)
5437
(3, 7)
5438
(3, 7)
5439
(3, 7)
5440
(3, 7)
5441
(3, 7)
5442
(3, 7)
5443
(3, 7)
5444
(3, 7)
5445
(3, 7)
5446
(4, 5)
5447
(4, 5)
5448
(4, 5)
5449
(3, 7)
5450
(3, 7)
5451
(3, 7)
5452
(4, 5)
5453
(4, 5)
5454
(4, 5)
5455
(3, 7)
5456
(3, 7)
5457
(3, 7)
5458
(3, 7)
5459
(3, 7)
5460
(4, 6)
5461
(4, 6)
5462
(4, 6)
5463
(4, 6)
5464
(4, 6)
5465
(3, 7)
5466
(3, 7)
5467
(3, 7)
5468
(3, 7)
5469
(3, 7)
5470
(3, 7)
5471
(3, 7)
5472
(3, 7)
5473
(3, 7)
5474
(3, 7)
5475
(5, 6)
5476
(5, 6)
5477
(5, 6)
5478
(4, 6)
5479
(4, 6)
5480
(3, 7)
5481
(3, 7)
5482
(3, 7)
5483
(3, 7)
5484
(3, 7)
5485
(3, 7)
5486
(3, 7)
5487
(3, 7)
5488
(3, 7)
5489
(3, 7)
5490
(3, 7)
5491
(3, 7)
5492
(3, 7)
5493
(4, 5)
5494
(3, 7)
5495
(3, 7)
5496
(4, 5)
5497
(4, 5)
5498
(4, 5)
5499
(3, 7)
5500
(3, 7)
defaultdict(<function <lambda> at 0x2b52c30842a8>, {(7, 3): 67, (4, 7): 23, (5, 7): 8, (12, 1): 43, (9, 1): 100, (4, 8): 21, (5, 6): 44, (11, 2): 101, (5, 4): 26, (2, 1): 23, (6, 2): 100, (1, 6): 200, (9, 4): 101, (3, 7): 170, (13, 2): 23, (5, 1): 100, (2, 5): 130, (10, 3): 95, (7, 2): 100, (1, 2): 2, (12, 2): 53, (4, 9): 29, (3, 3): 72, (13, 3): 5, (8, 1): 41, (8, 5): 100, (7, 6): 101, (4, 4): 50, (6, 3): 101, (1, 5): 100, (11, 1): 52, (3, 6): 201, (2, 2): 100, (8, 6): 35, (3, 5): 200, (4, 1): 100, (1, 1): 31, (12, 3): 101, (6, 4): 18, (3, 2): 100, (2, 6): 187, (6, 6): 19, (8, 2): 101, (4, 10): 16, (7, 1): 100, (4, 5): 126, (9, 3): 100, (5, 5): 30, (7, 7): 51, (7, 5): 101, (2, 3): 68, (10, 1): 54, (4, 2): 90, (14, 2): 4, (6, 5): 23, (5, 3): 100, (2, 7): 100, (13, 1): 23, (8, 3): 101, (4, 6): 61, (9, 2): 100, (6, 1): 100, (3, 1): 42, (11, 3): 82, (12, 4): 34, (4, 3): 100, (1, 7): 111, (14, 3): 8, (9, 5): 100, (8, 4): 101, (5, 2): 100, (10, 2): 100})
5501
(3, 7)
5502
(4, 6)
5503
(4, 6)
5504
(4, 6)
5505
(3, 7)
5506
(3, 7)
5507
(3, 7)
5508
(3, 7)
5509
(3, 7)
5510
(3, 7)
5511
(3, 7)
5512
(3, 7)
5513
(3, 7)
5514
(3, 7)
5515
(3, 7)
5516
(3, 7)
5517
(3, 7)
5518
(3, 7)
5519
(3, 7)
5520
(3, 7)
5521
(3, 7)
5522
(3, 7)
5523
(3, 7)
5524
(3, 7)
5525
(3, 7)
5526
(3, 7)
5527
(3, 7)
5528
(3, 7)
5529
(3, 7)
5530
(3, 7)
5531
(3, 7)
5532
(3, 7)
5533
(3, 7)
5534
(3, 7)
5535
(5, 6)
5536
(4, 6)
5537
(4, 6)
5538
(4, 6)
5539
(5, 7)
5540
(5, 6)
5541
(5, 6)
5542
(5, 6)
5543
(5, 6)
5544
(5, 5)
5545
(5, 5)
5546
(5, 5)
5547
(5, 7)
5548
(5, 6)
5549
(5, 6)
5550
(6, 6)
5551
(6, 5)
5552
(6, 5)
5553
(6, 5)
5554
(6, 5)
5555
(5, 7)
5556
(5, 6)
5557
(5, 6)
5558
(5, 6)
5559
(5, 6)
5560
(5, 5)
5561
(5, 5)
5562
(5, 7)
5563
(5, 6)
5564
(5, 6)
5565
(5, 6)
5566
(5, 5)
5567
(5, 5)
5568
(5, 5)
5569
(5, 5)
5570
(5, 5)
5571
(5, 5)
5572
(5, 5)
5573
(5, 5)
5574
(5, 5)
5575
(5, 6)
5576
(5, 6)
5577
(5, 7)
5578
(5, 6)
5579
(5, 6)
5580
(5, 6)
5581
(5, 6)
5582
(5, 5)
5583
(5, 7)
5584
(5, 6)
5585
(5, 6)
5586
(4, 6)
5587
(5, 7)
5588
(5, 6)
5589
(5, 6)
5590
(5, 6)
5591
(5, 6)
5592
(5, 7)
5593
(5, 6)
5594
(4, 6)
5595
(4, 6)
5596
(5, 7)
5597
(5, 6)
5598
(5, 6)
5599
(5, 6)
5600
(4, 6)
5601
(5, 7)
5602
(5, 6)
5603
(5, 6)
5604
(5, 6)
5605
(5, 5)
5606
(5, 5)
5607
(5, 5)
5608
(5, 5)
5609
(5, 5)
5610
(5, 5)
5611
(5, 5)
5612
(5, 5)
5613
(5, 5)
5614
(5, 6)
5615
(5, 6)
5616
(5, 7)
5617
(5, 6)
5618
(5, 6)
5619
(4, 6)
5620
(4, 6)
5621
(5, 7)
5622
(5, 7)
5623
(5, 7)
5624
(5, 7)
5625
(5, 7)
5626
(5, 7)
5627
(5, 6)
5628
(5, 6)
5629
(5, 6)
5630
(5, 5)
5631
(5, 5)
5632
(5, 5)
5633
(5, 5)
5634
(5, 5)
5635
(5, 5)
5636
(5, 5)
5637
(5, 5)
5638
(5, 5)
5639
(5, 6)
5640
(5, 6)
5641
(5, 7)
5642
(5, 6)
5643
(4, 6)
5644
(4, 6)
5645
(4, 6)
5646
(4, 7)
5647
(4, 7)
5648
(4, 7)
5649
(4, 7)
5650
(5, 7)
5651
(5, 6)
5652
(5, 6)
5653
(5, 6)
5654
(5, 5)
5655
(6, 5)
5656
(6, 5)
5657
(5, 7)
5658
(4, 6)
5659
(4, 6)
5660
(4, 6)
5661
(4, 6)
5662
(4, 7)
5663
(4, 7)
5664
(4, 7)
5665
(4, 7)
5666
(5, 7)
5667
(5, 6)
5668
(5, 6)
5669
(5, 6)
5670
(5, 5)
5671
(6, 5)
5672
(6, 5)
5673
(4, 7)
5674
(4, 6)
5675
(4, 6)
5676
(4, 6)
5677
(4, 6)
5678
(4, 7)
5679
(4, 7)
5680
(4, 7)
5681
(4, 7)
5682
(4, 7)
5683
(4, 6)
5684
(4, 6)
5685
(4, 6)
5686
(4, 7)
5687
(4, 6)
5688
(4, 6)
5689
(4, 6)
5690
(4, 6)
5691
(4, 7)
5692
(4, 7)
5693
(4, 7)
5694
(4, 7)
5695
(4, 7)
5696
(4, 7)
5697
(4, 6)
5698
(4, 6)
5699
(4, 6)
5700
(4, 7)
5701
(4, 6)
5702
(4, 6)
5703
(4, 6)
5704
(4, 6)
5705
(4, 7)
5706
(4, 7)
5707
(4, 7)
5708
(4, 7)
5709
(4, 7)
5710
(4, 7)
5711
(4, 6)
5712
(4, 6)
5713
(4, 6)
5714
(4, 7)
5715
(4, 6)
5716
(4, 6)
5717
(4, 6)
5718
(4, 6)
5719
(4, 7)
5720
(4, 7)
5721
(4, 7)
5722
(4, 7)
5723
(4, 7)
5724
(5, 7)
5725
(5, 6)
5726
(5, 6)
5727
(5, 6)
5728
(5, 5)
5729
(5, 5)
5730
(5, 5)
5731
(5, 5)
5732
(5, 5)
5733
(5, 5)
5734
(5, 5)
5735
(5, 5)
5736
(5, 5)
5737
(5, 6)
5738
(5, 6)
5739
(4, 7)
5740
(4, 6)
5741
(4, 6)
5742
(4, 6)
5743
(4, 6)
5744
(4, 7)
5745
(4, 7)
5746
(4, 6)
5747
(4, 6)
5748
(4, 6)
5749
(4, 7)
5750
(4, 6)
5751
(4, 6)
5752
(4, 6)
5753
(4, 6)
5754
(4, 7)
5755
(4, 7)
5756
(4, 6)
5757
(4, 6)
5758
(4, 7)
5759
(4, 7)
5760
(4, 7)
5761
(4, 7)
5762
(4, 7)
5763
(5, 7)
5764
(5, 6)
5765
(5, 6)
5766
(5, 7)
5767
(4, 7)
5768
(5, 7)
5769
(4, 7)
5770
(4, 7)
5771
(4, 7)
5772
(4, 7)
5773
(4, 7)
5774
(4, 7)
5775
(4, 7)
5776
(4, 7)
5777
(4, 7)
5778
(4, 7)
5779
(4, 7)
5780
(5, 7)
5781
(4, 7)
5782
(4, 7)
5783
(4, 7)
5784
(5, 7)
5785
(5, 7)
5786
(4, 7)
5787
(5, 7)
5788
(5, 7)
5789
(4, 7)
5790
(5, 7)
5791
(5, 7)
5792
(5, 7)
5793
(5, 7)
5794
(5, 7)
5795
(4, 7)
5796
(5, 7)
5797
(5, 7)
5798
(5, 7)
5799
(5, 7)
5800
(4, 7)
5801
(4, 7)
5802
(4, 7)
5803
(6, 5)
5804
(6, 5)
5805
(6, 5)
5806
(4, 7)
5807
(4, 7)
5808
(4, 7)
5809
(6, 5)
5810
(4, 7)
5811
(4, 7)
5812
(4, 7)
5813
(4, 7)
5814
(4, 7)
5815
(4, 7)
5816
(4, 7)
5817
(4, 7)
5818
(5, 7)
5819
(5, 7)
5820
(5, 7)
5821
(5, 7)
5822
(5, 7)
5823
(5, 7)
5824
(5, 7)
5825
(5, 7)
5826
(5, 7)
5827
(5, 7)
5828
(5, 7)
5829
(5, 7)
5830
(5, 7)
5831
(5, 7)
5832
(5, 7)
5833
(5, 7)
5834
(5, 7)
5835
(5, 7)
5836
(5, 7)
5837
(5, 7)
5838
(5, 7)
5839
(5, 7)
5840
(5, 7)
5841
(5, 7)
5842
(5, 7)
5843
(5, 7)
5844
(5, 7)
5845
(5, 7)
5846
(5, 7)
5847
(5, 7)
5848
(5, 7)
5849
(5, 7)
5850
(5, 7)
5851
(5, 7)
5852
(5, 7)
5853
(5, 7)
5854
(5, 7)
5855
(5, 7)
5856
(5, 7)
5857
(5, 7)
5858
(5, 7)
5859
(5, 7)
5860
(5, 7)
5861
(5, 7)
5862
(6, 5)
5863
(5, 7)
5864
(5, 7)
5865
(5, 7)
5866
(5, 7)
5867
(5, 7)
5868
(5, 7)
5869
(5, 7)
5870
(5, 7)
5871
(5, 7)
5872
(4, 5)
5873
(4, 6)
5874
(4, 6)
5875
(4, 6)
5876
(6, 5)
5877
(4, 6)
5878
(4, 6)
5879
(4, 6)
5880
(4, 6)
5881
(4, 8)
5882
(4, 6)
5883
(4, 6)
5884
(4, 6)
5885
(4, 6)
5886
(4, 6)
5887
(4, 6)
5888
(4, 6)
5889
(4, 6)
5890
(4, 6)
5891
(4, 6)
5892
(5, 6)
5893
(4, 8)
5894
(4, 6)
5895
(4, 6)
5896
(4, 7)
5897
(4, 7)
5898
(5, 6)
5899
(5, 6)
5900
(5, 6)
5901
(4, 6)
5902
(4, 6)
5903
(4, 6)
5904
(5, 6)
5905
(4, 7)
5906
(4, 7)
5907
(4, 7)
5908
(4, 9)
5909
(4, 7)
5910
(4, 7)
5911
(5, 6)
5912
(5, 6)
5913
(5, 6)
5914
(4, 7)
5915
(4, 7)
5916
(4, 7)
5917
(5, 6)
5918
(5, 7)
5919
(5, 7)
5920
(5, 7)
5921
(5, 7)
5922
(5, 7)
5923
(5, 7)
5924
(4, 7)
5925
(4, 7)
5926
(4, 7)
5927
(5, 7)
5928
(5, 7)
5929
(5, 7)
5930
(5, 7)
5931
(5, 6)
5932
(5, 6)
5933
(5, 6)
5934
(5, 6)
5935
(6, 5)
5936
(6, 5)
5937
(6, 5)
5938
(6, 5)
5939
(6, 5)
5940
(6, 5)
5941
(6, 6)
5942
(6, 6)
5943
(5, 7)
5944
(5, 6)
5945
(5, 6)
5946
(4, 6)
5947
(4, 5)
5948
(4, 5)
5949
(4, 5)
5950
(4, 5)
5951
(5, 7)
5952
(5, 6)
5953
(5, 6)
5954
(5, 6)
5955
(5, 6)
5956
(4, 5)
5957
(4, 5)
5958
(4, 5)
5959
(4, 5)
5960
(4, 5)
5961
(4, 5)
5962
(4, 6)
5963
(4, 6)
5964
(4, 6)
5965
(4, 6)
5966
(4, 7)
5967
(4, 7)
5968
(4, 8)
5969
(5, 7)
5970
(5, 6)
5971
(5, 6)
5972
(5, 6)
5973
(6, 5)
5974
(6, 5)
5975
(6, 5)
5976
(6, 5)
5977
(6, 5)
5978
(7, 5)
5979
(7, 5)
5980
(7, 5)
5981
(7, 5)
5982
(5, 7)
5983
(5, 6)
5984
(5, 6)
5985
(5, 6)
5986
(4, 6)
5987
(4, 5)
5988
(4, 5)
5989
(4, 5)
5990
(4, 5)
5991
(4, 5)
5992
(4, 5)
5993
(4, 6)
5994
(4, 6)
5995
(4, 6)
5996
(4, 6)
5997
(4, 7)
5998
(4, 7)
5999
(5, 7)
6000
(5, 6)
defaultdict(<function <lambda> at 0x2b52c30842a8>, {(7, 3): 67, (4, 7): 117, (5, 7): 115, (12, 1): 43, (9, 1): 100, (4, 8): 24, (5, 6): 126, (11, 2): 101, (5, 4): 26, (2, 1): 23, (6, 2): 100, (1, 6): 200, (9, 4): 101, (3, 7): 201, (13, 2): 23, (5, 1): 100, (2, 5): 130, (10, 3): 95, (7, 2): 100, (1, 2): 2, (12, 2): 53, (4, 9): 30, (3, 3): 72, (13, 3): 5, (8, 1): 41, (8, 5): 100, (7, 6): 101, (4, 4): 50, (6, 3): 101, (1, 5): 100, (11, 1): 52, (3, 6): 201, (2, 2): 100, (8, 6): 35, (3, 5): 200, (4, 1): 100, (1, 1): 31, (12, 3): 101, (6, 4): 18, (3, 2): 100, (2, 6): 187, (6, 6): 22, (8, 2): 101, (4, 10): 16, (7, 1): 100, (4, 5): 143, (9, 3): 100, (5, 5): 74, (7, 7): 51, (7, 5): 105, (2, 3): 68, (10, 1): 54, (4, 2): 90, (14, 2): 4, (6, 5): 48, (5, 3): 100, (2, 7): 100, (13, 1): 23, (8, 3): 101, (4, 6): 150, (9, 2): 100, (6, 1): 100, (3, 1): 42, (11, 3): 82, (12, 4): 34, (4, 3): 100, (1, 7): 111, (14, 3): 8, (9, 5): 100, (8, 4): 101, (5, 2): 100, (10, 2): 100})
6001
(5, 6)
6002
(5, 6)
6003
(5, 5)
6004
(5, 5)
6005
(5, 5)
6006
(5, 5)
6007
(5, 5)
6008
(5, 5)
6009
(5, 5)
6010
(5, 5)
6011
(5, 5)
6012
(5, 6)
6013
(5, 6)
6014
(5, 6)
6015
(5, 7)
6016
(5, 7)
6017
(5, 7)
6018
(5, 7)
6019
(5, 7)
6020
(5, 6)
6021
(5, 6)
6022
(4, 6)
6023
(4, 6)
6024
(4, 5)
6025
(4, 5)
6026
(4, 5)
6027
(4, 5)
6028
(4, 5)
6029
(4, 5)
6030
(4, 6)
6031
(4, 6)
6032
(4, 6)
6033
(4, 6)
6034
(4, 7)
6035
(4, 7)
6036
(4, 7)
6037
(4, 7)
6038
(4, 7)
6039
(5, 7)
6040
(5, 6)
6041
(5, 6)
6042
(5, 6)
6043
(5, 5)
6044
(6, 5)
6045
(6, 5)
6046
(6, 5)
6047
(6, 5)
6048
(6, 5)
6049
(7, 5)
6050
(7, 5)
6051
(5, 7)
6052
(5, 6)
6053
(4, 6)
6054
(4, 6)
6055
(4, 6)
6056
(4, 5)
6057
(4, 5)
6058
(4, 5)
6059
(4, 5)
6060
(4, 5)
6061
(4, 5)
6062
(4, 6)
6063
(4, 6)
6064
(4, 6)
6065
(4, 6)
6066
(4, 7)
6067
(4, 7)
6068
(4, 7)
6069
(4, 7)
6070
(4, 7)
6071
(5, 7)
6072
(5, 6)
6073
(5, 6)
6074
(5, 6)
6075
(5, 5)
6076
(5, 5)
6077
(5, 5)
6078
(5, 5)
6079
(5, 5)
6080
(5, 5)
6081
(5, 5)
6082
(5, 5)
6083
(5, 5)
6084
(5, 6)
6085
(5, 6)
6086
(5, 6)
6087
(5, 7)
6088
(4, 6)
6089
(4, 6)
6090
(4, 6)
6091
(4, 6)
6092
(4, 5)
6093
(4, 5)
6094
(4, 5)
6095
(4, 5)
6096
(4, 5)
6097
(4, 5)
6098
(4, 6)
6099
(4, 6)
6100
(4, 6)
6101
(4, 7)
6102
(4, 7)
6103
(4, 7)
6104
(4, 7)
6105
(4, 7)
6106
(5, 7)
6107
(5, 6)
6108
(5, 6)
6109
(5, 6)
6110
(5, 5)
6111
(6, 5)
6112
(6, 5)
6113
(6, 5)
6114
(6, 5)
6115
(6, 5)
6116
(6, 5)
6117
(4, 7)
6118
(4, 6)
6119
(4, 6)
6120
(4, 6)
6121
(4, 6)
6122
(4, 5)
6123
(4, 5)
6124
(4, 5)
6125
(4, 5)
6126
(4, 5)
6127
(4, 5)
6128
(4, 6)
6129
(4, 6)
6130
(4, 7)
6131
(4, 7)
6132
(4, 7)
6133
(4, 7)
6134
(4, 7)
6135
(4, 6)
6136
(4, 6)
6137
(4, 6)
6138
(4, 5)
6139
(4, 5)
6140
(4, 5)
6141
(4, 5)
6142
(4, 5)
6143
(4, 5)
6144
(4, 5)
6145
(4, 5)
6146
(4, 5)
6147
(4, 6)
6148
(4, 6)
6149
(4, 6)
6150
(4, 7)
6151
(4, 6)
6152
(4, 6)
6153
(4, 6)
6154
(4, 6)
6155
(4, 5)
6156
(4, 5)
6157
(4, 5)
6158
(4, 5)
6159
(4, 5)
6160
(4, 5)
6161
(4, 6)
6162
(4, 7)
6163
(4, 7)
6164
(4, 7)
6165
(4, 7)
6166
(4, 7)
6167
(4, 7)
6168
(4, 7)
6169
(4, 7)
6170
(4, 7)
6171
(4, 7)
6172
(4, 7)
6173
(4, 7)
6174
(4, 7)
6175
(4, 7)
6176
(7, 5)
6177
(5, 7)
6178
(5, 6)
6179
(5, 6)
6180
(5, 6)
6181
(5, 6)
6182
(6, 5)
6183
(6, 5)
6184
(6, 5)
6185
(6, 5)
6186
(4, 7)
6187
(4, 7)
6188
(4, 7)
6189
(4, 7)
6190
(5, 7)
6191
(5, 6)
6192
(5, 6)
6193
(5, 6)
6194
(5, 5)
6195
(6, 5)
6196
(6, 5)
6197
(6, 5)
6198
(6, 5)
6199
(6, 5)
6200
(5, 7)
6201
(5, 6)
6202
(4, 6)
6203
(4, 6)
6204
(4, 6)
6205
(4, 5)
6206
(4, 5)
6207
(4, 5)
6208
(4, 5)
6209
(4, 5)
6210
(4, 5)
6211
(4, 6)
6212
(4, 6)
6213
(4, 6)
6214
(4, 6)
6215
(4, 7)
6216
(7, 5)
6217
(5, 7)
6218
(5, 6)
6219
(5, 6)
6220
(5, 6)
6221
(5, 5)
6222
(5, 5)
6223
(5, 5)
6224
(5, 5)
6225
(5, 5)
6226
(5, 5)
6227
(5, 5)
6228
(5, 5)
6229
(5, 5)
6230
(5, 6)
6231
(5, 6)
6232
(5, 7)
6233
(5, 6)
6234
(4, 6)
6235
(4, 6)
6236
(4, 6)
6237
(4, 5)
6238
(4, 5)
6239
(4, 5)
6240
(4, 5)
6241
(4, 5)
6242
(4, 5)
6243
(4, 6)
6244
(4, 6)
6245
(4, 6)
6246
(4, 7)
6247
(5, 6)
6248
(4, 7)
6249
(4, 7)
6250
(4, 7)
6251
(4, 7)
6252
(4, 7)
6253
(4, 7)
6254
(5, 7)
6255
(5, 6)
6256
(5, 6)
6257
(5, 6)
6258
(6, 6)
6259
(6, 5)
6260
(6, 5)
6261
(6, 5)
6262
(5, 7)
6263
(5, 6)
6264
(5, 6)
6265
(5, 6)
6266
(5, 5)
6267
(5, 5)
6268
(5, 5)
6269
(5, 5)
6270
(5, 5)
6271
(5, 5)
6272
(5, 5)
6273
(5, 5)
6274
(5, 5)
6275
(5, 6)
6276
(5, 6)
6277
(5, 7)
6278
(5, 6)
6279
(5, 6)
6280
(5, 6)
6281
(5, 7)
6282
(5, 6)
6283
(5, 7)
6284
(5, 6)
6285
(5, 6)
6286
(5, 7)
6287
(5, 7)
6288
(5, 6)
6289
(5, 6)
6290
(5, 6)
6291
(6, 5)
6292
(6, 5)
6293
(6, 5)
6294
(6, 5)
6295
(6, 5)
6296
(6, 5)
6297
(5, 7)
6298
(5, 6)
6299
(4, 7)
6300
(5, 7)
6301
(5, 6)
6302
(5, 6)
6303
(5, 6)
6304
(5, 5)
6305
(5, 5)
6306
(5, 5)
6307
(5, 5)
6308
(5, 5)
6309
(5, 5)
6310
(5, 5)
6311
(5, 5)
6312
(5, 5)
6313
(5, 6)
6314
(5, 6)
6315
(5, 7)
6316
(5, 6)
6317
(4, 7)
6318
(5, 7)
6319
(5, 6)
6320
(5, 6)
6321
(5, 6)
6322
(5, 5)
6323
(5, 5)
6324
(5, 5)
6325
(5, 5)
6326
(5, 5)
6327
(5, 5)
6328
(5, 5)
6329
(5, 5)
6330
(5, 5)
6331
(5, 6)
6332
(5, 6)
6333
(5, 7)
6334
(5, 6)
6335
(4, 7)
6336
(5, 7)
6337
(5, 7)
6338
(5, 6)
6339
(5, 6)
6340
(5, 6)
6341
(5, 5)
6342
(5, 5)
6343
(5, 5)
6344
(5, 5)
6345
(5, 5)
6346
(5, 5)
6347
(5, 5)
6348
(5, 5)
6349
(5, 5)
6350
(5, 6)
6351
(5, 6)
6352
(5, 7)
6353
(4, 7)
6354
(5, 7)
6355
(5, 6)
6356
(5, 6)
6357
(5, 6)
6358
(5, 5)
6359
(5, 5)
6360
(5, 5)
6361
(5, 5)
6362
(5, 5)
6363
(5, 5)
6364
(5, 5)
6365
(5, 5)
6366
(5, 5)
6367
(5, 6)
6368
(5, 7)
6369
(4, 7)
6370
(5, 7)
6371
(5, 7)
6372
(4, 7)
6373
(5, 7)
6374
(6, 5)
6375
(5, 7)
6376
(4, 7)
6377
(4, 7)
6378
(5, 7)
6379
(4, 7)
6380
(4, 7)
6381
(5, 7)
6382
(4, 7)
6383
(4, 7)
6384
(5, 7)
6385
(4, 7)
6386
(4, 7)
6387
(4, 7)
6388
(4, 7)
6389
(6, 5)
6390
(4, 7)
6391
(4, 7)
6392
(4, 7)
6393
(4, 7)
6394
(4, 7)
6395
(4, 7)
6396
(4, 7)
6397
(4, 7)
6398
(4, 7)
6399
(4, 7)
6400
(4, 7)
6401
(4, 7)
6402
(4, 7)
6403
(4, 7)
6404
(5, 7)
6405
(5, 7)
6406
(5, 7)
6407
(4, 7)
6408
(4, 7)
6409
(4, 7)
6410
(4, 7)
6411
(4, 7)
6412
(5, 7)
6413
(5, 7)
6414
(5, 7)
6415
(5, 7)
6416
(5, 7)
6417
(5, 7)
6418
(5, 7)
6419
(5, 7)
6420
(5, 7)
6421
(5, 7)
6422
(5, 7)
6423
(5, 7)
6424
(7, 5)
6425
(5, 7)
6426
(5, 7)
6427
(5, 7)
6428
(5, 7)
6429
(5, 7)
6430
(5, 7)
6431
(5, 7)
6432
(5, 7)
6433
(5, 7)
6434
(5, 7)
6435
(5, 7)
6436
(5, 7)
6437
(5, 7)
6438
(5, 7)
6439
(5, 7)
6440
(5, 7)
6441
(5, 7)
6442
(5, 7)
6443
(5, 7)
6444
(5, 7)
6445
(5, 7)
6446
(5, 7)
6447
(5, 7)
6448
(7, 5)
6449
(5, 7)
6450
(5, 7)
6451
(5, 7)
6452
(5, 7)
6453
(5, 7)
6454
(5, 7)
6455
(5, 7)
6456
(5, 7)
6457
(7, 5)
6458
(7, 5)
6459
(7, 5)
6460
(7, 6)
6461
(3, 8)
6462
(7, 5)
6463
(3, 8)
6464
(3, 8)
6465
(3, 8)
6466
(3, 8)
6467
(3, 8)
6468
(3, 8)
6469
(3, 8)
6470
(3, 8)
6471
(3, 8)
6472
(3, 8)
6473
(3, 8)
6474
(3, 8)
6475
(3, 8)
6476
(3, 8)
6477
(3, 8)
6478
(3, 8)
6479
(3, 8)
6480
(3, 8)
6481
(3, 8)
6482
(3, 8)
6483
(3, 8)
6484
(3, 8)
6485
(3, 8)
6486
(3, 8)
6487
(3, 8)
6488
(3, 8)
6489
(3, 8)
6490
(3, 8)
6491
(3, 8)
6492
(3, 8)
6493
(3, 8)
6494
(3, 8)
6495
(3, 8)
6496
(3, 8)
6497
(3, 8)
6498
(3, 8)
6499
(3, 8)
6500
(3, 8)
defaultdict(<function <lambda> at 0x2b52c30842a8>, {(7, 3): 67, (4, 7): 200, (5, 7): 200, (12, 1): 43, (9, 1): 100, (4, 8): 24, (5, 6): 200, (11, 2): 101, (5, 4): 26, (2, 1): 23, (6, 2): 100, (1, 6): 200, (9, 4): 101, (3, 7): 201, (13, 2): 23, (5, 1): 100, (2, 5): 130, (10, 3): 95, (7, 2): 100, (1, 2): 2, (12, 2): 53, (4, 9): 30, (3, 3): 72, (13, 3): 5, (8, 1): 41, (8, 5): 100, (7, 6): 102, (4, 4): 50, (6, 3): 101, (1, 5): 100, (11, 1): 52, (3, 6): 201, (2, 2): 100, (8, 6): 35, (3, 5): 200, (4, 1): 100, (1, 1): 31, (12, 3): 101, (6, 4): 18, (3, 2): 100, (2, 6): 187, (6, 6): 23, (8, 2): 101, (4, 10): 16, (7, 1): 100, (4, 5): 194, (9, 3): 100, (5, 5): 149, (7, 7): 51, (7, 5): 115, (2, 3): 68, (10, 1): 54, (4, 2): 90, (14, 2): 4, (6, 5): 79, (5, 3): 100, (2, 7): 100, (13, 1): 23, (8, 3): 101, (4, 6): 200, (9, 2): 100, (6, 1): 100, (3, 1): 42, (11, 3): 82, (3, 8): 39, (12, 4): 34, (4, 3): 100, (1, 7): 111, (14, 3): 8, (9, 5): 100, (8, 4): 101, (5, 2): 100, (10, 2): 100})
6501
(3, 8)
6502
(3, 8)
6503
(3, 8)
6504
(3, 8)
6505
(3, 8)
6506
(3, 8)
6507
(3, 8)
6508
(3, 8)
6509
(3, 8)
6510
(3, 8)
6511
(3, 8)
6512
(3, 8)
6513
(4, 8)
6514
(3, 8)
6515
(3, 8)
6516
(3, 8)
6517
(3, 8)
6518
(3, 8)
6519
(3, 8)
6520
(3, 8)
6521
(3, 8)
6522
(3, 8)
6523
(3, 8)
6524
(3, 8)
6525
(3, 8)
6526
(3, 8)
6527
(3, 8)
6528
(3, 8)
6529
(3, 8)
6530
(3, 8)
6531
(3, 8)
6532
(3, 8)
6533
(3, 8)
6534
(3, 8)
6535
(3, 8)
6536
(3, 8)
6537
(3, 8)
6538
(3, 8)
6539
(3, 8)
6540
(3, 8)
6541
(3, 8)
6542
(3, 8)
6543
(3, 8)
6544
(3, 8)
6545
(3, 8)
6546
(3, 8)
6547
(3, 8)
6548
(3, 8)
6549
(3, 8)
6550
(3, 8)
6551
(3, 8)
6552
(3, 8)
6553
(3, 8)
6554
(3, 8)
6555
(3, 8)
6556
(3, 8)
6557
(3, 8)
6558
(3, 8)
6559
(3, 8)
6560
(3, 8)
6561
(3, 8)
6562
(3, 8)
6563
(4, 8)
6564
(4, 8)
6565
(4, 8)
6566
(4, 8)
6567
(4, 8)
6568
(4, 8)
6569
(4, 8)
6570
(4, 8)
6571
(4, 8)
6572
(4, 8)
6573
(4, 8)
6574
(4, 8)
6575
(4, 8)
6576
(4, 8)
6577
(4, 8)
6578
(4, 8)
6579
(4, 8)
6580
(4, 8)
6581
(4, 8)
6582
(4, 8)
6583
(4, 8)
6584
(4, 8)
6585
(4, 8)
6586
(4, 8)
6587
(4, 8)
6588
(4, 8)
6589
(4, 8)
6590
(4, 8)
6591
(4, 8)
6592
(4, 8)
6593
(4, 8)
6594
(4, 8)
6595
(4, 8)
6596
(4, 8)
6597
(4, 8)
6598
(4, 8)
6599
(4, 8)
6600
(4, 8)
6601
(4, 8)
6602
(4, 8)
6603
(4, 8)
6604
(4, 8)
6605
(4, 8)
6606
(4, 8)
6607
(4, 8)
6608
(4, 8)
6609
(4, 8)
6610
(4, 8)
6611
(4, 8)
6612
(4, 8)
6613
(4, 8)
6614
(4, 8)
6615
(4, 8)
6616
(4, 8)
6617
(4, 8)
6618
(4, 8)
6619
(4, 8)
6620
(4, 8)
6621
(4, 8)
6622
(4, 8)
6623
(4, 8)
6624
(4, 8)
6625
(4, 8)
6626
(4, 8)
6627
(4, 8)
6628
(4, 8)
6629
(4, 8)
6630
(4, 8)
6631
(4, 8)
6632
(4, 8)
6633
(4, 8)
6634
(4, 8)
6635
(4, 8)
6636
(4, 8)
6637
(4, 8)
6638
(4, 8)
6639
(4, 8)
6640
(4, 8)
6641
(4, 8)
6642
(4, 8)
6643
(4, 8)
6644
(4, 8)
6645
(4, 9)
6646
(4, 9)
6647
(4, 9)
6648
(4, 9)
6649
(4, 9)
6650
(4, 9)
6651
(4, 9)
6652
(4, 9)
6653
(4, 9)
6654
(4, 9)
6655
(7, 5)
6656
(7, 6)
6657
(4, 8)
6658
(4, 9)
6659
(4, 9)
6660
(4, 9)
6661
(4, 9)
6662
(4, 9)
6663
(7, 6)
6664
(4, 9)
6665
(4, 9)
6666
(4, 9)
6667
(4, 9)
6668
(4, 9)
6669
(7, 6)
6670
(7, 6)
6671
(4, 8)
6672
(7, 6)
6673
(4, 9)
6674
(4, 9)
6675
(4, 9)
6676
(7, 5)
6677
(4, 9)
6678
(4, 9)
6679
(4, 9)
6680
(4, 9)
6681
(4, 9)
6682
(4, 8)
6683
(4, 8)
6684
(4, 8)
6685
(4, 8)
6686
(7, 6)
6687
(7, 6)
6688
(4, 9)
6689
(4, 9)
6690
(4, 9)
6691
(4, 9)
6692
(4, 9)
6693
(4, 8)
6694
(4, 8)
6695
(4, 8)
6696
(4, 9)
6697
(4, 9)
6698
(4, 9)
6699
(4, 9)
6700
(4, 9)
6701
(4, 8)
6702
(4, 8)
6703
(4, 8)
6704
(4, 8)
6705
(4, 8)
6706
(7, 6)
6707
(7, 6)
6708
(4, 9)
6709
(4, 9)
6710
(4, 9)
6711
(4, 9)
6712
(4, 9)
6713
(7, 6)
6714
(7, 6)
6715
(4, 8)
6716
(4, 8)
6717
(4, 8)
6718
(4, 9)
6719
(4, 9)
6720
(4, 9)
6721
(4, 9)
6722
(4, 9)
6723
(7, 6)
6724
(4, 9)
6725
(4, 9)
6726
(4, 9)
6727
(4, 9)
6728
(4, 9)
6729
(4, 9)
6730
(4, 9)
6731
(4, 9)
6732
(4, 9)
6733
(4, 9)
6734
(7, 7)
6735
(6, 7)
6736
(6, 6)
6737
(6, 6)
6738
(6, 6)
6739
(6, 6)
6740
(6, 5)
6741
(6, 5)
6742
(6, 5)
6743
(6, 5)
6744
(6, 5)
6745
(6, 5)
6746
(6, 6)
6747
(6, 6)
6748
(6, 7)
6749
(6, 7)
6750
(6, 6)
6751
(6, 6)
6752
(6, 6)
6753
(6, 6)
6754
(6, 5)
6755
(6, 5)
6756
(6, 5)
6757
(6, 5)
6758
(6, 5)
6759
(6, 5)
6760
(6, 6)
6761
(6, 7)
6762
(6, 7)
6763
(6, 6)
6764
(6, 6)
6765
(6, 6)
6766
(6, 6)
6767
(6, 5)
6768
(6, 5)
6769
(6, 5)
6770
(6, 5)
6771
(6, 5)
6772
(6, 5)
6773
(6, 7)
6774
(6, 6)
6775
(6, 6)
6776
(6, 6)
6777
(6, 5)
6778
(6, 5)
6779
(6, 5)
6780
(6, 5)
6781
(6, 5)
6782
(6, 5)
6783
(6, 5)
6784
(6, 5)
6785
(6, 5)
6786
(6, 6)
6787
(6, 6)
6788
(6, 6)
6789
(6, 7)
6790
(6, 7)
6791
(6, 7)
6792
(6, 7)
6793
(6, 7)
6794
(6, 7)
6795
(6, 7)
6796
(6, 6)
6797
(6, 6)
6798
(6, 6)
6799
(6, 6)
6800
(6, 5)
6801
(6, 5)
6802
(6, 5)
6803
(6, 5)
6804
(6, 5)
6805
(6, 5)
6806
(6, 6)
6807
(6, 7)
6808
(6, 6)
6809
(6, 6)
6810
(6, 6)
6811
(6, 5)
6812
(6, 5)
6813
(6, 5)
6814
(6, 5)
6815
(6, 5)
6816
(6, 5)
6817
(6, 5)
6818
(6, 5)
6819
(6, 5)
6820
(6, 6)
6821
(6, 6)
6822
(6, 7)
6823
(6, 6)
6824
(6, 6)
6825
(6, 6)
6826
(6, 6)
6827
(6, 5)
6828
(6, 5)
6829
(6, 5)
6830
(6, 5)
6831
(6, 5)
6832
(6, 5)
6833
(6, 7)
6834
(6, 6)
6835
(6, 7)
6836
(6, 6)
6837
(6, 6)
6838
(6, 6)
6839
(6, 6)
6840
(6, 5)
6841
(6, 5)
6842
(6, 5)
6843
(6, 5)
6844
(6, 5)
6845
(5, 5)
6846
(6, 7)
6847
(6, 6)
6848
(6, 6)
6849
(6, 6)
6850
(5, 5)
6851
(5, 5)
6852
(5, 5)
6853
(5, 5)
6854
(5, 5)
6855
(6, 7)
6856
(6, 6)
6857
(6, 6)
6858
(6, 6)
6859
(6, 6)
6860
(6, 5)
6861
(6, 5)
6862
(6, 5)
6863
(6, 5)
6864
(5, 5)
6865
(5, 5)
6866
(6, 7)
6867
(6, 6)
6868
(6, 7)
6869
(6, 6)
6870
(6, 6)
6871
(6, 6)
6872
(6, 6)
6873
(6, 5)
6874
(6, 5)
6875
(6, 5)
6876
(5, 5)
6877
(5, 5)
6878
(5, 5)
6879
(6, 7)
6880
(6, 6)
6881
(6, 6)
6882
(6, 6)
6883
(6, 5)
6884
(6, 5)
6885
(6, 5)
6886
(6, 7)
6887
(6, 6)
6888
(6, 6)
6889
(6, 6)
6890
(6, 6)
6891
(6, 7)
6892
(6, 6)
6893
(6, 6)
6894
(6, 6)
6895
(6, 7)
6896
(6, 6)
6897
(6, 6)
6898
(6, 6)
6899
(6, 6)
6900
(6, 7)
6901
(6, 6)
6902
(6, 6)
6903
(6, 7)
6904
(6, 6)
6905
(6, 6)
6906
(6, 6)
6907
(6, 6)
6908
(5, 5)
6909
(5, 5)
6910
(5, 5)
6911
(5, 5)
6912
(5, 5)
6913
(5, 5)
6914
(6, 7)
6915
(6, 6)
6916
(6, 6)
6917
(6, 6)
6918
(6, 7)
6919
(6, 6)
6920
(6, 6)
6921
(6, 6)
6922
(6, 7)
6923
(6, 6)
6924
(6, 7)
6925
(6, 6)
6926
(6, 7)
6927
(6, 7)
6928
(6, 7)
6929
(6, 7)
6930
(6, 7)
6931
(6, 7)
6932
(6, 7)
6933
(6, 7)
6934
(6, 7)
6935
(6, 7)
6936
(6, 7)
6937
(6, 7)
6938
(6, 7)
6939
(6, 7)
6940
(6, 7)
6941
(6, 7)
6942
(6, 7)
6943
(6, 7)
6944
(6, 7)
6945
(6, 7)
6946
(6, 7)
6947
(6, 7)
6948
(6, 7)
6949
(6, 7)
6950
(6, 7)
6951
(6, 7)
6952
(6, 7)
6953
(6, 7)
6954
(6, 7)
6955
(6, 7)
6956
(6, 7)
6957
(6, 7)
6958
(6, 7)
6959
(6, 7)
6960
(6, 7)
6961
(6, 7)
6962
(6, 7)
6963
(6, 7)
6964
(6, 7)
6965
(6, 7)
6966
(6, 7)
6967
(6, 7)
6968
(6, 7)
6969
(6, 7)
6970
(6, 7)
6971
(6, 7)
6972
(6, 7)
6973
(6, 7)
6974
(6, 7)
6975
(6, 7)
6976
(6, 7)
6977
(6, 7)
6978
(6, 7)
6979
(6, 7)
6980
(6, 7)
6981
(6, 7)
6982
(6, 7)
6983
(6, 7)
6984
(6, 7)
6985
(6, 7)
6986
(6, 7)
6987
(6, 7)
6988
(6, 7)
6989
(6, 7)
6990
(6, 7)
6991
(6, 7)
6992
(6, 7)
6993
(6, 7)
6994
(6, 7)
6995
(7, 7)
6996
(7, 7)
6997
(7, 7)
6998
(7, 7)
6999
(7, 7)
7000
(7, 7)
defaultdict(<function <lambda> at 0x2b52c30842a8>, {(7, 3): 67, (4, 7): 200, (5, 7): 200, (12, 1): 43, (9, 1): 100, (4, 8): 124, (5, 6): 200, (11, 2): 101, (5, 4): 26, (2, 1): 23, (6, 2): 100, (1, 6): 200, (9, 4): 101, (3, 7): 201, (13, 2): 23, (5, 1): 100, (2, 5): 130, (10, 3): 95, (7, 2): 100, (1, 2): 2, (12, 2): 53, (4, 9): 88, (3, 3): 72, (13, 3): 5, (8, 1): 41, (8, 5): 100, (7, 6): 114, (4, 4): 50, (6, 3): 101, (1, 5): 100, (11, 1): 52, (3, 6): 201, (2, 2): 100, (8, 6): 35, (3, 5): 200, (4, 1): 100, (1, 1): 31, (12, 3): 101, (6, 4): 18, (3, 2): 100, (2, 6): 187, (6, 6): 103, (8, 2): 101, (4, 10): 16, (7, 1): 100, (4, 5): 194, (9, 3): 100, (5, 5): 166, (7, 7): 58, (7, 5): 117, (2, 3): 68, (10, 1): 54, (4, 2): 90, (14, 2): 4, (6, 5): 142, (5, 3): 100, (2, 7): 100, (13, 1): 23, (8, 3): 101, (4, 6): 200, (6, 7): 100, (9, 2): 100, (6, 1): 100, (3, 1): 42, (11, 3): 82, (3, 8): 100, (12, 4): 34, (4, 3): 100, (1, 7): 111, (14, 3): 8, (9, 5): 100, (8, 4): 101, (5, 2): 100, (10, 2): 100})
7001
(7, 7)
7002
(7, 7)
7003
(7, 7)
7004
(7, 7)
7005
(7, 7)
7006
(7, 7)
7007
(7, 7)
7008
(7, 7)
7009
(7, 7)
7010
(7, 7)
7011
(7, 7)
7012
(7, 7)
7013
(7, 7)
7014
(7, 7)
7015
(7, 7)
7016
(7, 7)
7017
(7, 7)
7018
(7, 7)
7019
(7, 7)
7020
(7, 7)
7021
(7, 7)
7022
(7, 7)
7023
(7, 7)
7024
(7, 7)
7025
(7, 7)
7026
(7, 7)
7027
(7, 7)
7028
(7, 7)
7029
(7, 7)
7030
(7, 7)
7031
(7, 7)
7032
(7, 7)
7033
(7, 7)
7034
(7, 7)
7035
(7, 7)
7036
(7, 7)
7037
(7, 7)
7038
(7, 7)
7039
(7, 7)
7040
(7, 7)
7041
(7, 7)
7042
(7, 7)
7043
(7, 7)
7044
(4, 10)
7045
(4, 10)
7046
(4, 10)
7047
(4, 10)
7048
(4, 10)
7049
(4, 10)
7050
(7, 6)
7051
(7, 6)
7052
(8, 6)
7053
(8, 6)
7054
(4, 10)
7055
(4, 10)
7056
(4, 10)
7057
(4, 10)
7058
(4, 10)
7059
(4, 10)
7060
(4, 10)
7061
(4, 10)
7062
(4, 10)
7063
(4, 10)
7064
(7, 6)
7065
(4, 10)
7066
(4, 10)
7067
(4, 10)
7068
(4, 10)
7069
(4, 10)
7070
(4, 10)
7071
(4, 10)
7072
(4, 10)
7073
(4, 10)
7074
(4, 10)
7075
(4, 9)
7076
(4, 9)
7077
(4, 9)
7078
(4, 9)
7079
(4, 9)
7080
(4, 9)
7081
(4, 9)
7082
(4, 9)
7083
(4, 9)
7084
(4, 9)
7085
(4, 9)
7086
(4, 10)
7087
(4, 10)
7088
(4, 10)
7089
(4, 10)
7090
(4, 10)
7091
(4, 10)
7092
(4, 10)
7093
(4, 10)
7094
(4, 11)
7095
(4, 11)
7096
(4, 11)
7097
(4, 11)
7098
(4, 11)
7099
(4, 10)
7100
(4, 10)
7101
(4, 10)
7102
(4, 9)
7103
(4, 9)
7104
(4, 9)
7105
(4, 9)
7106
(4, 9)
7107
(4, 9)
7108
(3, 11)
7109
(3, 10)
7110
(3, 10)
7111
(3, 10)
7112
(3, 9)
7113
(3, 9)
7114
(3, 9)
7115
(3, 9)
7116
(3, 9)
7117
(3, 9)
7118
(3, 9)
7119
(3, 9)
7120
(3, 9)
7121
(2, 9)
7122
(2, 8)
7123
(2, 8)
7124
(2, 8)
7125
(2, 8)
7126
(2, 8)
7127
(2, 8)
7128
(2, 7)
7129
(2, 7)
7130
(2, 7)
7131
(2, 7)
7132
(2, 7)
7133
(2, 7)
7134
(2, 7)
7135
(2, 7)
7136
(2, 7)
7137
(2, 7)
7138
(2, 7)
7139
(2, 7)
7140
(2, 7)
7141
(2, 7)
7142
(2, 7)
7143
(2, 7)
7144
(2, 7)
7145
(2, 7)
7146
(2, 7)
7147
(2, 7)
7148
(2, 8)
7149
(2, 8)
7150
(2, 8)
7151
(2, 8)
7152
(2, 8)
7153
(2, 8)
7154
(2, 8)
7155
(2, 8)
7156
(2, 8)
7157
(2, 8)
7158
(2, 8)
7159
(2, 8)
7160
(2, 8)
7161
(2, 8)
7162
(2, 9)
7163
(2, 9)
7164
(2, 8)
7165
(2, 8)
7166
(2, 8)
7167
(2, 8)
7168
(2, 8)
7169
(2, 8)
7170
(2, 7)
7171
(2, 7)
7172
(2, 7)
7173
(2, 7)
7174
(2, 7)
7175
(2, 7)
7176
(2, 7)
7177
(2, 7)
7178
(2, 7)
7179
(2, 7)
7180
(2, 7)
7181
(2, 7)
7182
(2, 7)
7183
(2, 7)
7184
(2, 7)
7185
(2, 7)
7186
(2, 7)
7187
(2, 8)
7188
(2, 8)
7189
(2, 8)
7190
(2, 8)
7191
(2, 8)
7192
(2, 8)
7193
(2, 8)
7194
(2, 8)
7195
(2, 8)
7196
(2, 8)
7197
(2, 8)
7198
(2, 8)
7199
(2, 8)
7200
(2, 8)
7201
(2, 8)
7202
(2, 8)
7203
(2, 9)
7204
(2, 9)
7205
(2, 8)
7206
(2, 8)
7207
(2, 8)
7208
(2, 8)
7209
(2, 8)
7210
(2, 8)
7211
(2, 8)
7212
(2, 8)
7213
(2, 8)
7214
(2, 8)
7215
(2, 8)
7216
(2, 8)
7217
(2, 8)
7218
(2, 8)
7219
(2, 8)
7220
(2, 8)
7221
(2, 8)
7222
(2, 8)
7223
(2, 8)
7224
(2, 8)
7225
(2, 8)
7226
(2, 8)
7227
(2, 8)
7228
(2, 8)
7229
(2, 8)
7230
(2, 9)
7231
(2, 9)
7232
(2, 8)
7233
(2, 8)
7234
(2, 8)
7235
(2, 8)
7236
(2, 8)
7237
(2, 8)
7238
(2, 8)
7239
(2, 8)
7240
(2, 8)
7241
(2, 8)
7242
(2, 8)
7243
(2, 8)
7244
(2, 8)
7245
(2, 8)
7246
(2, 8)
7247
(2, 8)
7248
(2, 8)
7249
(2, 8)
7250
(2, 8)
7251
(2, 8)
7252
(2, 8)
7253
(2, 8)
7254
(2, 8)
7255
(2, 9)
7256
(2, 9)
7257
(2, 8)
7258
(2, 8)
7259
(2, 8)
7260
(2, 8)
7261
(2, 8)
7262
(2, 8)
7263
(2, 8)
7264
(2, 8)
7265
(2, 8)
7266
(2, 8)
7267
(2, 9)
7268
(1, 9)
7269
(1, 9)
7270
(1, 9)
7271
(1, 9)
7272
(1, 9)
7273
(1, 9)
7274
(1, 9)
7275
(1, 9)
7276
(1, 9)
7277
(2, 9)
7278
(2, 9)
7279
(1, 9)
7280
(1, 9)
7281
(1, 9)
7282
(1, 9)
7283
(1, 9)
7284
(1, 9)
7285
(1, 9)
7286
(1, 9)
7287
(1, 9)
7288
(2, 9)
7289
(1, 9)
7290
(1, 9)
7291
(1, 9)
7292
(2, 9)
7293
(2, 9)
7294
(2, 9)
7295
(1, 9)
7296
(1, 9)
7297
(1, 9)
7298
(1, 9)
7299
(1, 9)
7300
(1, 9)
7301
(1, 9)
7302
(1, 9)
7303
(1, 9)
7304
(2, 9)
7305
(2, 9)
7306
(1, 9)
7307
(1, 9)
7308
(1, 9)
7309
(1, 9)
7310
(1, 9)
7311
(2, 9)
7312
(2, 9)
7313
(2, 9)
7314
(2, 9)
7315
(1, 9)
7316
(1, 9)
7317
(1, 9)
7318
(2, 9)
7319
(2, 9)
7320
(1, 9)
7321
(2, 9)
7322
(1, 9)
7323
(1, 9)
7324
(1, 9)
7325
(2, 9)
7326
(1, 9)
7327
(1, 9)
7328
(1, 9)
7329
(1, 9)
7330
(1, 9)
7331
(1, 9)
7332
(1, 9)
7333
(1, 9)
7334
(2, 9)
7335
(1, 9)
7336
(1, 9)
7337
(2, 9)
7338
(1, 9)
7339
(1, 9)
7340
(1, 9)
7341
(1, 9)
7342
(1, 9)
7343
(1, 9)
7344
(1, 9)
7345
(1, 9)
7346
(1, 9)
7347
(1, 9)
7348
(1, 9)
7349
(1, 9)
7350
(1, 9)
7351
(1, 9)
7352
(1, 9)
7353
(1, 9)
7354
(2, 9)
7355
(2, 9)
7356
(1, 9)
7357
(1, 9)
7358
(1, 9)
7359
(1, 9)
7360
(1, 9)
7361
(1, 9)
7362
(1, 9)
7363
(2, 9)
7364
(1, 9)
7365
(1, 9)
7366
(2, 9)
7367
(2, 9)
7368
(1, 9)
7369
(1, 9)
7370
(1, 9)
7371
(1, 9)
7372
(1, 9)
7373
(1, 9)
7374
(1, 9)
7375
(1, 9)
7376
(1, 9)
7377
(1, 9)
7378
(2, 9)
7379
(2, 9)
7380
(1, 9)
7381
(1, 9)
7382
(1, 9)
7383
(2, 9)
7384
(2, 9)
7385
(2, 9)
7386
(2, 9)
7387
(1, 9)
7388
(1, 9)
7389
(1, 9)
7390
(1, 9)
7391
(1, 9)
7392
(1, 9)
7393
(1, 9)
7394
(1, 9)
7395
(1, 9)
7396
(1, 9)
7397
(2, 9)
7398
(2, 9)
7399
(2, 9)
7400
(2, 9)
7401
(2, 9)
7402
(2, 9)
7403
(2, 9)
7404
(2, 9)
7405
(2, 9)
7406
(2, 9)
7407
(2, 9)
7408
(2, 9)
7409
(2, 9)
7410
(2, 9)
7411
(2, 9)
7412
(2, 9)
7413
(2, 9)
7414
(2, 9)
7415
(2, 9)
7416
(2, 9)
7417
(2, 9)
7418
(2, 9)
7419
(2, 9)
7420
(2, 9)
7421
(2, 9)
7422
(2, 9)
7423
(2, 9)
7424
(2, 9)
7425
(2, 9)
7426
(2, 9)
7427
(2, 9)
7428
(2, 9)
7429
(2, 9)
7430
(2, 9)
7431
(2, 9)
7432
(2, 9)
7433
(2, 9)
7434
(2, 9)
7435
(2, 9)
7436
(2, 9)
7437
(2, 9)
7438
(2, 9)
7439
(2, 9)
7440
(2, 9)
7441
(2, 9)
7442
(2, 9)
7443
(2, 9)
7444
(2, 9)
7445
(2, 9)
7446
(2, 9)
7447
(2, 9)
7448
(2, 9)
7449
(2, 9)
7450
(2, 9)
7451
(2, 9)
7452
(2, 9)
7453
(2, 9)
7454
(2, 9)
7455
(2, 9)
7456
(2, 9)
7457
(2, 9)
7458
(1, 10)
7459
(3, 9)
7460
(3, 9)
7461
(3, 9)
7462
(3, 9)
7463
(3, 9)
7464
(3, 9)
7465
(3, 9)
7466
(3, 9)
7467
(3, 9)
7468
(3, 9)
7469
(3, 9)
7470
(3, 9)
7471
(1, 10)
7472
(3, 9)
7473
(3, 9)
7474
(3, 9)
7475
(1, 10)
7476
(3, 9)
7477
(3, 9)
7478
(3, 9)
7479
(1, 10)
7480
(3, 9)
7481
(3, 9)
7482
(3, 9)
7483
(3, 9)
7484
(3, 9)
7485
(3, 9)
7486
(3, 9)
7487
(3, 9)
7488
(1, 10)
7489
(3, 9)
7490
(3, 9)
7491
(3, 9)
7492
(3, 9)
7493
(3, 9)
7494
(3, 9)
7495
(3, 9)
7496
(3, 9)
7497
(3, 9)
7498
(1, 10)
7499
(3, 9)
7500
(3, 9)
defaultdict(<function <lambda> at 0x2b52c30842a8>, {(7, 3): 67, (4, 7): 200, (5, 7): 200, (12, 1): 43, (9, 1): 100, (4, 8): 124, (5, 6): 200, (2, 8): 100, (11, 2): 101, (5, 4): 26, (2, 1): 23, (3, 11): 1, (6, 2): 100, (1, 6): 200, (9, 4): 101, (3, 7): 201, (13, 2): 23, (5, 1): 100, (2, 5): 130, (10, 3): 95, (7, 2): 100, (1, 2): 2, (12, 2): 53, (4, 9): 105, (3, 3): 72, (2, 9): 100, (13, 3): 5, (8, 1): 41, (8, 5): 100, (7, 6): 117, (4, 4): 50, (6, 3): 101, (1, 5): 100, (11, 1): 52, (4, 11): 5, (3, 6): 201, (2, 2): 100, (1, 10): 6, (8, 6): 37, (3, 5): 200, (4, 1): 100, (1, 1): 31, (12, 3): 101, (6, 4): 18, (3, 2): 100, (2, 6): 187, (6, 6): 103, (8, 2): 101, (4, 10): 53, (7, 1): 100, (4, 5): 194, (9, 3): 100, (5, 5): 166, (7, 7): 101, (7, 5): 117, (2, 3): 68, (1, 9): 100, (10, 1): 54, (4, 2): 90, (14, 2): 4, (6, 5): 142, (5, 3): 100, (2, 7): 137, (13, 1): 23, (8, 3): 101, (4, 6): 200, (6, 7): 100, (9, 2): 100, (6, 1): 100, (3, 1): 42, (11, 3): 82, (3, 8): 100, (12, 4): 34, (4, 3): 100, (1, 7): 111, (14, 3): 8, (9, 5): 100, (3, 9): 46, (8, 4): 101, (5, 2): 100, (3, 10): 3, (10, 2): 100})
7501
(3, 9)
7502
(3, 9)
7503
(3, 9)
7504
(3, 9)
7505
(3, 9)
7506
(3, 9)
7507
(3, 9)
7508
(3, 9)
7509
(3, 9)
7510
(3, 9)
7511
(3, 9)
7512
(3, 9)
7513
(3, 9)
7514
(3, 9)
7515
(3, 9)
7516
(3, 9)
7517
(3, 9)
7518
(3, 9)
7519
(3, 9)
7520
(3, 9)
7521
(3, 9)
7522
(3, 9)
7523
(3, 9)
7524
(3, 9)
7525
(3, 9)
7526
(3, 9)
7527
(3, 9)
7528
(3, 9)
7529
(3, 9)
7530
(3, 9)
7531
(3, 9)
7532
(3, 9)
7533
(3, 9)
7534
(3, 9)
7535
(3, 9)
7536
(3, 9)
7537
(3, 9)
7538
(3, 9)
7539
(3, 9)
7540
(3, 9)
7541
(3, 9)
7542
(3, 9)
7543
(3, 9)
7544
(3, 9)
7545
(3, 9)
7546
(3, 9)
7547
(3, 9)
7548
(3, 9)
7549
(3, 9)
7550
(3, 9)
7551
(3, 9)
7552
(3, 9)
7553
(3, 9)
7554
(3, 9)
7555
(3, 9)
7556
(1, 10)
7557
(1, 10)
7558
(1, 10)
7559
(4, 9)
7560
(4, 9)
7561
(1, 11)
7562
(4, 9)
7563
(1, 11)
7564
(1, 11)
7565
(4, 9)
7566
(1, 11)
7567
(1, 11)
7568
(1, 10)
7569
(1, 10)
7570
(1, 10)
7571
(4, 9)
7572
(4, 9)
7573
(4, 9)
7574
(1, 11)
7575
(1, 10)
7576
(1, 10)
7577
(1, 10)
7578
(4, 9)
7579
(4, 9)
7580
(3, 10)
7581
(3, 10)
7582
(3, 10)
7583
(3, 10)
7584
(3, 10)
7585
(3, 10)
7586
(3, 10)
7587
(2, 10)
7588
(2, 10)
7589
(2, 10)
7590
(2, 10)
7591
(2, 10)
7592
(2, 10)
7593
(2, 10)
7594
(2, 10)
7595
(2, 10)
7596
(2, 10)
7597
(1, 10)
7598
(1, 10)
7599
(1, 10)
7600
(1, 10)
7601
(1, 10)
7602
(1, 10)
7603
(1, 10)
7604
(1, 10)
7605
(1, 10)
7606
(1, 10)
7607
(1, 10)
7608
(2, 10)
7609
(1, 10)
7610
(1, 10)
7611
(1, 10)
7612
(2, 10)
7613
(1, 10)
7614
(1, 10)
7615
(1, 10)
7616
(2, 10)
7617
(2, 10)
7618
(2, 10)
7619
(1, 10)
7620
(1, 10)
7621
(1, 10)
7622
(2, 10)
7623
(1, 10)
7624
(1, 10)
7625
(1, 10)
7626
(1, 10)
7627
(1, 10)
7628
(1, 10)
7629
(1, 10)
7630
(2, 10)
7631
(1, 10)
7632
(1, 10)
7633
(1, 10)
7634
(1, 10)
7635
(1, 10)
7636
(2, 10)
7637
(2, 10)
7638
(1, 10)
7639
(1, 10)
7640
(2, 10)
7641
(1, 10)
7642
(2, 10)
7643
(2, 10)
7644
(1, 10)
7645
(1, 10)
7646
(1, 10)
7647
(2, 10)
7648
(1, 10)
7649
(1, 10)
7650
(1, 10)
7651
(2, 10)
7652
(2, 10)
7653
(2, 10)
7654
(1, 10)
7655
(1, 10)
7656
(1, 10)
7657
(1, 10)
7658
(1, 10)
7659
(1, 10)
7660
(1, 10)
7661
(1, 10)
7662
(2, 10)
7663
(1, 10)
7664
(1, 10)
7665
(2, 10)
7666
(1, 10)
7667
(1, 10)
7668
(1, 10)
7669
(1, 10)
7670
(1, 10)
7671
(1, 10)
7672
(2, 10)
7673
(2, 10)
7674
(1, 10)
7675
(1, 10)
7676
(1, 10)
7677
(1, 10)
7678
(1, 10)
7679
(1, 10)
7680
(1, 10)
7681
(2, 10)
7682
(2, 10)
7683
(2, 10)
7684
(2, 10)
7685
(1, 10)
7686
(1, 10)
7687
(1, 10)
7688
(1, 10)
7689
(1, 10)
7690
(1, 10)
7691
(1, 10)
7692
(1, 10)
7693
(1, 10)
7694
(1, 10)
7695
(1, 10)
7696
(1, 10)
7697
(1, 10)
7698
(1, 10)
7699
(2, 10)
7700
(1, 10)
7701
(1, 10)
7702
(2, 10)
7703
(1, 10)
7704
(1, 10)
7705
(2, 10)
7706
(1, 10)
7707
(1, 10)
7708
(1, 10)
7709
(2, 10)
7710
(2, 10)
7711
(2, 10)
7712
(2, 10)
7713
(2, 10)
7714
(2, 10)
7715
(2, 10)
7716
(2, 10)
7717
(2, 10)
7718
(2, 10)
7719
(2, 10)
7720
(2, 10)
7721
(2, 10)
7722
(2, 10)
7723
(2, 10)
7724
(2, 10)
7725
(2, 10)
7726
(2, 10)
7727
(2, 10)
7728
(2, 10)
7729
(2, 10)
7730
(2, 10)
7731
(2, 10)
7732
(2, 10)
7733
(2, 10)
7734
(2, 10)
7735
(2, 10)
7736
(2, 10)
7737
(2, 10)
7738
(2, 10)
7739
(2, 10)
7740
(2, 10)
7741
(2, 10)
7742
(2, 10)
7743
(2, 10)
7744
(2, 10)
7745
(2, 10)
7746
(2, 10)
7747
(2, 10)
7748
(2, 10)
7749
(2, 10)
7750
(2, 10)
7751
(2, 10)
7752
(2, 10)
7753
(2, 10)
7754
(2, 10)
7755
(2, 10)
7756
(2, 10)
7757
(2, 10)
7758
(2, 10)
7759
(2, 10)
7760
(2, 10)
7761
(2, 10)
7762
(2, 10)
7763
(2, 10)
7764
(2, 10)
7765
(2, 10)
7766
(2, 10)
7767
(2, 10)
7768
(2, 10)
7769
(2, 10)
7770
(2, 10)
7771
(2, 10)
7772
(2, 10)
7773
(3, 10)
7774
(3, 10)
7775
(3, 10)
7776
(3, 10)
7777
(3, 10)
7778
(3, 10)
7779
(3, 10)
7780
(3, 10)
7781
(3, 10)
7782
(3, 10)
7783
(3, 10)
7784
(3, 10)
7785
(3, 10)
7786
(3, 10)
7787
(3, 10)
7788
(3, 10)
7789
(3, 10)
7790
(3, 10)
7791
(3, 10)
7792
(3, 10)
7793
(4, 9)
7794
(4, 9)
7795
(4, 9)
7796
(3, 10)
7797
(4, 9)
7798
(4, 9)
7799
(4, 9)
7800
(3, 10)
7801
(3, 10)
7802
(1, 11)
7803
(3, 10)
7804
(3, 10)
7805
(1, 11)
7806
(1, 11)
7807
(1, 11)
7808
(1, 11)
7809
(1, 11)
7810
(1, 11)
7811
(1, 11)
7812
(3, 10)
7813
(3, 10)
7814
(3, 10)
7815
(3, 10)
7816
(3, 10)
7817
(3, 10)
7818
(3, 10)
7819
(3, 10)
7820
(3, 10)
7821
(3, 10)
7822
(3, 10)
7823
(3, 10)
7824
(3, 10)
7825
(3, 10)
7826
(3, 10)
7827
(3, 10)
7828
(3, 10)
7829
(3, 10)
7830
(3, 10)
7831
(3, 10)
7832
(3, 10)
7833
(3, 10)
7834
(3, 10)
7835
(3, 10)
7836
(3, 10)
7837
(3, 10)
7838
(3, 10)
7839
(3, 10)
7840
(3, 10)
7841
(3, 10)
7842
(3, 10)
7843
(3, 10)
7844
(3, 10)
7845
(3, 10)
7846
(3, 10)
7847
(3, 10)
7848
(3, 10)
7849
(3, 10)
7850
(3, 10)
7851
(3, 10)
7852
(1, 11)
7853
(1, 11)
7854
(1, 11)
7855
(3, 10)
7856
(3, 10)
7857
(3, 10)
7858
(3, 10)
7859
(3, 10)
7860
(3, 10)
7861
(3, 10)
7862
(3, 10)
7863
(3, 10)
7864
(3, 10)
7865
(3, 10)
7866
(3, 10)
7867
(3, 10)
7868
(3, 10)
7869
(3, 10)
7870
(3, 10)
7871
(3, 10)
7872
(3, 10)
7873
(3, 10)
7874
(3, 10)
7875
(3, 10)
7876
(3, 10)
7877
(3, 10)
7878
(3, 10)
7879
(3, 10)
7880
(4, 9)
7881
(4, 9)
7882
(4, 9)
7883
(4, 9)
7884
(4, 9)
7885
(4, 9)
7886
(4, 9)
7887
(4, 9)
7888
(1, 11)
7889
(1, 11)
7890
(1, 11)
7891
(1, 11)
7892
(1, 11)
7893
(1, 11)
7894
(1, 11)
7895
(1, 11)
7896
(4, 9)
7897
(4, 9)
7898
(4, 9)
7899
(1, 11)
7900
(1, 11)
7901
(1, 11)
7902
(1, 11)
7903
(1, 11)
7904
(1, 11)
7905
(1, 11)
7906
(1, 11)
7907
(1, 11)
7908
(1, 11)
7909
(1, 11)
7910
(1, 11)
7911
(1, 11)
7912
(1, 11)
7913
(1, 11)
7914
(1, 11)
7915
(1, 11)
7916
(3, 11)
7917
(3, 11)
7918
(4, 10)
7919
(4, 10)
7920
(4, 10)
7921
(3, 11)
7922
(3, 11)
7923
(3, 11)
7924
(3, 11)
7925
(3, 11)
7926
(3, 11)
7927
(3, 11)
7928
(2, 11)
7929
(2, 11)
7930
(2, 11)
7931
(2, 11)
7932
(2, 11)
7933
(2, 11)
7934
(2, 11)
7935
(2, 11)
7936
(2, 11)
7937
(2, 11)
7938
(1, 11)
7939
(1, 11)
7940
(1, 11)
7941
(1, 11)
7942
(1, 11)
7943
(1, 11)
7944
(1, 11)
7945
(1, 11)
7946
(1, 11)
7947
(1, 11)
7948
(1, 11)
7949
(1, 11)
7950
(1, 11)
7951
(1, 11)
7952
(1, 11)
7953
(1, 11)
7954
(1, 11)
7955
(1, 11)
7956
(1, 11)
7957
(1, 11)
7958
(1, 11)
7959
(1, 11)
7960
(1, 11)
7961
(1, 11)
7962
(1, 11)
7963
(1, 11)
7964
(1, 11)
7965
(1, 11)
7966
(1, 11)
7967
(1, 11)
7968
(1, 11)
7969
(1, 11)
7970
(1, 11)
7971
(1, 11)
7972
(2, 11)
7973
(1, 11)
7974
(2, 11)
7975
(2, 11)
7976
(2, 11)
7977
(2, 11)
7978
(2, 11)
7979
(2, 11)
7980
(2, 11)
7981
(2, 11)
7982
(2, 11)
7983
(2, 11)
7984
(2, 11)
7985
(2, 11)
7986
(2, 11)
7987
(2, 11)
7988
(2, 11)
7989
(2, 11)
7990
(2, 11)
7991
(3, 11)
7992
(2, 11)
7993
(2, 11)
7994
(3, 11)
7995
(3, 11)
7996
(3, 11)
7997
(3, 11)
7998
(3, 11)
7999
(3, 11)
8000
(3, 11)
defaultdict(<function <lambda> at 0x2b52c30842a8>, {(7, 3): 67, (4, 7): 200, (5, 7): 200, (12, 1): 43, (9, 1): 100, (4, 8): 124, (5, 6): 200, (2, 8): 100, (11, 2): 101, (5, 4): 26, (2, 1): 23, (3, 11): 18, (6, 2): 100, (1, 6): 200, (9, 4): 101, (3, 7): 201, (13, 2): 23, (5, 1): 100, (2, 5): 130, (1, 11): 77, (10, 3): 95, (7, 2): 100, (1, 2): 2, (12, 2): 53, (4, 9): 131, (3, 3): 72, (2, 9): 100, (13, 3): 5, (8, 1): 41, (8, 5): 100, (7, 6): 117, (4, 4): 50, (6, 3): 101, (1, 5): 100, (11, 1): 52, (4, 11): 5, (3, 6): 201, (2, 2): 100, (1, 10): 100, (8, 6): 37, (3, 5): 200, (4, 1): 100, (1, 1): 31, (12, 3): 101, (6, 4): 18, (3, 2): 100, (2, 6): 187, (6, 6): 103, (8, 2): 101, (4, 10): 56, (7, 1): 100, (4, 5): 194, (9, 3): 100, (5, 5): 166, (7, 7): 101, (7, 5): 117, (2, 3): 68, (1, 9): 100, (10, 1): 54, (4, 2): 90, (14, 2): 4, (6, 5): 142, (5, 3): 100, (2, 7): 137, (13, 1): 23, (8, 3): 101, (4, 6): 200, (6, 7): 100, (9, 2): 100, (6, 1): 100, (3, 1): 42, (2, 11): 30, (11, 3): 82, (2, 10): 101, (3, 8): 100, (12, 4): 34, (4, 3): 100, (1, 7): 111, (14, 3): 8, (9, 5): 100, (3, 9): 101, (8, 4): 101, (5, 2): 100, (3, 10): 100, (10, 2): 100})
8001
(3, 11)
8002
(3, 11)
8003
(3, 11)
8004
(3, 11)
8005
(3, 11)
8006
(3, 11)
8007
(3, 11)
8008
(3, 11)
8009
(3, 11)
8010
(3, 11)
8011
(4, 10)
8012
(4, 10)
8013
(4, 10)
8014
(3, 11)
8015
(2, 11)
8016
(2, 11)
8017
(2, 11)
8018
(2, 11)
8019
(2, 11)
8020
(2, 11)
8021
(2, 11)
8022
(2, 11)
8023
(2, 11)
8024
(2, 11)
8025
(2, 11)
8026
(2, 11)
8027
(2, 11)
8028
(2, 11)
8029
(2, 11)
8030
(4, 11)
8031
(4, 10)
8032
(4, 10)
8033
(4, 10)
8034
(5, 10)
8035
(4, 11)
8036
(4, 11)
8037
(4, 10)
8038
(4, 10)
8039
(4, 10)
8040
(5, 9)
8041
(5, 9)
8042
(4, 11)
8043
(3, 11)
8044
(3, 11)
8045
(5, 9)
8046
(4, 11)
8047
(4, 10)
8048
(4, 10)
8049
(4, 10)
8050
(4, 11)
8051
(4, 11)
8052
(4, 10)
8053
(5, 9)
8054
(5, 9)
8055
(5, 9)
8056
(2, 11)
8057
(2, 11)
8058
(2, 11)
8059
(5, 9)
8060
(2, 11)
8061
(2, 11)
8062
(2, 11)
8063
(4, 11)
8064
(4, 10)
8065
(4, 10)
8066
(5, 10)
8067
(5, 10)
8068
(4, 11)
8069
(4, 10)
8070
(4, 10)
8071
(5, 10)
8072
(5, 10)
8073
(4, 11)
8074
(4, 10)
8075
(4, 10)
8076
(5, 10)
8077
(5, 10)
8078
(4, 11)
8079
(4, 10)
8080
(4, 10)
8081
(4, 11)
8082
(4, 10)
8083
(4, 11)
8084
(4, 11)
8085
(4, 11)
8086
(4, 10)
8087
(4, 11)
8088
(5, 9)
8089
(5, 9)
8090
(5, 9)
8091
(7, 7)
8092
(7, 7)
8093
(4, 10)
8094
(4, 10)
8095
(4, 10)
8096
(4, 10)
8097
(4, 10)
8098
(4, 10)
8099
(4, 10)
8100
(4, 10)
8101
(4, 10)
8102
(4, 10)
8103
(4, 10)
8104
(4, 10)
8105
(5, 9)
8106
(7, 7)
8107
(7, 7)
8108
(4, 10)
8109
(4, 10)
8110
(4, 10)
8111
(4, 10)
8112
(4, 10)
8113
(4, 10)
8114
(4, 10)
8115
(4, 10)
8116
(4, 10)
8117
(4, 10)
8118
(4, 10)
8119
(4, 10)
8120
(5, 9)
8121
(5, 9)
8122
(5, 9)
8123
(4, 10)
8124
(4, 10)
8125
(4, 10)
8126
(4, 10)
8127
(5, 9)
8128
(5, 9)
8129
(5, 9)
8130
(5, 9)
8131
(5, 9)
8132
(4, 11)
8133
(4, 10)
8134
(4, 10)
8135
(4, 10)
8136
(4, 10)
8137
(5, 9)
8138
(5, 9)
8139
(5, 9)
8140
(5, 9)
8141
(4, 11)
8142
(5, 9)
8143
(5, 9)
8144
(4, 10)
8145
(4, 10)
8146
(4, 10)
8147
(4, 10)
8148
(4, 10)
8149
(4, 10)
8150
(4, 11)
8151
(8, 7)
8152
(8, 7)
8153
(5, 9)
8154
(5, 9)
8155
(5, 9)
8156
(8, 7)
8157
(8, 7)
8158
(5, 9)
8159
(2, 11)
8160
(2, 11)
8161
(2, 11)
8162
(5, 9)
8163
(2, 11)
8164
(2, 11)
8165
(2, 11)
8166
(4, 11)
8167
(4, 11)
8168
(4, 11)
8169
(8, 7)
8170
(8, 7)
8171
(8, 7)
8172
(5, 9)
8173
(4, 11)
8174
(4, 11)
8175
(4, 11)
8176
(5, 9)
8177
(5, 9)
8178
(8, 7)
8179
(8, 7)
8180
(5, 9)
8181
(5, 9)
8182
(5, 9)
8183
(8, 7)
8184
(8, 7)
8185
(5, 9)
8186
(2, 11)
8187
(2, 11)
8188
(2, 11)
8189
(6, 9)
8190
(8, 7)
8191
(8, 6)
8192
(8, 6)
8193
(9, 6)
8194
(9, 6)
8195
(9, 5)
8196
(9, 5)
8197
(9, 5)
8198
(9, 4)
8199
(9, 4)
8200
(9, 4)
8201
(9, 4)
8202
(9, 4)
8203
(9, 4)
8204
(9, 4)
8205
(9, 4)
8206
(9, 3)
8207
(9, 3)
8208
(9, 3)
8209
(9, 3)
8210
(9, 3)
8211
(9, 3)
8212
(9, 3)
8213
(9, 3)
8214
(9, 3)
8215
(9, 3)
8216
(9, 2)
8217
(9, 2)
8218
(8, 2)
8219
(8, 2)
8220
(8, 2)
8221
(8, 2)
8222
(8, 2)
8223
(8, 2)
8224
(8, 2)
8225
(9, 2)
8226
(9, 2)
8227
(9, 2)
8228
(9, 2)
8229
(9, 2)
8230
(9, 2)
8231
(9, 2)
8232
(9, 2)
8233
(9, 2)
8234
(9, 2)
8235
(9, 2)
8236
(8, 2)
8237
(9, 2)
8238
(9, 2)
8239
(9, 2)
8240
(8, 2)
8241
(9, 2)
8242
(8, 2)
8243
(8, 2)
8244
(8, 2)
8245
(9, 2)
8246
(9, 2)
8247
(9, 2)
8248
(9, 2)
8249
(9, 2)
8250
(9, 2)
8251
(9, 2)
8252
(9, 2)
8253
(9, 2)
8254
(9, 2)
8255
(9, 2)
8256
(9, 2)
8257
(9, 2)
8258
(8, 2)
8259
(8, 2)
8260
(8, 2)
8261
(8, 1)
8262
(8, 1)
8263
(8, 1)
8264
(8, 1)
8265
(8, 1)
8266
(7, 1)
8267
(7, 1)
8268
(7, 1)
8269
(7, 1)
8270
(7, 1)
8271
(7, 1)
8272
(6, 2)
8273
(6, 2)
8274
(6, 2)
8275
(6, 2)
8276
(6, 2)
8277
(6, 2)
8278
(5, 2)
8279
(5, 3)
8280
(5, 3)
8281
(5, 3)
8282
(5, 3)
8283
(4, 4)
8284
(4, 4)
8285
(4, 5)
8286
(4, 5)
8287
(8, 1)
8288
(8, 1)
8289
(7, 1)
8290
(7, 1)
8291
(7, 1)
8292
(7, 1)
8293
(7, 1)
8294
(7, 1)
8295
(6, 2)
8296
(6, 2)
8297
(6, 2)
8298
(6, 2)
8299
(6, 2)
8300
(6, 2)
8301
(5, 2)
8302
(5, 3)
8303
(5, 3)
8304
(5, 3)
8305
(5, 3)
8306
(4, 4)
8307
(4, 4)
8308
(4, 5)
8309
(4, 5)
8310
(8, 1)
8311
(8, 1)
8312
(7, 1)
8313
(7, 1)
8314
(7, 1)
8315
(7, 1)
8316
(7, 1)
8317
(7, 1)
8318
(6, 2)
8319
(6, 2)
8320
(6, 2)
8321
(6, 2)
8322
(6, 2)
8323
(6, 2)
8324
(5, 2)
8325
(5, 3)
8326
(5, 3)
8327
(5, 3)
8328
(5, 3)
8329
(4, 4)
8330
(4, 4)
8331
(4, 5)
8332
(4, 5)
8333
(9, 3)
8334
(9, 2)
8335
(9, 2)
8336
(9, 2)
8337
(9, 2)
8338
(9, 2)
8339
(9, 2)
8340
(9, 2)
8341
(9, 2)
8342
(9, 2)
8343
(9, 2)
8344
(9, 2)
8345
(9, 3)
8346
(9, 3)
8347
(9, 3)
8348
(9, 3)
8349
(9, 3)
8350
(9, 2)
8351
(9, 2)
8352
(9, 2)
8353
(9, 2)
8354
(9, 2)
8355
(9, 2)
8356
(9, 2)
8357
(9, 2)
8358
(9, 2)
8359
(9, 2)
8360
(9, 2)
8361
(9, 2)
8362
(9, 2)
8363
(9, 2)
8364
(9, 3)
8365
(9, 3)
8366
(9, 3)
8367
(9, 3)
8368
(9, 2)
8369
(9, 2)
8370
(9, 2)
8371
(9, 2)
8372
(9, 2)
8373
(9, 2)
8374
(9, 4)
8375
(9, 4)
8376
(9, 4)
8377
(9, 4)
8378
(9, 4)
8379
(9, 4)
8380
(9, 4)
8381
(9, 1)
8382
(9, 1)
8383
(9, 1)
8384
(9, 1)
8385
(9, 1)
8386
(9, 4)
8387
(9, 4)
8388
(9, 4)
8389
(9, 2)
8390
(9, 4)
8391
(9, 4)
8392
(9, 4)
8393
(9, 1)
8394
(9, 1)
8395
(9, 1)
8396
(9, 1)
8397
(9, 1)
8398
(9, 1)
8399
(9, 4)
8400
(9, 1)
8401
(9, 1)
8402
(9, 4)
8403
(9, 4)
8404
(9, 1)
8405
(9, 1)
8406
(9, 1)
8407
(9, 4)
8408
(9, 4)
8409
(9, 4)
8410
(9, 1)
8411
(9, 1)
8412
(9, 1)
8413
(10, 1)
8414
(9, 1)
8415
(9, 1)
8416
(9, 1)
8417
(9, 1)
8418
(9, 1)
8419
(9, 1)
8420
(9, 1)
8421
(9, 1)
8422
(9, 1)
8423
(9, 4)
8424
(9, 1)
8425
(9, 1)
8426
(9, 1)
8427
(9, 2)
8428
(9, 2)
8429
(9, 2)
8430
(9, 2)
8431
(9, 2)
8432
(9, 2)
8433
(9, 2)
8434
(9, 2)
8435
(9, 2)
8436
(9, 3)
8437
(9, 3)
8438
(9, 3)
8439
(9, 3)
8440
(9, 3)
8441
(9, 3)
8442
(9, 3)
8443
(9, 3)
8444
(9, 3)
8445
(9, 3)
8446
(9, 3)
8447
(9, 3)
8448
(9, 3)
8449
(8, 3)
8450
(8, 3)
8451
(8, 3)
8452
(8, 3)
8453
(8, 3)
8454
(8, 3)
8455
(8, 3)
8456
(8, 3)
8457
(8, 3)
8458
(8, 3)
8459
(7, 3)
8460
(7, 3)
8461
(7, 3)
8462
(7, 3)
8463
(7, 3)
8464
(7, 3)
8465
(7, 3)
8466
(7, 3)
8467
(7, 3)
8468
(7, 3)
8469
(6, 3)
8470
(6, 3)
8471
(6, 3)
8472
(6, 3)
8473
(6, 3)
8474
(6, 3)
8475
(6, 3)
8476
(6, 3)
8477
(6, 3)
8478
(5, 3)
8479
(5, 3)
8480
(5, 3)
8481
(5, 3)
8482
(5, 3)
8483
(6, 3)
8484
(5, 3)
8485
(5, 3)
8486
(5, 3)
8487
(5, 3)
8488
(5, 3)
8489
(5, 3)
8490
(5, 3)
8491
(5, 3)
8492
(5, 3)
8493
(5, 3)
8494
(5, 3)
8495
(5, 3)
8496
(5, 2)
8497
(5, 2)
8498
(5, 2)
8499
(4, 2)
8500
(4, 1)
defaultdict(<function <lambda> at 0x2b52c30842a8>, {(7, 3): 77, (6, 9): 1, (12, 1): 43, (1, 6): 200, (3, 7): 201, (2, 5): 130, (1, 11): 77, (8, 5): 100, (6, 7): 100, (5, 5): 166, (7, 6): 117, (1, 1): 31, (4, 10): 117, (3, 2): 100, (2, 6): 187, (8, 2): 116, (4, 5): 200, (9, 3): 133, (7, 5): 117, (14, 2): 4, (3, 1): 42, (2, 11): 60, (3, 11): 31, (2, 1): 23, (9, 4): 129, (5, 1): 100, (10, 3): 95, (7, 2): 100, (12, 2): 53, (13, 3): 5, (1, 5): 100, (3, 6): 201, (2, 2): 100, (1, 10): 100, (8, 6): 39, (4, 1): 101, (6, 4): 18, (5, 4): 26, (7, 1): 118, (4, 11): 30, (3, 5): 200, (2, 7): 137, (8, 3): 111, (5, 10): 7, (4, 6): 200, (9, 2): 171, (6, 1): 100, (5, 7): 200, (11, 3): 82, (12, 4): 34, (14, 3): 8, (4, 8): 124, (2, 8): 100, (6, 2): 118, (3, 10): 100, (12, 3): 101, (13, 2): 23, (3, 9): 101, (2, 3): 68, (1, 9): 100, (8, 7): 12, (4, 2): 91, (9, 6): 2, (6, 5): 142, (5, 3): 129, (1, 7): 111, (8, 4): 101, (5, 9): 37, (4, 7): 200, (9, 1): 131, (6, 6): 103, (5, 6): 200, (11, 2): 101, (7, 7): 105, (1, 2): 2, (4, 9): 131, (3, 3): 72, (2, 9): 100, (8, 1): 50, (4, 4): 56, (6, 3): 111, (11, 1): 52, (2, 10): 101, (10, 1): 55, (13, 1): 23, (3, 8): 100, (4, 3): 100, (9, 5): 103, (5, 2): 106, (10, 2): 100})
8501
(4, 1)
8502
(4, 1)
8503
(4, 1)
8504
(3, 1)
8505
(3, 2)
8506
(3, 2)
8507
(3, 2)
8508
(3, 2)
8509
(3, 3)
8510
(3, 3)
8511
(3, 3)
8512
(3, 3)
8513
(3, 3)
8514
(2, 3)
8515
(2, 3)
8516
(2, 3)
8517
(2, 3)
8518
(2, 3)
8519
(2, 3)
8520
(2, 3)
8521
(2, 3)
8522
(2, 3)
     $$$$$$$$$$$$$$$$$$$$
     $444444444444444444$
     $444444444444444444$
     $4$4444444444444444$
     $$$$444$$$$$4444$$$$
     $44444444$444444444$
     $444444444444444444$
     $444444444444444444$
     $$$$44$$$$$$$444$$$$
     $44$444444444444$44$
     $44$444444444444$44$
     $444444444$44444444$
     $$$$$$$$$$$$$$$$$$$$

WIN!
defaultdict(<function <lambda> at 0x2b52c30842a8>, {(7, 3): 77, (6, 9): 1, (12, 1): 43, (1, 6): 200, (3, 7): 201, (2, 5): 130, (1, 11): 77, (8, 5): 100, (6, 7): 100, (5, 5): 166, (7, 6): 117, (1, 1): 31, (4, 10): 117, (3, 2): 104, (2, 6): 187, (8, 2): 116, (4, 5): 200, (9, 3): 133, (7, 5): 117, (14, 2): 4, (3, 1): 43, (2, 11): 60, (3, 11): 31, (2, 1): 23, (9, 4): 129, (5, 1): 100, (10, 3): 95, (7, 2): 100, (12, 2): 53, (13, 3): 5, (1, 5): 100, (3, 6): 201, (2, 2): 100, (1, 10): 100, (8, 6): 39, (4, 1): 104, (6, 4): 18, (5, 4): 26, (7, 1): 118, (4, 11): 30, (3, 5): 200, (2, 7): 137, (8, 3): 111, (5, 10): 7, (4, 6): 200, (9, 2): 171, (6, 1): 100, (5, 7): 200, (11, 3): 82, (12, 4): 34, (14, 3): 8, (4, 8): 124, (2, 8): 100, (6, 2): 118, (3, 10): 100, (12, 3): 101, (13, 2): 23, (3, 9): 101, (2, 3): 77, (1, 9): 100, (8, 7): 12, (4, 2): 91, (9, 6): 2, (6, 5): 142, (5, 3): 129, (1, 7): 111, (8, 4): 101, (5, 9): 37, (4, 7): 200, (9, 1): 131, (6, 6): 103, (5, 6): 200, (11, 2): 101, (7, 7): 105, (1, 2): 2, (4, 9): 131, (3, 3): 77, (2, 9): 100, (8, 1): 50, (4, 4): 56, (6, 3): 111, (11, 1): 52, (2, 10): 101, (10, 1): 55, (13, 1): 23, (3, 8): 100, (4, 3): 100, (9, 5): 103, (5, 2): 106, (10, 2): 100})
<__main__.Node instance at 0x2b5366625dd0>
143
8522
True
1019.52065301
